{
    "0": {
        "Easting": 2247.0865648699273,
        "Northing": 401.83339354685035
    },
    "1": {
        "Easting": 1795.641752801154,
        "Northing": 432.3999161372549
    },
    "2": {
        "Easting": 1942.8985077418351,
        "Northing": 572.7280594850065
    },
    "3": {
        "Easting": 1599.5385606824946,
        "Northing": 161.74174688476285
    },
    "4": {
        "Easting": 428.2868963218418,
        "Northing": 253.64768211959773
    },
    "5": {
        "Easting": -195.19605158040162,
        "Northing": 552.8329326036434
    },
    "6": {
        "Easting": 396.45394369960763,
        "Northing": 518.2582101200032
    },
    "7": {
        "Easting": 229.90123716412842,
        "Northing": 465.9196425756153
    },
    "8": {
        "Easting": 2906.9840367097117,
        "Northing": -78.78585839431048
    },
    "9": {
        "Easting": 3131.8808886911747,
        "Northing": 112.77168081557332
    },
    "10": {
        "Easting": 3056.459205016677,
        "Northing": 261.93008277920205
    },
    "11": {
        "Easting": 2857.815853288535,
        "Northing": 23.064172313876398
    },
    "12": {
        "Easting": 2490.219415298761,
        "Northing": 893.0074804327548
    },
    "13": {
        "Easting": 2158.0641036341635,
        "Northing": 1068.0431181797667
    },
    "14": {
        "Easting": 2867.849919215856,
        "Northing": 771.7585472049744
    },
    "15": {
        "Easting": 2556.369949721009,
        "Northing": 874.9769773343332
    },
    "16": {
        "Easting": 2860.2606778270606,
        "Northing": 598.8624726091965
    },
    "17": {
        "Easting": 3136.3511412277235,
        "Northing": 319.6480653856204
    },
    "18": {
        "Easting": 3059.053304047947,
        "Northing": 341.21115354453127
    },
    "19": {
        "Easting": 3408.005880743507,
        "Northing": 135.77682587232158
    },
    "Depot": {
        "Easting": 0,
        "Northing": 0
    }
}