{
    "0": {
        "Easting": 2126.9228648128174,
        "Northing": 522.6126660722502
    },
    "1": {
        "Easting": 1875.6268646914684,
        "Northing": 489.0480417731736
    },
    "2": {
        "Easting": 1788.5496839929365,
        "Northing": 107.53859086287235
    },
    "3": {
        "Easting": 1769.875026490207,
        "Northing": 31.260779657321564
    },
    "4": {
        "Easting": 428.2868963218418,
        "Northing": 253.64768211959773
    },
    "5": {
        "Easting": 484.1512268973073,
        "Northing": 267.4702601750529
    },
    "6": {
        "Easting": 229.90123716412842,
        "Northing": 465.9196425756153
    },
    "7": {
        "Easting": 434.44478096752925,
        "Northing": 449.4275916111612
    },
    "8": {
        "Easting": 3296.911498352517,
        "Northing": 43.6553639508155
    },
    "9": {
        "Easting": 3088.344474271614,
        "Northing": 60.5753610203662
    },
    "10": {
        "Easting": 3070.303101576885,
        "Northing": -56.036469535192545
    },
    "11": {
        "Easting": 2793.2335308852444,
        "Northing": 305.7433485397278
    },
    "12": {
        "Easting": 2212.5711895698837,
        "Northing": 668.1931465653158
    },
    "13": {
        "Easting": 1932.1570397234316,
        "Northing": 640.6256745355183
    },
    "14": {
        "Easting": 2867.849919215856,
        "Northing": 771.7585472049744
    },
    "15": {
        "Easting": 2330.470080540989,
        "Northing": 930.336338293346
    },
    "16": {
        "Easting": 2838.814429937538,
        "Northing": 408.12451550883884
    },
    "17": {
        "Easting": 2884.249075877505,
        "Northing": 404.11301681349926
    },
    "18": {
        "Easting": 3164.9525194211974,
        "Northing": 4.54272638896947
    },
    "19": {
        "Easting": 2866.671320883606,
        "Northing": 0.566860607126813
    },
    "Depot": {
        "Easting": 0,
        "Northing": 0
    }
}