{
    "0": {
        "Easting": 1479.4862105531533,
        "Northing": 430.4302058202577
    },
    "1": {
        "Easting": 2263.4739390971677,
        "Northing": 20.24405761714104
    },
    "2": {
        "Easting": 1426.1472648506024,
        "Northing": -49.12106966021747
    },
    "3": {
        "Easting": 2109.1338088287584,
        "Northing": 175.6122685965109
    },
    "4": {
        "Easting": -115.39358318589683,
        "Northing": 323.643355055502
    },
    "5": {
        "Easting": 396.45394369960763,
        "Northing": 518.2582101200032
    },
    "6": {
        "Easting": 229.90123716412842,
        "Northing": 465.9196425756153
    },
    "7": {
        "Easting": 250.62625158057403,
        "Northing": 529.7965691893098
    },
    "8": {
        "Easting": 3296.911498352517,
        "Northing": 43.6553639508155
    },
    "9": {
        "Easting": 3131.8808886911747,
        "Northing": 112.77168081557332
    },
    "10": {
        "Easting": 2793.2335308852444,
        "Northing": 305.7433485397278
    },
    "11": {
        "Easting": 3062.3995352000056,
        "Northing": 83.53191307621717
    },
    "12": {
        "Easting": 2226.2037722448968,
        "Northing": 860.9778340761604
    },
    "13": {
        "Easting": 2867.849919215856,
        "Northing": 771.7585472049744
    },
    "14": {
        "Easting": 2214.668204692291,
        "Northing": 324.91122783392245
    },
    "15": {
        "Easting": 2505.294932967548,
        "Northing": 955.5156820435268
    },
    "16": {
        "Easting": 2838.814429937538,
        "Northing": 408.12451550883884
    },
    "17": {
        "Easting": 2884.249075877505,
        "Northing": 404.11301681349926
    },
    "18": {
        "Easting": 2938.7061154774806,
        "Northing": 223.98209623195004
    },
    "19": {
        "Easting": 3281.1291753394585,
        "Northing": 366.82674205532805
    },
    "Depot": {
        "Easting": 0,
        "Northing": 0
    }
}