{
    "0": {
        "Easting": 2126.9228648128174,
        "Northing": 522.6126660722502
    },
    "1": {
        "Easting": 1997.926860664463,
        "Northing": 484.7344201398315
    },
    "2": {
        "Easting": 1875.6268646914684,
        "Northing": 489.0480417731736
    },
    "3": {
        "Easting": 1769.875026490207,
        "Northing": 31.260779657321564
    },
    "4": {
        "Easting": -195.19605158040162,
        "Northing": 552.8329326036434
    },
    "5": {
        "Easting": 423.83091164921825,
        "Northing": 327.5211302961186
    },
    "6": {
        "Easting": 191.00940739715685,
        "Northing": 596.2146254355766
    },
    "7": {
        "Easting": 179.8526381677723,
        "Northing": 590.4530260964357
    },
    "8": {
        "Easting": 3296.911498352517,
        "Northing": 43.6553639508155
    },
    "9": {
        "Easting": 3044.06718272934,
        "Northing": 45.093936196616156
    },
    "10": {
        "Easting": 2847.55038908178,
        "Northing": 367.68201198249204
    },
    "11": {
        "Easting": 2753.7122315004112,
        "Northing": 107.39146586868793
    },
    "12": {
        "Easting": 2226.2037722448968,
        "Northing": 860.9778340761604
    },
    "13": {
        "Easting": 2214.668204692291,
        "Northing": 324.91122783392245
    },
    "14": {
        "Easting": 2540.65891993501,
        "Northing": 710.393926913292
    },
    "15": {
        "Easting": 2330.470080540989,
        "Northing": 930.336338293346
    },
    "16": {
        "Easting": 2860.2606778270606,
        "Northing": 598.8624726091965
    },
    "17": {
        "Easting": 2741.215541049382,
        "Northing": -10.803019071689675
    },
    "18": {
        "Easting": 3136.3511412277235,
        "Northing": 319.6480653856204
    },
    "19": {
        "Easting": 3009.0525184806324,
        "Northing": 422.0668796794024
    },
    "Depot": {
        "Easting": 0,
        "Northing": 0
    }
}