{
    "0": {
        "Easting": 1667.6707681797307,
        "Northing": 166.41714958160446
    },
    "1": {
        "Easting": 2247.0865648699273,
        "Northing": 401.83339354685035
    },
    "2": {
        "Easting": 2109.1338088287584,
        "Northing": 175.6122685965109
    },
    "3": {
        "Easting": 1742.8458524377036,
        "Northing": 443.12117865624026
    },
    "4": {
        "Easting": 181.11038765514337,
        "Northing": 315.8471368766607
    },
    "5": {
        "Easting": 438.40862982754845,
        "Northing": 647.7445474634164
    },
    "6": {
        "Easting": 423.83091164921825,
        "Northing": 327.5211302961186
    },
    "7": {
        "Easting": 250.62625158057403,
        "Northing": 529.7965691893098
    },
    "8": {
        "Easting": 2849.491169677415,
        "Northing": 3.8562294772143275
    },
    "9": {
        "Easting": 3044.06718272934,
        "Northing": 45.093936196616156
    },
    "10": {
        "Easting": 2793.2335308852444,
        "Northing": 305.7433485397278
    },
    "11": {
        "Easting": 2663.4296413786174,
        "Northing": -236.94404412478994
    },
    "12": {
        "Easting": 2490.219415298761,
        "Northing": 893.0074804327548
    },
    "13": {
        "Easting": 2481.2325472155753,
        "Northing": 767.0818864352159
    },
    "14": {
        "Easting": 2510.47182540478,
        "Northing": 882.9415104977755
    },
    "15": {
        "Easting": 2186.8747223162613,
        "Northing": 951.0732522196133
    },
    "16": {
        "Easting": 3136.3511412277235,
        "Northing": 319.6480653856204
    },
    "17": {
        "Easting": 2838.814429937538,
        "Northing": 408.12451550883884
    },
    "18": {
        "Easting": 2884.249075877505,
        "Northing": 404.11301681349926
    },
    "19": {
        "Easting": 3281.1291753394585,
        "Northing": 366.82674205532805
    },
    "Depot": {
        "Easting": 0,
        "Northing": 0
    }
}