{
      "0": {
            "Location": "CAF095",
            "Easting": 29.999995191465132,
            "Northing": 120.99998490791768
      },
      "1": {
            "Location": "CAF308",
            "Easting": 571.9999481851701,
            "Northing": 387.999979310669
      },
      "2": {
            "Location": "CAF135",
            "Easting": 472.9999610928353,
            "Northing": 173.99999257735908
      },
      "3": {
            "Location": "CAF119",
            "Easting": 797.9999382169917,
            "Northing": 131.00000426359475
      },
      "4": {
            "Location": "CAF125",
            "Easting": 153.99998456938192,
            "Northing": 176.9999840091914
      },
      "5": {
            "Location": "CAF245",
            "Easting": 803.9999335369212,
            "Northing": 292.9999924171716
      },
      "6": {
            "Location": "CAF133",
            "Easting": 408.9999661335023,
            "Northing": 161.9999917903915
      },
      "7": {
            "Location": "CAF237",
            "Easting": 551.9999521733262,
            "Northing": 291.99998590070754
      },
      "8": {
            "Location": "CAF035",
            "Easting": 508.999962358037,
            "Northing": 24.00000463053584
      },
      "9": {
            "Location": "CAF141",
            "Easting": 664.999946835509,
            "Northing": 176.9999973764643
      },
      "10": {
            "Location": "CAF357",
            "Easting": 580.9999458204256,
            "Northing": 452.9999747341499
      },
      "11": {
            "Location": "CAF197",
            "Easting": 820.9999342171359,
            "Northing": 218.99999834503978
      },
      "12": {
            "Location": "CAF397",
            "Easting": 442.99995428405236,
            "Northing": 518.9999662349001
      },
      "13": {
            "Location": "CAF231",
            "Easting": 354.99996677262243,
            "Northing": 289.99998089671135
      },
      "14": {
            "Location": "CAF033",
            "Easting": 444.9999666135991,
            "Northing": 42.000001622363925
      },
      "15": {
            "Location": "CAF351",
            "Easting": 390.9999597707647,
            "Northing": 455.99996954295784
      },
      "16": {
            "Location": "CAF019",
            "Easting": 0.0,
            "Northing": 21.999991457909346
      },
      "17": {
            "Location": "CAF031",
            "Easting": 380.9999712872086,
            "Northing": 43.99999979976565
      },
      "18": {
            "Location": "CAF377",
            "Easting": 519.9999499854166,
            "Northing": 465.9999721739441
      },
      "19": {
            "Location": "CAF201",
            "Easting": 168.99998110724846,
            "Northing": 266.9999777348712
      },
      "20": {
            "Location": "CAF215",
            "Easting": 612.9999480868573,
            "Northing": 275.99998868163675
      },
      "21": {
            "Location": "CAF003",
            "Easting": 135.99999006040161,
            "Northing": 17.999995314516127
      },
      "22": {
            "Location": "CAF163",
            "Easting": 550.9999546788167,
            "Northing": 198.99999276548624
      },
      "23": {
            "Location": "CAF007",
            "Easting": 263.999981080764,
            "Northing": 0.0
      },
      "24": {
            "Location": "CAF401",
            "Easting": 570.9999448846793,
            "Northing": 516.999969731085
      },
      "25": {
            "Location": "CAF314",
            "Easting": 765.9999338600901,
            "Northing": 387.99998438637704
      },
      "26": {
            "Location": "CAF075",
            "Easting": 241.99997982598143,
            "Northing": 109.99999127350748
      },
      "27": {
            "Location": "CAF061",
            "Easting": 583.9999559308635,
            "Northing": 58.00000407546759
      },
      "28": {
            "Location": "CAF139",
            "Easting": 601.9999521675054,
            "Northing": 150.99999765399843
      },
      "29": {
            "Location": "CAF312",
            "Easting": 699.999938469904,
            "Northing": 397.99998191930354
      },
      "30": {
            "Location": "CAF310",
            "Easting": 638.9999428463634,
            "Northing": 402.9999799542129
      },
      "31": {
            "Location": "CAF067",
            "Easting": 776.9999413369806,
            "Northing": 71.00000815931708
      },
      "Depot": {
            "Location": "Depot",
            "Easting": 0,
            "Northing": 0
      }
}