{
    "0": {
        "Easting": 2247.0865648699273,
        "Northing": 401.83339354685035
    },
    "1": {
        "Easting": 1875.6268646914684,
        "Northing": 489.0480417731736
    },
    "2": {
        "Easting": 1479.4862105531533,
        "Northing": 430.4302058202577
    },
    "3": {
        "Easting": 2263.4739390971677,
        "Northing": 20.24405761714104
    },
    "4": {
        "Easting": 1926.6801819826208,
        "Northing": 528.234723750571
    },
    "5": {
        "Easting": 1426.1472648506024,
        "Northing": -49.12106966021747
    },
    "6": {
        "Easting": 1792.1153329501367,
        "Northing": 290.2034987728203
    },
    "7": {
        "Easting": 1599.5385606824946,
        "Northing": 161.74174688476285
    },
    "8": {
        "Easting": 1788.5496839929365,
        "Northing": 107.53859086287235
    },
    "9": {
        "Easting": 1769.875026490207,
        "Northing": 31.260779657321564
    },
    "10": {
        "Easting": 2109.1338088287584,
        "Northing": 175.6122685965109
    },
    "11": {
        "Easting": 1742.8458524377036,
        "Northing": 443.12117865624026
    },
    "12": {
        "Easting": 181.11038765514337,
        "Northing": 315.8471368766607
    },
    "13": {
        "Easting": -115.39358318589683,
        "Northing": 323.643355055502
    },
    "14": {
        "Easting": 87.68271028989749,
        "Northing": 555.2731878942204
    },
    "15": {
        "Easting": 438.40862982754845,
        "Northing": 647.7445474634164
    },
    "16": {
        "Easting": 423.83091164921825,
        "Northing": 327.5211302961186
    },
    "17": {
        "Easting": 380.6430489687002,
        "Northing": 343.0921630027896
    },
    "18": {
        "Easting": 201.88728111503764,
        "Northing": 557.3495786196092
    },
    "19": {
        "Easting": 396.45394369960763,
        "Northing": 518.2582101200032
    },
    "20": {
        "Easting": 229.90123716412842,
        "Northing": 465.9196425756153
    },
    "21": {
        "Easting": 179.8526381677723,
        "Northing": 590.4530260964357
    },
    "22": {
        "Easting": 434.44478096752925,
        "Northing": 449.4275916111612
    },
    "23": {
        "Easting": 250.62625158057403,
        "Northing": 529.7965691893098
    },
    "24": {
        "Easting": 2849.491169677415,
        "Northing": 3.8562294772143275
    },
    "25": {
        "Easting": 2822.89718763217,
        "Northing": -100.56147971308002
    },
    "26": {
        "Easting": 3296.911498352517,
        "Northing": 43.6553639508155
    },
    "27": {
        "Easting": 3131.8808886911747,
        "Northing": 112.77168081557332
    },
    "28": {
        "Easting": 3183.3922103422774,
        "Northing": -115.56108813175891
    },
    "29": {
        "Easting": 2793.2335308852444,
        "Northing": 305.7433485397278
    },
    "30": {
        "Easting": 3062.3995352000056,
        "Northing": 83.53191307621717
    },
    "31": {
        "Easting": 3056.459205016677,
        "Northing": 261.93008277920205
    },
    "32": {
        "Easting": 2663.4296413786174,
        "Northing": -236.94404412478994
    },
    "33": {
        "Easting": 2857.815853288535,
        "Northing": 23.064172313876398
    },
    "34": {
        "Easting": 3032.281543985631,
        "Northing": 340.3196691320431
    },
    "35": {
        "Easting": 2753.7122315004112,
        "Northing": 107.39146586868793
    },
    "36": {
        "Easting": 2510.47182540478,
        "Northing": 882.9415104977755
    },
    "37": {
        "Easting": 2226.2037722448968,
        "Northing": 860.9778340761604
    },
    "38": {
        "Easting": 2432.535674571434,
        "Northing": 1313.2160121174315
    },
    "39": {
        "Easting": 1932.1570397234316,
        "Northing": 640.6256745355183
    },
    "40": {
        "Easting": 2250.824868772325,
        "Northing": 672.1318210165135
    },
    "41": {
        "Easting": 2867.849919215856,
        "Northing": 771.7585472049744
    },
    "42": {
        "Easting": 2214.668204692291,
        "Northing": 324.91122783392245
    },
    "43": {
        "Easting": 2540.65891993501,
        "Northing": 710.393926913292
    },
    "44": {
        "Easting": 2186.8747223162613,
        "Northing": 951.0732522196133
    },
    "45": {
        "Easting": 2330.470080540989,
        "Northing": 930.336338293346
    },
    "46": {
        "Easting": 2505.294932967548,
        "Northing": 955.5156820435268
    },
    "47": {
        "Easting": 2556.369949721009,
        "Northing": 874.9769773343332
    },
    "48": {
        "Easting": 2741.215541049382,
        "Northing": -10.803019071689675
    },
    "49": {
        "Easting": 2838.814429937538,
        "Northing": 408.12451550883884
    },
    "50": {
        "Easting": 3009.0525184806324,
        "Northing": 422.0668796794024
    },
    "51": {
        "Easting": 2941.3136729356743,
        "Northing": 106.2025881776751
    },
    "52": {
        "Easting": 2884.249075877505,
        "Northing": 404.11301681349926
    },
    "53": {
        "Easting": 2858.335812151987,
        "Northing": 146.86917686377464
    },
    "54": {
        "Easting": 2938.7061154774806,
        "Northing": 223.98209623195004
    },
    "55": {
        "Easting": 2872.843441779033,
        "Northing": 693.0666533032678
    },
    "56": {
        "Easting": 3408.005880743507,
        "Northing": 135.77682587232158
    },
    "57": {
        "Easting": 2955.7619899225015,
        "Northing": 387.0598193932999
    },
    "58": {
        "Easting": 3281.1291753394585,
        "Northing": 366.82674205532805
    },
    "59": {
        "Easting": 2866.671320883606,
        "Northing": 0.566860607126813
    },
    "Depot": {
        "Easting": 0,
        "Northing": 0
    }
}