{
    "0": {
        "Easting": 2126.9228648128174,
        "Northing": 522.6126660722502
    },
    "1": {
        "Easting": 1875.9516716926282,
        "Northing": 192.91836563916132
    },
    "2": {
        "Easting": 1667.6707681797307,
        "Northing": 166.41714958160446
    },
    "3": {
        "Easting": 1997.926860664463,
        "Northing": 484.7344201398315
    },
    "4": {
        "Easting": 1875.6268646914684,
        "Northing": 489.0480417731736
    },
    "5": {
        "Easting": 2263.4739390971677,
        "Northing": 20.24405761714104
    },
    "6": {
        "Easting": 2018.2865487864099,
        "Northing": 43.49437452116729
    },
    "7": {
        "Easting": 1926.6801819826208,
        "Northing": 528.234723750571
    },
    "8": {
        "Easting": 1792.1153329501367,
        "Northing": 290.2034987728203
    },
    "9": {
        "Easting": 1788.5496839929365,
        "Northing": 107.53859086287235
    },
    "10": {
        "Easting": 1769.875026490207,
        "Northing": 31.260779657321564
    },
    "11": {
        "Easting": 2109.1338088287584,
        "Northing": 175.6122685965109
    },
    "12": {
        "Easting": 428.2868963218418,
        "Northing": 253.64768211959773
    },
    "13": {
        "Easting": -115.39358318589683,
        "Northing": 323.643355055502
    },
    "14": {
        "Easting": 87.68271028989749,
        "Northing": 555.2731878942204
    },
    "15": {
        "Easting": -56.9127001881709,
        "Northing": 515.6737331837082
    },
    "16": {
        "Easting": 438.40862982754845,
        "Northing": 647.7445474634164
    },
    "17": {
        "Easting": 484.1512268973073,
        "Northing": 267.4702601750529
    },
    "18": {
        "Easting": 380.6430489687002,
        "Northing": 343.0921630027896
    },
    "19": {
        "Easting": 201.88728111503764,
        "Northing": 557.3495786196092
    },
    "20": {
        "Easting": 191.00940739715685,
        "Northing": 596.2146254355766
    },
    "21": {
        "Easting": 229.90123716412842,
        "Northing": 465.9196425756153
    },
    "22": {
        "Easting": 434.44478096752925,
        "Northing": 449.4275916111612
    },
    "23": {
        "Easting": 250.62625158057403,
        "Northing": 529.7965691893098
    },
    "24": {
        "Easting": 2849.491169677415,
        "Northing": 3.8562294772143275
    },
    "25": {
        "Easting": 2906.9840367097117,
        "Northing": -78.78585839431048
    },
    "26": {
        "Easting": 3296.911498352517,
        "Northing": 43.6553639508155
    },
    "27": {
        "Easting": 3044.06718272934,
        "Northing": 45.093936196616156
    },
    "28": {
        "Easting": 3088.344474271614,
        "Northing": 60.5753610203662
    },
    "29": {
        "Easting": 3131.8808886911747,
        "Northing": 112.77168081557332
    },
    "30": {
        "Easting": 3070.303101576885,
        "Northing": -56.036469535192545
    },
    "31": {
        "Easting": 3183.3922103422774,
        "Northing": -115.56108813175891
    },
    "32": {
        "Easting": 2793.2335308852444,
        "Northing": 305.7433485397278
    },
    "33": {
        "Easting": 3062.3995352000056,
        "Northing": 83.53191307621717
    },
    "34": {
        "Easting": 3056.459205016677,
        "Northing": 261.93008277920205
    },
    "35": {
        "Easting": 2857.4540433158945,
        "Northing": 269.5918899084925
    },
    "36": {
        "Easting": 2490.219415298761,
        "Northing": 893.0074804327548
    },
    "37": {
        "Easting": 2481.2325472155753,
        "Northing": 767.0818864352159
    },
    "38": {
        "Easting": 2510.47182540478,
        "Northing": 882.9415104977755
    },
    "39": {
        "Easting": 2212.5711895698837,
        "Northing": 668.1931465653158
    },
    "40": {
        "Easting": 2158.0641036341635,
        "Northing": 1068.0431181797667
    },
    "41": {
        "Easting": 1932.1570397234316,
        "Northing": 640.6256745355183
    },
    "42": {
        "Easting": 2250.824868772325,
        "Northing": 672.1318210165135
    },
    "43": {
        "Easting": 2867.849919215856,
        "Northing": 771.7585472049744
    },
    "44": {
        "Easting": 2199.8623409953498,
        "Northing": 964.9480302175148
    },
    "45": {
        "Easting": 2531.5729674445147,
        "Northing": 719.6649515738283
    },
    "46": {
        "Easting": 2186.8747223162613,
        "Northing": 951.0732522196133
    },
    "47": {
        "Easting": 2330.470080540989,
        "Northing": 930.336338293346
    },
    "48": {
        "Easting": 2741.215541049382,
        "Northing": -10.803019071689675
    },
    "49": {
        "Easting": 2746.949291957967,
        "Northing": 128.91684634307273
    },
    "50": {
        "Easting": 3037.597350033495,
        "Northing": 270.71839655877176
    },
    "51": {
        "Easting": 2838.814429937538,
        "Northing": 408.12451550883884
    },
    "52": {
        "Easting": 3009.0525184806324,
        "Northing": 422.0668796794024
    },
    "53": {
        "Easting": 2884.249075877505,
        "Northing": 404.11301681349926
    },
    "54": {
        "Easting": 2858.335812151987,
        "Northing": 146.86917686377464
    },
    "55": {
        "Easting": 2938.7061154774806,
        "Northing": 223.98209623195004
    },
    "56": {
        "Easting": 3164.9525194211974,
        "Northing": 4.54272638896947
    },
    "57": {
        "Easting": 2911.549344344692,
        "Northing": 340.0466745346492
    },
    "58": {
        "Easting": 2823.859826338308,
        "Northing": 101.08303054337821
    },
    "59": {
        "Easting": 2866.671320883606,
        "Northing": 0.566860607126813
    },
    "Depot": {
        "Easting": 0,
        "Northing": 0
    }
}