{
    "0": {
        "Easting": 2126.9228648128174,
        "Northing": 522.6126660722502
    },
    "1": {
        "Easting": 1875.9516716926282,
        "Northing": 192.91836563916132
    },
    "2": {
        "Easting": 2247.0865648699273,
        "Northing": 401.83339354685035
    },
    "3": {
        "Easting": 1875.6268646914684,
        "Northing": 489.0480417731736
    },
    "4": {
        "Easting": 1795.641752801154,
        "Northing": 432.3999161372549
    },
    "5": {
        "Easting": 1479.4862105531533,
        "Northing": 430.4302058202577
    },
    "6": {
        "Easting": 1942.8985077418351,
        "Northing": 572.7280594850065
    },
    "7": {
        "Easting": 2263.4739390971677,
        "Northing": 20.24405761714104
    },
    "8": {
        "Easting": 1926.6801819826208,
        "Northing": 528.234723750571
    },
    "9": {
        "Easting": 1672.2422874432089,
        "Northing": 301.22036951032976
    },
    "10": {
        "Easting": 1599.5385606824946,
        "Northing": 161.74174688476285
    },
    "11": {
        "Easting": 1769.875026490207,
        "Northing": 31.260779657321564
    },
    "12": {
        "Easting": 181.11038765514337,
        "Northing": 315.8471368766607
    },
    "13": {
        "Easting": 428.2868963218418,
        "Northing": 253.64768211959773
    },
    "14": {
        "Easting": -115.39358318589683,
        "Northing": 323.643355055502
    },
    "15": {
        "Easting": 87.68271028989749,
        "Northing": 555.2731878942204
    },
    "16": {
        "Easting": -56.9127001881709,
        "Northing": 515.6737331837082
    },
    "17": {
        "Easting": -195.19605158040162,
        "Northing": 552.8329326036434
    },
    "18": {
        "Easting": 201.88728111503764,
        "Northing": 557.3495786196092
    },
    "19": {
        "Easting": 396.45394369960763,
        "Northing": 518.2582101200032
    },
    "20": {
        "Easting": 131.44931039070087,
        "Northing": 369.547381897961
    },
    "21": {
        "Easting": 191.00940739715685,
        "Northing": 596.2146254355766
    },
    "22": {
        "Easting": 229.90123716412842,
        "Northing": 465.9196425756153
    },
    "23": {
        "Easting": 434.44478096752925,
        "Northing": 449.4275916111612
    },
    "24": {
        "Easting": 2849.491169677415,
        "Northing": 3.8562294772143275
    },
    "25": {
        "Easting": 2822.89718763217,
        "Northing": -100.56147971308002
    },
    "26": {
        "Easting": 2906.9840367097117,
        "Northing": -78.78585839431048
    },
    "27": {
        "Easting": 3088.344474271614,
        "Northing": 60.5753610203662
    },
    "28": {
        "Easting": 3131.8808886911747,
        "Northing": 112.77168081557332
    },
    "29": {
        "Easting": 3070.303101576885,
        "Northing": -56.036469535192545
    },
    "30": {
        "Easting": 2793.2335308852444,
        "Northing": 305.7433485397278
    },
    "31": {
        "Easting": 3056.459205016677,
        "Northing": 261.93008277920205
    },
    "32": {
        "Easting": 2857.4540433158945,
        "Northing": 269.5918899084925
    },
    "33": {
        "Easting": 2847.55038908178,
        "Northing": 367.68201198249204
    },
    "34": {
        "Easting": 2857.815853288535,
        "Northing": 23.064172313876398
    },
    "35": {
        "Easting": 3032.281543985631,
        "Northing": 340.3196691320431
    },
    "36": {
        "Easting": 2490.219415298761,
        "Northing": 893.0074804327548
    },
    "37": {
        "Easting": 2403.855096270182,
        "Northing": 922.1123852507635
    },
    "38": {
        "Easting": 2510.47182540478,
        "Northing": 882.9415104977755
    },
    "39": {
        "Easting": 2432.535674571434,
        "Northing": 1313.2160121174315
    },
    "40": {
        "Easting": 2158.0641036341635,
        "Northing": 1068.0431181797667
    },
    "41": {
        "Easting": 1932.1570397234316,
        "Northing": 640.6256745355183
    },
    "42": {
        "Easting": 2867.849919215856,
        "Northing": 771.7585472049744
    },
    "43": {
        "Easting": 2214.668204692291,
        "Northing": 324.91122783392245
    },
    "44": {
        "Easting": 2199.8623409953498,
        "Northing": 964.9480302175148
    },
    "45": {
        "Easting": 2540.65891993501,
        "Northing": 710.393926913292
    },
    "46": {
        "Easting": 2505.294932967548,
        "Northing": 955.5156820435268
    },
    "47": {
        "Easting": 2556.369949721009,
        "Northing": 874.9769773343332
    },
    "48": {
        "Easting": 2860.2606778270606,
        "Northing": 598.8624726091965
    },
    "49": {
        "Easting": 2741.215541049382,
        "Northing": -10.803019071689675
    },
    "50": {
        "Easting": 2746.949291957967,
        "Northing": 128.91684634307273
    },
    "51": {
        "Easting": 3136.3511412277235,
        "Northing": 319.6480653856204
    },
    "52": {
        "Easting": 2838.814429937538,
        "Northing": 408.12451550883884
    },
    "53": {
        "Easting": 2941.3136729356743,
        "Northing": 106.2025881776751
    },
    "54": {
        "Easting": 3059.053304047947,
        "Northing": 341.21115354453127
    },
    "55": {
        "Easting": 3164.9525194211974,
        "Northing": 4.54272638896947
    },
    "56": {
        "Easting": 3408.005880743507,
        "Northing": 135.77682587232158
    },
    "57": {
        "Easting": 2911.549344344692,
        "Northing": 340.0466745346492
    },
    "58": {
        "Easting": 3281.1291753394585,
        "Northing": 366.82674205532805
    },
    "59": {
        "Easting": 2823.859826338308,
        "Northing": 101.08303054337821
    },
    "Depot": {
        "Easting": 0,
        "Northing": 0
    }
}