{
    "0": {
        "Location": "CAF095",
        "Easting": 642.6789951744552,
        "Northing": 251.9925801812632
    },
    "1": {
        "Location": "CAF308",
        "Easting": 142.87083539642165,
        "Northing": 123.54974115620465
    },
    "2": {
        "Location": "CAF135",
        "Easting": 451.05049726538397,
        "Northing": 107.61461983556089
    },
    "3": {
        "Location": "CAF119",
        "Easting": 169.18829261046494,
        "Northing": 542.2385247549191
    },
    "4": {
        "Location": "CAF125",
        "Easting": 496.77018972248675,
        "Northing": 204.5738138300898
    },
    "5": {
        "Location": "CAF245",
        "Easting": 720.9831218535174,
        "Northing": 91.69958993431173
    },
    "6": {
        "Location": "CAF133",
        "Easting": 638.8362137140346,
        "Northing": 218.3335183021207
    },
    "7": {
        "Location": "CAF237",
        "Easting": 309.0962778365074,
        "Northing": 329.5194221729737
    },
    "8": {
        "Location": "CAF035",
        "Easting": 84.49896288524776,
        "Northing": 513.0220919484825
    },
    "9": {
        "Location": "CAF141",
        "Easting": 582.6848428107132,
        "Northing": 500.97091989515087
    },
    "10": {
        "Location": "CAF357",
        "Easting": 617.738209519295,
        "Northing": 93.8917805076929
    },
    "11": {
        "Location": "CAF197",
        "Easting": 421.10359134802684,
        "Northing": 231.9294999538161
    },
    "12": {
        "Location": "CAF397",
        "Easting": 697.5480676765862,
        "Northing": 66.71950351175585
    },
    "13": {
        "Location": "CAF231",
        "Easting": 127.69347975409244,
        "Northing": 177.9676415271047
    },
    "14": {
        "Location": "CAF033",
        "Easting": 650.2738418859017,
        "Northing": 177.32714649768178
    },
    "15": {
        "Location": "CAF351",
        "Easting": 748.5268021105048,
        "Northing": 437.18805061061636
    },
    "16": {
        "Location": "CAF019",
        "Easting": 87.50703987773704,
        "Northing": 370.3829485427141
    },
    "17": {
        "Location": "CAF031",
        "Easting": 433.7874260784791,
        "Northing": 38.57473663951748
    },
    "18": {
        "Location": "CAF377",
        "Easting": 289.845315836317,
        "Northing": 111.53505914921048
    },
    "19": {
        "Location": "CAF201",
        "Easting": 730.3167523498727,
        "Northing": 90.53113365969413
    },
    "20": {
        "Location": "CAF215",
        "Easting": 795.6921224087132,
        "Northing": 252.10371940703962
    },
    "21": {
        "Location": "CAF003",
        "Easting": 571.3518201781683,
        "Northing": 29.84416306082849
    },
    "22": {
        "Location": "CAF163",
        "Easting": 541.5429451895955,
        "Northing": 516.9960869087452
    },
    "23": {
        "Location": "CAF007",
        "Easting": 718.9569873103893,
        "Northing": 280.9881660270997
    },
    "24": {
        "Location": "CAF401",
        "Easting": 449.89297606610364,
        "Northing": 296.92878134344215
    },
    "25": {
        "Location": "CAF314",
        "Easting": 308.91934004961666,
        "Northing": 286.0384185803785
    },
    "26": {
        "Location": "CAF075",
        "Easting": 396.3291633043605,
        "Northing": 50.66873760803857
    },
    "27": {
        "Location": "CAF061",
        "Easting": 778.5677770410213,
        "Northing": 53.66215810312415
    },
    "28": {
        "Location": "CAF139",
        "Easting": 824.2045053422264,
        "Northing": 46.28745416735654
    },
    "29": {
        "Location": "CAF312",
        "Easting": 593.6937489921258,
        "Northing": 528.5103833143615
    },
    "30": {
        "Location": "CAF310",
        "Easting": 800.0777653334594,
        "Northing": 54.47761930726835
    },
    "31": {
        "Location": "CAF067",
        "Easting": 234.33086290431086,
        "Northing": 545.5427937366744
    },
    "Depot": {
        "Location": "Depot",
        "Easting": 0,
        "Northing": 0
    }
}