{
    "0": {
        "Location": "CAF095",
        "Easting": 304.98386061603514,
        "Northing": 320.02885508273494
    },
    "1": {
        "Location": "CAF308",
        "Easting": 411.54817839163576,
        "Northing": 399.9790174014501
    },
    "2": {
        "Location": "CAF135",
        "Easting": 810.4123960553436,
        "Northing": 235.59976149150793
    },
    "3": {
        "Location": "CAF119",
        "Easting": 740.5921854387392,
        "Northing": 63.97680127033228
    },
    "4": {
        "Location": "CAF125",
        "Easting": 504.01476564976906,
        "Northing": 207.14654996344075
    },
    "5": {
        "Location": "CAF245",
        "Easting": 528.6879182253548,
        "Northing": 473.95841471945045
    },
    "6": {
        "Location": "CAF133",
        "Easting": 839.9448678319725,
        "Northing": 268.92696384795016
    },
    "7": {
        "Location": "CAF237",
        "Easting": 816.4896513814554,
        "Northing": 75.82229204603708
    },
    "8": {
        "Location": "CAF035",
        "Easting": 795.8692133429183,
        "Northing": 367.7692031751307
    },
    "9": {
        "Location": "CAF141",
        "Easting": 236.2289752426566,
        "Northing": 128.69729954766433
    },
    "10": {
        "Location": "CAF357",
        "Easting": 421.35978554901726,
        "Northing": 221.90371120742228
    },
    "11": {
        "Location": "CAF197",
        "Easting": 341.8389052299853,
        "Northing": 161.45576528731777
    },
    "12": {
        "Location": "CAF397",
        "Easting": 104.88118903448664,
        "Northing": 433.68295315612534
    },
    "13": {
        "Location": "CAF231",
        "Easting": 833.8212485348328,
        "Northing": 301.64257633867464
    },
    "14": {
        "Location": "CAF033",
        "Easting": 236.19285481225756,
        "Northing": 301.5858116782992
    },
    "15": {
        "Location": "CAF351",
        "Easting": 128.10381126292356,
        "Northing": 460.623757239078
    },
    "16": {
        "Location": "CAF019",
        "Easting": 775.2247013042389,
        "Northing": 485.2010984602738
    },
    "17": {
        "Location": "CAF031",
        "Easting": 2.9823414717401855,
        "Northing": 321.35954528704326
    },
    "18": {
        "Location": "CAF377",
        "Easting": 75.14838743828525,
        "Northing": 240.0377733775782
    },
    "19": {
        "Location": "CAF201",
        "Easting": 827.4598715949605,
        "Northing": 309.1559656182442
    },
    "20": {
        "Location": "CAF215",
        "Easting": 823.3434769883169,
        "Northing": 457.23723941189604
    },
    "21": {
        "Location": "CAF003",
        "Easting": 671.3491095892558,
        "Northing": 451.7330612532968
    },
    "22": {
        "Location": "CAF163",
        "Easting": 44.49930722525398,
        "Northing": 526.5783756421583
    },
    "23": {
        "Location": "CAF007",
        "Easting": 766.668111010389,
        "Northing": 230.2613467123556
    },
    "24": {
        "Location": "CAF401",
        "Easting": 90.093272354779,
        "Northing": 428.27334130348754
    },
    "25": {
        "Location": "CAF314",
        "Easting": 216.6599514102,
        "Northing": 270.16703790679736
    },
    "26": {
        "Location": "CAF075",
        "Easting": 672.84668947295,
        "Northing": 129.92545108184115
    },
    "27": {
        "Location": "CAF061",
        "Easting": 611.9709885175363,
        "Northing": 159.8536139863866
    },
    "28": {
        "Location": "CAF139",
        "Easting": 135.34569326693398,
        "Northing": 222.54208085111603
    },
    "29": {
        "Location": "CAF312",
        "Easting": 727.2622372759648,
        "Northing": 226.00647271500497
    },
    "30": {
        "Location": "CAF310",
        "Easting": 832.129340920871,
        "Northing": 50.16120948255012
    },
    "31": {
        "Location": "CAF067",
        "Easting": 51.14619989091958,
        "Northing": 276.48196243748055
    },
    "Depot": {
        "Location": "Depot",
        "Easting": 0,
        "Northing": 0
    }
}