{
    "0": {
        "Location": "CAF095",
        "Easting": 454.87737803861984,
        "Northing": 309.97728575632533
    },
    "1": {
        "Location": "CAF308",
        "Easting": 17.866426789136863,
        "Northing": 67.68401476253722
    },
    "2": {
        "Location": "CAF135",
        "Easting": 794.8701606069096,
        "Northing": 417.2702258863254
    },
    "3": {
        "Location": "CAF119",
        "Easting": 772.8000827590935,
        "Northing": 95.82682240981791
    },
    "4": {
        "Location": "CAF125",
        "Easting": 355.4618212931307,
        "Northing": 69.26219599998072
    },
    "5": {
        "Location": "CAF245",
        "Easting": 650.091543344849,
        "Northing": 379.3688389617606
    },
    "6": {
        "Location": "CAF133",
        "Easting": 183.48570440649232,
        "Northing": 528.1337173068152
    },
    "7": {
        "Location": "CAF237",
        "Easting": 447.5168313835945,
        "Northing": 115.19286395146305
    },
    "8": {
        "Location": "CAF035",
        "Easting": 544.8888390037122,
        "Northing": 390.21143027375393
    },
    "9": {
        "Location": "CAF141",
        "Easting": 27.59185074654099,
        "Northing": 86.0501693299018
    },
    "10": {
        "Location": "CAF357",
        "Easting": 464.064505153971,
        "Northing": 450.9177548717278
    },
    "11": {
        "Location": "CAF197",
        "Easting": 712.0073127072599,
        "Northing": 160.9684615909858
    },
    "12": {
        "Location": "CAF397",
        "Easting": 468.37128174955797,
        "Northing": 504.02092049079323
    },
    "13": {
        "Location": "CAF231",
        "Easting": 368.1049930649578,
        "Northing": 508.0251986196266
    },
    "14": {
        "Location": "CAF033",
        "Easting": 491.1753490161374,
        "Northing": 4.396176924501239
    },
    "15": {
        "Location": "CAF351",
        "Easting": 759.950656255902,
        "Northing": 507.0535236293141
    },
    "16": {
        "Location": "CAF019",
        "Easting": 562.5039291700775,
        "Northing": 255.8544822940511
    },
    "17": {
        "Location": "CAF031",
        "Easting": 835.1844998252385,
        "Northing": 247.58511245359668
    },
    "18": {
        "Location": "CAF377",
        "Easting": 470.8042667108841,
        "Northing": 505.67603068053194
    },
    "19": {
        "Location": "CAF201",
        "Easting": 99.4374187183182,
        "Northing": 452.4028636892902
    },
    "20": {
        "Location": "CAF215",
        "Easting": 96.96753648118252,
        "Northing": 112.92131267161292
    },
    "21": {
        "Location": "CAF003",
        "Easting": 227.81496954219963,
        "Northing": 201.70091044532745
    },
    "22": {
        "Location": "CAF163",
        "Easting": 397.6812829629977,
        "Northing": 149.922353132094
    },
    "23": {
        "Location": "CAF007",
        "Easting": 90.8069784288025,
        "Northing": 93.62389872773745
    },
    "24": {
        "Location": "CAF401",
        "Easting": 200.7544460471092,
        "Northing": 38.87637265748831
    },
    "25": {
        "Location": "CAF314",
        "Easting": 128.0639730618778,
        "Northing": 233.64100885941613
    },
    "26": {
        "Location": "CAF075",
        "Easting": 251.96329789479927,
        "Northing": 344.70442802896906
    },
    "27": {
        "Location": "CAF061",
        "Easting": 732.3291071632034,
        "Northing": 0.642218489881774
    },
    "28": {
        "Location": "CAF139",
        "Easting": 253.75065546551969,
        "Northing": 388.533569172178
    },
    "29": {
        "Location": "CAF312",
        "Easting": 87.61275733783792,
        "Northing": 394.98827852426274
    },
    "30": {
        "Location": "CAF310",
        "Easting": 70.85856600531831,
        "Northing": 2.5938160153307077
    },
    "31": {
        "Location": "CAF067",
        "Easting": 384.43774415443664,
        "Northing": 391.81022578940286
    },
    "Depot": {
        "Location": "Depot",
        "Easting": 0,
        "Northing": 0
    }
}