{
    "0": {
        "Location": "CAF095",
        "Easting": 725.5560866101933,
        "Northing": 434.2526662150447
    },
    "1": {
        "Location": "CAF308",
        "Easting": 602.4065226143757,
        "Northing": 290.11738606707746
    },
    "2": {
        "Location": "CAF135",
        "Easting": 441.3836110660151,
        "Northing": 92.34245530659645
    },
    "3": {
        "Location": "CAF119",
        "Easting": 455.1314099074616,
        "Northing": 369.3541590462219
    },
    "4": {
        "Location": "CAF125",
        "Easting": 666.7822982754683,
        "Northing": 317.4254367401756
    },
    "5": {
        "Location": "CAF245",
        "Easting": 281.04246795427844,
        "Northing": 444.00530582776946
    },
    "6": {
        "Location": "CAF133",
        "Easting": 424.30925808242796,
        "Northing": 291.9911734783549
    },
    "7": {
        "Location": "CAF237",
        "Easting": 97.5870797744423,
        "Northing": 427.3661634161907
    },
    "8": {
        "Location": "CAF035",
        "Easting": 411.2854765445246,
        "Northing": 333.81938067067546
    },
    "9": {
        "Location": "CAF141",
        "Easting": 63.40851059172349,
        "Northing": 142.42264589744153
    },
    "10": {
        "Location": "CAF357",
        "Easting": 338.50600424634104,
        "Northing": 263.810818056335
    },
    "11": {
        "Location": "CAF197",
        "Easting": 135.92659550245068,
        "Northing": 158.8288028103435
    },
    "12": {
        "Location": "CAF397",
        "Easting": 308.8749548774027,
        "Northing": 17.988533734470515
    },
    "13": {
        "Location": "CAF231",
        "Easting": 281.91947650957127,
        "Northing": 88.16545341842212
    },
    "14": {
        "Location": "CAF033",
        "Easting": 26.042614786718488,
        "Northing": 149.4005779784794
    },
    "15": {
        "Location": "CAF351",
        "Easting": 397.5611693981216,
        "Northing": 90.47173515178346
    },
    "16": {
        "Location": "CAF019",
        "Easting": 242.85910770868114,
        "Northing": 515.0005712079771
    },
    "17": {
        "Location": "CAF031",
        "Easting": 223.4000571184682,
        "Northing": 507.9835451745489
    },
    "18": {
        "Location": "CAF377",
        "Easting": 325.71028513556905,
        "Northing": 175.23706427404326
    },
    "19": {
        "Location": "CAF201",
        "Easting": 507.04557770962583,
        "Northing": 266.36355052587055
    },
    "20": {
        "Location": "CAF215",
        "Easting": 711.0153461216895,
        "Northing": 182.72500011714502
    },
    "21": {
        "Location": "CAF003",
        "Easting": 146.92682353381295,
        "Northing": 428.18990760698324
    },
    "22": {
        "Location": "CAF163",
        "Easting": 566.2991479381429,
        "Northing": 534.0427210652414
    },
    "23": {
        "Location": "CAF007",
        "Easting": 68.64338570475994,
        "Northing": 0.26720077520352437
    },
    "24": {
        "Location": "CAF401",
        "Easting": 56.969600230569334,
        "Northing": 346.66214180454847
    },
    "25": {
        "Location": "CAF314",
        "Easting": 14.31220734454981,
        "Northing": 132.2185587720937
    },
    "26": {
        "Location": "CAF075",
        "Easting": 434.5748252372927,
        "Northing": 258.8511866349783
    },
    "27": {
        "Location": "CAF061",
        "Easting": 531.8014159115522,
        "Northing": 352.10602365102903
    },
    "28": {
        "Location": "CAF139",
        "Easting": 300.0599179626891,
        "Northing": 474.76120824071864
    },
    "29": {
        "Location": "CAF312",
        "Easting": 346.45598393747895,
        "Northing": 446.56742413295854
    },
    "30": {
        "Location": "CAF310",
        "Easting": 356.78507615067065,
        "Northing": 279.0662676213284
    },
    "31": {
        "Location": "CAF067",
        "Easting": 742.7511288123543,
        "Northing": 394.9174989376378
    },
    "Depot": {
        "Location": "Depot",
        "Easting": 0,
        "Northing": 0
    }
}