{
    "0": {
        "Location": "CAF095",
        "Easting": 224.06361276927208,
        "Northing": 62.63281976763943
    },
    "1": {
        "Location": "CAF308",
        "Easting": 173.20399921689213,
        "Northing": 184.320879262021
    },
    "2": {
        "Location": "CAF135",
        "Easting": 155.82643475062113,
        "Northing": 387.1890569182913
    },
    "3": {
        "Location": "CAF119",
        "Easting": 798.065131413172,
        "Northing": 462.1869054365191
    },
    "4": {
        "Location": "CAF125",
        "Easting": 333.7420041755236,
        "Northing": 97.34495306784703
    },
    "5": {
        "Location": "CAF245",
        "Easting": 530.9676881809975,
        "Northing": 248.30051115988056
    },
    "6": {
        "Location": "CAF133",
        "Easting": 375.1796522661269,
        "Northing": 232.24312265883944
    },
    "7": {
        "Location": "CAF237",
        "Easting": 665.2808599122008,
        "Northing": 536.1678941414027
    },
    "8": {
        "Location": "CAF035",
        "Easting": 641.0485646945516,
        "Northing": 431.33576157915434
    },
    "9": {
        "Location": "CAF141",
        "Easting": 444.2137680406808,
        "Northing": 89.26999221440072
    },
    "10": {
        "Location": "CAF357",
        "Easting": 658.2815223583865,
        "Northing": 70.73062822107393
    },
    "11": {
        "Location": "CAF197",
        "Easting": 665.5604965632022,
        "Northing": 77.31874441813787
    },
    "12": {
        "Location": "CAF397",
        "Easting": 576.7292530176707,
        "Northing": 21.311874014192707
    },
    "13": {
        "Location": "CAF231",
        "Easting": 13.01860286843542,
        "Northing": 235.3298324592343
    },
    "14": {
        "Location": "CAF033",
        "Easting": 290.65151426270717,
        "Northing": 262.435928561543
    },
    "15": {
        "Location": "CAF351",
        "Easting": 82.15223259405151,
        "Northing": 243.88634704610794
    },
    "16": {
        "Location": "CAF019",
        "Easting": 788.9656153942827,
        "Northing": 108.04870694300841
    },
    "17": {
        "Location": "CAF031",
        "Easting": 53.59652435486484,
        "Northing": 287.3495547241719
    },
    "18": {
        "Location": "CAF377",
        "Easting": 804.1391628005503,
        "Northing": 174.41401272700216
    },
    "19": {
        "Location": "CAF201",
        "Easting": 488.6134527981599,
        "Northing": 305.6767792958659
    },
    "20": {
        "Location": "CAF215",
        "Easting": 69.72679946078873,
        "Northing": 420.6952746257224
    },
    "21": {
        "Location": "CAF003",
        "Easting": 192.6224744345729,
        "Northing": 396.97045355003195
    },
    "22": {
        "Location": "CAF163",
        "Easting": 478.0877356079935,
        "Northing": 211.47356276722493
    },
    "23": {
        "Location": "CAF007",
        "Easting": 48.07232141756886,
        "Northing": 174.67369848381932
    },
    "24": {
        "Location": "CAF401",
        "Easting": 524.5422842066973,
        "Northing": 356.1631037904648
    },
    "25": {
        "Location": "CAF314",
        "Easting": 53.50601173088454,
        "Northing": 526.6493355945589
    },
    "26": {
        "Location": "CAF075",
        "Easting": 135.41729307673936,
        "Northing": 82.45550245832314
    },
    "27": {
        "Location": "CAF061",
        "Easting": 164.54989512815948,
        "Northing": 89.59676386704147
    },
    "28": {
        "Location": "CAF139",
        "Easting": 194.65218305473613,
        "Northing": 122.50789889484592
    },
    "29": {
        "Location": "CAF312",
        "Easting": 710.3770033859387,
        "Northing": 325.59719921111355
    },
    "30": {
        "Location": "CAF310",
        "Easting": 286.19636222719095,
        "Northing": 256.2675680388735
    },
    "31": {
        "Location": "CAF067",
        "Easting": 253.550195144664,
        "Northing": 90.38080250602466
    },
    "Depot": {
        "Location": "Depot",
        "Easting": 0,
        "Northing": 0
    }
}