{
    "0": {
        "Location": "CAF095",
        "Easting": 474.2373847831858,
        "Northing": 255.35101666550017
    },
    "1": {
        "Location": "CAF308",
        "Easting": 503.3239864813221,
        "Northing": 417.2848230707503
    },
    "2": {
        "Location": "CAF135",
        "Easting": 173.2921656510067,
        "Northing": 82.3752365922151
    },
    "3": {
        "Location": "CAF119",
        "Easting": 196.28100367328057,
        "Northing": 90.76105771268294
    },
    "4": {
        "Location": "CAF125",
        "Easting": 811.2671428804834,
        "Northing": 256.940117733426
    },
    "5": {
        "Location": "CAF245",
        "Easting": 715.6441643826613,
        "Northing": 426.50197588932764
    },
    "6": {
        "Location": "CAF133",
        "Easting": 818.3162059863249,
        "Northing": 504.19817644512284
    },
    "7": {
        "Location": "CAF237",
        "Easting": 415.44491388727164,
        "Northing": 72.59146864583873
    },
    "8": {
        "Location": "CAF035",
        "Easting": 120.9905131597234,
        "Northing": 263.0087556961278
    },
    "9": {
        "Location": "CAF141",
        "Easting": 666.9974088660397,
        "Northing": 464.0868645770663
    },
    "10": {
        "Location": "CAF357",
        "Easting": 90.54478198449631,
        "Northing": 200.91517732936262
    },
    "11": {
        "Location": "CAF197",
        "Easting": 451.43768158991384,
        "Northing": 255.50622076087248
    },
    "12": {
        "Location": "CAF397",
        "Easting": 635.241932679588,
        "Northing": 137.15623751590195
    },
    "13": {
        "Location": "CAF231",
        "Easting": 733.3667992456741,
        "Northing": 359.3958385251124
    },
    "14": {
        "Location": "CAF033",
        "Easting": 725.5339222120433,
        "Northing": 51.642490110362985
    },
    "15": {
        "Location": "CAF351",
        "Easting": 202.83991656641564,
        "Northing": 96.85548688754348
    },
    "16": {
        "Location": "CAF019",
        "Easting": 485.26081350890195,
        "Northing": 24.337378550359524
    },
    "17": {
        "Location": "CAF031",
        "Easting": 104.0090827867556,
        "Northing": 245.41364352965917
    },
    "18": {
        "Location": "CAF377",
        "Easting": 555.3302743423202,
        "Northing": 496.2806202601383
    },
    "19": {
        "Location": "CAF201",
        "Easting": 832.5961642884743,
        "Northing": 384.5943319049695
    },
    "20": {
        "Location": "CAF215",
        "Easting": 203.96153068939358,
        "Northing": 69.70868912413682
    },
    "21": {
        "Location": "CAF003",
        "Easting": 80.7131011453892,
        "Northing": 473.80590114086726
    },
    "22": {
        "Location": "CAF163",
        "Easting": 658.1361314621245,
        "Northing": 208.53818816670048
    },
    "23": {
        "Location": "CAF007",
        "Easting": 129.45874833189535,
        "Northing": 174.1280135755034
    },
    "24": {
        "Location": "CAF401",
        "Easting": 65.44281102097008,
        "Northing": 444.8243574983974
    },
    "25": {
        "Location": "CAF314",
        "Easting": 247.45170687864973,
        "Northing": 480.07160119208396
    },
    "26": {
        "Location": "CAF075",
        "Easting": 17.931233292912662,
        "Northing": 42.10396259999083
    },
    "27": {
        "Location": "CAF061",
        "Easting": 847.591011629275,
        "Northing": 20.69092071241354
    },
    "28": {
        "Location": "CAF139",
        "Easting": 371.94087552237414,
        "Northing": 447.1115589015192
    },
    "29": {
        "Location": "CAF312",
        "Easting": 129.94833063237755,
        "Northing": 120.47938055686298
    },
    "30": {
        "Location": "CAF310",
        "Easting": 22.840573636728923,
        "Northing": 109.46067924404227
    },
    "31": {
        "Location": "CAF067",
        "Easting": 535.591894582491,
        "Northing": 303.5033993616255
    },
    "Depot": {
        "Location": "Depot",
        "Easting": 0,
        "Northing": 0
    }
}