{
    "0": {
        "Location": "CAF095",
        "Easting": 721.9990729905965,
        "Northing": 390.5827513545926
    },
    "1": {
        "Location": "CAF308",
        "Easting": 122.73877443866387,
        "Northing": 272.0512025716175
    },
    "2": {
        "Location": "CAF135",
        "Easting": 296.443103499079,
        "Northing": 267.48196938810986
    },
    "3": {
        "Location": "CAF119",
        "Easting": 567.0087866408788,
        "Northing": 76.32405592678899
    },
    "4": {
        "Location": "CAF125",
        "Easting": 421.40284582472225,
        "Northing": 337.793347882494
    },
    "5": {
        "Location": "CAF245",
        "Easting": 683.1102964103355,
        "Northing": 363.8711292575366
    },
    "6": {
        "Location": "CAF133",
        "Easting": 304.4618069101777,
        "Northing": 108.59670655246286
    },
    "7": {
        "Location": "CAF237",
        "Easting": 734.1038213472306,
        "Northing": 266.1635614676965
    },
    "8": {
        "Location": "CAF035",
        "Easting": 214.16265692291154,
        "Northing": 212.65334698340016
    },
    "9": {
        "Location": "CAF141",
        "Easting": 716.7629121214519,
        "Northing": 407.7386703016537
    },
    "10": {
        "Location": "CAF357",
        "Easting": 142.2044347181856,
        "Northing": 434.17661273577124
    },
    "11": {
        "Location": "CAF197",
        "Easting": 779.6133186126197,
        "Northing": 406.25566298848725
    },
    "12": {
        "Location": "CAF397",
        "Easting": 6.609207040507615,
        "Northing": 186.01430587085048
    },
    "13": {
        "Location": "CAF231",
        "Easting": 260.1415894413264,
        "Northing": 376.328532218489
    },
    "14": {
        "Location": "CAF033",
        "Easting": 157.37137924915353,
        "Northing": 372.1997326523815
    },
    "15": {
        "Location": "CAF351",
        "Easting": 815.0237801927394,
        "Northing": 285.969937385733
    },
    "16": {
        "Location": "CAF019",
        "Easting": 676.7696802443563,
        "Northing": 22.2316290773853
    },
    "17": {
        "Location": "CAF031",
        "Easting": 648.3605544974076,
        "Northing": 316.1819786452954
    },
    "18": {
        "Location": "CAF377",
        "Easting": 784.1542735095724,
        "Northing": 477.7307458955066
    },
    "19": {
        "Location": "CAF201",
        "Easting": 300.1969715924482,
        "Northing": 62.70708217020683
    },
    "20": {
        "Location": "CAF215",
        "Easting": 433.6096143810083,
        "Northing": 452.30016896855875
    },
    "21": {
        "Location": "CAF003",
        "Easting": 3.230283459181477,
        "Northing": 336.9969315954344
    },
    "22": {
        "Location": "CAF163",
        "Easting": 104.95172095213063,
        "Northing": 2.9068194626754194
    },
    "23": {
        "Location": "CAF007",
        "Easting": 280.53231646584874,
        "Northing": 6.337606736105494
    },
    "24": {
        "Location": "CAF401",
        "Easting": 790.1204152735293,
        "Northing": 26.713501233471458
    },
    "25": {
        "Location": "CAF314",
        "Easting": 315.72174621877355,
        "Northing": 374.56171971661905
    },
    "26": {
        "Location": "CAF075",
        "Easting": 582.125701019511,
        "Northing": 538.8145828193307
    },
    "27": {
        "Location": "CAF061",
        "Easting": 490.51177391606814,
        "Northing": 77.9937196232696
    },
    "28": {
        "Location": "CAF139",
        "Easting": 652.3907194870278,
        "Northing": 459.1842657325965
    },
    "29": {
        "Location": "CAF312",
        "Easting": 154.4628820257497,
        "Northing": 444.77901513313384
    },
    "30": {
        "Location": "CAF310",
        "Easting": 447.2257692425319,
        "Northing": 333.3410495911521
    },
    "31": {
        "Location": "CAF067",
        "Easting": 112.15223783594045,
        "Northing": 356.003582673758
    },
    "Depot": {
        "Location": "Depot",
        "Easting": 0,
        "Northing": 0
    }
}