{
    "0": {
        "Location": "CAF095",
        "Easting": 405.6459809877081,
        "Northing": 314.18968244035284
    },
    "1": {
        "Location": "CAF308",
        "Easting": 420.5303119798805,
        "Northing": 99.80800446011898
    },
    "2": {
        "Location": "CAF135",
        "Easting": 493.3898222549299,
        "Northing": 53.81466138694745
    },
    "3": {
        "Location": "CAF119",
        "Easting": 540.6096184740799,
        "Northing": 231.84651916347386
    },
    "4": {
        "Location": "CAF125",
        "Easting": 381.0567057826278,
        "Northing": 459.4723483617481
    },
    "5": {
        "Location": "CAF245",
        "Easting": 769.612058123388,
        "Northing": 38.83104002603918
    },
    "6": {
        "Location": "CAF133",
        "Easting": 258.0065680641851,
        "Northing": 127.8039046772891
    },
    "7": {
        "Location": "CAF237",
        "Easting": 160.01153280809456,
        "Northing": 510.41321612941005
    },
    "8": {
        "Location": "CAF035",
        "Easting": 567.9971088167033,
        "Northing": 305.6317502365311
    },
    "9": {
        "Location": "CAF141",
        "Easting": 396.0872468027222,
        "Northing": 357.90369478937873
    },
    "10": {
        "Location": "CAF357",
        "Easting": 530.2972089806734,
        "Northing": 243.15292047176825
    },
    "11": {
        "Location": "CAF197",
        "Easting": 89.5305581972146,
        "Northing": 220.76420321044424
    },
    "12": {
        "Location": "CAF397",
        "Easting": 718.3837144684463,
        "Northing": 284.39800703348874
    },
    "13": {
        "Location": "CAF231",
        "Easting": 827.0771999315783,
        "Northing": 399.71078449579267
    },
    "14": {
        "Location": "CAF033",
        "Easting": 349.9169370478033,
        "Northing": 450.12570500353996
    },
    "15": {
        "Location": "CAF351",
        "Easting": 624.5436261270025,
        "Northing": 448.10787343344697
    },
    "16": {
        "Location": "CAF019",
        "Easting": 828.8016505661043,
        "Northing": 329.20148938066114
    },
    "17": {
        "Location": "CAF031",
        "Easting": 374.18315702390885,
        "Northing": 512.8812081110091
    },
    "18": {
        "Location": "CAF377",
        "Easting": 136.4476306340912,
        "Northing": 48.45708982745883
    },
    "19": {
        "Location": "CAF201",
        "Easting": 613.2440139248616,
        "Northing": 61.321788181469856
    },
    "20": {
        "Location": "CAF215",
        "Easting": 560.4518741067743,
        "Northing": 77.51251180592222
    },
    "21": {
        "Location": "CAF003",
        "Easting": 826.3130423945777,
        "Northing": 331.94156268470704
    },
    "22": {
        "Location": "CAF163",
        "Easting": 734.4588991695866,
        "Northing": 379.83022338122396
    },
    "23": {
        "Location": "CAF007",
        "Easting": 318.94530974694595,
        "Northing": 64.9057844433214
    },
    "24": {
        "Location": "CAF401",
        "Easting": 844.7641196694477,
        "Northing": 213.98431754221943
    },
    "25": {
        "Location": "CAF314",
        "Easting": 572.7746945339019,
        "Northing": 453.88789293335515
    },
    "26": {
        "Location": "CAF075",
        "Easting": 745.1491281464084,
        "Northing": 540.526497164451
    },
    "27": {
        "Location": "CAF061",
        "Easting": 372.54758692957694,
        "Northing": 260.6283220717778
    },
    "28": {
        "Location": "CAF139",
        "Easting": 144.68754752652765,
        "Northing": 523.4775576416787
    },
    "29": {
        "Location": "CAF312",
        "Easting": 769.934073652675,
        "Northing": 47.16631900605733
    },
    "30": {
        "Location": "CAF310",
        "Easting": 191.63710641513194,
        "Northing": 228.79180109435072
    },
    "31": {
        "Location": "CAF067",
        "Easting": 774.0570335970604,
        "Northing": 478.52855120444224
    },
    "Depot": {
        "Location": "Depot",
        "Easting": 0,
        "Northing": 0
    }
}