{
    "0": {
        "Location": "CAF095",
        "Easting": 259.84566909480947,
        "Northing": 442.1919484408152
    },
    "1": {
        "Location": "CAF308",
        "Easting": 229.5325967056253,
        "Northing": 444.00972877184665
    },
    "2": {
        "Location": "CAF135",
        "Easting": 424.89145042031663,
        "Northing": 276.7548368103994
    },
    "3": {
        "Location": "CAF119",
        "Easting": 171.32986805013815,
        "Northing": 168.34559690946364
    },
    "4": {
        "Location": "CAF125",
        "Easting": 222.02046632386694,
        "Northing": 17.395823913466085
    },
    "5": {
        "Location": "CAF245",
        "Easting": 801.3939946640378,
        "Northing": 2.55026159865725
    },
    "6": {
        "Location": "CAF133",
        "Easting": 82.8832733856966,
        "Northing": 332.79613133820686
    },
    "7": {
        "Location": "CAF237",
        "Easting": 247.3159046056168,
        "Northing": 31.221637376349985
    },
    "8": {
        "Location": "CAF035",
        "Easting": 554.6264871523699,
        "Northing": 246.81607330335905
    },
    "9": {
        "Location": "CAF141",
        "Easting": 842.6203366081453,
        "Northing": 7.9696163924739665
    },
    "10": {
        "Location": "CAF357",
        "Easting": 789.4229066968297,
        "Northing": 197.25709066490907
    },
    "11": {
        "Location": "CAF197",
        "Easting": 87.70280099340461,
        "Northing": 334.28824808203416
    },
    "12": {
        "Location": "CAF397",
        "Easting": 212.23187835015474,
        "Northing": 90.58151139949027
    },
    "13": {
        "Location": "CAF231",
        "Easting": 798.0309496174063,
        "Northing": 264.67706713111824
    },
    "14": {
        "Location": "CAF033",
        "Easting": 137.9205424850437,
        "Northing": 153.48780324560568
    },
    "15": {
        "Location": "CAF351",
        "Easting": 177.92073762856515,
        "Northing": 539.5881356144899
    },
    "16": {
        "Location": "CAF019",
        "Easting": 368.7294799765408,
        "Northing": 443.68801048535346
    },
    "17": {
        "Location": "CAF031",
        "Easting": 101.44563164755034,
        "Northing": 225.05588221636714
    },
    "18": {
        "Location": "CAF377",
        "Easting": 525.5272811843745,
        "Northing": 474.81850830805183
    },
    "19": {
        "Location": "CAF201",
        "Easting": 649.0776949714825,
        "Northing": 453.1546120614956
    },
    "20": {
        "Location": "CAF215",
        "Easting": 748.7534573261429,
        "Northing": 55.62540549829678
    },
    "21": {
        "Location": "CAF003",
        "Easting": 710.5352044461129,
        "Northing": 287.76521947292923
    },
    "22": {
        "Location": "CAF163",
        "Easting": 50.85391379055945,
        "Northing": 495.7231277405642
    },
    "23": {
        "Location": "CAF007",
        "Easting": 603.0755100439327,
        "Northing": 427.6792381833731
    },
    "24": {
        "Location": "CAF401",
        "Easting": 772.5303851677955,
        "Northing": 153.61004027067693
    },
    "25": {
        "Location": "CAF314",
        "Easting": 698.3571684139725,
        "Northing": 372.52782067871095
    },
    "26": {
        "Location": "CAF075",
        "Easting": 54.96039253216541,
        "Northing": 163.7707600610864
    },
    "27": {
        "Location": "CAF061",
        "Easting": 98.78353415350311,
        "Northing": 340.60206155661183
    },
    "28": {
        "Location": "CAF139",
        "Easting": 65.7532260936297,
        "Northing": 408.5937278265327
    },
    "29": {
        "Location": "CAF312",
        "Easting": 523.5370022133891,
        "Northing": 520.2887861435644
    },
    "30": {
        "Location": "CAF310",
        "Easting": 768.8713301904282,
        "Northing": 407.0375822457181
    },
    "31": {
        "Location": "CAF067",
        "Easting": 480.45140186764434,
        "Northing": 244.20091517379646
    },
    "Depot": {
        "Location": "Depot",
        "Easting": 0,
        "Northing": 0
    }
}