{
    "0": {
        "Location": "CAF095",
        "Easting": 673.3550577175782,
        "Northing": 239.8872445690922
    },
    "1": {
        "Location": "CAF308",
        "Easting": 677.6864654384234,
        "Northing": 42.294521315366964
    },
    "2": {
        "Location": "CAF135",
        "Easting": 654.605830072343,
        "Northing": 170.77517214400962
    },
    "3": {
        "Location": "CAF119",
        "Easting": 834.5773928272065,
        "Northing": 521.2623899314297
    },
    "4": {
        "Location": "CAF125",
        "Easting": 608.8432028212555,
        "Northing": 209.4055278458048
    },
    "5": {
        "Location": "CAF245",
        "Easting": 682.4389575731127,
        "Northing": 221.94399305612578
    },
    "6": {
        "Location": "CAF133",
        "Easting": 212.82956855683787,
        "Northing": 206.44597542830823
    },
    "7": {
        "Location": "CAF237",
        "Easting": 310.45063331906306,
        "Northing": 480.5025418780848
    },
    "8": {
        "Location": "CAF035",
        "Easting": 312.32781837999477,
        "Northing": 428.0196537886785
    },
    "9": {
        "Location": "CAF141",
        "Easting": 562.1446002039045,
        "Northing": 454.4569077473855
    },
    "10": {
        "Location": "CAF357",
        "Easting": 254.938717394264,
        "Northing": 500.8520673697873
    },
    "11": {
        "Location": "CAF197",
        "Easting": 595.9902030505104,
        "Northing": 316.2649978860129
    },
    "12": {
        "Location": "CAF397",
        "Easting": 278.1156350223991,
        "Northing": 390.20202170944015
    },
    "13": {
        "Location": "CAF231",
        "Easting": 555.0422229520353,
        "Northing": 174.71508556242622
    },
    "14": {
        "Location": "CAF033",
        "Easting": 83.55677001356116,
        "Northing": 377.93374611920933
    },
    "15": {
        "Location": "CAF351",
        "Easting": 581.4983291217485,
        "Northing": 140.98826839051685
    },
    "16": {
        "Location": "CAF019",
        "Easting": 75.39620206802721,
        "Northing": 52.877056022640645
    },
    "17": {
        "Location": "CAF031",
        "Easting": 220.3325816802271,
        "Northing": 36.31122701425275
    },
    "18": {
        "Location": "CAF377",
        "Easting": 349.39438063561624,
        "Northing": 314.16686657076474
    },
    "19": {
        "Location": "CAF201",
        "Easting": 505.55726826240976,
        "Northing": 461.65234946244243
    },
    "20": {
        "Location": "CAF215",
        "Easting": 299.73240639122776,
        "Northing": 131.85860362189345
    },
    "21": {
        "Location": "CAF003",
        "Easting": 598.288573348079,
        "Northing": 51.454237326208805
    },
    "22": {
        "Location": "CAF163",
        "Easting": 304.5542337253647,
        "Northing": 163.06496856612202
    },
    "23": {
        "Location": "CAF007",
        "Easting": 456.9175430117813,
        "Northing": 353.6163998114378
    },
    "24": {
        "Location": "CAF401",
        "Easting": 839.5598516209561,
        "Northing": 117.25908548437607
    },
    "25": {
        "Location": "CAF314",
        "Easting": 783.6650687739833,
        "Northing": 242.81272137493744
    },
    "26": {
        "Location": "CAF075",
        "Easting": 115.70043088376009,
        "Northing": 342.3632069226585
    },
    "27": {
        "Location": "CAF061",
        "Easting": 418.90608663702733,
        "Northing": 129.75364044595702
    },
    "28": {
        "Location": "CAF139",
        "Easting": 739.1862649565073,
        "Northing": 241.4866778776062
    },
    "29": {
        "Location": "CAF312",
        "Easting": 797.7037156357815,
        "Northing": 498.7934800283371
    },
    "30": {
        "Location": "CAF310",
        "Easting": 814.5147029278481,
        "Northing": 518.9034396467127
    },
    "31": {
        "Location": "CAF067",
        "Easting": 35.30033386887014,
        "Northing": 285.0630792452197
    },
    "Depot": {
        "Location": "Depot",
        "Easting": 0,
        "Northing": 0
    }
}