{
    "0": {
        "Easting": 405.7271361688353,
        "Northing": 95.67506821141791
    },
    "1": {
        "Easting": 289.0362404550009,
        "Northing": 33.29842485169179
    },
    "2": {
        "Easting": 365.9063281784939,
        "Northing": 83.35245028519216
    },
    "3": {
        "Easting": 313.39345659203633,
        "Northing": 64.18212799899271
    },
    "4": {
        "Easting": 229.35910911331138,
        "Northing": 411.80981374593233
    },
    "5": {
        "Easting": 212.57787880787703,
        "Northing": 471.8538781560909
    },
    "6": {
        "Easting": 179.81212750066155,
        "Northing": 450.62783888455755
    },
    "7": {
        "Easting": 226.12911137384384,
        "Northing": 435.1793439357424
    },
    "8": {
        "Easting": 260.30625790399256,
        "Northing": 172.342367117838
    },
    "9": {
        "Easting": 242.5540489224136,
        "Northing": 101.64653550039435
    },
    "10": {
        "Easting": 280.84498614476865,
        "Northing": 60.87197949676945
    },
    "11": {
        "Easting": 245.85683117268948,
        "Northing": 121.31066795494954
    },
    "12": {
        "Easting": 786.3486446367854,
        "Northing": 324.46990856404955
    },
    "13": {
        "Easting": 798.6611952688846,
        "Northing": 350.24324492076937
    },
    "14": {
        "Easting": 786.049958431368,
        "Northing": 256.3784800870091
    },
    "15": {
        "Easting": 713.4929998768391,
        "Northing": 305.27308950697056
    },
    "16": {
        "Easting": 626.7112244105182,
        "Northing": 527.3608212838081
    },
    "17": {
        "Easting": 601.947514058605,
        "Northing": 375.6566223655631
    },
    "18": {
        "Easting": 608.7720075651714,
        "Northing": 523.3388262943795
    },
    "19": {
        "Easting": 576.0633132643029,
        "Northing": 506.98668243593204
    },
    "Depot": {
        "Easting": 0,
        "Northing": 0
    }
}