{
    "0": {
        "Easting": 430.4977475593585,
        "Northing": 414.0008089434466
    },
    "1": {
        "Easting": 340.5234524958335,
        "Northing": 428.85847371179625
    },
    "2": {
        "Easting": 337.5770355221796,
        "Northing": 382.0254123655499
    },
    "3": {
        "Easting": 440.3343070044569,
        "Northing": 424.61609469917175
    },
    "4": {
        "Easting": 564.8225287945365,
        "Northing": 52.53519821604648
    },
    "5": {
        "Easting": 515.4172876639728,
        "Northing": 53.20036452627281
    },
    "6": {
        "Easting": 540.9897916454581,
        "Northing": 123.42816487975351
    },
    "7": {
        "Easting": 544.1899687743913,
        "Northing": 168.40687820419248
    },
    "8": {
        "Easting": 471.46656070822576,
        "Northing": 285.4067959319347
    },
    "9": {
        "Easting": 497.8034137982538,
        "Northing": 270.1598656286819
    },
    "10": {
        "Easting": 518.7783791730099,
        "Northing": 317.7851009642176
    },
    "11": {
        "Easting": 480.4624886823312,
        "Northing": 308.00196458470964
    },
    "12": {
        "Easting": 705.2138914895212,
        "Northing": 370.173125279803
    },
    "13": {
        "Easting": 752.6447079428942,
        "Northing": 273.7591826429034
    },
    "14": {
        "Easting": 723.1449229245792,
        "Northing": 430.10940074911025
    },
    "15": {
        "Easting": 703.1224782532825,
        "Northing": 376.3726758774432
    },
    "16": {
        "Easting": 94.26794721954616,
        "Northing": 56.16056059464507
    },
    "17": {
        "Easting": 103.41775115238887,
        "Northing": 93.86755866757176
    },
    "18": {
        "Easting": 79.30329822793217,
        "Northing": 30.55638844886623
    },
    "19": {
        "Easting": 80.15235012359405,
        "Northing": 77.26908099135221
    },
    "Depot": {
        "Easting": 0,
        "Northing": 0
    }
}