{
    "0": {
        "Easting": 88.9775646871436,
        "Northing": 366.39373424366823
    },
    "1": {
        "Easting": 137.5195397980296,
        "Northing": 445.5181801721075
    },
    "2": {
        "Easting": 159.84245419594012,
        "Northing": 377.6210683627628
    },
    "3": {
        "Easting": 135.00543770011163,
        "Northing": 429.5123088920502
    },
    "4": {
        "Easting": 559.0763950593441,
        "Northing": 52.82538088370458
    },
    "5": {
        "Easting": 537.6837973258907,
        "Northing": 69.82765849994072
    },
    "6": {
        "Easting": 446.9755573857591,
        "Northing": -6.426982971297662
    },
    "7": {
        "Easting": 517.2333536719408,
        "Northing": 29.473991014222605
    },
    "8": {
        "Easting": 148.7535283094455,
        "Northing": 271.45209196051337
    },
    "9": {
        "Easting": 255.14514271898562,
        "Northing": 308.30134036971344
    },
    "10": {
        "Easting": 271.8112779694696,
        "Northing": 268.8379575790877
    },
    "11": {
        "Easting": 252.52780003121052,
        "Northing": 311.27761466440717
    },
    "12": {
        "Easting": 280.96322607649597,
        "Northing": 23.065744332495168
    },
    "13": {
        "Easting": 318.3701812770861,
        "Northing": 36.217014366734
    },
    "14": {
        "Easting": 283.3264989703728,
        "Northing": 8.366875478477901
    },
    "15": {
        "Easting": 207.09891830646475,
        "Northing": 18.53539468938396
    },
    "16": {
        "Easting": 735.5398523383467,
        "Northing": 612.2870524931714
    },
    "17": {
        "Easting": 841.1170944102868,
        "Northing": 569.1677777395427
    },
    "18": {
        "Easting": 781.4112384638759,
        "Northing": 555.7395994220033
    },
    "19": {
        "Easting": 818.7786820259973,
        "Northing": 467.4828753511024
    },
    "Depot": {
        "Easting": 0,
        "Northing": 0
    }
}