{
    "0": {
        "Easting": 285.7313627485773,
        "Northing": 227.94863716324284
    },
    "1": {
        "Easting": 186.89833524343874,
        "Northing": 189.14983466814508
    },
    "2": {
        "Easting": 201.78383895420512,
        "Northing": 204.50077083242226
    },
    "3": {
        "Easting": 233.69392733776482,
        "Northing": 164.79384887574477
    },
    "4": {
        "Easting": -35.15898247440066,
        "Northing": 400.7381480944255
    },
    "5": {
        "Easting": 42.23420296494835,
        "Northing": 322.24039991580713
    },
    "6": {
        "Easting": -26.621933976314676,
        "Northing": 359.682988607306
    },
    "7": {
        "Easting": -1.3561848561677454,
        "Northing": 346.55954280809055
    },
    "8": {
        "Easting": 344.1848304064248,
        "Northing": 119.76443885167163
    },
    "9": {
        "Easting": 315.09697229503934,
        "Northing": 82.17352987504297
    },
    "10": {
        "Easting": 326.67133155965996,
        "Northing": 124.64908898966769
    },
    "11": {
        "Easting": 355.0593728066432,
        "Northing": 164.55314481044172
    },
    "12": {
        "Easting": 657.4483467216824,
        "Northing": 161.95224500501118
    },
    "13": {
        "Easting": 753.3061642176383,
        "Northing": 149.65566700140283
    },
    "14": {
        "Easting": 694.7137049565983,
        "Northing": 134.09362484490322
    },
    "15": {
        "Easting": 670.4958054225573,
        "Northing": 153.7345398263618
    },
    "16": {
        "Easting": 395.706365966595,
        "Northing": 381.46638239780236
    },
    "17": {
        "Easting": 387.0073495585969,
        "Northing": 300.30667478231146
    },
    "18": {
        "Easting": 436.37189165562665,
        "Northing": 453.7674406067052
    },
    "19": {
        "Easting": 448.85838620304094,
        "Northing": 351.23018645876175
    },
    "Depot": {
        "Easting": 0,
        "Northing": 0
    }
}