{
    "0": {
        "Easting": 28.36385051388983,
        "Northing": 511.88374474142694
    },
    "1": {
        "Easting": 48.190464649565214,
        "Northing": 565.0933434843796
    },
    "2": {
        "Easting": 48.52707371731287,
        "Northing": 508.8441116797498
    },
    "3": {
        "Easting": 27.82183542347733,
        "Northing": 480.5126466525572
    },
    "4": {
        "Easting": 62.741898019632806,
        "Northing": -15.07245888754176
    },
    "5": {
        "Easting": 68.66570077213609,
        "Northing": 35.746140306533974
    },
    "6": {
        "Easting": 84.5594561037598,
        "Northing": 94.67890222862461
    },
    "7": {
        "Easting": 79.59174277736477,
        "Northing": 20.71877137027512
    },
    "8": {
        "Easting": 713.3979978698936,
        "Northing": 123.22323205734743
    },
    "9": {
        "Easting": 791.4484667920831,
        "Northing": 104.05743756640292
    },
    "10": {
        "Easting": 755.9461901323132,
        "Northing": 34.49713235393348
    },
    "11": {
        "Easting": 724.2191876503662,
        "Northing": 106.28897012904827
    },
    "12": {
        "Easting": 466.47750571035874,
        "Northing": 282.0427766904771
    },
    "13": {
        "Easting": 421.3364108693362,
        "Northing": 175.41893075436298
    },
    "14": {
        "Easting": 412.66621499901015,
        "Northing": 278.291067050036
    },
    "15": {
        "Easting": 451.74865340922736,
        "Northing": 257.0979755593011
    },
    "16": {
        "Easting": 352.6192299442575,
        "Northing": 248.18127400518642
    },
    "17": {
        "Easting": 395.19834887971825,
        "Northing": 193.23988108808703
    },
    "18": {
        "Easting": 383.22451204938795,
        "Northing": 198.0361695724668
    },
    "19": {
        "Easting": 362.2605825029243,
        "Northing": 176.96323295428277
    },
    "Depot": {
        "Easting": 0,
        "Northing": 0
    }
}