{
    "0": {
        "Easting": 2126.9228648128174,
        "Northing": 522.6126660722502
    },
    "1": {
        "Easting": 1875.9516716926282,
        "Northing": 192.91836563916132
    },
    "2": {
        "Easting": 1667.6707681797307,
        "Northing": 166.41714958160446
    },
    "3": {
        "Easting": 1997.926860664463,
        "Northing": 484.7344201398315
    },
    "4": {
        "Easting": 2247.0865648699273,
        "Northing": 401.83339354685035
    },
    "5": {
        "Easting": 1875.6268646914684,
        "Northing": 489.0480417731736
    },
    "6": {
        "Easting": 1795.641752801154,
        "Northing": 432.3999161372549
    },
    "7": {
        "Easting": 1479.4862105531533,
        "Northing": 430.4302058202577
    },
    "8": {
        "Easting": 1942.8985077418351,
        "Northing": 572.7280594850065
    },
    "9": {
        "Easting": 2263.4739390971677,
        "Northing": 20.24405761714104
    },
    "10": {
        "Easting": 2018.2865487864099,
        "Northing": 43.49437452116729
    },
    "11": {
        "Easting": 1926.6801819826208,
        "Northing": 528.234723750571
    },
    "12": {
        "Easting": 1426.1472648506024,
        "Northing": -49.12106966021747
    },
    "13": {
        "Easting": 1672.2422874432089,
        "Northing": 301.22036951032976
    },
    "14": {
        "Easting": 1792.1153329501367,
        "Northing": 290.2034987728203
    },
    "15": {
        "Easting": 1599.5385606824946,
        "Northing": 161.74174688476285
    },
    "16": {
        "Easting": 1788.5496839929365,
        "Northing": 107.53859086287235
    },
    "17": {
        "Easting": 1769.875026490207,
        "Northing": 31.260779657321564
    },
    "18": {
        "Easting": 2109.1338088287584,
        "Northing": 175.6122685965109
    },
    "19": {
        "Easting": 1742.8458524377036,
        "Northing": 443.12117865624026
    },
    "20": {
        "Easting": 181.11038765514337,
        "Northing": 315.8471368766607
    },
    "21": {
        "Easting": 428.2868963218418,
        "Northing": 253.64768211959773
    },
    "22": {
        "Easting": -115.39358318589683,
        "Northing": 323.643355055502
    },
    "23": {
        "Easting": 68.86414790165986,
        "Northing": 328.75391915981675
    },
    "24": {
        "Easting": 87.68271028989749,
        "Northing": 555.2731878942204
    },
    "25": {
        "Easting": -56.9127001881709,
        "Northing": 515.6737331837082
    },
    "26": {
        "Easting": 438.40862982754845,
        "Northing": 647.7445474634164
    },
    "27": {
        "Easting": -195.19605158040162,
        "Northing": 552.8329326036434
    },
    "28": {
        "Easting": 423.83091164921825,
        "Northing": 327.5211302961186
    },
    "29": {
        "Easting": 484.1512268973073,
        "Northing": 267.4702601750529
    },
    "30": {
        "Easting": 380.6430489687002,
        "Northing": 343.0921630027896
    },
    "31": {
        "Easting": 201.88728111503764,
        "Northing": 557.3495786196092
    },
    "32": {
        "Easting": 396.45394369960763,
        "Northing": 518.2582101200032
    },
    "33": {
        "Easting": 131.44931039070087,
        "Northing": 369.547381897961
    },
    "34": {
        "Easting": 191.00940739715685,
        "Northing": 596.2146254355766
    },
    "35": {
        "Easting": 229.90123716412842,
        "Northing": 465.9196425756153
    },
    "36": {
        "Easting": 227.18478985752546,
        "Northing": 567.3315454451479
    },
    "37": {
        "Easting": 179.8526381677723,
        "Northing": 590.4530260964357
    },
    "38": {
        "Easting": 434.44478096752925,
        "Northing": 449.4275916111612
    },
    "39": {
        "Easting": 250.62625158057403,
        "Northing": 529.7965691893098
    },
    "40": {
        "Easting": 2849.491169677415,
        "Northing": 3.8562294772143275
    },
    "41": {
        "Easting": 2821.558703066168,
        "Northing": 222.04538361628906
    },
    "42": {
        "Easting": 2822.89718763217,
        "Northing": -100.56147971308002
    },
    "43": {
        "Easting": 2906.9840367097117,
        "Northing": -78.78585839431048
    },
    "44": {
        "Easting": 3296.911498352517,
        "Northing": 43.6553639508155
    },
    "45": {
        "Easting": 3044.06718272934,
        "Northing": 45.093936196616156
    },
    "46": {
        "Easting": 3088.344474271614,
        "Northing": 60.5753610203662
    },
    "47": {
        "Easting": 3131.8808886911747,
        "Northing": 112.77168081557332
    },
    "48": {
        "Easting": 3070.303101576885,
        "Northing": -56.036469535192545
    },
    "49": {
        "Easting": 3183.3922103422774,
        "Northing": -115.56108813175891
    },
    "50": {
        "Easting": 2793.2335308852444,
        "Northing": 305.7433485397278
    },
    "51": {
        "Easting": 3062.3995352000056,
        "Northing": 83.53191307621717
    },
    "52": {
        "Easting": 3056.459205016677,
        "Northing": 261.93008277920205
    },
    "53": {
        "Easting": 2663.4296413786174,
        "Northing": -236.94404412478994
    },
    "54": {
        "Easting": 2857.4540433158945,
        "Northing": 269.5918899084925
    },
    "55": {
        "Easting": 2847.55038908178,
        "Northing": 367.68201198249204
    },
    "56": {
        "Easting": 2950.5742667135264,
        "Northing": 233.6539880288729
    },
    "57": {
        "Easting": 2857.815853288535,
        "Northing": 23.064172313876398
    },
    "58": {
        "Easting": 3032.281543985631,
        "Northing": 340.3196691320431
    },
    "59": {
        "Easting": 2753.7122315004112,
        "Northing": 107.39146586868793
    },
    "60": {
        "Easting": 2490.219415298761,
        "Northing": 893.0074804327548
    },
    "61": {
        "Easting": 2481.2325472155753,
        "Northing": 767.0818864352159
    },
    "62": {
        "Easting": 2403.855096270182,
        "Northing": 922.1123852507635
    },
    "63": {
        "Easting": 2510.47182540478,
        "Northing": 882.9415104977755
    },
    "64": {
        "Easting": 2212.5711895698837,
        "Northing": 668.1931465653158
    },
    "65": {
        "Easting": 2226.2037722448968,
        "Northing": 860.9778340761604
    },
    "66": {
        "Easting": 2432.535674571434,
        "Northing": 1313.2160121174315
    },
    "67": {
        "Easting": 2158.0641036341635,
        "Northing": 1068.0431181797667
    },
    "68": {
        "Easting": 1932.1570397234316,
        "Northing": 640.6256745355183
    },
    "69": {
        "Easting": 2250.824868772325,
        "Northing": 672.1318210165135
    },
    "70": {
        "Easting": 2867.849919215856,
        "Northing": 771.7585472049744
    },
    "71": {
        "Easting": 2104.6491070939815,
        "Northing": 1245.3253411704382
    },
    "72": {
        "Easting": 2214.668204692291,
        "Northing": 324.91122783392245
    },
    "73": {
        "Easting": 2199.8623409953498,
        "Northing": 964.9480302175148
    },
    "74": {
        "Easting": 2540.65891993501,
        "Northing": 710.393926913292
    },
    "75": {
        "Easting": 2531.5729674445147,
        "Northing": 719.6649515738283
    },
    "76": {
        "Easting": 2186.8747223162613,
        "Northing": 951.0732522196133
    },
    "77": {
        "Easting": 2330.470080540989,
        "Northing": 930.336338293346
    },
    "78": {
        "Easting": 2505.294932967548,
        "Northing": 955.5156820435268
    },
    "79": {
        "Easting": 2556.369949721009,
        "Northing": 874.9769773343332
    },
    "80": {
        "Easting": 2860.2606778270606,
        "Northing": 598.8624726091965
    },
    "81": {
        "Easting": 2741.215541049382,
        "Northing": -10.803019071689675
    },
    "82": {
        "Easting": 2746.949291957967,
        "Northing": 128.91684634307273
    },