{
    "0": {
        "Easting": 767.7112733098601,
        "Northing": 41.77901539495213
    },
    "1": {
        "Easting": 756.3374983551312,
        "Northing": 45.45273371715894
    },
    "2": {
        "Easting": 807.1815238380798,
        "Northing": 28.932990234968145
    },
    "3": {
        "Easting": 725.4362780215475,
        "Northing": 102.96716384979376
    },
    "4": {
        "Easting": 740.7837255862804,
        "Northing": 88.374501041361
    },
    "5": {
        "Easting": 732.2019261522412,
        "Northing": 134.59963963743814
    },
    "6": {
        "Easting": 172.59278194879786,
        "Northing": 153.62411624809607
    },
    "7": {
        "Easting": 176.9932405745015,
        "Northing": 128.10308154045836
    },
    "8": {
        "Easting": 130.59468052899777,
        "Northing": 149.49315950999662
    },
    "9": {
        "Easting": 182.89886727914316,
        "Northing": 195.96380009372388
    },
    "10": {
        "Easting": 114.9781186668029,
        "Northing": 228.23094122679606
    },
    "11": {
        "Easting": 117.95555320135648,
        "Northing": 125.67764093412904
    },
    "12": {
        "Easting": 502.4255029627342,
        "Northing": 99.59232155032042
    },
    "13": {
        "Easting": 482.67648674933025,
        "Northing": 92.23781569955142
    },
    "14": {
        "Easting": 490.49443945339374,
        "Northing": 24.18819635956909
    },
    "15": {
        "Easting": 507.77375655960145,
        "Northing": 81.07071017787656
    },
    "16": {
        "Easting": 492.94235846084257,
        "Northing": 91.69732151398796
    },
    "17": {
        "Easting": 398.3598028523952,
        "Northing": 118.387735002496
    },
    "18": {
        "Easting": 417.61889779482857,
        "Northing": 87.47235973143029
    },
    "19": {
        "Easting": 417.1188385962896,
        "Northing": 83.3718310121388
    },
    "20": {
        "Easting": 396.4256612716569,
        "Northing": 88.73822013755553
    },
    "21": {
        "Easting": 309.7501411463348,
        "Northing": 177.0624617031495
    },
    "22": {
        "Easting": 326.4516178120294,
        "Northing": 144.99886226107859
    },
    "23": {
        "Easting": 301.7708958096405,
        "Northing": 57.45362411529911
    },
    "24": {
        "Easting": 316.4957296393841,
        "Northing": 451.36128168636037
    },
    "25": {
        "Easting": 287.75425486032793,
        "Northing": 558.9842805458893
    },
    "26": {
        "Easting": 243.7029163095481,
        "Northing": 545.1071914131055
    },
    "27": {
        "Easting": 236.69705708849324,
        "Northing": 563.7980038573986
    },
    "28": {
        "Easting": 235.39205586686768,
        "Northing": 495.3686247998358
    },
    "29": {
        "Easting": 307.70581284822845,
        "Northing": 496.7597053610961
    },
    "Depot": {
        "Easting": 0,
        "Northing": 0
    }
}