{
    "0": {
        "Easting": 151.1538724449603,
        "Northing": 33.926980240793156
    },
    "1": {
        "Easting": 67.32660554340467,
        "Northing": -13.440805263958644
    },
    "2": {
        "Easting": -12.371235208607594,
        "Northing": 40.9049968128418
    },
    "3": {
        "Easting": 16.081457539748264,
        "Northing": 87.93485224502638
    },
    "4": {
        "Easting": 89.43671313768148,
        "Northing": 51.790369820238205
    },
    "5": {
        "Easting": -14.405562483792139,
        "Northing": 23.876464437659383
    },
    "6": {
        "Easting": 47.396441407475656,
        "Northing": 489.2963822467818
    },
    "7": {
        "Easting": -0.5320023231235389,
        "Northing": 543.9517811972685
    },
    "8": {
        "Easting": 63.72102009342058,
        "Northing": 568.6364383133078
    },
    "9": {
        "Easting": 73.91727399418194,
        "Northing": 515.5284848667355
    },
    "10": {
        "Easting": 32.62658443972318,
        "Northing": 457.28159179342583
    },
    "11": {
        "Easting": -0.4990400177890386,
        "Northing": 493.7484990832138
    },
    "12": {
        "Easting": 773.3435672330321,
        "Northing": 176.68077187883978
    },
    "13": {
        "Easting": 795.7126535391407,
        "Northing": 184.405520650362
    },
    "14": {
        "Easting": 846.1630216490855,
        "Northing": 203.5001851244443
    },
    "15": {
        "Easting": 817.8005775774034,
        "Northing": 194.80578345541045
    },
    "16": {
        "Easting": 782.6970136316655,
        "Northing": 164.23410740856107
    },
    "17": {
        "Easting": 792.9281356236904,
        "Northing": 218.7571177309297
    },
    "18": {
        "Easting": 51.59104664621606,
        "Northing": 491.21821417862765
    },
    "19": {
        "Easting": 119.93565062184831,
        "Northing": 538.6359270834907
    },
    "20": {
        "Easting": 62.68298848060357,
        "Northing": 452.41249962872325
    },
    "21": {
        "Easting": 82.45579695915424,
        "Northing": 469.4026255075679
    },
    "22": {
        "Easting": 71.95537977876087,
        "Northing": 538.629122862321
    },
    "23": {
        "Easting": 148.74562818325626,
        "Northing": 485.6741209143757
    },
    "24": {
        "Easting": 745.1689403363399,
        "Northing": 490.44353417166866
    },
    "25": {
        "Easting": 786.8682026948983,
        "Northing": 518.4282051196245
    },
    "26": {
        "Easting": 737.0693389499006,
        "Northing": 475.9068648322645
    },
    "27": {
        "Easting": 700.7163970701697,
        "Northing": 531.9762331652261
    },
    "28": {
        "Easting": 719.8150603119042,
        "Northing": 471.172807062931
    },
    "29": {
        "Easting": 660.4165731121873,
        "Northing": 518.0353175753343
    },
    "Depot": {
        "Easting": 0,
        "Northing": 0
    }
}