{
    "0": {
        "Easting": 446.90699286491395,
        "Northing": 153.27870412372368
    },
    "1": {
        "Easting": 523.1573992017525,
        "Northing": 162.55849294872473
    },
    "2": {
        "Easting": 570.2902108664696,
        "Northing": 230.47290401507226
    },
    "3": {
        "Easting": 581.6590445929385,
        "Northing": 194.3525308421375
    },
    "4": {
        "Easting": 517.395397862987,
        "Northing": 72.47222729697089
    },
    "5": {
        "Easting": 592.0471608366844,
        "Northing": 167.59629818791632
    },
    "6": {
        "Easting": -35.84954414909182,
        "Northing": 499.2835900440163
    },
    "7": {
        "Easting": -22.683552714022994,
        "Northing": 548.6294273827207
    },
    "8": {
        "Easting": 75.61356572614498,
        "Northing": 599.160435619782
    },
    "9": {
        "Easting": 36.72457117242702,
        "Northing": 526.2808615152888
    },
    "10": {
        "Easting": 0.8071991836817247,
        "Northing": 585.7812704592175
    },
    "11": {
        "Easting": 46.634167741735496,
        "Northing": 480.9090187845659
    },
    "12": {
        "Easting": 507.0071714588014,
        "Northing": 536.4673000174998
    },
    "13": {
        "Easting": 444.10816624660976,
        "Northing": 465.7018884431394
    },
    "14": {
        "Easting": 421.25442838123143,
        "Northing": 554.9239117241369
    },
    "15": {
        "Easting": 290.59621595686866,
        "Northing": 491.5841176158265
    },
    "16": {
        "Easting": 342.78047628524223,
        "Northing": 480.2132809375836
    },
    "17": {
        "Easting": 452.72593289986384,
        "Northing": 475.8989079770735
    },
    "18": {
        "Easting": 409.1719207574856,
        "Northing": 400.1216585660309
    },
    "19": {
        "Easting": 366.13395494745,
        "Northing": 391.9262262009061
    },
    "20": {
        "Easting": 312.9158552032625,
        "Northing": 455.74190873701576
    },
    "21": {
        "Easting": 356.7679453901985,
        "Northing": 373.97675820721105
    },
    "22": {
        "Easting": 343.9122320929275,
        "Northing": 435.69157953429766
    },
    "23": {
        "Easting": 301.4812332255126,
        "Northing": 393.1306226706713
    },
    "24": {
        "Easting": 495.98679173464905,
        "Northing": 371.5495680439126
    },
    "25": {
        "Easting": 508.73180597175065,
        "Northing": 468.6905165850048
    },
    "26": {
        "Easting": 431.21756467610294,
        "Northing": 530.058636719627
    },
    "27": {
        "Easting": 471.8438770975537,
        "Northing": 412.14489608806775
    },
    "28": {
        "Easting": 434.5267302814189,
        "Northing": 497.62715754645996
    },
    "29": {
        "Easting": 515.8476626645148,
        "Northing": 401.13356694382855
    },
    "Depot": {
        "Easting": 0,
        "Northing": 0
    }
}