{
    "0": {
        "Easting": 137.07105575465795,
        "Northing": 334.4784332818397
    },
    "1": {
        "Easting": 196.3467092084623,
        "Northing": 306.4745426886018
    },
    "2": {
        "Easting": 244.62602623661564,
        "Northing": 397.5922683125025
    },
    "3": {
        "Easting": 163.1930876956132,
        "Northing": 370.4190343280941
    },
    "4": {
        "Easting": 145.26196438364843,
        "Northing": 392.8877767308791
    },
    "5": {
        "Easting": 231.49259043494493,
        "Northing": 249.3395563991743
    },
    "6": {
        "Easting": 329.36528787262637,
        "Northing": -13.22377492234503
    },
    "7": {
        "Easting": 301.19762517358055,
        "Northing": 27.514140566963686
    },
    "8": {
        "Easting": 270.172094272566,
        "Northing": -36.52856039999189
    },
    "9": {
        "Easting": 251.6170614222655,
        "Northing": 20.195675354854338
    },
    "10": {
        "Easting": 318.0285156319403,
        "Northing": 80.96586853394001
    },
    "11": {
        "Easting": 312.60587785060125,
        "Northing": 102.96268449528051
    },
    "12": {
        "Easting": 886.1481801843154,
        "Northing": 221.81839511898497
    },
    "13": {
        "Easting": 850.0037814713924,
        "Northing": 286.13785148254635
    },
    "14": {
        "Easting": 839.9682394637772,
        "Northing": 303.12697695451766
    },
    "15": {
        "Easting": 857.658768342525,
        "Northing": 200.95336294425897
    },
    "16": {
        "Easting": 764.0843782510998,
        "Northing": 274.6316918715877
    },
    "17": {
        "Easting": 802.9875830956474,
        "Northing": 227.54677754017393
    },
    "18": {
        "Easting": 307.7222329687802,
        "Northing": 254.53606774821208
    },
    "19": {
        "Easting": 352.17204503718585,
        "Northing": 222.9346650637553
    },
    "20": {
        "Easting": 337.675404928587,
        "Northing": 209.70106818174364
    },
    "21": {
        "Easting": 286.39327166131596,
        "Northing": 287.5319278570084
    },
    "22": {
        "Easting": 271.0828508269193,
        "Northing": 339.53336912222994
    },
    "23": {
        "Easting": 341.42933473102744,
        "Northing": 237.469452480085
    },
    "24": {
        "Easting": 725.501567260325,
        "Northing": 485.886105822417
    },
    "25": {
        "Easting": 652.273154723618,
        "Northing": 449.389888909925
    },
    "26": {
        "Easting": 630.8632076105825,
        "Northing": 554.222922307504
    },
    "27": {
        "Easting": 730.785670461969,
        "Northing": 388.94085682267394
    },
    "28": {
        "Easting": 775.5580840155767,
        "Northing": 476.43766596182957
    },
    "29": {
        "Easting": 696.2266004043368,
        "Northing": 523.9073575282499
    },
    "Depot": {
        "Easting": 0,
        "Northing": 0
    }
}