{
    "0": {
        "Easting": 627.01532300104,
        "Northing": 398.8765505038408
    },
    "1": {
        "Easting": 743.7565550693241,
        "Northing": 272.600627327659
    },
    "2": {
        "Easting": 645.1212443339135,
        "Northing": 394.13799485150594
    },
    "3": {
        "Easting": 637.0020448976888,
        "Northing": 397.7510333232827
    },
    "4": {
        "Easting": 655.6123862481834,
        "Northing": 396.69749339832447
    },
    "5": {
        "Easting": 562.3838106606996,
        "Northing": 279.41614782561663
    },
    "6": {
        "Easting": 716.6452792636873,
        "Northing": 416.5635319553355
    },
    "7": {
        "Easting": 768.1197162178936,
        "Northing": 383.1372482114334
    },
    "8": {
        "Easting": 744.8154325450633,
        "Northing": 341.8898535384751
    },
    "9": {
        "Easting": 762.2507540727903,
        "Northing": 364.7618989476207
    },
    "10": {
        "Easting": 708.5013476530982,
        "Northing": 448.5048256663144
    },
    "11": {
        "Easting": 664.3475420553415,
        "Northing": 385.4464973253119
    },
    "12": {
        "Easting": 819.3433128286641,
        "Northing": 121.46754552481696
    },
    "13": {
        "Easting": 760.2500770273067,
        "Northing": 114.72056105592367
    },
    "14": {
        "Easting": 707.5623646257113,
        "Northing": 103.50055618379643
    },
    "15": {
        "Easting": 818.6285979544558,
        "Northing": 77.16818069958437
    },
    "16": {
        "Easting": 801.4327632755676,
        "Northing": 77.09850979398854
    },
    "17": {
        "Easting": 743.3758318918568,
        "Northing": 135.39961097791834
    },
    "18": {
        "Easting": 153.85081386972885,
        "Northing": 412.19290528108894
    },
    "19": {
        "Easting": 114.26106641531885,
        "Northing": 386.94953115597605
    },
    "20": {
        "Easting": 224.07779720337467,
        "Northing": 401.3540069281144
    },
    "21": {
        "Easting": 266.12960469222537,
        "Northing": 323.2874070685235
    },
    "22": {
        "Easting": 113.69215741166298,
        "Northing": 412.18715027680355
    },
    "23": {
        "Easting": 204.89004782727727,
        "Northing": 423.6637817294246
    },
    "24": {
        "Easting": 696.2010833547297,
        "Northing": 68.06721079450519
    },
    "25": {
        "Easting": 643.0471658491946,
        "Northing": 57.182315963733075
    },
    "26": {
        "Easting": 654.221070704118,
        "Northing": 166.72119056422892
    },
    "27": {
        "Easting": 637.7922569002419,
        "Northing": 207.2990295841434
    },
    "28": {
        "Easting": 615.0949842082769,
        "Northing": 222.57106018512016
    },
    "29": {
        "Easting": 673.6178944610546,
        "Northing": 185.38770438345352
    },
    "Depot": {
        "Easting": 0,
        "Northing": 0
    }
}