{
    "0": {
        "Easting": 349.6779938782106,
        "Northing": 252.17084513978116
    },
    "1": {
        "Easting": 321.5848886230143,
        "Northing": 229.7879331651992
    },
    "2": {
        "Easting": 359.74529218481155,
        "Northing": 220.4165945501487
    },
    "3": {
        "Easting": 338.1416087644161,
        "Northing": 284.7256101108253
    },
    "4": {
        "Easting": 292.7264040526022,
        "Northing": 199.2243388350288
    },
    "5": {
        "Easting": 231.0680535430053,
        "Northing": 261.8873525121195
    },
    "6": {
        "Easting": 301.41280946328135,
        "Northing": 245.0984522317421
    },
    "7": {
        "Easting": 301.43575672142,
        "Northing": 297.92754260475454
    },
    "8": {
        "Easting": 241.98861179794346,
        "Northing": 231.48768106175817
    },
    "9": {
        "Easting": 302.37233906794717,
        "Northing": 219.9939551992481
    },
    "10": {
        "Easting": 370.0717810498277,
        "Northing": 291.0151085015947
    },
    "11": {
        "Easting": 316.15386216998064,
        "Northing": 295.8064516940398
    },
    "12": {
        "Easting": 332.51058613626026,
        "Northing": 297.42873547879265
    },
    "13": {
        "Easting": 324.91506888326256,
        "Northing": 181.50362550033572
    },
    "14": {
        "Easting": 353.91299077671135,
        "Northing": 313.25099303834827
    },
    "15": {
        "Easting": 322.3999083089723,
        "Northing": 241.29127487930685
    },
    "16": {
        "Easting": 340.433404110285,
        "Northing": 214.9352325575514
    },
    "17": {
        "Easting": 295.4770085872044,
        "Northing": 237.0217634581587
    },
    "18": {
        "Easting": 351.55588731913974,
        "Northing": 240.5010222199736
    },
    "19": {
        "Easting": 269.951872500489,
        "Northing": 295.9789540128062
    },
    "20": {
        "Easting": 456.51546679141916,
        "Northing": 51.888880193722386
    },
    "21": {
        "Easting": 467.2668830947649,
        "Northing": 35.66002568210452
    },
    "22": {
        "Easting": 545.5308633954775,
        "Northing": 52.985695159534224
    },
    "23": {
        "Easting": 526.9555845470451,
        "Northing": 51.95753258481598
    },
    "24": {
        "Easting": 521.8240298309134,
        "Northing": 82.04603923934866
    },
    "25": {
        "Easting": 453.5412534525949,
        "Northing": 183.1896785120162
    },
    "26": {
        "Easting": 397.6008483417745,
        "Northing": 62.538836450684364
    },
    "27": {
        "Easting": 511.3237365487719,
        "Northing": 53.829710894529384
    },
    "28": {
        "Easting": 504.3254845895796,
        "Northing": 19.68609528689494
    },
    "29": {
        "Easting": 474.9194997398715,
        "Northing": 54.301035878789186
    },
    "30": {
        "Easting": 540.0910532662206,
        "Northing": 27.111041110876364
    },
    "31": {
        "Easting": 556.1190075925978,
        "Northing": 116.12513828229342
    },
    "32": {
        "Easting": 522.0294725302654,
        "Northing": 78.47682176778902
    },
    "33": {
        "Easting": 581.6048194845451,
        "Northing": 44.54083966206896
    },
    "34": {
        "Easting": 519.4648242140378,
        "Northing": 45.14913946809301
    },
    "35": {
        "Easting": 421.4638499720203,
        "Northing": 125.61301127908192
    },
    "36": {
        "Easting": 433.8244205755133,
        "Northing": 171.71701018029495
    },
    "37": {
        "Easting": 487.6917274558944,
        "Northing": 104.42366770936546
    },
    "38": {
        "Easting": 540.4784166839792,
        "Northing": 63.18515618532574
    },
    "39": {
        "Easting": 428.7988007842949,
        "Northing": 3.834528215213865
    },
    "40": {
        "Easting": 618.5209346011015,
        "Northing": 433.14976865415963
    },
    "41": {
        "Easting": 656.932089061962,
        "Northing": 397.1607050007223
    },
    "42": {
        "Easting": 634.4715797052097,
        "Northing": 342.07383406511747
    },
    "43": {
        "Easting": 707.3123819111963,
        "Northing": 449.6747699185192
    },
    "44": {
        "Easting": 667.9593242643544,
        "Northing": 399.5110045825791
    },
    "45": {
        "Easting": 639.7645273414739,
        "Northing": 432.0138972402172
    },
    "46": {
        "Easting": 605.0842822764039,
        "Northing": 401.6142563875182
    },
    "47": {
        "Easting": 650.0194301366382,
        "Northing": 398.09827627117176
    },
    "48": {
        "Easting": 557.6250819181917,
        "Northing": 387.18562496577186
    },
    "49": {
        "Easting": 630.7183406273606,
        "Northing": 395.3227809407237
    },
    "50": {
        "Easting": 581.3808751612509,
        "Northing": 319.1682545262013
    },
    "51": {
        "Easting": 641.1465605772615,
        "Northing": 393.5502471194265
    },
    "52": {
        "Easting": 644.8238474280881,
        "Northing": 400.13583479467763
    },
    "53": {
        "Easting": 643.8212353242451,
        "Northing": 396.75250738433795
    },
    "54": {
        "Easting": 638.8443163479501,
        "Northing": 379.056644349037
    },
    "55": {
        "Easting": 675.6590518158586,
        "Northing": 444.67097482777586
    },
    "56": {
        "Easting": 633.78237552512,
        "Northing": 363.2645056087025
    },
    "57": {
        "Easting": 651.095136084725,
        "Northing": 407.10561953666826
    },
    "58": {
        "Easting": 566.4265343745526,
        "Northing": 452.63553964038226
    },
    "59": {
        "Easting": 612.7230888449411,
        "Northing": 463.84990559216146
    },
    "60": {
        "Easting": 188.96467939882257,
        "Northing": 227.8322726396963
    },
    "61": {
        "Easting": 318.66055693257425,
        "Northing": 244.65798053016846
    },
    "62": {
        "Easting": 266.68082920754375,
        "Northing": 305.0945352186188
    },
    "63": {
        "Easting": 285.4531462227236,
        "Northing": 261.6916687380441
    },
    "64": {
        "Easting": 295.2989180959654,
        "Northing": 329.7508478612341
    },
    "65": {
        "Easting": 295.179743861139,
        "Northing": 299.9454910843273
    },
    "66": {
        "Easting": 331.8337173060846,
        "Northing": 254.07066310886614
    },
    "67": {
        "Easting": 272.4769725020453,
        "Northing": 251.6828493106503
    },
    "68": {
        "Easting": 353.98921183095575,
        "Northing": 323.7509858591669
    },
    "69": {
        "Easting": 293.0002464686089,
        "Northing": 350.79052479146765
    },
    "70": {
        "Easting": 302.10902440458153,
        "Northing": 282.4213664517035
    },
    "71": {
        "Easting": 356.2253150341721,
        "Northing": 293.7657015697896
    },
    "72": {
        "Easting": 332.16472624315907,
        "Northing": 332.5866847832292
    },
    "73": {
        "Easting": 366.99201574465945,
        "Northing": 257.1164717286522
    },
    "74": {
        "Easting": 319.74463066967814,
        "Northing": 220.4563315181685
    },
    "75": {
        "Easting": 330.0810166303485,
        "Northing": 219.35583604199167
    },
    "76": {
        "Easting": 357.17503630269596,
        "Northing": 325.74803525936056
    },
    "77": {
        "Easting": 345.056522541707,
        "Northing": 173.53812848478148
    },
    "78": {
        "Easting": 329.08199889327886,
        "Northing": 272.10051417265265
    },
    "79": {
        "Easting": 332.38743230877515,
        "Northing": 285.1578638046768
    },
    "80": {
        "Easting": 161.28043762303386,
        "Northing": 86.62494746546344
    },
    "81": {
        "Easting": 55.5398126629774,
        "Northing": 163.87169441980848
    },
    "82": {
        "Easting": 185.45591142571246,
        "Northing": 157.92384353324047
    },
    "83": {
        "Easting": 205.63194435186836,