{
    "0": {
        "Easting": 627.5731116085329,
        "Northing": 282.88892692367426
    },
    "1": {
        "Easting": 607.4326397834872,
        "Northing": 372.77635987452345
    },
    "2": {
        "Easting": 539.5183226018985,
        "Northing": 290.5437835786451
    },
    "3": {
        "Easting": 589.8204779649225,
        "Northing": 252.3788813005491
    },
    "4": {
        "Easting": 522.8303880190051,
        "Northing": 305.633613883457
    },
    "5": {
        "Easting": 627.1869162523146,
        "Northing": 360.8043945843001
    },
    "6": {
        "Easting": 573.2770114991198,
        "Northing": 358.16064981566177
    },
    "7": {
        "Easting": 594.2520553093398,
        "Northing": 278.5811850451064
    },
    "8": {
        "Easting": 617.6321274267342,
        "Northing": 335.3675143195267
    },
    "9": {
        "Easting": 591.372227747657,
        "Northing": 265.6601368261977
    },
    "10": {
        "Easting": 637.232494541306,
        "Northing": 328.1086128521434
    },
    "11": {
        "Easting": 529.6841711664345,
        "Northing": 293.4296265269896
    },
    "12": {
        "Easting": 7.423955027644041,
        "Northing": 134.9052741217243
    },
    "13": {
        "Easting": -34.58030947136946,
        "Northing": 85.40601490420559
    },
    "14": {
        "Easting": 46.62821380634166,
        "Northing": 63.565289459930156
    },
    "15": {
        "Easting": 48.323596210373594,
        "Northing": 149.84928990713428
    },
    "16": {
        "Easting": 0.47835140170325907,
        "Northing": 72.80726770886854
    },
    "17": {
        "Easting": 36.6123326647362,
        "Northing": 56.34723882772844
    },
    "18": {
        "Easting": 18.157822802821492,
        "Northing": 92.78358990243109
    },
    "19": {
        "Easting": 19.609842733010332,
        "Northing": 30.711086139475753
    },
    "20": {
        "Easting": 24.187463127341232,
        "Northing": 20.90993980766953
    },
    "21": {
        "Easting": 36.043321065656,
        "Northing": 84.3526616195613
    },
    "22": {
        "Easting": 40.70141606745215,
        "Northing": 150.87102373854447
    },
    "23": {
        "Easting": -15.640046764192231,
        "Northing": 65.58079065447606
    },
    "24": {
        "Easting": 637.9156366771387,
        "Northing": 223.79674827743824
    },
    "25": {
        "Easting": 581.5732532920866,
        "Northing": 206.14517795325068
    },
    "26": {
        "Easting": 586.975692220305,
        "Northing": 186.75881435348234
    },
    "27": {
        "Easting": 616.3692899451545,
        "Northing": 191.39962444183
    },
    "28": {
        "Easting": 609.9189807600304,
        "Northing": 130.0664147111249
    },
    "29": {
        "Easting": 663.0396809722256,
        "Northing": 173.57871171750347
    },
    "30": {
        "Easting": 660.6424345924396,
        "Northing": 177.26057254884105
    },
    "31": {
        "Easting": 688.4523321070411,
        "Northing": 250.73064611959495
    },
    "32": {
        "Easting": 637.6492021712052,
        "Northing": 153.90352949940944
    },
    "33": {
        "Easting": 618.2558812285679,
        "Northing": 287.9682268922371
    },
    "34": {
        "Easting": 575.8874015598399,
        "Northing": 227.1242262444877
    },
    "35": {
        "Easting": 634.6789241721224,
        "Northing": 179.25271713733883
    },
    "36": {
        "Easting": 597.6845982399091,
        "Northing": 126.83276756306833
    },
    "37": {
        "Easting": 606.7134410721026,
        "Northing": 155.4704465183865
    },
    "38": {
        "Easting": 524.9595789022399,
        "Northing": 181.7200915066088
    },
    "39": {
        "Easting": 621.8036250188422,
        "Northing": 83.45025705979293
    },
    "40": {
        "Easting": 576.4351360552339,
        "Northing": 187.77019752690592
    },
    "41": {
        "Easting": 626.607031848776,
        "Northing": 147.5413504713413
    },
    "42": {
        "Easting": 566.4244887793794,
        "Northing": 242.51824142017097
    },
    "43": {
        "Easting": 578.5332327529892,
        "Northing": 190.42723243895446
    },
    "44": {
        "Easting": 554.3267819692638,
        "Northing": 160.72776753258498
    },
    "45": {
        "Easting": 693.9513136146821,
        "Northing": 273.25707370527675
    },
    "46": {
        "Easting": 645.1794966973732,
        "Northing": 166.88940431653697
    },
    "47": {
        "Easting": 615.691813710517,
        "Northing": 206.26426408880013
    },
    "48": {
        "Easting": 504.458641140376,
        "Northing": 438.3994888215933
    },
    "49": {
        "Easting": 495.3217497983995,
        "Northing": 475.2602329358443
    },
    "50": {
        "Easting": 458.52549852869424,
        "Northing": 444.5324159434808
    },
    "51": {
        "Easting": 476.43882107140996,
        "Northing": 487.2191637907611
    },
    "52": {
        "Easting": 457.0321063966992,
        "Northing": 499.85247362665575
    },
    "53": {
        "Easting": 527.0303921552602,
        "Northing": 455.9594387787362
    },
    "54": {
        "Easting": 483.3982039430445,
        "Northing": 449.3802417751649
    },
    "55": {
        "Easting": 532.8156745772532,
        "Northing": 478.9373095939297
    },
    "56": {
        "Easting": 455.52456321103807,
        "Northing": 568.6403567468474
    },
    "57": {
        "Easting": 513.7904296462076,
        "Northing": 454.31869743933237
    },
    "58": {
        "Easting": 461.2976014414351,
        "Northing": 469.7803184540495
    },
    "59": {
        "Easting": 435.93797005802685,
        "Northing": 535.3014579377583
    },
    "Depot": {
        "Easting": 0,
        "Northing": 0
    }
}