{
    "0": {
        "Easting": 160.97228004004575,
        "Northing": 51.29652725927833
    },
    "1": {
        "Easting": 151.97549337912926,
        "Northing": 112.8469081167353
    },
    "2": {
        "Easting": 168.35016651892397,
        "Northing": 83.0301951561587
    },
    "3": {
        "Easting": 249.52457740572032,
        "Northing": 74.55755612696991
    },
    "4": {
        "Easting": 237.9775906802889,
        "Northing": 10.034662870969804
    },
    "5": {
        "Easting": 202.21695057145575,
        "Northing": -0.6832760548687986
    },
    "6": {
        "Easting": 203.88383209956638,
        "Northing": 2.4043587034313916
    },
    "7": {
        "Easting": 191.29110031134462,
        "Northing": -34.30643323924827
    },
    "8": {
        "Easting": 231.01078323360795,
        "Northing": 89.20245622261271
    },
    "9": {
        "Easting": 241.17668813201925,
        "Northing": 89.75648613319427
    },
    "10": {
        "Easting": 224.77725424450995,
        "Northing": 89.38426077452507
    },
    "11": {
        "Easting": 210.36741103652446,
        "Northing": -48.06265152866491
    },
    "12": {
        "Easting": 99.47839975104144,
        "Northing": 263.4507701907658
    },
    "13": {
        "Easting": 57.183475919983955,
        "Northing": 243.47834245844456
    },
    "14": {
        "Easting": 94.75627830541526,
        "Northing": 224.43224705301444
    },
    "15": {
        "Easting": 96.23844360380176,
        "Northing": 236.77255478132022
    },
    "16": {
        "Easting": 68.55141294662565,
        "Northing": 252.6208533830081
    },
    "17": {
        "Easting": 173.4120450037532,
        "Northing": 253.1012103387843
    },
    "18": {
        "Easting": 102.19807314377461,
        "Northing": 268.37796386566504
    },
    "19": {
        "Easting": 164.72217413367844,
        "Northing": 283.16064201355994
    },
    "20": {
        "Easting": 120.27988165412594,
        "Northing": 213.3304443815706
    },
    "21": {
        "Easting": 105.18419546043293,
        "Northing": 210.66436557541073
    },
    "22": {
        "Easting": 108.24825007463491,
        "Northing": 251.75499825927272
    },
    "23": {
        "Easting": 123.71735634174487,
        "Northing": 152.15862900350626
    },
    "24": {
        "Easting": 814.5249259715885,
        "Northing": 66.75464327803604
    },
    "25": {
        "Easting": 797.5699447171874,
        "Northing": -41.44402788846308
    },
    "26": {
        "Easting": 855.3180488130208,
        "Northing": -30.054104089323012
    },
    "27": {
        "Easting": 895.7380005459966,
        "Northing": 43.80173441510588
    },
    "28": {
        "Easting": 829.2351329597656,
        "Northing": 82.64139515713578
    },
    "29": {
        "Easting": 877.1968598220259,
        "Northing": 60.211098805607655
    },
    "30": {
        "Easting": 798.9068485420011,
        "Northing": -10.890398595326005
    },
    "31": {
        "Easting": 781.3792651645017,
        "Northing": 4.717964767241207
    },
    "32": {
        "Easting": 788.2118687576733,
        "Northing": 127.37500426941162
    },
    "33": {
        "Easting": 845.1204796431548,
        "Northing": -9.172904626035947
    },
    "34": {
        "Easting": 815.6634196594377,
        "Northing": 60.6528449778714
    },
    "35": {
        "Easting": 865.451202675383,
        "Northing": 24.652867197253947
    },
    "36": {
        "Easting": 807.0077242740858,
        "Northing": 108.33603873904497
    },
    "37": {
        "Easting": 765.7062831199668,
        "Northing": 120.48349537125745
    },
    "38": {
        "Easting": 786.3351019219645,
        "Northing": 104.4550719067201
    },
    "39": {
        "Easting": 698.8394782994008,
        "Northing": 204.32148470305876
    },
    "40": {
        "Easting": 764.8092606657201,
        "Northing": 133.46932969026662
    },
    "41": {
        "Easting": 710.2420043734645,
        "Northing": 194.40806407052617
    },
    "42": {
        "Easting": 762.1275099044213,
        "Northing": 149.20288107965297
    },
    "43": {
        "Easting": 762.7421311029722,
        "Northing": 203.33900299166
    },
    "44": {
        "Easting": 738.2679408030002,
        "Northing": 139.26410796721083
    },
    "45": {
        "Easting": 690.3804185463702,
        "Northing": 136.5105776389767
    },
    "46": {
        "Easting": 765.2291804638154,
        "Northing": 114.71238700026085
    },
    "47": {
        "Easting": 840.1460066384883,
        "Northing": 128.46898670695708
    },
    "48": {
        "Easting": 776.0856652627782,
        "Northing": 65.79815031885639
    },
    "49": {
        "Easting": 909.8424609739034,
        "Northing": 74.90547832421238
    },
    "50": {
        "Easting": 833.6378169160852,
        "Northing": 93.55358662610155
    },
    "51": {
        "Easting": 842.9583409182212,
        "Northing": 87.06633091498358
    },
    "52": {
        "Easting": 863.3854383743994,
        "Northing": 113.94178874026892
    },
    "53": {
        "Easting": 760.4294287760302,
        "Northing": 89.41152483769788
    },
    "54": {
        "Easting": 793.6301257594506,
        "Northing": 157.51953444837423
    },
    "55": {
        "Easting": 884.6254390756543,
        "Northing": 91.6021532073207
    },
    "56": {
        "Easting": 773.9383861781024,
        "Northing": 149.82467499610698
    },
    "57": {
        "Easting": 836.9287543836443,
        "Northing": 204.70534603838797
    },
    "58": {
        "Easting": 847.7543782484189,
        "Northing": 154.18509954916962
    },
    "59": {
        "Easting": 818.2051919630163,
        "Northing": 86.22491590967701
    },
    "Depot": {
        "Easting": 0,
        "Northing": 0
    }
}