{
    "0": {
        "Easting": 377.91475418907874,
        "Northing": 371.02118248563033
    },
    "1": {
        "Easting": 357.3459445028488,
        "Northing": 408.68960489204085
    },
    "2": {
        "Easting": 422.1466914585364,
        "Northing": 401.46917380533654
    },
    "3": {
        "Easting": 362.14477138487035,
        "Northing": 360.47372394191086
    },
    "4": {
        "Easting": 332.19657333265803,
        "Northing": 373.5167657434156
    },
    "5": {
        "Easting": 348.05262444476284,
        "Northing": 413.07184749489807
    },
    "6": {
        "Easting": 410.1357656547348,
        "Northing": 361.01968441897736
    },
    "7": {
        "Easting": 465.1655132695622,
        "Northing": 416.3258722266013
    },
    "8": {
        "Easting": 419.4989080453886,
        "Northing": 417.8765878425367
    },
    "9": {
        "Easting": 423.608184486163,
        "Northing": 422.33921574237456
    },
    "10": {
        "Easting": 406.63714828424577,
        "Northing": 377.90359813054454
    },
    "11": {
        "Easting": 420.92831282219777,
        "Northing": 394.6243427706077
    },
    "12": {
        "Easting": 485.2828250545923,
        "Northing": 100.6672309968593
    },
    "13": {
        "Easting": 395.9231825743105,
        "Northing": 46.682562610105094
    },
    "14": {
        "Easting": 494.92226336775644,
        "Northing": 30.84204206662792
    },
    "15": {
        "Easting": 453.5278608688548,
        "Northing": 4.579379172363517
    },
    "16": {
        "Easting": 475.942614388318,
        "Northing": 25.347133750088368
    },
    "17": {
        "Easting": 485.3057060643906,
        "Northing": 66.45704344579795
    },
    "18": {
        "Easting": 469.4912617826187,
        "Northing": 99.86987075598631
    },
    "19": {
        "Easting": 552.3155997346302,
        "Northing": -60.38435809570402
    },
    "20": {
        "Easting": 467.93512532832835,
        "Northing": 40.29971055688297
    },
    "21": {
        "Easting": 476.54265882163435,
        "Northing": 29.478322508193415
    },
    "22": {
        "Easting": 493.0156959179449,
        "Northing": -39.56446918201332
    },
    "23": {
        "Easting": 463.51084227609283,
        "Northing": -35.03915291352738
    },
    "24": {
        "Easting": 867.9550049951313,
        "Northing": 71.27546784478749
    },
    "25": {
        "Easting": 742.6564019446995,
        "Northing": 140.04421425718314
    },
    "26": {
        "Easting": 816.3030928799358,
        "Northing": 177.67378463136848
    },
    "27": {
        "Easting": 882.2015050002716,
        "Northing": 142.86571578057516
    },
    "28": {
        "Easting": 860.992061626158,
        "Northing": 155.7318767700363
    },
    "29": {
        "Easting": 738.1244470017948,
        "Northing": 71.5179201680833
    },
    "30": {
        "Easting": 809.9017997514615,
        "Northing": 147.35405996343408
    },
    "31": {
        "Easting": 796.1107545549677,
        "Northing": 215.01009903678124
    },
    "32": {
        "Easting": 849.3985950593533,
        "Northing": 134.20044610222152
    },
    "33": {
        "Easting": 805.914754659337,
        "Northing": 84.71081205942801
    },
    "34": {
        "Easting": 896.9497185444565,
        "Northing": 157.68373461494244
    },
    "35": {
        "Easting": 761.6027297335713,
        "Northing": 155.07201294613392
    },
    "36": {
        "Easting": 200.53460194402234,
        "Northing": 52.298262872473494
    },
    "37": {
        "Easting": 284.31199868176844,
        "Northing": -4.050500205537261
    },
    "38": {
        "Easting": 257.6046866610063,
        "Northing": -31.58613694072657
    },
    "39": {
        "Easting": 246.82801978195073,
        "Northing": 1.3457115345229695
    },
    "40": {
        "Easting": 213.07873620744243,
        "Northing": 76.695822974706
    },
    "41": {
        "Easting": 255.98725053511927,
        "Northing": 96.79844833480254
    },
    "42": {
        "Easting": 99.37582289235718,
        "Northing": 80.97467738049346
    },
    "43": {
        "Easting": 232.89401866770163,
        "Northing": 3.835659128858566
    },
    "44": {
        "Easting": 194.94212349390762,
        "Northing": -20.90127104771546
    },
    "45": {
        "Easting": 225.96940527781362,
        "Northing": 58.786673901054584
    },
    "46": {
        "Easting": 237.7853478337471,
        "Northing": 12.2281429820442
    },
    "47": {
        "Easting": 276.56448510348025,
        "Northing": 34.146971344959596
    },
    "48": {
        "Easting": 227.75025136438342,
        "Northing": 18.772175222254173
    },
    "49": {
        "Easting": 218.0846794465508,
        "Northing": 79.32686714112216
    },
    "50": {
        "Easting": 92.48382034772229,
        "Northing": 70.47116514033951
    },
    "51": {
        "Easting": 119.10271164447069,
        "Northing": -41.65129741107677
    },
    "52": {
        "Easting": 225.2968912586164,
        "Northing": 54.43750232894844
    },
    "53": {
        "Easting": 216.2547032687597,
        "Northing": -0.11844044033127687
    },
    "54": {
        "Easting": 203.1743383611959,
        "Northing": 3.185368194111753
    },
    "55": {
        "Easting": 221.3047539762359,
        "Northing": 9.889146210667224
    },
    "56": {
        "Easting": 206.2149431926064,
        "Northing": 46.14346397882833
    },
    "57": {
        "Easting": 200.23738048480584,
        "Northing": 51.08146264045122
    },
    "58": {
        "Easting": 158.82144932689735,
        "Northing": 72.71248018041092
    },
    "59": {
        "Easting": 193.06614634893725,
        "Northing": 62.90072712710902
    },
    "Depot": {
        "Easting": 0,
        "Northing": 0
    }
}