{
    "0": {
        "Easting": 531.8465140106405,
        "Northing": 294.0254756979345
    },
    "1": {
        "Easting": 521.0856447826759,
        "Northing": 239.69019998748368
    },
    "2": {
        "Easting": 520.7819258942133,
        "Northing": 192.72749000178263
    },
    "3": {
        "Easting": 546.466674485665,
        "Northing": 211.4490519821297
    },
    "4": {
        "Easting": 536.1154542289374,
        "Northing": 210.23014955371764
    },
    "5": {
        "Easting": 565.8321183649012,
        "Northing": 157.88894908840825
    },
    "6": {
        "Easting": 509.1429082861598,
        "Northing": 236.68507321160945
    },
    "7": {
        "Easting": 610.326340868249,
        "Northing": 246.73111151328223
    },
    "8": {
        "Easting": 571.01628734459,
        "Northing": 259.34303162166026
    },
    "9": {
        "Easting": 465.9154854705234,
        "Northing": 248.5097739479179
    },
    "10": {
        "Easting": 594.0202725822604,
        "Northing": 273.3226348440559
    },
    "11": {
        "Easting": 609.4119556657158,
        "Northing": 279.6872132175081
    },
    "12": {
        "Easting": 792.1590252830736,
        "Northing": 370.7420321989496
    },
    "13": {
        "Easting": 780.5254356746832,
        "Northing": 360.2710462811099
    },
    "14": {
        "Easting": 783.5497183492191,
        "Northing": 420.77160007840257
    },
    "15": {
        "Easting": 778.21666011376,
        "Northing": 420.8792291689663
    },
    "16": {
        "Easting": 843.7446383615013,
        "Northing": 377.7026860081436
    },
    "17": {
        "Easting": 810.5131909621779,
        "Northing": 300.14636279871456
    },
    "18": {
        "Easting": 839.0561370273842,
        "Northing": 382.82872087558786
    },
    "19": {
        "Easting": 835.7133550883912,
        "Northing": 372.76509048548064
    },
    "20": {
        "Easting": 825.4362848378031,
        "Northing": 360.04920240384376
    },
    "21": {
        "Easting": 778.8053359989061,
        "Northing": 323.15011436473054
    },
    "22": {
        "Easting": 795.6339781357792,
        "Northing": 349.4516311495922
    },
    "23": {
        "Easting": 816.6032964832658,
        "Northing": 359.3629391916548
    },
    "24": {
        "Easting": 115.19060598310455,
        "Northing": 79.91121268833392
    },
    "25": {
        "Easting": 127.83545171699657,
        "Northing": 52.592979258015916
    },
    "26": {
        "Easting": 85.06624872056267,
        "Northing": 129.3348202071724
    },
    "27": {
        "Easting": 150.10063408188066,
        "Northing": 109.24002470016107
    },
    "28": {
        "Easting": 171.24294968490253,
        "Northing": 94.74946087791864
    },
    "29": {
        "Easting": 242.1709205901659,
        "Northing": 78.53334396893462
    },
    "30": {
        "Easting": 94.91416432531824,
        "Northing": 47.688009865897385
    },
    "31": {
        "Easting": 117.93419695633695,
        "Northing": 83.28723627872597
    },
    "32": {
        "Easting": 155.21643902238765,
        "Northing": 116.48211344606204
    },
    "33": {
        "Easting": 130.76163703754088,
        "Northing": 24.20497040244274
    },
    "34": {
        "Easting": 113.7050007082844,
        "Northing": 112.93400564705769
    },
    "35": {
        "Easting": 199.92392902865242,
        "Northing": 82.967995853466
    },
    "36": {
        "Easting": 583.4556226566048,
        "Northing": 302.7690931309095
    },
    "37": {
        "Easting": 582.6931780677482,
        "Northing": 333.2893995518756
    },
    "38": {
        "Easting": 593.0785578700448,
        "Northing": 359.325641857567
    },
    "39": {
        "Easting": 589.1901200893944,
        "Northing": 284.04040239745547
    },
    "40": {
        "Easting": 588.6406607200271,
        "Northing": 284.83711642141884
    },
    "41": {
        "Easting": 609.2568007272408,
        "Northing": 358.68566046878846
    },
    "42": {
        "Easting": 617.2694558581369,
        "Northing": 341.7883512935127
    },
    "43": {
        "Easting": 628.442399012046,
        "Northing": 344.0646414468961
    },
    "44": {
        "Easting": 633.879986664,
        "Northing": 327.90427521311074
    },
    "45": {
        "Easting": 624.7537275126681,
        "Northing": 366.6402633816093
    },
    "46": {
        "Easting": 599.6852830047713,
        "Northing": 344.2549193340179
    },
    "47": {
        "Easting": 602.570945030166,
        "Northing": 325.56278846296993
    },
    "48": {
        "Easting": 676.3594528075878,
        "Northing": 387.5227437270712
    },
    "49": {
        "Easting": 617.6354854325563,
        "Northing": 395.7097306996834
    },
    "50": {
        "Easting": 653.2503392290454,
        "Northing": 481.4623354904237
    },
    "51": {
        "Easting": 620.2669793421821,
        "Northing": 434.99504429705735
    },
    "52": {
        "Easting": 615.2634376411625,
        "Northing": 441.71501372589785
    },
    "53": {
        "Easting": 672.3670372437609,
        "Northing": 413.86007634613367
    },
    "54": {
        "Easting": 597.2509940719715,
        "Northing": 456.53115736680854
    },
    "55": {
        "Easting": 612.0188479578796,
        "Northing": 403.1901968278062
    },
    "56": {
        "Easting": 640.1952202942289,
        "Northing": 416.18185256418167
    },
    "57": {
        "Easting": 684.4119995075023,
        "Northing": 447.1764012605806
    },
    "58": {
        "Easting": 628.2009943887583,
        "Northing": 355.74447703596576
    },
    "59": {
        "Easting": 675.7904202393696,
        "Northing": 418.2961392730755
    },
    "Depot": {
        "Easting": 0,
        "Northing": 0
    }
}