{
    "0": {
        "Easting": 301.78354637029935,
        "Northing": 293.43143212788084
    },
    "1": {
        "Easting": 410.48779880306677,
        "Northing": 165.20248174402167
    },
    "2": {
        "Easting": 365.68772913034206,
        "Northing": 195.28822971185872
    },
    "3": {
        "Easting": 281.3210982472875,
        "Northing": 231.02485050860855
    },
    "4": {
        "Easting": 306.1035006530397,
        "Northing": 234.0856198878588
    },
    "5": {
        "Easting": 326.30945850271513,
        "Northing": 172.1972143587645
    },
    "6": {
        "Easting": 303.926400271944,
        "Northing": 286.05964336317436
    },
    "7": {
        "Easting": 249.33872285304378,
        "Northing": 197.16870670454014
    },
    "8": {
        "Easting": 309.28606400965543,
        "Northing": 238.4196255531295
    },
    "9": {
        "Easting": 297.6316707644801,
        "Northing": 204.00711427415214
    },
    "10": {
        "Easting": 359.2690327304886,
        "Northing": 249.8301127758418
    },
    "11": {
        "Easting": 313.8117299322876,
        "Northing": 179.46175156976236
    },
    "12": {
        "Easting": 222.2043887361719,
        "Northing": 175.3210501822595
    },
    "13": {
        "Easting": 193.05937310870638,
        "Northing": 90.94299025044586
    },
    "14": {
        "Easting": 153.3705629937185,
        "Northing": 138.4811886166933
    },
    "15": {
        "Easting": 272.378777621799,
        "Northing": 120.63738465064259
    },
    "16": {
        "Easting": 257.556455543954,
        "Northing": 63.35086728927225
    },
    "17": {
        "Easting": 241.72078696607923,
        "Northing": 141.29661438141892
    },
    "18": {
        "Easting": 233.22642775435543,
        "Northing": 110.69703396143174
    },
    "19": {
        "Easting": 169.15902916058616,
        "Northing": 122.22953400747116
    },
    "20": {
        "Easting": 319.65390382914313,
        "Northing": 139.33398502438268
    },
    "21": {
        "Easting": 303.23094649423075,
        "Northing": 142.64471708755912
    },
    "22": {
        "Easting": 260.6718836174011,
        "Northing": 168.82700006874705
    },
    "23": {
        "Easting": 206.07297587584893,
        "Northing": 139.98414028376527
    },
    "24": {
        "Easting": 21.75396292990234,
        "Northing": 296.5413117779408
    },
    "25": {
        "Easting": -1.2850689461098312,
        "Northing": 107.88041915360381
    },
    "26": {
        "Easting": 48.97881823904201,
        "Northing": 227.42297965796232
    },
    "27": {
        "Easting": 43.178883416217175,
        "Northing": 170.2301795903585
    },
    "28": {
        "Easting": 31.142029377303,
        "Northing": 182.33510856010716
    },
    "29": {
        "Easting": 66.00150466026469,
        "Northing": 221.59024645444825
    },
    "30": {
        "Easting": 48.987542737572234,
        "Northing": 267.0482610533504
    },
    "31": {
        "Easting": 48.909659469105634,
        "Northing": 129.4193065597678
    },
    "32": {
        "Easting": 87.64016400198634,
        "Northing": 175.91941070687932
    },
    "33": {
        "Easting": 76.2125890651625,
        "Northing": 210.0315792194188
    },
    "34": {
        "Easting": 112.68963188156282,
        "Northing": 229.95334070711073
    },
    "35": {
        "Easting": -18.789656459951097,
        "Northing": 157.4718933807565
    },
    "36": {
        "Easting": 508.9639411528195,
        "Northing": 334.7052030803558
    },
    "37": {
        "Easting": 478.40323902457976,
        "Northing": 354.51268719212624
    },
    "38": {
        "Easting": 424.07511554338157,
        "Northing": 366.956293872457
    },
    "39": {
        "Easting": 529.066141592659,
        "Northing": 351.2137610666537
    },
    "40": {
        "Easting": 492.9882080164174,
        "Northing": 276.7271197415485
    },
    "41": {
        "Easting": 522.1730544870716,
        "Northing": 252.75702895307288
    },
    "42": {
        "Easting": 501.6630881168877,
        "Northing": 412.95551151967857
    },
    "43": {
        "Easting": 441.0516051257723,
        "Northing": 339.94374536596024
    },
    "44": {
        "Easting": 525.8282765759784,
        "Northing": 330.4850030599779
    },
    "45": {
        "Easting": 647.6275916580489,
        "Northing": 378.6812027096171
    },
    "46": {
        "Easting": 549.7179107857733,
        "Northing": 263.85550875751693
    },
    "47": {
        "Easting": 494.9825727941545,
        "Northing": 371.44968304379915
    },
    "48": {
        "Easting": 632.076927095659,
        "Northing": 219.06638148065292
    },
    "49": {
        "Easting": 668.728866372031,
        "Northing": 248.9244481065651
    },
    "50": {
        "Easting": 624.8023767372274,
        "Northing": 150.9707185762566
    },
    "51": {
        "Easting": 678.8144624713337,
        "Northing": 187.21767309164164
    },
    "52": {
        "Easting": 610.1071247047792,
        "Northing": 206.40155433958333
    },
    "53": {
        "Easting": 643.7190376536878,
        "Northing": 214.0421145211445
    },
    "54": {
        "Easting": 654.8149882858708,
        "Northing": 224.82369887842165
    },
    "55": {
        "Easting": 607.8415264690326,
        "Northing": 215.0578372723111
    },
    "56": {
        "Easting": 678.4724053695492,
        "Northing": 242.74584015279908
    },
    "57": {
        "Easting": 646.4256483773074,
        "Northing": 162.10946262365496
    },
    "58": {
        "Easting": 719.4389646438772,
        "Northing": 208.81230696080098
    },
    "59": {
        "Easting": 722.6109576580349,
        "Northing": 209.0584591377974
    },
    "Depot": {
        "Easting": 0,
        "Northing": 0
    }
}