316103125	950.58	992.3333333	994.3333333	992.3333333	993.3333333	906.6666667	907.6666667	872.3333333	940	814.3333333	806.6666667	809	809	887.6666667	974.3333333	705.6666667	781	865.6666667	980	865.6666667
316103130	951.3	994.3333333	992.3333333	993.3333333	992.3333333	903.3333333	902.3333333	867.6666667	941	813.3333333	806.6666667	810	809	885.6666667	973.3333333	713.3333333	781	879	979	867.6666667
316103135	950.9	987.6666667	986.6666667	987.6666667	987.6666667	905.6666667	907.6666667	872.3333333	940	814.3333333	805.6666667	811	811	885.6666667	974.3333333	720	781	881	979	865.6666667
316103140	951.08	993.3333333	992.3333333	994.3333333	994.3333333	905.6666667	907.6666667	874.3333333	940	812.3333333	807.6666667	809	810	886.6666667	974.3333333	720	781	879	979	874.3333333
316103145	952.62	992.3333333	992.3333333	993.3333333	992.3333333	905.6666667	906.6666667	872.3333333	940	814.3333333	819	817.6666667	817.6666667	885.6666667	972.3333333	714.3333333	781	880	980	867.6666667
316103150	952.26	992.3333333	993.3333333	993.3333333	993.3333333	907.6666667	905.6666667	872.3333333	941	819	819	820	819	885.6666667	972.3333333	720	787.6666667	879	981	880
316103155	952.09	994.3333333	993.3333333	993.3333333	994.3333333	874.3333333	873.3333333	873.3333333	872.3333333	826.6666667	821	824.3333333	822.3333333	893.3333333	974.3333333	721	787.6666667	886.6666667	979	879
316103200	951.65	993.3333333	992.3333333	992.3333333	992.3333333	872.3333333	873.3333333	874.3333333	873.3333333	819	819	820	821	885.6666667	972.3333333	719	792.3333333	880	981	881
316103205	952.13	994.3333333	993.3333333	994.3333333	992.3333333	873.3333333	873.3333333	874.3333333	872.3333333	827.6666667	821	822.3333333	824.3333333	893.3333333	973.3333333	721	794.3333333	880	987.6666667	879
316103210	950.88	994.3333333	993.3333333	993.3333333	994.3333333	881	880	881	879	826.6666667	819	822.3333333	823.3333333	901	972.3333333	719	794.3333333	881	987.6666667	881
316103215	950.5	1006.666667	1006.666667	1007.666667	1007.666667	910	911	881	940	833.3333333	819	827.6666667	825.6666667	885.6666667	974.3333333	720	793.3333333	881	986.6666667	881
316103220	951.77	1001	999	999	999	879	880	879	880	834.3333333	820	827.6666667	825.6666667	894.3333333	974.3333333	721	794.3333333	881	992.3333333	879
316103225	951.59	1006.666667	1005.666667	1005.666667	1005.666667	921	919	887.6666667	952.3333333	834.3333333	820	826.6666667	826.6666667	887.6666667	980	719	792.3333333	879	987.6666667	879
316103230	952.42	1007.666667	1005.666667	1005.666667	1006.666667	917.6666667	917.6666667	881	954.3333333	834.3333333	819	826.6666667	827.6666667	892.3333333	986.6666667	726.6666667	793.3333333	900	993.3333333	885.6666667
316103235	952.74	1005.666667	1005.666667	1006.666667	1006.666667	920	919	887.6666667	952.3333333	832.3333333	819	827.6666667	826.6666667	892.3333333	980	727.6666667	794.3333333	885.6666667	994.3333333	881
316103240	952.56	1013.333333	1014.333333	1012.333333	1014.333333	885.6666667	886.6666667	885.6666667	887.6666667	832.3333333	827.6666667	830	831	892.3333333	979	727.6666667	801	887.6666667	992.3333333	885.6666667
316103245	950.25	1014.333333	1014.333333	1014.333333	1014.333333	14.33333333	617.7777778	885.6666667	952.3333333	834.3333333	827.6666667	829	829	905.6666667	980	725.6666667	799	894.3333333	992.3333333	887.6666667
316103250	950.83	1012.333333	1013.333333	1014.333333	1013.333333	923.3333333	922.3333333	885.6666667	959	832.3333333	825.6666667	829	830	905.6666667	974.3333333	725.6666667	801	887.6666667	1000	885.6666667
316103255	951.45	1014.333333	1012.333333	1014.333333	1014.333333	923.3333333	922.3333333	886.6666667	961	834.3333333	825.6666667	830	829	906.6666667	986.6666667	726.6666667	801	886.6666667	1000	886.6666667
316103300	950.83	1013.333333	1014.333333	1014.333333	1014.333333	922.3333333	922.3333333	885.6666667	961	833.3333333	825.6666667	829	830	907.6666667	985.6666667	733.3333333	800	885.6666667	999	886.6666667
316103305	949.99	1013.333333	1013.333333	1012.333333	1013.333333	893.3333333	894.3333333	892.3333333	892.3333333	833.3333333	826.6666667	830	829	906.6666667	994.3333333	734.3333333	801	885.6666667	1000	885.6666667
316103310	951.31	1013.333333	1014.333333	1013.333333	1012.333333	894.3333333	892.3333333	893.3333333	893.3333333	841	825.6666667	834.3333333	833.3333333	906.6666667	993.3333333	740	807.6666667	900	1000	885.6666667
316103315	952.5	1012.333333	1014.333333	1012.333333	1013.333333	893.3333333	892.3333333	893.3333333	892.3333333	841	833.3333333	835.6666667	836.6666667	907.6666667	992.3333333	739	807.6666667	899	1000	886.6666667
316103320	952.05	1013.333333	1014.333333	1014.333333	1014.333333	927.6666667	926.6666667	893.3333333	961	839	833.3333333	836.6666667	837.6666667	906.6666667	992.3333333	739	813.3333333	900	1007.666667	900
316103325	951.4	1014.333333	1014.333333	1012.333333	1012.333333	927.6666667	927.6666667	894.3333333	960	839	839	840	839	905.6666667	992.3333333	740	812.3333333	900	999	901
316103330	953.24	1013.333333	1012.333333	1013.333333	1012.333333	925.6666667	927.6666667	893.3333333	959	839	839	840	839	913.3333333	993.3333333	740	814.3333333	899	1007.666667	901
316103335	952.12	1026.666667	1026.666667	1025.666667	1025.666667	927.6666667	927.6666667	892.3333333	961	854.3333333	840	847.6666667	847.6666667	905.6666667	992.3333333	739	814.3333333	900	1007.666667	892.3333333
316103340	953.87	1025.666667	1027.666667	1025.666667	1027.666667	926.6666667	925.6666667	892.3333333	961	852.3333333	839	845.6666667	845.6666667	912.3333333	994.3333333	741	813.3333333	899	1013.333333	899
316103345	952.96	1027.666667	1025.666667	1026.666667	1027.666667	930	930	893.3333333	966.6666667	853.3333333	840	846.6666667	847.6666667	912.3333333	994.3333333	746.6666667	813.3333333	899	1020	907.6666667
316103350	952.71	1025.666667	1026.666667	1026.666667	1026.666667	933.3333333	933.3333333	899	966.6666667	853.3333333	841	847.6666667	846.6666667	914.3333333	993.3333333	746.6666667	813.3333333	905.6666667	1021	900
316103355	953.15	1026.666667	1026.666667	1025.666667	1027.666667	940	940	906.6666667	972.3333333	852.3333333	840	847.6666667	846.6666667	912.3333333	1001	746.6666667	813.3333333	905.6666667	1021	905.6666667
316103400	952.29	1025.666667	1025.666667	1025.666667	1025.666667	941	939	906.6666667	973.3333333	852.3333333	845.6666667	850	849	920	1000	747.6666667	820	913.3333333	1026.666667	901
316103405	954.13	1034.333333	1034.333333	1033.333333	1032.333333	14.33333333	461	907.6666667	460	852.3333333	845.6666667	849	851	927.6666667	1005.666667	746.6666667	819	906.6666667	1027.666667	905.6666667
316103410	952.75	1033.333333	1034.333333	1032.333333	1032.333333	12.33333333	633.3333333	913.3333333	972.3333333	852.3333333	847.6666667	851	850	921	1012.333333	752.3333333	820	907.6666667	1027.666667	907.6666667
316103415	952.5	1033.333333	1033.333333	1034.333333	1034.333333	947.6666667	946.6666667	914.3333333	980	853.3333333	845.6666667	850	849	921	1014.333333	752.3333333	820	901	1025.666667	906.6666667
316103420	953.64	1034.333333	1033.333333	1032.333333	1033.333333	981	979	979	979	859	847.6666667	853.3333333	852.3333333	927.6666667	1005.666667	760	826.6666667	906.6666667	1027.666667	905.6666667
316103425	955.1	1034.333333	1034.333333	1033.333333	1034.333333	946.6666667	947.6666667	914.3333333	979	859	847.6666667	852.3333333	853.3333333	927.6666667	1013.333333	753.3333333	834.3333333	906.6666667	1027.666667	905.6666667
316103430	954.87	1034.333333	1034.333333	1033.333333	1033.333333	947.6666667	947.6666667	912.3333333	980	859	854.3333333	857.6666667	857.6666667	925.6666667	1013.333333	760	834.3333333	913.3333333	1032.333333	914.3333333
316103435	954.93	1033.333333	1032.333333	1032.333333	1034.333333	946.6666667	946.6666667	912.3333333	980	860	859	860	859	927.6666667	1013.333333	761	827.6666667	919	1041	919
316103440	955.43	1040	1039	1039	1039	945.6666667	946.6666667	914.3333333	981	866.6666667	859	862.3333333	864.3333333	926.6666667	1012.333333	760	834.3333333	920	1041	913.3333333
316103445	953.92	1039	1040	1039	1039	946.6666667	947.6666667	914.3333333	980	873.3333333	861	866.6666667	866.6666667	932.3333333	1012.333333	759	834.3333333	920	1039	921
316103450	955.66	1046.666667	1045.666667	1045.666667	1046.666667	945.6666667	945.6666667	914.3333333	980	874.3333333	860	866.6666667	867.6666667	934.3333333	1013.333333	765.6666667	832.3333333	920	1040	920
316103455	955.57	1053.333333	1053.333333	1052.333333	1053.333333	953.3333333	952.3333333	913.3333333	992.3333333	874.3333333	866.6666667	871	870	940	1013.333333	766.6666667	834.3333333	920	1046.666667	921
316103500	955.47	1053.333333	1054.333333	1052.333333	1053.333333	956.6666667	956.6666667	921	992.3333333	874.3333333	867.6666667	870	870	939	1021	766.6666667	839	919	1045.666667	926.6666667
316103505	957	1052.333333	1052.333333	1054.333333	1054.333333	960	961	925.6666667	994.3333333	874.3333333	867.6666667	871	869	939	1020	773.3333333	840	919	1046.666667	932.3333333
316103510	957.84	1054.333333	1052.333333	1052.333333	1053.333333	965.6666667	965.6666667	933.3333333	1000	874.3333333	866.6666667	871	871	940	1019	773.3333333	846.6666667	921	1053.333333	926.6666667
316103515	958.77	1052.333333	1054.333333	1054.333333	1054.333333	13.33333333	648.8888889	932.3333333	1001	872.3333333	866.6666667	869	871	945.6666667	1026.666667	772.3333333	847.6666667	926.6666667	1053.333333	934.3333333
316103520	959.3	1054.333333	1054.333333	1052.333333	1054.333333	966.6666667	965.6666667	933.3333333	999	880	865.6666667	873.3333333	872.3333333	947.6666667	1032.333333	772.3333333	853.3333333	926.6666667	1054.333333	932.3333333
316103525	958.66	1052.333333	1052.333333	1054.333333	1053.333333	966.6666667	967.6666667	933.3333333	1000	881	874.3333333	876.6666667	875.6666667	953.3333333	1027.666667	779	846.6666667	926.6666667	1059	932.3333333
316103530	959.82	1060	1059	1059	1061	970	970	941	1000	881	874.3333333	877.6666667	877.6666667	947.6666667	1034.333333	781	852.3333333	933.3333333	1061	933.3333333
316103535	958.22	1067.666667	1066.666667	1066.666667	1065.666667	966.6666667	965.6666667	932.3333333	1001	879	881	880	881	954.3333333	1033.333333	780	852.3333333	934.3333333	1061	940
316103540	959.69	1067.666667	1065.666667	1067.666667	1067.666667	965.6666667	965.6666667	934.3333333	1001	893.3333333	880	887.6666667	885.6666667	959	1033.333333	786.6666667	861	940	1061	934.3333333
316103545	959.92	1066.666667	1067.666667	1065.666667	1067.666667	971	971	932.3333333	1005.666667	893.3333333	879	886.6666667	886.6666667	961	1039	785.6666667	861	934.3333333	1066.666667	947.6666667
316103550	960.15	1073.333333	1074.333333	1073.333333	1073.333333	12.33333333	656.5555556	939	1012.333333	892.3333333	881	886.6666667	886.6666667	965.6666667	1033.333333	787.6666667	852.3333333	940	1074.333333	945.6666667
316103555	959.25	1074.333333	1074.333333	1072.333333	1074.333333	940	941	941	940	893.3333333	887.6666667	890	891	952.3333333	1039	793.3333333	866.6666667	939	1065.666667	947.6666667
316103600	960.35	1072.333333	1073.333333	1072.333333	1074.333333	977.6666667	976.6666667	941	1014.333333	893.3333333	886.6666667	890	889	961	1041	792.3333333	867.6666667	947.6666667	1072.333333	947.6666667
316103605	963.47	1072.333333	1073.333333	1074.333333	1073.333333	984.3333333	984.3333333	953.3333333	1013.333333	893.3333333	886.6666667	891	890	961	1040	793.3333333	872.3333333	941	1072.333333	952.3333333
316103610	963.43	1079	1080	1081	1081	986.6666667	986.6666667	952.3333333	1019	900	887.6666667	894.3333333	892.3333333	961	1045.666667	794.3333333	872.3333333	946.6666667	1080	952.3333333
316103615	962.04	1080	1080	1081	1080	985.6666667	986.6666667	952.3333333	1019	899	892.3333333	896.6666667	897.6666667	966.6666667	1045.666667	801	872.3333333	946.6666667	1081	953.3333333
316103620	963.53	1079	1079	1081	1080	985.6666667	987.6666667	954.3333333	1019	900	893.3333333	896.6666667	896.6666667	967.6666667	1045.666667	800	872.3333333	954.3333333	1079	953.3333333
316103625	964.94	1086.666667	1086.666667	1086.666667	1087.666667	986.6666667	985.6666667	953.3333333	1019	905.6666667	893.3333333	899	900	974.3333333	1045.666667	805.6666667	872.3333333	952.3333333	1079	952.3333333
316103630	966.05	1086.666667	1085.666667	1087.666667	1087.666667	986.6666667	985.6666667	953.3333333	1020	907.6666667	900	903.3333333	902.3333333	972.3333333	1052.333333	805.6666667	873.3333333	954.3333333	1085.666667	961
316103635	965.81	1094.333333	1094.333333	1094.333333	1094.333333	952.3333333	953.3333333	952.3333333	954.3333333	912.3333333	906.6666667	911	909	981	1060	805.6666667	872.3333333	953.3333333	1092.333333	967.6666667
316103640	967.35	1094.333333	1092.333333	1093.333333	1093.333333	993.3333333	993.3333333	953.3333333	1033.333333	912.3333333	907.6666667	910	909	979	1054.333333	807.6666667	880	954.3333333	1094.333333	967.6666667
316103645	967.73	1093.333333	1093.333333	1094.333333	1093.333333	999	1001	967.6666667	1033.333333	913.3333333	905.6666667	910	911	980	1059	807.6666667	885.6666667	961	1094.333333	972.3333333
316103650	967.48	1100	1100	1100	1100	1000	1001	967.6666667	1032.333333	914.3333333	906.6666667	910	911	980	1060	812.3333333	885.6666667	960	1101	973.3333333
316103655	969.48	1100	1100	1100	1101	1000	1001	966.6666667	1033.333333	919	905.6666667	914.3333333	914.3333333	979	1060	813.3333333	887.6666667	959	1099	974.3333333
316103700	966.93	1100	1101	1100	1100	1006.666667	1007.666667	972.3333333	1041	919	905.6666667	913.3333333	914.3333333	981	1065.666667	813.3333333	892.3333333	961	1105.666667	972.3333333
316103705	968.69	1100	1099	1099	1100	13.33333333	676.5555556	972.3333333	1040	927.6666667	913.3333333	920	920	992.3333333	1065.666667	820	892.3333333	959	1100	972.3333333
316103710	969.6	1107.666667	1106.666667	1106.666667	1107.666667	1009	1009	974.3333333	1047.666667	927.6666667	914.3333333	921	921	992.3333333	1074.333333	820	894.3333333	960	1113.333333	973.3333333
316103715	972.4	1113.333333	1113.333333	1113.333333	1112.333333	1010	1011	974.3333333	1047.666667	925.6666667	913.3333333	919	921	999	1067.666667	821	893.3333333	972.3333333	1113.333333	973.3333333
316103720	971.48	1112.333333	1113.333333	1113.333333	1112.333333	1011	1011	972.3333333	1045.666667	925.6666667	919	922.3333333	924.3333333	994.3333333	1073.333333	986.6666667	894.3333333	967.6666667	1112.333333	981
316103725	971.95	1113.333333	1112.333333	1112.333333	1112.333333	1011	1010	974.3333333	1046.666667	933.3333333	925.6666667	929	930	993.3333333	1081	826.6666667	894.3333333	974.3333333	1112.333333	986.6666667
316103730	974.27	1120	1120	1119	1121	985.6666667	987.6666667	985.6666667	985.6666667	934.3333333	926.6666667	930	929	1001	1080	825.6666667	892.3333333	974.3333333	1119	985.6666667
316103735	976.25	1120	1121	1119	1119	1021	1019	986.6666667	1052.333333	932.3333333	926.6666667	931	929	999	1065.666667	827.6666667	893.3333333	972.3333333	1121	994.3333333
316103740	977.05	1121	1119	1121	1119	1024.333333	1023.333333	987.6666667	1061	941	926.6666667	932.3333333	932.3333333	999	1073.333333	827.6666667	901	973.3333333	1121	993.3333333
316103745	977.54	1120	1119	1121	1121	1024.333333	1024.333333	986.6666667	1060	947.6666667	926.6666667	937.6666667	936.6666667	1001	1080	832.3333333	900	965.6666667	1105.666667	972.3333333
316103750	977.64	1125.666667	1126.666667	1126.666667	1127.666667	1027.666667	1025.666667	992.3333333	1059	945.6666667	934.3333333	941	939	993.3333333	1079	833.3333333	914.3333333	980	1119	992.3333333
316103755	978.89	1126.666667	1126.666667	1125.666667	1127.666667	1031	1030	992.3333333	1067.666667	946.6666667	934.3333333	941	941	1007.666667	1079	834.3333333	914.3333333	981	1121	994.3333333
316103800	981.84	1133.333333	1132.333333	1132.333333	1132.333333	1026.666667	1027.666667	994.3333333	1059	946.6666667	941	943.3333333	943.3333333	1005.666667	1085.666667	840	913.3333333	979	1125.666667	994.3333333
316103805	983.34	1140	1139	1140	1139	992.3333333	993.3333333	993.3333333	993.3333333	947.6666667	941	944.3333333	942.3333333	1020	1086.666667	839	919	979	1127.666667	994.3333333
316103810	985.11	1141	1140	1140	1141	1037.666667	1037.666667	999	1074.333333	954.3333333	945.6666667	950	950	1013.333333	1093.333333	845.6666667	914.3333333	980	1139	1000
316103815	983.94	1139	1139	1141	1140	1042.333333	1044.333333	1006.666667	1081	945.6666667	946.6666667	945.6666667	946.6666667	1007.666667	1086.666667	841	914.3333333	979	1140	992.3333333
316103820	985.27	1141	1141	1139	1141	1037.666667	1036.666667	1001	1072.333333	945.6666667	947.6666667	947.6666667	945.6666667	1007.666667	1086.666667	841	913.3333333	986.6666667	1140	999
316103825	985.17	1147.666667	1147.666667	1145.666667	1145.666667	1032.333333	1033.333333	994.3333333	1074.333333	947.6666667	947.6666667	946.6666667	946.6666667	1013.333333	1085.666667	840	913.3333333	979	1140	993.3333333
316103830	986.54	1139	1141	1141	1140	1031	1029	992.3333333	1066.666667	953.3333333	945.6666667	949	951	1013.333333	1087.666667	847.6666667	914.3333333	980	1126.666667	992.3333333
316103835	989.53	1141	1141	1139	1140	1039	1040	1006.666667	1074.333333	961	947.6666667	953.3333333	952.3333333	1020	1100	852.3333333	919	980	1134.333333	992.3333333
316103840	988.76	1140	1141	1141	1139	1032.333333	1033.333333	993.3333333	1074.333333	946.6666667	926.6666667	935.6666667	935.6666667	1019	1101	854.3333333	933.3333333	987.6666667	1134.333333	1000
316103845	990.41	1139	1140	1141	1141	1039	1041	1006.666667	1073.333333	946.6666667	939	944.3333333	943.3333333	1020	1099	853.3333333	933.3333333	993.3333333	1141	1013.333333
316103850	990.87	1139	1139	1140	1139	1037.666667	1037.666667	1001	1074.333333	946.6666667	934.3333333	939	940	1025.666667	1099	852.3333333	932.3333333	999	1161	1013.333333
316103855	990.06	1139	1140	1140	1139	1035.666667	1036.666667	999	1073.333333	946.6666667	932.3333333	940	941	1039	1105.666667	860	939	1001	1153.333333	1013.333333
316103900	989.52	1126.666667	1125.666667	1126.666667	1126.666667	1034.333333	1034.333333	994.3333333	1072.333333	960	945.6666667	952.3333333	953.3333333	1032.333333	1113.333333	874.3333333	933.3333333	1000	1159	1034.333333
316103905	989.45	1133.333333	1134.333333	1133.333333	1133.333333	1041	1041	1007.666667	1074.333333	966.6666667	952.3333333	960	961	1040	1114.333333	861	940	1007.666667	1159	1032.333333
316103910	977.17	1145.666667	1145.666667	1145.666667	1145.666667	1041	1039	1005.666667	1072.333333	967.6666667	952.3333333	961	961	1033.333333	1112.333333	859	933.3333333	1006.666667	1160	1032.333333
316103915	972.91	1161	1161	1159	1159	1043.333333	1042.333333	1005.666667	1079	967.6666667	953.3333333	959	960	1040	1119	867.6666667	932.3333333	1006.666667	1161	1033.333333
316103920	971.72	1160	1159	1161	1161	1046.666667	1047.666667	1014.333333	1079	966.6666667	954.3333333	959	961	1027.666667	1101	859	934.3333333	1021	1165.666667	1032.333333
316103925	974.47	1159	1161	1160	1161	1055.666667	1055.666667	1020	1093.333333	966.6666667	952.3333333	961	960	1025.666667	1107.666667	860	933.3333333	1013.333333	1165.666667	1033.333333
316103930	977.34	1160	1161	1160	1159	1059	1061	1025.666667	1093.333333	966.6666667	954.3333333	960	959	1027.666667	1100	861	934.3333333	1012.333333	1166.666667	1033.333333
316103935	984.25	1165.666667	1167.666667	1167.666667	1165.666667	1065.666667	1067.666667	1025.666667	1105.666667	966.6666667	961	962.3333333	962.3333333	1021	1092.333333	853.3333333	920	1020	1179	1034.333333
316103940	979.75	1165.666667	1166.666667	1167.666667	1167.666667	1067.666667	1065.666667	1027.666667	1106.666667	961	946.6666667	952.3333333	954.3333333	1021	1093.333333	853.3333333	932.3333333	1021	1165.666667	1033.333333
316103945	977.75	1159	1159	1159	1159	1076.666667	1077.666667	1041	1112.333333	961	947.6666667	953.3333333	952.3333333	1034.333333	1105.666667	859	934.3333333	1001	1146.666667	1014.333333
316103950	975.88	1165.666667	1165.666667	1167.666667	1167.666667	1076.666667	1076.666667	1039	1113.333333	947.6666667	933.3333333	940	940	1033.333333	1112.333333	873.3333333	940	981	1119	992.3333333
316103955	981.31	1161	1160	1159	1160	1066.666667	1067.666667	1027.666667	1107.666667	960	947.6666667	953.3333333	954.3333333	1047.666667	1125.666667	881	952.3333333	946.6666667	1100	966.6666667
316104000	985.42	1153.333333	1154.333333	1154.333333	1154.333333	1060	1061	1025.666667	1093.333333	966.6666667	959	962.3333333	964.3333333	1053.333333	1133.333333	881	960	965.6666667	1121	974.3333333
316104005	989.64	1145.666667	1147.666667	1145.666667	1145.666667	1053.333333	1054.333333	1012.333333	1093.333333	985.6666667	972.3333333	979	979	1061	1141	894.3333333	967.6666667	965.6666667	1121	981
316104010	989.33	1161	1160	1161	1160	1045.666667	1046.666667	1005.666667	1085.666667	1001	980	990	990	1061	1152.333333	894.3333333	973.3333333	940	1085.666667	953.3333333
316104015	991.85	1180	1180	1181	1180	1060	1059	1025.666667	1094.333333	994.3333333	986.6666667	989	990	1067.666667	1153.333333	892.3333333	974.3333333	967.6666667	1121	979
316104020	989.55	1181	1179	1180	1179	1060	1060	1026.666667	1094.333333	1006.666667	992.3333333	999	1001	1072.333333	1154.333333	893.3333333	973.3333333	1000	1152.333333	1014.333333
316104025	990.85	1187.666667	1187.666667	1185.666667	1186.666667	1062.333333	1064.333333	1026.666667	1101	1006.666667	994.3333333	1001	999	1073.333333	1154.333333	894.3333333	981	1007.666667	1174.333333	1032.333333
316104030	990.3	1200	1201	1199	1201	1081	1079	1046.666667	1112.333333	1013.333333	1001	1006.666667	1005.666667	1073.333333	1147.666667	893.3333333	981	1021	1186.666667	1054.333333
316104035	990.03	1205.666667	1206.666667	1206.666667	1207.666667	1094.333333	1092.333333	1053.333333	1133.333333	1007.666667	993.3333333	1001	1000	1065.666667	1152.333333	894.3333333	972.3333333	1025.666667	1186.666667	1047.666667
316104040	989.5	1205.666667	1206.666667	1207.666667	1206.666667	1102.333333	1103.333333	1066.666667	1139	1013.333333	999	1006.666667	1005.666667	1067.666667	1145.666667	894.3333333	972.3333333	1034.333333	1187.666667	1053.333333
316104045	990.41	1220	1220	1220	1220	1107.666667	1106.666667	1067.666667	1147.666667	1021	1005.666667	1014.333333	1014.333333	1054.333333	1125.666667	892.3333333	960	1040	1200	1073.333333
316104050	940.95	1220	1219	1220	1219	1107.666667	1105.666667	1067.666667	1145.666667	1020	1013.333333	1015.666667	1017.666667	1047.666667	1121	885.6666667	961	1026.666667	1186.666667	1054.333333
316104055	942.88	1221	1221	1219	1221	1111	1109	1072.333333	1146.666667	1027.666667	1013.333333	1020	1020	1054.333333	1134.333333	887.6666667	961	1020	1172.333333	1046.666667
316104100	954.61	1219	1221	1220	1219	1107.666667	1106.666667	1067.666667	1147.666667	1025.666667	1006.666667	1015.666667	1016.666667	1060	1141	894.3333333	981	1019	1173.333333	1032.333333
316104105	989.8	1227.666667	1225.666667	1225.666667	1225.666667	1114.333333	1114.333333	1074.333333	1154.333333	1027.666667	1014.333333	1020	1020	1072.333333	1154.333333	913.3333333	981	1039	1200	1067.666667
316104110	990.39	1221	1221	1221	1219	1087.666667	1085.666667	1046.666667	1126.666667	1019	999	1010	1011	1086.666667	1165.666667	914.3333333	992.3333333	1040	1200	1066.666667
316104115	992.19	1201	1199	1200	1201	1080	1080	1047.666667	1114.333333	1007.666667	993.3333333	999	999	1085.666667	1173.333333	912.3333333	999	1040	1199	1067.666667
316104120	990.76	1192.333333	1193.333333	1194.333333	1194.333333	1087.666667	1085.666667	1046.666667	1126.666667	993.3333333	987.6666667	989	990	1081	1161	914.3333333	985.6666667	1052.333333	1220	1087.666667
316104125	991.45	1185.666667	1186.666667	1186.666667	1187.666667	1087.666667	1085.666667	1045.666667	1125.666667	1000	987.6666667	994.3333333	994.3333333	1086.666667	1173.333333	912.3333333	994.3333333	1059	1221	1080
316104130	989.64	1200	1199	1200	1199	1106.666667	1106.666667	1066.666667	1147.666667	987.6666667	965.6666667	975.6666667	977.6666667	1094.333333	1173.333333	912.3333333	1000	1059	1219	1086.666667
316104135	990.42	1207.666667	1206.666667	1206.666667	1207.666667	1103.333333	1104.333333	1065.666667	1141	905.6666667	893.3333333	900	900	1079	1167.666667	921	986.6666667	1053.333333	1220	1086.666667
316104140	989.95	1179	1179	1181	1180	1101	1101	1067.666667	1132.333333	972.3333333	961	967.6666667	967.6666667	1066.666667	1152.333333	901	972.3333333	1047.666667	1219	1079
316104145	991.76	1200	1200	1201	1200	1067.666667	1065.666667	1025.666667	1105.666667	985.6666667	974.3333333	979	981	1060	1132.333333	893.3333333	959	1059	1220	1092.333333
316104150	989.68	1167.666667	1165.666667	1167.666667	1167.666667	1039	1041	1007.666667	1073.333333	972.3333333	967.6666667	969	969	1047.666667	1120	873.3333333	952.3333333	1060	1221	1085.666667
316104155	990.28	1141	1141	1141	1141	937.6666667	936.6666667	905.6666667	966.6666667	919	907.6666667	912.3333333	913.3333333	1067.666667	1147.666667	894.3333333	973.3333333	1041	1207.666667	1074.333333
316104200	991.96	1086.666667	1087.666667	1087.666667	1086.666667	1027.666667	1026.666667	992.3333333	1059	966.6666667	952.3333333	961	959	1041	1120	874.3333333	952.3333333	1041	1200	1072.333333
316104205	991.63	1140	1141	1140	1139	1104.333333	1103.333333	1065.666667	1141	1006.666667	986.6666667	996.6666667	997.6666667	1061	1134.333333	894.3333333	974.3333333	1019	1180	1054.333333
316104210	989.72	1199	1201	1200	1200	1070	1069	1027.666667	1113.333333	1007.666667	993.3333333	999	999	1061	1134.333333	892.3333333	967.6666667	1006.666667	1159	1034.333333
316104215	989.3	1199	1201	1200	1201	1086.666667	1087.666667	1046.666667	1127.666667	1000	981	991	991	1032.333333	1120	872.3333333	947.6666667	1027.666667	1181	1045.666667
316104220	991.77	1205.666667	1206.666667	1206.666667	1206.666667	1105.666667	1105.666667	1066.666667	1145.666667	1020	1001	1011	1009	1020	1100	865.6666667	933.3333333	1019	1180	1047.666667
316104225	991.52	1219	1221	1221	1221	1089	1091	1046.666667	1132.333333	992.3333333	979	986.6666667	986.6666667	1060	1134.333333	893.3333333	965.6666667	1005.666667	1160	1034.333333
316104230	934.76	1185.666667	1185.666667	1186.666667	1187.666667	1066.666667	1067.666667	1027.666667	1106.666667	946.6666667	947.6666667	946.6666667	945.6666667	1059	1125.666667	892.3333333	965.6666667	993.3333333	1147.666667	1012.333333
316104235	892.67	1160	1159	1159	1161	1027.666667	1026.666667	994.3333333	1060	900	885.6666667	894.3333333	893.3333333	980	1054.333333	826.6666667	892.3333333	867.6666667	994.3333333	866.6666667
316104240	824.52	1105.666667	1106.666667	1105.666667	1105.666667	1003.333333	1004.333333	966.6666667	1040	947.6666667	941	942.3333333	943.3333333	853.3333333	907.6666667	721	772.3333333	865.6666667	994.3333333	873.3333333
316104245	962.32	1127.666667	1126.666667	1125.666667	1125.666667	839	840	813.3333333	866.6666667	945.6666667	945.6666667	945.6666667	946.6666667	786.6666667	834.3333333	660	712.3333333	913.3333333	1052.333333	920
316104250	988.86	986.6666667	985.6666667	986.6666667	985.6666667	943.3333333	942.3333333	912.3333333	972.3333333	987.6666667	973.3333333	980	981	900	960	759	819	906.6666667	1052.333333	934.3333333
316104255	989.39	1159	1159	1161	1159	1067.666667	1066.666667	1027.666667	1106.666667	967.6666667	947.6666667	955.6666667	956.6666667	1034.333333	1105.666667	872.3333333	933.3333333	1013.333333	1159	1034.333333
316104300	989.76	1179	1181	1180	1179	1020	1020	987.6666667	1054.333333	885.6666667	866.6666667	877.6666667	876.6666667	1080	1154.333333	912.3333333	979	1047.666667	1205.666667	1073.333333
316104305	991.91	1052.333333	1052.333333	1052.333333	1052.333333	1064.333333	1064.333333	1027.666667	1099	919	905.6666667	914.3333333	912.3333333	1012.333333	1079	852.3333333	914.3333333	1033.333333	1193.333333	1067.666667
316104310	989.62	1066.666667	1066.666667	1065.666667	1067.666667	1100	1099	1067.666667	1132.333333	946.6666667	946.6666667	947.6666667	947.6666667	906.6666667	966.6666667	760	825.6666667	905.6666667	1054.333333	925.6666667
316104315	913.08	1146.666667	1147.666667	1147.666667	1147.666667	1047.666667	1045.666667	1005.666667	1087.666667	860	846.6666667	853.3333333	853.3333333	893.3333333	954.3333333	759	827.6666667	792.3333333	920	799
316104320	937.1	1093.333333	1093.333333	1093.333333	1093.333333	1023.333333	1022.333333	985.6666667	1060	947.6666667	932.3333333	941	939	840	901	714.3333333	816.7777778	779	893.3333333	773.3333333
316104325	875.75	1161	1161	1161	1159	981	981	947.6666667	1014.333333	913.3333333	907.6666667	911	909	773.3333333	813.3333333	646.6666667	700	767.6666667	886.6666667	765.6666667
316104330	769.47	1093.333333	1093.333333	1094.333333	1094.333333	1043.333333	1043.333333	1006.666667	1080	866.6666667	866.6666667	866.6666667	867.6666667	772.3333333	820	654.3333333	699	826.6666667	947.6666667	825.6666667
316104335	909.13	1085.666667	1086.666667	1086.666667	1086.666667	1087.666667	1087.666667	1047.666667	1125.666667	925.6666667	906.6666667	915.6666667	915.6666667	774.3333333	827.6666667	661	714.3333333	746.6666667	865.6666667	753.3333333
316104340	967.02	1152.333333	1154.333333	1154.333333	1154.333333	1059	1060	1025.666667	1094.333333	966.6666667	967.6666667	965.6666667	967.6666667	773.3333333	841	666.6666667	720	725.6666667	845.6666667	733.3333333
316104345	910.03	1179	1181	1179	1181	1059	1061	1026.666667	1093.333333	947.6666667	933.3333333	939	940	819	873.3333333	692.3333333	745.6666667	726.6666667	833.3333333	727.6666667
316104350	966.67	1165.666667	1166.666667	1166.666667	1166.666667	1083.333333	1084.333333	1045.666667	1121	945.6666667	932.3333333	941	940	812.3333333	860	693.3333333	740	719	820	714.3333333
316104355	989.91	1174.333333	1174.333333	1174.333333	1174.333333	1046.666667	1046.666667	1005.666667	1087.666667	985.6666667	966.6666667	976.6666667	975.6666667	841	900	706.6666667	766.6666667	714.3333333	826.6666667	713.3333333
316104400	958.99	1180	1180	1179	1179	1062.333333	1064.333333	1026.666667	1101	967.6666667	952.3333333	959	960	932.3333333	1001	785.6666667	846.6666667	792.3333333	905.6666667	801
316104405	928.44	1160	1161	1161	1159	1039	1040	1006.666667	1074.333333	946.6666667	932.3333333	941	940	852.3333333	901	713.3333333	765.6666667	820	952.3333333	834.3333333
316104410	903.22	1160	1160	1159	1159	966.6666667	966.6666667	965.6666667	965.6666667	952.3333333	945.6666667	950	951	754.3333333	794.3333333	633.3333333	680	881	1007.666667	881
316104415	965.2	1147.666667	1145.666667	1147.666667	1145.666667	919	920	893.3333333	945.6666667	965.6666667	946.6666667	957.6666667	956.6666667	699	739	593.3333333	625.6666667	807.6666667	926.6666667	806.6666667
316104420	991.13	1106.666667	1106.666667	1105.666667	1107.666667	840	841	812.3333333	866.6666667	966.6666667	954.3333333	960	960	646.6666667	681	554.3333333	586.6666667	645.6666667	747.6666667	645.6666667
316104425	985.65	1014.333333	1012.333333	1014.333333	1012.333333	793.3333333	794.3333333	767.6666667	821	913.3333333	906.6666667	910	911	614.3333333	640	513.3333333	559	641	732.3333333	632.3333333
316104430	991.59	972.3333333	973.3333333	974.3333333	973.3333333	823.3333333	824.3333333	800	845.6666667	945.6666667	933.3333333	941	939	699	739	594.3333333	641	699	806.6666667	701
316104435	991.74	993.3333333	994.3333333	994.3333333	993.3333333	892.3333333	894.3333333	873.3333333	913.3333333	887.6666667	887.6666667	887.6666667	885.6666667	800	847.6666667	672.3333333	727.6666667	747.6666667	847.6666667	747.6666667
316104440	968.58	1026.666667	1027.666667	1025.666667	1026.666667	956.6666667	957.6666667	926.6666667	985.6666667	947.6666667	927.6666667	937.6666667	937.6666667	772.3333333	819	652.3333333	701	686.6666667	800	693.3333333
316104445	975.15	1139	1141	1140	1141	920	919	893.3333333	945.6666667	940	926.6666667	932.3333333	933.3333333	792.3333333	832.3333333	659	713.3333333	700	800	700
316104450	965.95	1079	1080	1080	1079	860	861	833.3333333	886.6666667	887.6666667	885.6666667	885.6666667	885.6666667	794.3333333	839	665.6666667	714.3333333	759	867.6666667	761
316104455	880.03	1034.333333	1033.333333	1033.333333	1032.333333	856.6666667	856.6666667	832.3333333	881	867.6666667	867.6666667	867.6666667	865.6666667	720	759	612.3333333	647.6666667	766.6666667	887.6666667	772.3333333
316104500	817.06	972.3333333	972.3333333	972.3333333	973.3333333	919	921	892.3333333	947.6666667	792.3333333	785.6666667	790	789	639	673.3333333	541	580	726.6666667	840	733.3333333
316104505	731.61	999	1001	999	1001	912.3333333	914.3333333	879	945.6666667	867.6666667	866.6666667	867.6666667	865.6666667	607.6666667	641	519	559	661	759	660
316104510	712.86	1026.666667	1026.666667	1025.666667	1026.666667	880	879	853.3333333	907.6666667	821	813.3333333	817.6666667	816.6666667	566.6666667	599	493.3333333	527.6666667	579	672.3333333	587.6666667
316104515	743.84	987.6666667	985.6666667	987.6666667	985.6666667	837.6666667	835.6666667	813.3333333	861	819	812.3333333	816.6666667	816.6666667	546.6666667	566.6666667	474.3333333	501	560	646.6666667	559
316104520	843.73	986.6666667	985.6666667	987.6666667	986.6666667	855.6666667	856.6666667	834.3333333	879	841	825.6666667	833.3333333	832.3333333	545.6666667	579	479	505.6666667	565.6666667	661	566.6666667
316104525	906.9	1000	1001	999	1000	860	860	833.3333333	887.6666667	846.6666667	839	843.3333333	844.3333333	605.6666667	639	520	546.6666667	647.6666667	747.6666667	647.6666667
316104530	850.89	1007.666667	1006.666667	1006.666667	1007.666667	844.3333333	842.3333333	819	866.6666667	819	814.3333333	815.6666667	816.6666667	672.3333333	706.6666667	572.3333333	605.6666667	679	780	680
316104535	791.87	972.3333333	973.3333333	974.3333333	974.3333333	841	841	812.3333333	865.6666667	760	760	759	759	705.6666667	745.6666667	586.6666667	634.3333333	645.6666667	739	646.6666667
316104540	784.52	947.6666667	946.6666667	947.6666667	947.6666667	799	799	773.3333333	825.6666667	740	734.3333333	735.6666667	736.6666667	694.3333333	739	592.3333333	626.6666667	606.6666667	701	605.6666667
316104545	830.4	913.3333333	912.3333333	913.3333333	914.3333333	809	809	786.6666667	832.3333333	733.3333333	732.3333333	733.3333333	732.3333333	659	701	552.3333333	607.6666667	600	692.3333333	599
316104550	818.8	912.3333333	913.3333333	912.3333333	913.3333333	802.3333333	804.3333333	781	826.6666667	732.3333333	732.3333333	734.3333333	732.3333333	633.3333333	667.6666667	539	581	619	721	620
316104555	787.89	913.3333333	914.3333333	914.3333333	914.3333333	787.6666667	786.6666667	765.6666667	805.6666667	732.3333333	734.3333333	734.3333333	733.3333333	626.6666667	660	532.3333333	566.6666667	633.3333333	719	625.6666667
316104600	767.88	913.3333333	914.3333333	913.3333333	913.3333333	793.3333333	793.3333333	774.3333333	812.3333333	714.3333333	712.3333333	712.3333333	713.3333333	626.6666667	660	533.3333333	566.6666667	621	707.6666667	613.3333333
316104605	758.64	866.6666667	866.6666667	867.6666667	867.6666667	811	811	785.6666667	834.3333333	661	653.3333333	655.6666667	655.6666667	707.6666667	752.3333333	593.3333333	647.6666667	640	726.6666667	640
316104610	765.48	819	819	820	821	802.3333333	804.3333333	780	825.6666667	619	626.6666667	623.3333333	623.3333333	685.6666667	727.6666667	593.3333333	626.6666667	687.6666667	780	685.6666667
316104615	763.58	792.3333333	794.3333333	792.3333333	792.3333333	773.3333333	774.3333333	752.3333333	793.3333333	640	634.3333333	635.6666667	637.6666667	680	707.6666667	572.3333333	605.6666667	680	772.3333333	681
316104620	749.59	794.3333333	792.3333333	792.3333333	793.3333333	774.3333333	774.3333333	753.3333333	792.3333333	600	600	600	601	693.3333333	727.6666667	593.3333333	626.6666667	661	745.6666667	653.3333333
316104625	719.8	740	739	741	741	735.6666667	735.6666667	714.3333333	761	559	559	561	559	753.3333333	807.6666667	634.3333333	685.6666667	699	793.3333333	685.6666667
316104630	711.22	701	701	700	699	702.3333333	703.3333333	686.6666667	719	559	561	560	559	734.3333333	773.3333333	613.3333333	661	705.6666667	794.3333333	707.6666667
316104635	703.13	694.3333333	693.3333333	693.3333333	692.3333333	654.3333333	653.3333333	633.3333333	672.3333333	579	573.3333333	576.6666667	575.6666667	754.3333333	793.3333333	627.6666667	672.3333333	759	861	761
316104640	689.14	701	699	699	701	639	641	625.6666667	654.3333333	599	599	601	599	705.6666667	761	594.3333333	639	786.6666667	892.3333333	787.6666667
316104645	678.82	733.3333333	732.3333333	732.3333333	734.3333333	669	670	646.6666667	694.3333333	660	653.3333333	657.6666667	657.6666667	814.3333333	859	679	783.4444444	766.6666667	874.3333333	773.3333333
316104650	690.8	812.3333333	814.3333333	814.3333333	813.3333333	700	701	687.6666667	714.3333333	752.3333333	754.3333333	754.3333333	753.3333333	839	901	713.3333333	759	760	854.3333333	753.3333333
316104655	702.59	893.3333333	893.3333333	894.3333333	892.3333333	712.3333333	712.3333333	694.3333333	734.3333333	866.6666667	861	864.3333333	862.3333333	834.3333333	881	693.3333333	747.6666667	801	899	800
316104700	664.5	993.3333333	992.3333333	993.3333333	994.3333333	821	820	792.3333333	845.6666667	907.6666667	900	903.3333333	904.3333333	846.6666667	899	706.6666667	753.3333333	905.6666667	1027.666667	914.3333333
316104705	633.76	1073.333333	1072.333333	1072.333333	1072.333333	942.3333333	944.3333333	912.3333333	974.3333333	905.6666667	907.6666667	906.6666667	906.6666667	893.3333333	960	747.6666667	807.6666667	939	1059	953.3333333
316104710	616.8	1073.333333	1074.333333	1073.333333	1074.333333	1006.666667	1005.666667	973.3333333	1041	933.3333333	926.6666667	930	929	887.6666667	946.6666667	745.6666667	801	934.3333333	1054.333333	952.3333333
316104715	588.39	1160	1159	1159	1160	999	1001	966.6666667	1033.333333	927.6666667	914.3333333	919	919	914.3333333	973.3333333	765.6666667	813.3333333	965.6666667	1094.333333	986.6666667
316104720	552.1	1154.333333	1153.333333	1153.333333	1154.333333	994.3333333	994.3333333	954.3333333	1033.333333	947.6666667	934.3333333	939	940	880	939	725.6666667	785.6666667	905.6666667	1020	912.3333333
316104725	552.21	1134.333333	1134.333333	1134.333333	1134.333333	949	949	912.3333333	985.6666667	906.6666667	900	902.3333333	902.3333333	913.3333333	986.6666667	765.6666667	834.3333333	853.3333333	966.6666667	867.6666667
316104730	590.3	1079	1080	1080	1079	820	820	794.3333333	847.6666667	846.6666667	841	842.3333333	844.3333333	941	1014.333333	785.6666667	853.3333333	812.3333333	914.3333333	821
316104735	623.12	1032.333333	1032.333333	1032.333333	1033.333333	772.3333333	774.3333333	753.3333333	792.3333333	814.3333333	814.3333333	814.3333333	814.3333333	961	1027.666667	806.6666667	867.6666667	852.3333333	959	867.6666667
316104740	656.31	912.3333333	913.3333333	914.3333333	914.3333333	819	819	821	821	799	794.3333333	795.6666667	797.6666667	994.3333333	1066.666667	825.6666667	892.3333333	905.6666667	1020	913.3333333
316104745	732.26	906.6666667	906.6666667	907.6666667	907.6666667	781	780	752.3333333	806.6666667	781	773.3333333	775.6666667	775.6666667	992.3333333	1061	826.6666667	892.3333333	933.3333333	1045.666667	947.6666667
316104750	829.05	881	879	879	880	899	900	872.3333333	925.6666667	726.6666667	727.6666667	725.6666667	727.6666667	981	1052.333333	821	872.3333333	1021	1139	1032.333333
316104755	930.78	899	900	901	900	973.3333333	972.3333333	947.6666667	1000	840	839	839	839	1040	1119	873.3333333	939	980	1107.666667	1001
316104800	956.38	1019	1019	1021	1020	1000	999	966.6666667	1034.333333	834.3333333	819	826.6666667	825.6666667	1040	1119	881	954.3333333	979	1100	992.3333333
316104805	921.73	1059	1059	1060	1060	966.6666667	966.6666667	932.3333333	1000	807.6666667	793.3333333	801	800	1021	1099	847.6666667	912.3333333	947.6666667	1065.666667	954.3333333
316104810	889.58	993.3333333	993.3333333	993.3333333	994.3333333	992.3333333	992.3333333	959	1026.666667	814.3333333	800	806.6666667	807.6666667	980	1054.333333	820	887.6666667	960	1074.333333	974.3333333
316104815	818.83	966.6666667	966.6666667	966.6666667	966.6666667	943.3333333	943.3333333	913.3333333	973.3333333	821	820	819	820	914.3333333	980	766.6666667	821	932.3333333	1045.666667	946.6666667
316104820	717.49	1000	1001	1000	999	903.3333333	904.3333333	874.3333333	933.3333333	794.3333333	786.6666667	791	790	845.6666667	899	707.6666667	753.3333333	839	933.3333333	846.6666667
316104825	720.84	954.3333333	954.3333333	952.3333333	952.3333333	892.3333333	893.3333333	893.3333333	893.3333333	733.3333333	732.3333333	732.3333333	733.3333333	852.3333333	912.3333333	705.6666667	766.6666667	767.6666667	852.3333333	766.6666667
316104830	715.78	865.6666667	867.6666667	865.6666667	865.6666667	881	879	854.3333333	905.6666667	760	754.3333333	757.6666667	757.6666667	821	873.3333333	673.3333333	727.6666667	726.6666667	813.3333333	719
316104835	774.32	880	879	881	880	907.6666667	905.6666667	874.3333333	939	799	794.3333333	797.6666667	796.6666667	800	860	666.6666667	714.3333333	687.6666667	774.3333333	685.6666667
316104840	863.31	952.3333333	952.3333333	952.3333333	953.3333333	947.6666667	947.6666667	947.6666667	946.6666667	879	867.6666667	872.3333333	873.3333333	845.6666667	907.6666667	705.6666667	774.3333333	660	747.6666667	667.6666667
316104845	926.84	1054.333333	1054.333333	1052.333333	1052.333333	886.6666667	885.6666667	852.3333333	921	887.6666667	881	882.3333333	884.3333333	920	992.3333333	766.6666667	827.6666667	707.6666667	792.3333333	707.6666667
316104850	904.17	1033.333333	1033.333333	1034.333333	1033.333333	872.3333333	872.3333333	846.6666667	901	841	833.3333333	835.6666667	837.6666667	812.3333333	879	679	734.3333333	806.6666667	892.3333333	806.6666667
316104855	882.96	1013.333333	1012.333333	1012.333333	1013.333333	816.6666667	816.6666667	792.3333333	841	819	805.6666667	814.3333333	813.3333333	707.6666667	752.3333333	592.3333333	627.6666667	801	885.6666667	799
316104900	882.22	972.3333333	972.3333333	973.3333333	973.3333333	823.3333333	824.3333333	801	846.6666667	774.3333333	759	765.6666667	765.6666667	699	754.3333333	593.3333333	633.3333333	705.6666667	773.3333333	706.6666667
316104905	842.75	914.3333333	913.3333333	914.3333333	912.3333333	812.3333333	813.3333333	786.6666667	840	773.3333333	765.6666667	769	770	701	747.6666667	592.3333333	627.6666667	680	754.3333333	666.6666667
316104910	793.55	912.3333333	912.3333333	913.3333333	912.3333333	727.6666667	727.6666667	705.6666667	747.6666667	732.3333333	732.3333333	733.3333333	732.3333333	659	714.3333333	552.3333333	606.6666667	579	653.3333333	587.6666667
316104915	782.03	872.3333333	874.3333333	874.3333333	872.3333333	692.3333333	693.3333333	674.3333333	713.3333333	687.6666667	687.6666667	686.6666667	686.6666667	654.3333333	707.6666667	546.6666667	585.6666667	560	621	545.6666667
316104920	835.23	833.3333333	832.3333333	834.3333333	833.3333333	705.6666667	707.6666667	686.6666667	726.6666667	641	640	639	641	600	645.6666667	507.6666667	546.6666667	539	606.6666667	526.6666667
316104925	866.88	813.3333333	813.3333333	813.3333333	814.3333333	605.6666667	605.6666667	585.6666667	625.6666667	613.3333333	614.3333333	612.3333333	612.3333333	545.6666667	579	461	494.3333333	520	574.3333333	506.6666667
316104930	844.92	761	761	760	761	595.6666667	597.6666667	581	614.3333333	592.3333333	585.6666667	590	589	525.6666667	560	446.6666667	473.3333333	499	567.6666667	494.3333333
316104935	828.89	674.3333333	674.3333333	674.3333333	674.3333333	624.3333333	624.3333333	607.6666667	641	634.3333333	626.6666667	631	631	547.6666667	581	459	492.3333333	520	579	513.3333333
316104940	780.76	754.3333333	752.3333333	753.3333333	752.3333333	643.3333333	643.3333333	627.6666667	659	687.6666667	680	682.3333333	682.3333333	540	565.6666667	445.6666667	487.6666667	501	565.6666667	492.3333333
316104945	772.05	807.6666667	807.6666667	805.6666667	805.6666667	681	681	659	700	639	645.6666667	644.3333333	644.3333333	552.3333333	601	466.6666667	501	499	553.3333333	485.6666667
316104950	779.67	759	761	761	761	690	690	672.3333333	706.6666667	641	632.3333333	635.6666667	637.6666667	545.6666667	579	466.6666667	493.3333333	472.3333333	527.6666667	467.6666667
316104955	718.26	753.3333333	754.3333333	753.3333333	753.3333333	735.6666667	736.6666667	713.3333333	760	626.6666667	627.6666667	625.6666667	626.6666667	545.6666667	592.3333333	465.6666667	492.3333333	460	525.6666667	461
316105000	666.4	759	759	761	760	692.3333333	693.3333333	673.3333333	712.3333333	600	594.3333333	595.6666667	595.6666667	606.6666667	652.3333333	513.3333333	546.6666667	500	565.6666667	487.6666667
316105005	665.61	741	740	741	741	616.6666667	617.6666667	601	633.3333333	613.3333333	607.6666667	610	609	794.3333333	847.6666667	645.6666667	694.3333333	659	732.3333333	645.6666667
316105010	585.86	761	759	761	759	634.3333333	633.3333333	612.3333333	654.3333333	593.3333333	592.3333333	592.3333333	594.3333333	874.3333333	939	725.6666667	772.3333333	765.6666667	840	765.6666667
316105015	532.19	712.3333333	713.3333333	714.3333333	712.3333333	632.3333333	632.3333333	612.3333333	654.3333333	592.3333333	587.6666667	590	589	832.3333333	900	687.6666667	747.6666667	679	752.3333333	667.6666667
316105020	551.8	719	721	720	719	579	579	566.6666667	593.3333333	573.3333333	572.3333333	574.3333333	572.3333333	754.3333333	800	614.3333333	652.3333333	686.6666667	754.3333333	686.6666667
316105025	578.12	701	701	701	700	556.6666667	557.6666667	541	572.3333333	561	552.3333333	556.6666667	556.6666667	667.6666667	706.6666667	545.6666667	587.6666667	701	774.3333333	686.6666667
316105030	629.95	693.3333333	694.3333333	694.3333333	693.3333333	594.3333333	593.3333333	594.3333333	592.3333333	554.3333333	561	556.6666667	555.6666667	566.6666667	605.6666667	474.3333333	501	639	714.3333333	626.6666667
316105035	640.22	672.3333333	672.3333333	673.3333333	673.3333333	686.6666667	686.6666667	667.6666667	706.6666667	520	520	519	520	527.6666667	561	427.6666667	454.3333333	606.6666667	674.3333333	600
316105040	653.79	674.3333333	673.3333333	672.3333333	673.3333333	631	630	613.3333333	645.6666667	500	507.6666667	503.3333333	502.3333333	492.3333333	532.3333333	407.6666667	426.6666667	540	592.3333333	525.6666667
316105045	643.49	674.3333333	673.3333333	674.3333333	674.3333333	594.3333333	594.3333333	572.3333333	612.3333333	481	474.3333333	475.6666667	477.6666667	473.3333333	506.6666667	393.3333333	426.6666667	499	546.6666667	485.6666667
316105050	586.81	626.6666667	625.6666667	626.6666667	626.6666667	573.3333333	572.3333333	554.3333333	593.3333333	480	473.3333333	476.6666667	476.6666667	485.6666667	532.3333333	406.6666667	434.3333333	501	547.6666667	486.6666667
316105055	573.06	600	600	600	600	551	551	534.3333333	567.6666667	445.6666667	446.6666667	445.6666667	445.6666667	487.6666667	521	407.6666667	433.3333333	500	561	492.3333333
316105100	591.01	581	580	580	580	520	519	505.6666667	532.3333333	446.6666667	446.6666667	447.6666667	445.6666667	487.6666667	519	405.6666667	427.6666667	501	560	501
316105105	568.88	566.6666667	565.6666667	567.6666667	566.6666667	555.6666667	556.6666667	539	572.3333333	439	432.3333333	436.6666667	435.6666667	526.6666667	565.6666667	434.3333333	473.3333333	541	586.6666667	526.6666667
316105110	548.24	540	540	541	541	621	620	599	641	459	466.6666667	463.3333333	462.3333333	580	621	474.3333333	512.3333333	561	613.3333333	545.6666667
316105115	543.01	620	621	621	620	593.3333333	594.3333333	574.3333333	614.3333333	560	561	561	560	527.6666667	581	433.3333333	474.3333333	533.3333333	579	521
316105120	577.74	707.6666667	707.6666667	706.6666667	706.6666667	542.3333333	544.3333333	527.6666667	559	601	585.6666667	592.3333333	594.3333333	547.6666667	579	447.6666667	473.3333333	500	554.3333333	494.3333333
316105125	578.97	685.6666667	686.6666667	686.6666667	685.6666667	520	520	507.6666667	533.3333333	560	566.6666667	563.3333333	563.3333333	525.6666667	572.3333333	434.3333333	472.3333333	459	506.6666667	454.3333333
316105130	545.35	641	641	640	640	532.3333333	532.3333333	514.3333333	552.3333333	561	560	560	560	485.6666667	520	399	426.6666667	440	487.6666667	419
316105135	518.61	641	640	641	639	612.3333333	613.3333333	612.3333333	614.3333333	599	587.6666667	592.3333333	594.3333333	447.6666667	485.6666667	380	407.6666667	413.3333333	454.3333333	406.6666667
316105140	501.29	741	740	739	739	669	669	646.6666667	692.3333333	653.3333333	646.6666667	649	651	425.6666667	459	360	381	420	467.6666667	412.3333333
316105145	475.08	833.3333333	832.3333333	833.3333333	834.3333333	606.6666667	606.6666667	594.3333333	621	599	593.3333333	596.6666667	597.6666667	445.6666667	480	365.6666667	387.6666667	425.6666667	473.3333333	420
316105150	480.64	733.3333333	733.3333333	733.3333333	732.3333333	545.6666667	545.6666667	527.6666667	567.6666667	500	506.6666667	504.3333333	502.3333333	467.6666667	512.3333333	385.6666667	413.3333333	461	505.6666667	453.3333333
316105155	553.48	586.6666667	585.6666667	585.6666667	587.6666667	512.3333333	513.3333333	494.3333333	533.3333333	460	454.3333333	455.6666667	456.6666667	499	552.3333333	413.3333333	447.6666667	561	614.3333333	546.6666667
316105200	579.4	539	540	539	541	517.6666667	517.6666667	501	533.3333333	460	452.3333333	457.6666667	457.6666667	585.6666667	640	481	514.3333333	726.6666667	786.6666667	707.6666667
316105205	540.79	546.6666667	546.6666667	546.6666667	546.6666667	517.6666667	517.6666667	501	533.3333333	447.6666667	447.6666667	446.6666667	446.6666667	566.6666667	600	452.3333333	492.3333333	712.3333333	781	707.6666667
316105210	507.49	545.6666667	545.6666667	546.6666667	547.6666667	495.6666667	497.6666667	480	513.3333333	441	434.3333333	435.6666667	436.6666667	585.6666667	639	473.3333333	514.3333333	634.3333333	692.3333333	626.6666667
316105215	511.89	539	539	541	541	450	450	432.3333333	466.6666667	494.3333333	487.6666667	491	491	621	673.3333333	512.3333333	545.6666667	553.3333333	613.3333333	545.6666667
316105220	580.06	559	561	561	559	470	471	452.3333333	485.6666667	500	505.6666667	502.3333333	502.3333333	601	645.6666667	487.6666667	512.3333333	566.6666667	612.3333333	553.3333333
316105225	665.45	567.6666667	567.6666667	566.6666667	567.6666667	476.6666667	475.6666667	461	493.3333333	534.3333333	527.6666667	529	529	561	606.6666667	454.3333333	494.3333333	540	593.3333333	527.6666667
316105230	604.72	601	601	601	599	493.3333333	494.3333333	474.3333333	513.3333333	514.3333333	507.6666667	511	511	527.6666667	574.3333333	434.3333333	453.3333333	561	607.6666667	539
316105235	518.3	600	599	600	600	452.3333333	452.3333333	439	467.6666667	500	492.3333333	495.6666667	497.6666667	527.6666667	560	425.6666667	454.3333333	601	646.6666667	587.6666667
316105240	487.67	567.6666667	567.6666667	566.6666667	567.6666667	420	421	405.6666667	433.3333333	473.3333333	472.3333333	472.3333333	474.3333333	546.6666667	587.6666667	445.6666667	473.3333333	620	673.3333333	606.6666667
316105245	483.41	521	519	521	519	416.6666667	416.6666667	407.6666667	425.6666667	460	461	460	460	607.6666667	659	494.3333333	525.6666667	667.6666667	721	653.3333333
316105250	492.91	501	500	501	500	465.6666667	466.6666667	453.3333333	479	419	419	420	420	561	613.3333333	454.3333333	492.3333333	541	579	521
316105255	480.09	500	501	499	501	532.3333333	532.3333333	519	546.6666667	439	434.3333333	437.6666667	435.6666667	540	581	440	473.3333333	479	519	459
316105300	449.12	567.6666667	565.6666667	565.6666667	565.6666667	501	501	487.6666667	513.3333333	474.3333333	466.6666667	471	470	525.6666667	566.6666667	426.6666667	452.3333333	479	525.6666667	467.6666667
316105305	457.94	581	581	580	581	460	459	445.6666667	474.3333333	419	419	421	421	587.6666667	647.6666667	474.3333333	512.3333333	559	600	540
316105310	480.85	525.6666667	527.6666667	527.6666667	527.6666667	447.6666667	446.6666667	433.3333333	459	385.6666667	385.6666667	387.6666667	386.6666667	566.6666667	619	461	493.3333333	621	672.3333333	606.6666667
316105315	486.36	465.6666667	465.6666667	465.6666667	466.6666667	393.3333333	393.3333333	380	407.6666667	333.3333333	334.3333333	332.3333333	333.3333333	545.6666667	600	453.3333333	493.3333333	579	633.3333333	561
316105320	462.98	413.3333333	412.3333333	413.3333333	412.3333333	440	439	426.6666667	453.3333333	313.3333333	312.3333333	314.3333333	314.3333333	587.6666667	641	473.3333333	512.3333333	581	632.3333333	565.6666667
316105325	431.02	394.3333333	394.3333333	392.3333333	392.3333333	445.6666667	447.6666667	433.3333333	461	321	312.3333333	316.6666667	317.6666667	586.6666667	626.6666667	472.3333333	500	581	634.3333333	565.6666667
316105330	411.53	406.6666667	405.6666667	405.6666667	405.6666667	491	489	472.3333333	506.6666667	314.3333333	312.3333333	314.3333333	313.3333333	545.6666667	587.6666667	432.3333333	472.3333333	559	612.3333333	545.6666667
316105335	430.07	407.6666667	407.6666667	406.6666667	407.6666667	489	489	473.3333333	506.6666667	353.3333333	347.6666667	349	350	506.6666667	546.6666667	414.3333333	452.3333333	521	565.6666667	507.6666667
316105340	496.47	453.3333333	452.3333333	453.3333333	453.3333333	501	499	485.6666667	513.3333333	373.3333333	372.3333333	372.3333333	374.3333333	520	566.6666667	419	445.6666667	620	674.3333333	613.3333333
316105345	506.97	459	461	460	459	477.6666667	477.6666667	461	493.3333333	381	372.3333333	375.6666667	375.6666667	606.6666667	659	487.6666667	521	673.3333333	726.6666667	659
316105350	474.13	507.6666667	505.6666667	507.6666667	506.6666667	499	501	485.6666667	513.3333333	441	441	440	440	566.6666667	621	466.6666667	505.6666667	573.3333333	614.3333333	554.3333333
316105355	438.77	566.6666667	565.6666667	565.6666667	567.6666667	524.3333333	523.3333333	505.6666667	539	460	452.3333333	457.6666667	456.6666667	540	585.6666667	434.3333333	472.3333333	520	560	499
316105400	397.31	626.6666667	627.6666667	626.6666667	627.6666667	667.6666667	667.6666667	645.6666667	686.6666667	512.3333333	506.6666667	509	511	625.6666667	686.6666667	512.3333333	546.6666667	520	565.6666667	505.6666667
316105405	386.91	681	680	680	680	704.3333333	704.3333333	681	726.6666667	566.6666667	560	564.3333333	564.3333333	700	759	565.6666667	621	540	594.3333333	527.6666667
316105410	413.46	780	779	781	779	669	671	654.3333333	685.6666667	725.6666667	721	723.3333333	723.3333333	812.3333333	879	665.6666667	713.3333333	672.3333333	740	667.6666667
316105415	437.29	834.3333333	834.3333333	833.3333333	834.3333333	532.3333333	532.3333333	512.3333333	553.3333333	714.3333333	720	715.6666667	716.6666667	845.6666667	920	685.6666667	732.3333333	786.6666667	859	787.6666667
316105420	460.28	733.3333333	734.3333333	733.3333333	733.3333333	570	570	554.3333333	585.6666667	672.3333333	666.6666667	669	669	773.3333333	840	619	673.3333333	793.3333333	861	793.3333333
316105425	468.64	792.3333333	792.3333333	794.3333333	792.3333333	726.6666667	727.6666667	705.6666667	746.6666667	706.6666667	700	703.3333333	704.3333333	741	806.6666667	600	640	813.3333333	879	806.6666667
316105430	480.34	852.3333333	853.3333333	854.3333333	853.3333333	784.3333333	784.3333333	759	805.6666667	632.3333333	627.6666667	631	630	714.3333333	780	581	625.6666667	781	841	760
316105435	503.63	833.3333333	834.3333333	834.3333333	832.3333333	765.6666667	767.6666667	739	794.3333333	606.6666667	607.6666667	607.6666667	607.6666667	672.3333333	732.3333333	547.6666667	600	661	721	647.6666667
316105440	537.91	812.3333333	812.3333333	813.3333333	814.3333333	733.3333333	733.3333333	714.3333333	752.3333333	574.3333333	566.6666667	570	570	666.6666667	725.6666667	540	573.3333333	599	660	586.6666667
316105445	612.63	732.3333333	733.3333333	733.3333333	734.3333333	692.3333333	694.3333333	672.3333333	714.3333333	612.3333333	605.6666667	610	609	586.6666667	641	480	506.6666667	540	580	527.6666667
316105450	706.71	733.3333333	732.3333333	732.3333333	732.3333333	679	679	660	700	734.3333333	725.6666667	731	729	607.6666667	661	480	520	539	592.3333333	525.6666667
316105455	696.77	853.3333333	854.3333333	854.3333333	852.3333333	574.3333333	574.3333333	553.3333333	593.3333333	574.3333333	574.3333333	574.3333333	574.3333333	565.6666667	612.3333333	453.3333333	492.3333333	554.3333333	593.3333333	541
316105500	630.22	707.6666667	705.6666667	706.6666667	705.6666667	514.3333333	514.3333333	493.3333333	533.3333333	479	486.6666667	484.3333333	483.3333333	521	559	413.3333333	440	493.3333333	532.3333333	480
316105505	595.03	599	601	600	601	494.3333333	494.3333333	474.3333333	513.3333333	541	533.3333333	535.6666667	537.6666667	426.6666667	459	346.6666667	366.6666667	487.6666667	525.6666667	472.3333333
316105510	711.02	680	680	681	681	516.6666667	515.6666667	501	533.3333333	553.3333333	545.6666667	551	549	414.3333333	460	340	365.6666667	499	554.3333333	485.6666667
316105515	780.55	672.3333333	672.3333333	672.3333333	674.3333333	513.3333333	512.3333333	493.3333333	534.3333333	539	546.6666667	542.3333333	543.3333333	427.6666667	460	345.6666667	365.6666667	541	593.3333333	525.6666667
316105520	773.21	639	641	641	641	441	439	427.6666667	454.3333333	473.3333333	465.6666667	469	469	499	539	392.3333333	426.6666667	481	505.6666667	461
316105525	732.34	613.3333333	614.3333333	614.3333333	614.3333333	427.6666667	426.6666667	414.3333333	441	453.3333333	445.6666667	450	451	605.6666667	654.3333333	500	541	473.3333333	512.3333333	454.3333333
316105530	697.52	605.6666667	605.6666667	605.6666667	606.6666667	540	540	526.6666667	552.3333333	493.3333333	485.6666667	490	491	674.3333333	740	561	605.6666667	613.3333333	652.3333333	594.3333333
316105535	690.39	586.6666667	586.6666667	587.6666667	585.6666667	575.6666667	575.6666667	560	594.3333333	545.6666667	553.3333333	551	550	761	832.3333333	626.6666667	674.3333333	600	653.3333333	585.6666667
316105540	633.08	641	641	639	641	643.3333333	642.3333333	620	666.6666667	539	541	541	540	805.6666667	879	666.6666667	721	605.6666667	653.3333333	593.3333333
316105545	540.52	666.6666667	666.6666667	666.6666667	665.6666667	761	761	740	781	654.3333333	646.6666667	649	651	846.6666667	926.6666667	694.3333333	752.3333333	825.6666667	899	827.6666667
316105550	543.05	793.3333333	793.3333333	793.3333333	792.3333333	774.3333333	773.3333333	747.6666667	800	712.3333333	721	717.6666667	716.6666667	912.3333333	999	754.3333333	819	925.6666667	1014.333333	926.6666667
316105555	547.08	854.3333333	853.3333333	852.3333333	854.3333333	714.3333333	714.3333333	714.3333333	714.3333333	634.3333333	625.6666667	630	629	912.3333333	1007.666667	752.3333333	821	825.6666667	899	826.6666667
316105600	551.43	874.3333333	874.3333333	873.3333333	873.3333333	872.3333333	873.3333333	873.3333333	872.3333333	813.3333333	800	806.6666667	806.6666667	947.6666667	1026.666667	773.3333333	834.3333333	780	840	767.6666667
316105605	506.35	1025.666667	1027.666667	1025.666667	1027.666667	945.6666667	946.6666667	912.3333333	980	893.3333333	887.6666667	890	889	945.6666667	1032.333333	780	841	900	979	899
316105610	481.36	1066.666667	1065.666667	1066.666667	1065.666667	831	830	799	860	952.3333333	939	945.6666667	945.6666667	994.3333333	1087.666667	820	892.3333333	965.6666667	1039	966.6666667
316105615	508.39	1140	1141	1140	1139	856.6666667	857.6666667	834.3333333	880	933.3333333	920	926.6666667	925.6666667	1000	1087.666667	819	894.3333333	961	1039	959
316105620	567.95	1105.666667	1107.666667	1106.666667	1106.666667	947.6666667	946.6666667	914.3333333	981	853.3333333	839	847.6666667	847.6666667	1006.666667	1100	826.6666667	901	980	1074.333333	980
316105625	621.71	994.3333333	993.3333333	994.3333333	992.3333333	991	990	954.3333333	1027.666667	873.3333333	880	875.6666667	875.6666667	1007.666667	1101	841	907.6666667	972.3333333	1061	973.3333333
316105630	719.3	933.3333333	933.3333333	934.3333333	934.3333333	1016.666667	1015.666667	980	1053.333333	933.3333333	926.6666667	929	931	1012.333333	1092.333333	821	892.3333333	960	1041	959
316105635	799.55	1101	1100	1101	1100	1007.666667	1005.666667	973.3333333	1040	912.3333333	899	905.6666667	906.6666667	994.3333333	1081	821	885.6666667	994.3333333	1085.666667	1001
316105640	809.39	1099	1101	1100	1101	1011	1011	973.3333333	1046.666667	925.6666667	920	922.3333333	922.3333333	986.6666667	1094.333333	820	893.3333333	986.6666667	1073.333333	986.6666667
316105645	862.25	1113.333333	1114.333333	1113.333333	1113.333333	1029	1031	992.3333333	1066.666667	934.3333333	921	926.6666667	926.6666667	1014.333333	1092.333333	827.6666667	894.3333333	1001	1092.333333	1000
316105650	951.05	1125.666667	1126.666667	1127.666667	1126.666667	1011	1011	974.3333333	1046.666667	932.3333333	920	925.6666667	926.6666667	1000	1094.333333	827.6666667	893.3333333	1001	1085.666667	999
316105655	946.73	1121	1120	1119	1119	1009	1009	973.3333333	1046.666667	933.3333333	919	926.6666667	927.6666667	1006.666667	1087.666667	821	893.3333333	987.6666667	1073.333333	1000
316105700	906.35	1120	1119	1119	1120	1025.666667	1026.666667	992.3333333	1060	932.3333333	926.6666667	929	929	1005.666667	1092.333333	819	894.3333333	987.6666667	1080	1007.666667
316105705	900.99	1127.666667	1125.666667	1125.666667	1126.666667	1031	1031	994.3333333	1065.666667	932.3333333	919	925.6666667	925.6666667	1001	1094.333333	819	894.3333333	985.6666667	1079	1000
316105710	929.23	1101	1101	1100	1099	1027.666667	1025.666667	993.3333333	1061	892.3333333	880	885.6666667	886.6666667	1001	1087.666667	821	893.3333333	986.6666667	1072.333333	986.6666667
316105715	989.77	1113.333333	1112.333333	1113.333333	1113.333333	1006.666667	1006.666667	974.3333333	1039	919	912.3333333	917.6666667	916.6666667	1006.666667	1093.333333	819	894.3333333	993.3333333	1079	1001
316105720	988.86	1119	1121	1120	1121	1017.666667	1017.666667	980	1052.333333	934.3333333	921	925.6666667	925.6666667	1006.666667	1086.666667	819	893.3333333	979	1079	999
316105725	991.72	1121	1120	1119	1121	1016.666667	1016.666667	973.3333333	1060	933.3333333	920	925.6666667	926.6666667	985.6666667	1080	820	886.6666667	985.6666667	1081	1000
316105730	990.47	1120	1119	1121	1120	1021	1020	986.6666667	1053.333333	934.3333333	920	926.6666667	925.6666667	1001	1086.666667	819	894.3333333	985.6666667	1080	1001
316105735	991.71	1121	1121	1120	1119	1015.666667	1015.666667	979	1054.333333	933.3333333	919	926.6666667	927.6666667	999	1081	820	893.3333333	985.6666667	1074.333333	1000
316105740	991.36	1121	1120	1120	1119	1014.333333	1014.333333	973.3333333	1054.333333	933.3333333	919	926.6666667	926.6666667	1006.666667	1079	820	894.3333333	986.6666667	1086.666667	1000
316105745	990.33	1121	1120	1121	1121	1013.333333	1012.333333	972.3333333	1054.333333	933.3333333	919	927.6666667	925.6666667	993.3333333	1087.666667	820	893.3333333	987.6666667	1081	986.6666667
316105750	989.58	1121	1119	1121	1121	1012.333333	1013.333333	973.3333333	1054.333333	933.3333333	919	926.6666667	925.6666667	994.3333333	1086.666667	821	894.3333333	992.3333333	1074.333333	1001
316105755	989.75	1121	1119	1121	1121	1015.666667	1017.666667	981	1054.333333	932.3333333	921	926.6666667	927.6666667	994.3333333	1081	819	894.3333333	980	1081	993.3333333
316105800	991.34	1121	1120	1121	1120	1015.666667	1015.666667	981	1052.333333	914.3333333	913.3333333	913.3333333	912.3333333	994.3333333	1080	819	894.3333333	986.6666667	1079	993.3333333
316105805	991.75	1119	1121	1119	1120	1017.666667	1015.666667	974.3333333	1059	921	920	919	919	1000	1080	819	893.3333333	981	1072.333333	994.3333333
316105810	989.41	1119	1120	1119	1119	1016.666667	1015.666667	980	1052.333333	921	921	919	919	986.6666667	1080	819	892.3333333	986.6666667	1074.333333	994.3333333
316105815	989.68	1120	1121	1119	1119	1015.666667	1016.666667	979	1053.333333	920	921	920	921	992.3333333	1079	820	885.6666667	980	1072.333333	993.3333333
316105820	989.57	1119	1121	1119	1120	1017.666667	1016.666667	973.3333333	1061	921	921	921	920	985.6666667	1079	821	887.6666667	980	1081	992.3333333
316105825	989.24	1113.333333	1112.333333	1113.333333	1114.333333	1012.333333	1013.333333	974.3333333	1052.333333	934.3333333	919	927.6666667	925.6666667	992.3333333	1079	820	887.6666667	987.6666667	1073.333333	981
316105830	989.6	1119	1120	1121	1119	1014.333333	1013.333333	972.3333333	1053.333333	912.3333333	913.3333333	912.3333333	913.3333333	1001	1079	820	887.6666667	981	1074.333333	986.6666667
316105835	990.33	1113.333333	1114.333333	1114.333333	1112.333333	1013.333333	1012.333333	973.3333333	1054.333333	932.3333333	919	927.6666667	926.6666667	999	1080	819	886.6666667	979	1072.333333	985.6666667
316105840	990.84	1119	1119	1119	1119	1017.666667	1016.666667	980	1054.333333	934.3333333	921	925.6666667	926.6666667	994.3333333	1079	819	886.6666667	981	1074.333333	986.6666667
316105845	989.33	1121	1121	1120	1120	1009	1009	973.3333333	1045.666667	933.3333333	921	925.6666667	926.6666667	986.6666667	1079	821	887.6666667	979	1072.333333	985.6666667
316105850	991.74	1114.333333	1113.333333	1114.333333	1114.333333	1016.666667	1015.666667	979	1053.333333	934.3333333	919	925.6666667	926.6666667	993.3333333	1072.333333	819	887.6666667	986.6666667	1074.333333	986.6666667
316105855	990.66	1112.333333	1114.333333	1114.333333	1113.333333	1010	1009	974.3333333	1045.666667	933.3333333	920	925.6666667	925.6666667	994.3333333	1074.333333	821	887.6666667	986.6666667	1072.333333	985.6666667
316105900	991.17	1113.333333	1113.333333	1112.333333	1112.333333	1009	1010	974.3333333	1045.666667	932.3333333	919	925.6666667	927.6666667	992.3333333	1080	820	886.6666667	986.6666667	1073.333333	986.6666667
316105905	991.52	1114.333333	1114.333333	1112.333333	1112.333333	1009	1010	974.3333333	1047.666667	933.3333333	914.3333333	923.3333333	922.3333333	992.3333333	1080	820	886.6666667	979	1072.333333	986.6666667
316105910	989.66	1112.333333	1114.333333	1113.333333	1114.333333	1010	1009	973.3333333	1047.666667	934.3333333	919	927.6666667	926.6666667	993.3333333	1073.333333	819	881	980	1074.333333	986.6666667
316105915	990.28	1113.333333	1114.333333	1113.333333	1113.333333	1047.666667	1047.666667	1045.666667	1047.666667	926.6666667	919	924.3333333	924.3333333	992.3333333	1072.333333	820	887.6666667	987.6666667	1073.333333	985.6666667
316105920	989.24	1114.333333	1114.333333	1114.333333	1114.333333	1009	1010	973.3333333	1047.666667	934.3333333	920	925.6666667	926.6666667	993.3333333	1079	819	887.6666667	981	1072.333333	987.6666667
316105925	990.75	1113.333333	1112.333333	1114.333333	1113.333333	1011	1011	973.3333333	1046.666667	934.3333333	919	925.6666667	927.6666667	992.3333333	1072.333333	821	886.6666667	979	1072.333333	987.6666667
316105930	991.5	1112.333333	1112.333333	1114.333333	1112.333333	1009	1009	972.3333333	1046.666667	932.3333333	920	926.6666667	925.6666667	992.3333333	1079	821	885.6666667	985.6666667	1074.333333	987.6666667
316105935	989.54	1114.333333	1112.333333	1113.333333	1112.333333	1045.666667	1045.666667	1046.666667	1045.666667	932.3333333	919	927.6666667	926.6666667	994.3333333	1079	821	887.6666667	981	1072.333333	985.6666667
316105940	991.23	1114.333333	1114.333333	1114.333333	1112.333333	1010	1011	972.3333333	1046.666667	933.3333333	919	927.6666667	927.6666667	986.6666667	1080	820	887.6666667	979	1073.333333	985.6666667
316105945	989.96	1114.333333	1114.333333	1113.333333	1112.333333	1009	1010	974.3333333	1047.666667	932.3333333	920	927.6666667	927.6666667	992.3333333	1060	821	887.6666667	981	1074.333333	987.6666667
316105950	991.08	1114.333333	1112.333333	1113.333333	1112.333333	1011	1011	972.3333333	1047.666667	933.3333333	920	927.6666667	925.6666667	992.3333333	1080	819	886.6666667	980	1073.333333	986.6666667
316105955	990.26	1114.333333	1112.333333	1112.333333	1112.333333	1009	1010	972.3333333	1045.666667	933.3333333	921	925.6666667	925.6666667	987.6666667	1081	820	885.6666667	981	1074.333333	987.6666667
316110000	990.63	1112.333333	1113.333333	1112.333333	1112.333333	1009	1009	973.3333333	1045.666667	933.3333333	912.3333333	923.3333333	924.3333333	987.6666667	1072.333333	819	886.6666667	980	1073.333333	986.6666667
316110005	990.83	1114.333333	1112.333333	1114.333333	1114.333333	1011	1010	972.3333333	1047.666667	921	920	919	920	994.3333333	1065.666667	819	887.6666667	980	1067.666667	987.6666667
316110010	990.19	1113.333333	1113.333333	1113.333333	1112.333333	1007.666667	1005.666667	965.6666667	1046.666667	933.3333333	919	925.6666667	925.6666667	985.6666667	1072.333333	819	887.6666667	981	1074.333333	985.6666667
316110015	989.42	1114.333333	1114.333333	1113.333333	1114.333333	1010	1010	974.3333333	1046.666667	926.6666667	919	923.3333333	922.3333333	993.3333333	1072.333333	821	887.6666667	981	1066.666667	987.6666667
316110020	990.27	1114.333333	1113.333333	1112.333333	1114.333333	1010	1010	974.3333333	1046.666667	927.6666667	920	923.3333333	924.3333333	993.3333333	1080	820	885.6666667	981	1066.666667	987.6666667
316110025	991.63	1113.333333	1113.333333	1112.333333	1112.333333	1010	1011	972.3333333	1046.666667	927.6666667	921	922.3333333	924.3333333	992.3333333	1079	820	886.6666667	980	1066.666667	994.3333333
316110030	990.4	1114.333333	1114.333333	1112.333333	1113.333333	1009	1010	974.3333333	1046.666667	920	920	919	921	994.3333333	1080	821	887.6666667	981	1067.666667	986.6666667
316110035	990.46	1114.333333	1112.333333	1112.333333	1113.333333	1009	1009	973.3333333	1047.666667	933.3333333	920	925.6666667	926.6666667	992.3333333	1073.333333	820	887.6666667	985.6666667	1066.666667	987.6666667
316110040	990.21	1114.333333	1114.333333	1113.333333	1112.333333	1011	1009	973.3333333	1046.666667	932.3333333	919	927.6666667	927.6666667	993.3333333	1074.333333	819	886.6666667	981	1067.666667	985.6666667
316110045	989.33	1112.333333	1114.333333	1113.333333	1113.333333	1010	1011	973.3333333	1045.666667	932.3333333	920	926.6666667	926.6666667	994.3333333	1072.333333	821	885.6666667	981	1066.666667	987.6666667
316110050	989.78	1113.333333	1112.333333	1113.333333	1113.333333	1011	1011	974.3333333	1047.666667	932.3333333	920	926.6666667	925.6666667	986.6666667	1080	819	887.6666667	981	1066.666667	985.6666667
316110055	989.38	1112.333333	1113.333333	1112.333333	1113.333333	1045.666667	1046.666667	1045.666667	1047.666667	934.3333333	912.3333333	923.3333333	924.3333333	986.6666667	1072.333333	821	887.6666667	979	1065.666667	986.6666667
316110100	990.53	1114.333333	1112.333333	1114.333333	1114.333333	1012.333333	1014.333333	979	1046.666667	926.6666667	921	923.3333333	922.3333333	985.6666667	1072.333333	819	887.6666667	987.6666667	1066.666667	985.6666667
316110105	991.85	1112.333333	1114.333333	1114.333333	1112.333333	1009	1011	974.3333333	1045.666667	933.3333333	921	925.6666667	926.6666667	992.3333333	1066.666667	820	960	979	1074.333333	985.6666667
316110110	991.68	1112.333333	1114.333333	1112.333333	1113.333333	1010	1011	974.3333333	1045.666667	932.3333333	921	927.6666667	926.6666667	992.3333333	1072.333333	819	963.2222222	981	1066.666667	986.6666667
316110115	991.47	1113.333333	1113.333333	1113.333333	1112.333333	1011	1010	974.3333333	1045.666667	933.3333333	921	925.6666667	927.6666667	987.6666667	1072.333333	821	887.6666667	986.6666667	1066.666667	986.6666667
316110120	989.92	1113.333333	1112.333333	1113.333333	1114.333333	19	681	974.3333333	1045.666667	933.3333333	920	927.6666667	927.6666667	986.6666667	1074.333333	820	885.6666667	981	1065.666667	987.6666667
316110125	990.46	1114.333333	1112.333333	1113.333333	1112.333333	1014.333333	1012.333333	981	1046.666667	933.3333333	921	927.6666667	925.6666667	992.3333333	1072.333333	820	887.6666667	981	1066.666667	987.6666667
316110130	990.74	1113.333333	1112.333333	1113.333333	1114.333333	1009	1009	972.3333333	1046.666667	926.6666667	912.3333333	920	919	986.6666667	1065.666667	821	886.6666667	981	1065.666667	985.6666667
316110135	989.25	1112.333333	1113.333333	1112.333333	1112.333333	1011	1011	972.3333333	1045.666667	933.3333333	919	926.6666667	927.6666667	993.3333333	1065.666667	821	886.6666667	981	1065.666667	986.6666667
316110140	942.78	1114.333333	1113.333333	1114.333333	1114.333333	1011	1011	973.3333333	1045.666667	933.3333333	921	926.6666667	925.6666667	985.6666667	1079	819	885.6666667	981	1065.666667	986.6666667
316110145	944.44	1113.333333	1112.333333	1114.333333	1112.333333	1009	1010	974.3333333	1046.666667	934.3333333	920	925.6666667	925.6666667	993.3333333	1065.666667	821	887.6666667	987.6666667	1066.666667	985.6666667
316110150	990.18	1114.333333	1113.333333	1114.333333	1112.333333	1011	1009	974.3333333	1045.666667	933.3333333	919	925.6666667	925.6666667	987.6666667	1066.666667	821	886.6666667	986.6666667	1066.666667	985.6666667
316110155	988.75	1113.333333	1112.333333	1114.333333	1113.333333	1011	1009	974.3333333	1045.666667	919	921	919	919	992.3333333	1072.333333	821	886.6666667	981	1067.666667	985.6666667
316110200	990.84	1112.333333	1114.333333	1114.333333	1114.333333	1010	1011	974.3333333	1046.666667	921	920	921	919	994.3333333	1073.333333	819	886.6666667	979	1067.666667	987.6666667
316110205	990.92	1112.333333	1113.333333	1112.333333	1114.333333	972.3333333	973.3333333	974.3333333	972.3333333	919	919	919	919	986.6666667	1079	819	887.6666667	981	1065.666667	985.6666667
316110210	940.39	1113.333333	1112.333333	1112.333333	1114.333333	1011	1011	973.3333333	1045.666667	919	921	921	921	986.6666667	1065.666667	819	885.6666667	981	1065.666667	987.6666667
316110215	987.2	1120	1120	1119	1120	974.3333333	972.3333333	974.3333333	972.3333333	920	919	920	919	992.3333333	1066.666667	820	886.6666667	981	1067.666667	986.6666667
316110220	988.28	1114.333333	1113.333333	1114.333333	1113.333333	1011	1010	974.3333333	1046.666667	920	920	921	921	992.3333333	1081	826.6666667	886.6666667	981	1065.666667	985.6666667
316110225	987.38	1113.333333	1113.333333	1112.333333	1113.333333	1010	1011	972.3333333	1046.666667	919	920	919	921	986.6666667	1073.333333	812.3333333	885.6666667	979	1065.666667	979
316110230	986.32	1112.333333	1113.333333	1114.333333	1113.333333	1010	1009	972.3333333	1047.666667	920	920	919	919	986.6666667	1073.333333	814.3333333	885.6666667	981	1065.666667	985.6666667
316110235	987.35	1114.333333	1114.333333	1112.333333	1112.333333	1009	1009	972.3333333	1045.666667	920	921	920	920	1001	1066.666667	825.6666667	886.6666667	980	1067.666667	987.6666667
316110240	986.17	1113.333333	1114.333333	1112.333333	1112.333333	1011	1010	973.3333333	1046.666667	919	919	921	920	994.3333333	1065.666667	820	887.6666667	981	1065.666667	986.6666667
316110245	985.39	1114.333333	1112.333333	1113.333333	1113.333333	1011	1010	973.3333333	1046.666667	921	919	920	921	993.3333333	1066.666667	825.6666667	887.6666667	981	1065.666667	985.6666667
316110250	984.32	1112.333333	1113.333333	1112.333333	1113.333333	1010	1010	972.3333333	1045.666667	919	919	919	920	987.6666667	1073.333333	826.6666667	885.6666667	980	1067.666667	985.6666667
316110255	984.97	1112.333333	1114.333333	1114.333333	1112.333333	1009	1011	974.3333333	1045.666667	933.3333333	919	926.6666667	926.6666667	986.6666667	1080	825.6666667	885.6666667	981	1066.666667	987.6666667
316110300	984.89	1114.333333	1113.333333	1112.333333	1113.333333	1014.333333	1014.333333	979	1047.666667	934.3333333	919	926.6666667	927.6666667	993.3333333	1065.666667	825.6666667	893.3333333	980	1066.666667	986.6666667
316110305	984.48	1113.333333	1113.333333	1113.333333	1112.333333	1010	1009	973.3333333	1047.666667	932.3333333	921	927.6666667	925.6666667	994.3333333	1074.333333	821	887.6666667	981	1066.666667	985.6666667
316110310	982.31	1112.333333	1114.333333	1113.333333	1112.333333	1009	1011	973.3333333	1046.666667	934.3333333	920	926.6666667	925.6666667	992.3333333	1065.666667	825.6666667	879	980	1067.666667	987.6666667
316110315	984.65	1113.333333	1113.333333	1113.333333	1113.333333	1011	1010	972.3333333	1045.666667	934.3333333	919	927.6666667	925.6666667	985.6666667	1081	825.6666667	885.6666667	980	1066.666667	992.3333333
316110320	983.22	1113.333333	1112.333333	1114.333333	1112.333333	1009	1009	974.3333333	1047.666667	934.3333333	919	925.6666667	925.6666667	1000	1081	826.6666667	893.3333333	979	1067.666667	987.6666667
316110325	981.75	1113.333333	1114.333333	1112.333333	1112.333333	1009	1010	973.3333333	1047.666667	933.3333333	920	925.6666667	927.6666667	992.3333333	1072.333333	827.6666667	881	980	1067.666667	994.3333333
316110330	981.39	1112.333333	1112.333333	1113.333333	1113.333333	1010	1009	974.3333333	1047.666667	932.3333333	913.3333333	924.3333333	923.3333333	993.3333333	1060	826.6666667	892.3333333	981	1065.666667	987.6666667
316110335	981.77	1112.333333	1112.333333	1114.333333	1113.333333	1010	1009	974.3333333	1045.666667	934.3333333	920	926.6666667	925.6666667	1001	1067.666667	827.6666667	887.6666667	979	1067.666667	987.6666667
316110340	982.79	1112.333333	1114.333333	1112.333333	1113.333333	1011	1010	972.3333333	1047.666667	933.3333333	919	926.6666667	926.6666667	992.3333333	1060	826.6666667	887.6666667	979	1067.666667	986.6666667
316110345	982.24	1120	1121	1121	1120	1009	1009	974.3333333	1046.666667	932.3333333	920	927.6666667	926.6666667	985.6666667	1066.666667	827.6666667	892.3333333	981	1067.666667	993.3333333
316110350	979.5	1112.333333	1112.333333	1113.333333	1113.333333	1009	1011	973.3333333	1046.666667	934.3333333	921	927.6666667	927.6666667	992.3333333	1065.666667	826.6666667	892.3333333	980	1065.666667	992.3333333
316110355	980.81	1114.333333	1114.333333	1113.333333	1114.333333	1009	1010	972.3333333	1047.666667	932.3333333	919	925.6666667	925.6666667	986.6666667	1060	826.6666667	886.6666667	1031	1073.333333	985.6666667
316110400	979.6	1119	1119	1121	1121	1009	1011	974.3333333	1046.666667	932.3333333	921	925.6666667	925.6666667	993.3333333	1066.666667	833.3333333	893.3333333	979	1066.666667	985.6666667
316110405	978.8	1121	1120	1119	1120	1009	1011	973.3333333	1046.666667	932.3333333	921	927.6666667	925.6666667	1001	1067.666667	826.6666667	880	980	1066.666667	985.6666667
316110410	978.62	1120	1119	1120	1119	1009	1009	972.3333333	1045.666667	933.3333333	919	927.6666667	926.6666667	992.3333333	1065.666667	825.6666667	887.6666667	979	1066.666667	993.3333333
316110415	979.53	1114.333333	1113.333333	1112.333333	1114.333333	1010	1009	972.3333333	1047.666667	932.3333333	927.6666667	931	930	993.3333333	1067.666667	826.6666667	892.3333333	980	1067.666667	992.3333333
316110420	977.61	1112.333333	1113.333333	1113.333333	1112.333333	1010	1010	974.3333333	1047.666667	933.3333333	927.6666667	930	931	992.3333333	1067.666667	825.6666667	894.3333333	979	1065.666667	987.6666667
316110425	976.39	1119	1120	1121	1121	1010	1011	974.3333333	1047.666667	934.3333333	927.6666667	930	929	992.3333333	1066.666667	827.6666667	885.6666667	980	1066.666667	986.6666667
316110430	975.99	1121	1121	1120	1119	1009	1011	972.3333333	1045.666667	934.3333333	927.6666667	931	931	992.3333333	1065.666667	825.6666667	885.6666667	979	1067.666667	987.6666667
316110435	977.5	1121	1121	1119	1121	1010	1011	973.3333333	1046.666667	934.3333333	925.6666667	929	930	993.3333333	1067.666667	827.6666667	893.3333333	981	1066.666667	994.3333333
316110440	977.18	1120	1120	1121	1120	1009	1009	972.3333333	1046.666667	932.3333333	927.6666667	929	930	986.6666667	1074.333333	825.6666667	892.3333333	981	1067.666667	985.6666667
316110445	976.04	1120	1120	1119	1120	1010	1011	974.3333333	1045.666667	934.3333333	925.6666667	929	929	986.6666667	1073.333333	826.6666667	894.3333333	980	1067.666667	993.3333333
316110450	975.25	1120	1120	1120	1120	1011	1010	973.3333333	1047.666667	933.3333333	925.6666667	930	929	986.6666667	1065.666667	827.6666667	893.3333333	981	1066.666667	986.6666667
316110455	974.05	1120	1121	1120	1120	1011	1011	974.3333333	1045.666667	932.3333333	925.6666667	929	931	993.3333333	1072.333333	826.6666667	893.3333333	981	1066.666667	987.6666667
316110500	974.22	1119	1120	1120	1121	1014.333333	1014.333333	980	1047.666667	941	927.6666667	933.3333333	933.3333333	994.3333333	1067.666667	827.6666667	894.3333333	981	1066.666667	986.6666667
316110505	974.04	1120	1120	1121	1119	1009	1010	974.3333333	1045.666667	932.3333333	926.6666667	930	930	994.3333333	1073.333333	825.6666667	894.3333333	979	1074.333333	994.3333333
316110510	974.58	1120	1119	1119	1120	1009	1010	974.3333333	1045.666667	941	926.6666667	933.3333333	932.3333333	993.3333333	1073.333333	827.6666667	893.3333333	979	1067.666667	992.3333333
316110515	974.21	1119	1119	1119	1121	1010	1009	974.3333333	1046.666667	933.3333333	926.6666667	929	931	992.3333333	1074.333333	827.6666667	892.3333333	979	1066.666667	987.6666667
316110520	973.39	1120	1121	1120	1121	1013.333333	1014.333333	980	1047.666667	932.3333333	926.6666667	929	929	992.3333333	1074.333333	826.6666667	894.3333333	980	1072.333333	992.3333333
316110525	974.14	1121	1119	1120	1121	1009	1009	974.3333333	1045.666667	932.3333333	926.6666667	929	929	992.3333333	1073.333333	825.6666667	893.3333333	980	1073.333333	1006.666667
316110530	972.2	1121	1120	1119	1120	1012.333333	1012.333333	981	1045.666667	933.3333333	925.6666667	930	929	999	1081	827.6666667	967.8888889	980	1072.333333	992.3333333
316110535	971.46	1120	1120	1120	1121	1011	1009	972.3333333	1046.666667	925.6666667	927.6666667	925.6666667	927.6666667	992.3333333	1072.333333	825.6666667	893.3333333	979	1074.333333	992.3333333
316110540	972.09	1120	1121	1119	1119	1017.666667	1017.666667	981	1052.333333	927.6666667	925.6666667	927.6666667	927.6666667	993.3333333	1073.333333	825.6666667	893.3333333	985.6666667	1074.333333	992.3333333
316110545	973.83	1120	1119	1121	1120	1013.333333	1014.333333	974.3333333	1053.333333	932.3333333	926.6666667	931	931	994.3333333	1065.666667	827.6666667	894.3333333	980	1072.333333	1001
316110550	971.64	1120	1120	1119	1120	1017.666667	1016.666667	980	1052.333333	940	925.6666667	932.3333333	934.3333333	1001	1067.666667	825.6666667	894.3333333	985.6666667	1074.333333	986.6666667
316110555	973.32	1120	1121	1120	1121	1009	1009	972.3333333	1045.666667	941	926.6666667	934.3333333	933.3333333	1001	1066.666667	826.6666667	892.3333333	981	1073.333333	994.3333333
316110600	971.36	1121	1121	1120	1120	1014.333333	1014.333333	980	1046.666667	932.3333333	926.6666667	930	930	1000	1073.333333	825.6666667	893.3333333	985.6666667	1073.333333	1007.666667
316110605	972.16	1121	1119	1119	1120	1012.333333	1012.333333	980	1047.666667	941	926.6666667	934.3333333	933.3333333	993.3333333	1065.666667	825.6666667	893.3333333	980	1072.333333	1000
316110610	972.79	1120	1121	1120	1120	1014.333333	1014.333333	972.3333333	1052.333333	932.3333333	927.6666667	931	929	993.3333333	1073.333333	827.6666667	892.3333333	986.6666667	1072.333333	999
316110615	971.36	1119	1119	1121	1120	1017.666667	1015.666667	980	1053.333333	940	934.3333333	936.6666667	936.6666667	992.3333333	1073.333333	825.6666667	893.3333333	980	1072.333333	1001
316110620	973.5	1121	1120	1120	1119	1017.666667	1017.666667	979	1053.333333	946.6666667	927.6666667	937.6666667	937.6666667	992.3333333	1074.333333	827.6666667	894.3333333	979	1072.333333	994.3333333
316110625	972.64	1119	1119	1121	1121	1014.333333	1013.333333	973.3333333	1052.333333	947.6666667	932.3333333	939	940	994.3333333	1074.333333	827.6666667	893.3333333	987.6666667	1074.333333	999
316110630	972.55	1120	1120	1121	1120	1016.666667	1016.666667	981	1053.333333	945.6666667	927.6666667	935.6666667	936.6666667	993.3333333	1067.666667	827.6666667	894.3333333	979	1074.333333	1000
316110635	970.61	1120	1120	1119	1120	1016.666667	1016.666667	980	1052.333333	946.6666667	927.6666667	936.6666667	936.6666667	994.3333333	1079	827.6666667	894.3333333	987.6666667	1072.333333	1001
316110640	970.07	1121	1121	1121	1121	1017.666667	1016.666667	981	1054.333333	947.6666667	925.6666667	936.6666667	936.6666667	994.3333333	1073.333333	1033.333333	1034.333333	987.6666667	1073.333333	1000
316110645	971.2	1119	1121	1121	1121	1016.666667	1015.666667	981	1052.333333	947.6666667	926.6666667	937.6666667	935.6666667	985.6666667	1072.333333	827.6666667	893.3333333	980	1072.333333	1000
316110650	970.2	1119	1120	1119	1121	1016.666667	1017.666667	979	1054.333333	947.6666667	932.3333333	941	940	993.3333333	1074.333333	833.3333333	894.3333333	979	1080	1000
316110655	971.71	1119	1120	1121	1119	1015.666667	1016.666667	980	1054.333333	945.6666667	934.3333333	940	940	993.3333333	1081	834.3333333	892.3333333	985.6666667	1072.333333	999
316110700	970.24	1121	1121	1121	1120	1012.333333	1013.333333	973.3333333	1053.333333	932.3333333	932.3333333	934.3333333	933.3333333	993.3333333	1066.666667	834.3333333	893.3333333	986.6666667	1074.333333	999
316110705	971.3	1119	1121	1120	1120	1021	1021	980	1061	945.6666667	932.3333333	939	939	1001	1080	827.6666667	893.3333333	985.6666667	1073.333333	1001
316110710	969.48	1119	1119	1120	1121	1016.666667	1016.666667	981	1054.333333	946.6666667	933.3333333	939	939	1001	1073.333333	832.3333333	893.3333333	979	1074.333333	992.3333333
316110715	970.82	1120	1120	1121	1120	1017.666667	1017.666667	981	1052.333333	945.6666667	932.3333333	939	940	992.3333333	1073.333333	833.3333333	892.3333333	987.6666667	1074.333333	1001
316110720	970.51	1121	1119	1121	1121	1052.333333	1052.333333	1052.333333	1052.333333	946.6666667	933.3333333	940	941	1000	1072.333333	827.6666667	893.3333333	986.6666667	1073.333333	1007.666667
316110725	968.2	1119	1121	1121	1119	1016.666667	1016.666667	979	1054.333333	946.6666667	934.3333333	941	940	1001	1081	834.3333333	892.3333333	985.6666667	1072.333333	1006.666667
316110730	969.23	1121	1121	1121	1121	1017.666667	1016.666667	981	1052.333333	945.6666667	933.3333333	941	939	999	1080	834.3333333	892.3333333	980	1081	1006.666667
316110735	967.78	1120	1120	1120	1119	1020	1020	985.6666667	1054.333333	945.6666667	933.3333333	940	939	993.3333333	1067.666667	833.3333333	893.3333333	994.3333333	1074.333333	1006.666667
316110740	969.41	1119	1120	1119	1119	1023.333333	1022.333333	985.6666667	1060	947.6666667	934.3333333	941	940	1001	1072.333333	833.3333333	892.3333333	987.6666667	1080	1000
316110745	968.65	1119	1120	1121	1120	1020	1019	986.6666667	1054.333333	947.6666667	932.3333333	940	941	1001	1081	834.3333333	894.3333333	985.6666667	1072.333333	1006.666667
316110750	967.79	1120	1121	1120	1119	20	686.6666667	985.6666667	1053.333333	946.6666667	933.3333333	940	940	993.3333333	1072.333333	832.3333333	892.3333333	987.6666667	1073.333333	1006.666667
316110755	968.17	1119	1119	1120	1119	1021	1019	987.6666667	1052.333333	945.6666667	932.3333333	939	940	1000	1073.333333	833.3333333	893.3333333	994.3333333	1079	1005.666667
316110800	966.08	1121	1120	1120	1120	1019	1019	986.6666667	1053.333333	945.6666667	941	942.3333333	943.3333333	999	1072.333333	826.6666667	893.3333333	986.6666667	1081	1007.666667
316110805	967.49	1120	1119	1119	1121	1021	1021	986.6666667	1052.333333	947.6666667	933.3333333	939	939	1000	1067.666667	834.3333333	892.3333333	985.6666667	1074.333333	999
316110810	966.53	1119	1119	1120	1119	1021	1019	987.6666667	1053.333333	946.6666667	939	943.3333333	944.3333333	999	1073.333333	832.3333333	901	986.6666667	1079	1006.666667
316110815	965.24	1121	1119	1120	1120	1020	1019	985.6666667	1053.333333	946.6666667	933.3333333	941	939	1001	1072.333333	832.3333333	899	985.6666667	1072.333333	1007.666667
316110820	964.89	1121	1119	1120	1120	1019	1019	985.6666667	1052.333333	947.6666667	933.3333333	941	939	999	1072.333333	833.3333333	892.3333333	987.6666667	1079	999
316110825	966.18	1119	1119	1121	1120	1022.333333	1024.333333	985.6666667	1061	945.6666667	932.3333333	941	939	1001	1080	832.3333333	894.3333333	985.6666667	1080	1005.666667
316110830	965.03	1119	1121	1121	1120	1019	1020	987.6666667	1052.333333	946.6666667	934.3333333	939	941	993.3333333	1073.333333	834.3333333	900	981	1080	999
316110835	965.81	1120	1119	1119	1120	1020	1019	987.6666667	1052.333333	946.6666667	933.3333333	940	939	1001	1072.333333	834.3333333	900	993.3333333	1080	1006.666667
316110840	965.37	1121	1121	1119	1119	1021	1021	986.6666667	1054.333333	945.6666667	934.3333333	940	940	999	1074.333333	832.3333333	900	993.3333333	1072.333333	1001
316110845	964.86	1120	1121	1121	1121	1019	1020	987.6666667	1053.333333	945.6666667	934.3333333	939	941	1001	1072.333333	834.3333333	906.6666667	994.3333333	1079	1006.666667
316110850	964.64	1119	1121	1121	1121	1020	1020	987.6666667	1052.333333	946.6666667	934.3333333	941	941	1001	1080	840	901	993.3333333	1079	1006.666667
316110855	966.26	1121	1119	1121	1120	1019	1021	987.6666667	1054.333333	945.6666667	941	944.3333333	942.3333333	993.3333333	1072.333333	832.3333333	892.3333333	985.6666667	1080	1007.666667
316110900	965.93	1119	1121	1120	1121	1020	1019	986.6666667	1053.333333	954.3333333	941	947.6666667	947.6666667	999	1066.666667	832.3333333	892.3333333	992.3333333	1081	1000
316110905	965.88	1119	1119	1121	1121	1020	1020	986.6666667	1052.333333	954.3333333	932.3333333	944.3333333	943.3333333	994.3333333	1073.333333	834.3333333	967.6666667	993.3333333	1080	1007.666667
316110910	966.27	1119	1120	1120	1119	1019	1020	987.6666667	1053.333333	952.3333333	932.3333333	944.3333333	944.3333333	1001	1074.333333	832.3333333	906.6666667	985.6666667	1074.333333	1007.666667
316110915	966.27	1120	1121	1121	1121	1023.333333	1023.333333	986.6666667	1061	953.3333333	934.3333333	942.3333333	943.3333333	1001	1074.333333	833.3333333	901	993.3333333	1079	1005.666667
316110920	964.2	1121	1119	1120	1121	1023.333333	1022.333333	987.6666667	1061	954.3333333	932.3333333	944.3333333	942.3333333	999	1072.333333	834.3333333	907.6666667	979	1079	1005.666667
316110925	966.75	1119	1121	1121	1121	1023.333333	1024.333333	986.6666667	1060	953.3333333	933.3333333	943.3333333	942.3333333	1000	1072.333333	841	899	994.3333333	1079	1007.666667
316110930	966.83	1119	1121	1120	1121	1024.333333	1024.333333	986.6666667	1060	953.3333333	934.3333333	942.3333333	944.3333333	1001	1073.333333	833.3333333	907.6666667	994.3333333	1079	1000
316110935	965.5	1119	1119	1120	1120	1021	1021	987.6666667	1054.333333	953.3333333	933.3333333	943.3333333	942.3333333	1007.666667	1073.333333	833.3333333	905.6666667	994.3333333	1079	1007.666667
316110940	963.94	1121	1121	1120	1119	1023.333333	1023.333333	987.6666667	1060	953.3333333	933.3333333	942.3333333	942.3333333	1000	1072.333333	839	907.6666667	994.3333333	1080	1006.666667
316110945	965.32	1121	1119	1120	1119	1024.333333	1022.333333	987.6666667	1061	954.3333333	932.3333333	944.3333333	944.3333333	999	1073.333333	839	900	987.6666667	1080	1006.666667
316110950	964.34	1119	1120	1119	1121	1024.333333	1024.333333	987.6666667	1061	952.3333333	932.3333333	944.3333333	944.3333333	1000	1072.333333	840	906.6666667	993.3333333	1080	1007.666667
316110955	966.91	1119	1120	1119	1119	1022.333333	1023.333333	986.6666667	1061	953.3333333	934.3333333	943.3333333	942.3333333	999	1074.333333	840	906.6666667	993.3333333	1079	1006.666667
316111000	965.9	1119	1121	1120	1119	1019	1020	986.6666667	1053.333333	954.3333333	939	945.6666667	946.6666667	1001	1081	841	906.6666667	993.3333333	1080	1005.666667
316111005	964.89	1120	1121	1119	1120	1022.333333	1023.333333	986.6666667	1060	953.3333333	941	946.6666667	946.6666667	1000	1073.333333	839	907.6666667	992.3333333	1081	1007.666667
316111010	965.9	1120	1120	1119	1119	1022.333333	1022.333333	987.6666667	1061	952.3333333	941	945.6666667	946.6666667	999	1073.333333	840	906.6666667	992.3333333	1081	1006.666667
316111015	967.18	1126.666667	1126.666667	1125.666667	1125.666667	1022.333333	1023.333333	987.6666667	1059	953.3333333	941	947.6666667	947.6666667	1001	1073.333333	839	905.6666667	994.3333333	1079	1006.666667
316111020	967.27	1121	1120	1120	1119	1022.333333	1022.333333	985.6666667	1059	954.3333333	933.3333333	942.3333333	944.3333333	999	1081	839	906.6666667	993.3333333	1080	1007.666667
316111025	966.29	1120	1121	1121	1120	1023.333333	1024.333333	987.6666667	1060	953.3333333	934.3333333	944.3333333	943.3333333	999	1073.333333	839	905.6666667	993.3333333	1081	1005.666667
316111030	967.28	1121	1120	1121	1120	1023.333333	1023.333333	987.6666667	1060	954.3333333	941	946.6666667	946.6666667	999	1079	839	905.6666667	1000	1081	1007.666667
316111035	964.85	1126.666667	1126.666667	1127.666667	1126.666667	1024.333333	1024.333333	986.6666667	1060	953.3333333	941	946.6666667	945.6666667	1006.666667	1074.333333	840	905.6666667	992.3333333	1081	1006.666667
316111040	965.26	1120	1120	1119	1120	1023.333333	1023.333333	986.6666667	1061	954.3333333	941	947.6666667	946.6666667	1000	1081	839	905.6666667	992.3333333	1079	1005.666667
316111045	966.8	1133.333333	1132.333333	1132.333333	1133.333333	1024.333333	1024.333333	987.6666667	1060	954.3333333	946.6666667	950	950	1000	1080	839	906.6666667	993.3333333	1080	1005.666667
316111050	965.76	1127.666667	1125.666667	1127.666667	1126.666667	1022.333333	1022.333333	987.6666667	1061	952.3333333	947.6666667	950	949	999	1073.333333	846.6666667	905.6666667	994.3333333	1079	1005.666667
316111055	964.84	1126.666667	1126.666667	1126.666667	1125.666667	1022.333333	1022.333333	987.6666667	1061	954.3333333	945.6666667	950	949	1007.666667	1079	846.6666667	905.6666667	986.6666667	1080	1005.666667
316111100	964.71	1134.333333	1132.333333	1134.333333	1134.333333	1023.333333	1022.333333	987.6666667	1060	954.3333333	946.6666667	951	950	999	1073.333333	840	907.6666667	993.3333333	1079	1006.666667
316111105	964.09	1127.666667	1125.666667	1125.666667	1127.666667	1024.333333	1024.333333	985.6666667	1059	954.3333333	945.6666667	951	949	1000	1080	839	905.6666667	992.3333333	1079	1007.666667
316111110	965.95	1127.666667	1125.666667	1125.666667	1127.666667	1022.333333	1022.333333	987.6666667	1061	952.3333333	946.6666667	951	950	1005.666667	1072.333333	841	905.6666667	994.3333333	1081	1006.666667
316111115	964.66	1125.666667	1126.666667	1125.666667	1126.666667	1023.333333	1023.333333	985.6666667	1060	952.3333333	946.6666667	951	951	1006.666667	1072.333333	839	907.6666667	993.3333333	1079	1006.666667
316111120	967.02	1126.666667	1126.666667	1127.666667	1125.666667	1027.666667	1025.666667	993.3333333	1060	954.3333333	947.6666667	951	951	1013.333333	1074.333333	846.6666667	906.6666667	994.3333333	1081	1013.333333
316111125	966.81	1139	1139	1141	1140	1024.333333	1022.333333	987.6666667	1060	952.3333333	947.6666667	950	949	1001	1079	847.6666667	905.6666667	993.3333333	1079	1006.666667
316111130	965.5	1139	1140	1139	1140	1023.333333	1022.333333	985.6666667	1059	954.3333333	947.6666667	951	950	1000	1085.666667	852.3333333	905.6666667	992.3333333	1079	1005.666667
316111135	965.65	1132.333333	1134.333333	1133.333333	1134.333333	1022.333333	1022.333333	987.6666667	1060	954.3333333	945.6666667	950	949	999	1081	845.6666667	905.6666667	999	1080	1014.333333
316111140	965.82	1140	1141	1139	1141	1025.666667	1025.666667	992.3333333	1060	953.3333333	945.6666667	951	949	1005.666667	1081	852.3333333	913.3333333	994.3333333	1072.333333	1007.666667
316111145	966.68	1139	1140	1141	1141	1022.333333	1022.333333	985.6666667	1061	953.3333333	946.6666667	950	950	1001	1080	847.6666667	913.3333333	999	1079	1007.666667
316111150	965.73	1139	1140	1140	1140	1025.666667	1026.666667	992.3333333	1061	953.3333333	947.6666667	951	951	1007.666667	1081	846.6666667	913.3333333	992.3333333	1087.666667	1014.333333
316111155	965.8	1141	1141	1140	1141	1023.333333	1022.333333	986.6666667	1060	959	947.6666667	953.3333333	952.3333333	1006.666667	1079	846.6666667	907.6666667	1000	1079	1014.333333
316111200	964.34	1139	1139	1140	1140	1024.333333	1022.333333	986.6666667	1060	966.6666667	946.6666667	956.6666667	956.6666667	1001	1080	845.6666667	914.3333333	999	1081	1005.666667
316111205	963.41	1140	1139	1140	1139	1027.666667	1027.666667	994.3333333	1061	966.6666667	940	954.3333333	952.3333333	1000	1080	845.6666667	913.3333333	1000	1079	1014.333333
316111210	964.28	1141	1140	1140	1139	1025.666667	1027.666667	992.3333333	1059	959	947.6666667	952.3333333	954.3333333	1006.666667	1081	847.6666667	913.3333333	994.3333333	1079	1012.333333
316111215	966.46	1140	1140	1141	1140	1030	1029	999	1061	961	945.6666667	954.3333333	952.3333333	1001	1080	853.3333333	912.3333333	1000	1080	1014.333333
316111220	965.24	1139	1139	1139	1141	1030	1030	1001	1061	960	945.6666667	952.3333333	953.3333333	1000	1072.333333	847.6666667	912.3333333	1000	1080	1001
316111225	964.45	1141	1141	1141	1141	1030	1031	993.3333333	1065.666667	965.6666667	946.6666667	957.6666667	956.6666667	1001	1079	845.6666667	912.3333333	999	1087.666667	1013.333333
316111230	966.81	1140	1140	1141	1139	1026.666667	1025.666667	987.6666667	1067.666667	967.6666667	947.6666667	955.6666667	957.6666667	1001	1073.333333	846.6666667	912.3333333	994.3333333	1080	1014.333333
316111235	964.61	1132.333333	1134.333333	1132.333333	1132.333333	1023.333333	1022.333333	986.6666667	1060	965.6666667	945.6666667	955.6666667	956.6666667	1005.666667	1074.333333	845.6666667	913.3333333	993.3333333	1080	1012.333333
316111240	963.76	1141	1139	1139	1140	1029	1031	994.3333333	1066.666667	961	946.6666667	954.3333333	953.3333333	1007.666667	1079	846.6666667	912.3333333	993.3333333	1079	1005.666667
316111245	963.36	1139	1139	1140	1140	1027.666667	1027.666667	985.6666667	1066.666667	967.6666667	946.6666667	957.6666667	957.6666667	1014.333333	1072.333333	846.6666667	913.3333333	994.3333333	1079	1012.333333
316111250	965.27	1141	1141	1139	1141	1027.666667	1025.666667	994.3333333	1061	965.6666667	947.6666667	957.6666667	957.6666667	1001	1080	847.6666667	913.3333333	992.3333333	1094.333333	1013.333333
316111255	964.6	1139	1140	1139	1140	1030	1031	992.3333333	1067.666667	965.6666667	947.6666667	957.6666667	956.6666667	1007.666667	1080	852.3333333	914.3333333	999	1079	1014.333333
316111300	964.18	1140	1139	1139	1141	1025.666667	1025.666667	993.3333333	1059	967.6666667	946.6666667	957.6666667	956.6666667	1006.666667	1079	853.3333333	912.3333333	1001	1094.333333	1014.333333
316111305	963.48	1141	1141	1141	1140	1031	1030	992.3333333	1067.666667	965.6666667	946.6666667	955.6666667	956.6666667	1001	1080	845.6666667	914.3333333	992.3333333	1087.666667	1005.666667
316111310	963.68	1141	1139	1139	1140	1031	1031	993.3333333	1067.666667	966.6666667	946.6666667	957.6666667	956.6666667	1006.666667	1080	845.6666667	914.3333333	1001	1079	1013.333333
316111315	966.23	1140	1140	1141	1139	1030	1030	992.3333333	1066.666667	966.6666667	953.3333333	960	960	1000	1081	852.3333333	912.3333333	999	1081	1013.333333
316111320	963.59	1140	1141	1140	1140	1027.666667	1025.666667	985.6666667	1065.666667	967.6666667	945.6666667	956.6666667	955.6666667	1001	1079	845.6666667	914.3333333	1000	1080	1014.333333
316111325	965.57	1140	1141	1139	1139	1029	1030	992.3333333	1066.666667	967.6666667	952.3333333	961	960	1013.333333	1080	847.6666667	913.3333333	1000	1079	1013.333333
316111330	963.24	1139	1141	1141	1140	1029	1031	992.3333333	1067.666667	965.6666667	946.6666667	957.6666667	957.6666667	1005.666667	1079	853.3333333	913.3333333	999	1080	1019
316111335	965.46	1139	1139	1140	1139	1032.333333	1034.333333	1000	1065.666667	965.6666667	946.6666667	956.6666667	955.6666667	999	1080	853.3333333	919	1000	1085.666667	1013.333333
316111340	962.57	1139	1140	1140	1141	1031	1031	992.3333333	1067.666667	959	947.6666667	952.3333333	954.3333333	1013.333333	1073.333333	852.3333333	912.3333333	986.6666667	1086.666667	1020
316111345	961.91	1141	1141	1141	1139	1026.666667	1027.666667	985.6666667	1066.666667	966.6666667	953.3333333	960	960	1005.666667	1079	852.3333333	914.3333333	1000	1085.666667	1021
316111350	962.17	1139	1139	1139	1141	1031	1031	994.3333333	1065.666667	966.6666667	953.3333333	959	960	1007.666667	1073.333333	854.3333333	914.3333333	1001	1085.666667	1013.333333
316111355	964.74	1139	1141	1141	1139	1027.666667	1026.666667	993.3333333	1060	965.6666667	954.3333333	960	961	1005.666667	1081	852.3333333	913.3333333	999	1092.333333	1013.333333
316111400	963.57	1141	1141	1141	1139	1031	1031	993.3333333	1066.666667	965.6666667	939	953.3333333	952.3333333	1001	1087.666667	853.3333333	912.3333333	1000	1085.666667	1020
316111405	962.54	1139	1139	1140	1141	1030	1029	993.3333333	1067.666667	965.6666667	952.3333333	960	959	1005.666667	1074.333333	854.3333333	914.3333333	1001	1093.333333	1014.333333
316111410	964.66	1141	1141	1140	1141	1029	1031	994.3333333	1065.666667	967.6666667	953.3333333	960	961	1012.333333	1079	852.3333333	914.3333333	999	1085.666667	1019
316111415	963.99	1140	1140	1139	1139	1031	1031	993.3333333	1066.666667	966.6666667	952.3333333	961	959	1012.333333	1087.666667	852.3333333	913.3333333	1000	1079	1021
316111420	964.5	1139	1140	1141	1141	1031	1030	992.3333333	1065.666667	965.6666667	952.3333333	959	960	1012.333333	1079	852.3333333	912.3333333	1000	1079	1014.333333
316111425	962.97	1141	1141	1140	1141	1029	1030	993.3333333	1065.666667	967.6666667	952.3333333	960	959	999	1079	853.3333333	919	1001	1085.666667	1012.333333
316111430	963.66	1140	1141	1139	1140	1030	1029	992.3333333	1067.666667	965.6666667	954.3333333	961	960	1012.333333	1079	854.3333333	921	1001	1094.333333	1026.666667
316111435	963.51	1141	1139	1141	1141	1032.333333	1033.333333	1001	1066.666667	966.6666667	954.3333333	960	961	1006.666667	1074.333333	859	920	999	1087.666667	1027.666667
316111440	963.8	1140	1140	1139	1139	1030	1030	994.3333333	1065.666667	966.6666667	954.3333333	959	961	1012.333333	1086.666667	852.3333333	913.3333333	999	1101	1026.666667
316111445	963.34	1140	1140	1139	1141	1030	1029	992.3333333	1066.666667	967.6666667	952.3333333	959	961	1012.333333	1087.666667	859	913.3333333	1000	1085.666667	1025.666667
316111450	962.68	1139	1140	1140	1140	1032.333333	1034.333333	999	1067.666667	967.6666667	953.3333333	960	961	1012.333333	1085.666667	861	921	1000	1086.666667	1025.666667
316111455	962.09	1141	1140	1140	1141	1030	1029	994.3333333	1066.666667	965.6666667	953.3333333	961	961	1006.666667	1074.333333	859	914.3333333	1001	1092.333333	1021
316111500	964.07	1141	1141	1141	1140	1033.333333	1033.333333	1000	1066.666667	966.6666667	952.3333333	959	959	1021	1086.666667	860	914.3333333	999	1086.666667	1019
316111505	963.63	1139	1140	1139	1141	1032.333333	1032.333333	999	1067.666667	966.6666667	953.3333333	959	959	1019	1079	860	913.3333333	1000	1085.666667	1027.666667
316111510	963.75	1140	1139	1141	1141	1033.333333	1034.333333	1001	1067.666667	967.6666667	954.3333333	960	959	1012.333333	1080	861	913.3333333	999	1093.333333	1021
316111515	962.76	1139	1139	1140	1140	1036.666667	1037.666667	1007.666667	1067.666667	966.6666667	953.3333333	961	959	1013.333333	1072.333333	859	919	999	1099	1021
316111520	962.76	1140	1139	1141	1139	1036.666667	1036.666667	1005.666667	1065.666667	967.6666667	959	964.3333333	962.3333333	1020	1086.666667	859	919	1000	1101	1020
316111525	961.95	1141	1140	1139	1141	1036.666667	1035.666667	1007.666667	1067.666667	966.6666667	947.6666667	955.6666667	956.6666667	1007.666667	1081	860	921	999	1094.333333	1027.666667
316111530	961.02	1139	1140	1139	1139	1036.666667	1036.666667	1005.666667	1066.666667	965.6666667	954.3333333	960	959	1014.333333	1081	861	925.6666667	1005.666667	1094.333333	1025.666667
316111535	961.88	1139	1141	1139	1139	1040	1041	1006.666667	1074.333333	965.6666667	954.3333333	961	960	1013.333333	1081	859	912.3333333	1000	1092.333333	1026.666667
316111540	961.19	1141	1139	1139	1140	1037.666667	1036.666667	1001	1072.333333	967.6666667	953.3333333	960	959	1021	1086.666667	859	927.6666667	1005.666667	1100	1026.666667
316111545	960.86	1139	1141	1140	1139	1037.666667	1037.666667	1006.666667	1067.666667	966.6666667	953.3333333	959	961	1012.333333	1086.666667	861	927.6666667	1001	1094.333333	1025.666667
316111550	961.61	1140	1141	1140	1141	1035.666667	1035.666667	1005.666667	1067.666667	967.6666667	952.3333333	960	961	1020	1087.666667	859	925.6666667	1000	1093.333333	1025.666667
316111555	962.64	1139	1139	1139	1139	1037.666667	1036.666667	1005.666667	1065.666667	967.6666667	952.3333333	960	961	1012.333333	1094.333333	861	926.6666667	1001	1099	1033.333333
316111600	961.75	1139	1140	1139	1139	1040	1040	1007.666667	1072.333333	967.6666667	953.3333333	961	959	1014.333333	1081	860	927.6666667	1001	1086.666667	1019
316111605	961.83	1140	1140	1139	1140	1040	1040	1007.666667	1072.333333	965.6666667	953.3333333	960	961	1013.333333	1087.666667	860	927.6666667	999	1099	1027.666667
316111610	961.29	1140	1141	1141	1141	1036.666667	1036.666667	1005.666667	1067.666667	965.6666667	954.3333333	961	959	1020	1079	859	927.6666667	1001	1101	1026.666667
316111615	960.63	1140	1140	1141	1141	1035.666667	1037.666667	1007.666667	1067.666667	967.6666667	952.3333333	961	959	1020	1079	859	925.6666667	1001	1101	1025.666667
316111620	961.2	1140	1139	1140	1141	1036.666667	1037.666667	1000	1073.333333	967.6666667	952.3333333	959	961	1020	1085.666667	859	926.6666667	1001	1100	1026.666667
316111625	960.31	1139	1139	1140	1141	1036.666667	1035.666667	1001	1073.333333	967.6666667	953.3333333	961	960	1005.666667	1094.333333	860	927.6666667	999	1100	1025.666667
316111630	960.83	1140	1141	1139	1139	1043.333333	1042.333333	1006.666667	1079	967.6666667	954.3333333	960	961	1020	1085.666667	859	926.6666667	1001	1099	1025.666667
316111635	962.16	1141	1139	1140	1141	1039	1041	1006.666667	1072.333333	966.6666667	952.3333333	960	960	1014.333333	1087.666667	860	927.6666667	999	1099	1025.666667
316111640	962.4	1141	1141	1140	1140	1044.333333	1043.333333	1005.666667	1080	967.6666667	952.3333333	960	961	1020	1092.333333	861	927.6666667	1001	1087.666667	1025.666667
316111645	959.86	1139	1141	1139	1140	1041	1039	1006.666667	1072.333333	965.6666667	959	962.3333333	963.3333333	1019	1092.333333	860	927.6666667	1000	1101	1019
316111650	961.9	1140	1139	1139	1139	1041	1040	1006.666667	1073.333333	973.3333333	954.3333333	962.3333333	964.3333333	1013.333333	1093.333333	860	989.8888889	1001	1099	1026.666667
316111655	962.12	1139	1139	1140	1141	1039	1039	1006.666667	1074.333333	965.6666667	959	962.3333333	963.3333333	1019	1085.666667	861	926.6666667	1001	1100	1026.666667
316111700	962.19	1141	1140	1139	1141	1035.666667	1035.666667	1006.666667	1066.666667	967.6666667	952.3333333	960	960	1020	1092.333333	861	925.6666667	1001	1099	1025.666667
316111705	959.81	1141	1140	1141	1139	1037.666667	1035.666667	1006.666667	1066.666667	972.3333333	953.3333333	964.3333333	963.3333333	1019	1093.333333	860	927.6666667	999	1100	1026.666667
316111710	961.9	1141	1141	1140	1140	21	699	1005.666667	1072.333333	974.3333333	952.3333333	963.3333333	963.3333333	1020	1087.666667	860	927.6666667	1000	1100	1025.666667
316111715	962.01	1139	1139	1139	1140	12.33333333	696.7777778	1006.666667	1072.333333	973.3333333	953.3333333	964.3333333	964.3333333	1021	1085.666667	860	925.6666667	999	1092.333333	1027.666667
316111720	961.97	1140	1141	1139	1141	1041	1040	1006.666667	1073.333333	973.3333333	952.3333333	962.3333333	963.3333333	1013.333333	1093.333333	861	925.6666667	1007.666667	1092.333333	1025.666667
316111725	959.23	1141	1139	1141	1140	1041	1040	1005.666667	1073.333333	974.3333333	959	965.6666667	967.6666667	1020	1094.333333	860	926.6666667	1001	1101	1027.666667
316111730	960.83	1140	1139	1140	1140	1041	1040	1006.666667	1074.333333	973.3333333	953.3333333	962.3333333	964.3333333	1019	1081	861	920	1005.666667	1100	1027.666667
316111735	959.79	1141	1141	1139	1140	1043.333333	1043.333333	1007.666667	1080	980	965.6666667	972.3333333	973.3333333	1020	1093.333333	859	925.6666667	1006.666667	1099	1026.666667
316111740	959.1	1140	1140	1140	1139	1041	1039	1006.666667	1074.333333	973.3333333	953.3333333	963.3333333	964.3333333	1019	1086.666667	861	926.6666667	999	1099	1020
316111745	959.89	1139	1140	1140	1140	1042.333333	1043.333333	1007.666667	1079	972.3333333	965.6666667	970	970	1021	1093.333333	859	927.6666667	1000	1100	1039
316111750	959.27	1140	1140	1141	1141	1042.333333	1043.333333	1007.666667	1081	974.3333333	960	967.6666667	967.6666667	1020	1093.333333	859	925.6666667	1007.666667	1100	1033.333333
316111755	960.27	1140	1141	1140	1140	1043.333333	1044.333333	1006.666667	1081	972.3333333	966.6666667	969	970	1012.333333	1087.666667	865.6666667	926.6666667	1005.666667	1100	1025.666667
316111800	961.06	1140	1141	1139	1140	1044.333333	1044.333333	1005.666667	1079	972.3333333	967.6666667	969	969	1019	1099	861	926.6666667	1006.666667	1100	1027.666667
316111805	961.56	1139	1139	1141	1141	1042.333333	1042.333333	1007.666667	1079	980	966.6666667	974.3333333	972.3333333	1021	1093.333333	865.6666667	925.6666667	1006.666667	1099	1034.333333
316111810	960.38	1154.333333	1152.333333	1153.333333	1153.333333	1044.333333	1044.333333	1005.666667	1079	986.6666667	965.6666667	975.6666667	977.6666667	1021	1085.666667	866.6666667	925.6666667	1012.333333	1101	1034.333333
316111815	959.9	1154.333333	1153.333333	1152.333333	1152.333333	1043.333333	1044.333333	1006.666667	1080	985.6666667	967.6666667	977.6666667	975.6666667	1019	1093.333333	867.6666667	925.6666667	1007.666667	1099	1026.666667
316111820	960.52	1147.666667	1145.666667	1146.666667	1145.666667	1042.333333	1043.333333	1007.666667	1079	986.6666667	967.6666667	975.6666667	977.6666667	1020	1086.666667	865.6666667	933.3333333	1005.666667	1099	1034.333333
316111825	961.48	1147.666667	1146.666667	1145.666667	1145.666667	1042.333333	1042.333333	1005.666667	1081	972.3333333	966.6666667	970	969	1021	1093.333333	865.6666667	927.6666667	1006.666667	1101	1032.333333
316111830	959.15	1147.666667	1147.666667	1145.666667	1145.666667	1044.333333	1044.333333	1005.666667	1079	985.6666667	967.6666667	976.6666667	976.6666667	1020	1087.666667	861	926.6666667	1006.666667	1101	1034.333333
316111835	961.12	1139	1140	1141	1141	21	701.2222222	1007.666667	1080	985.6666667	966.6666667	976.6666667	976.6666667	1019	1093.333333	867.6666667	934.3333333	1014.333333	1101	1033.333333
316111840	959.33	1146.666667	1147.666667	1147.666667	1147.666667	1043.333333	1044.333333	1007.666667	1080	981	966.6666667	974.3333333	974.3333333	1021	1092.333333	865.6666667	933.3333333	1006.666667	1100	1032.333333
316111845	961.14	1152.333333	1154.333333	1152.333333	1153.333333	1047.666667	1047.666667	1007.666667	1085.666667	987.6666667	959	973.3333333	974.3333333	1019	1085.666667	865.6666667	926.6666667	1005.666667	1099	1025.666667
316111850	958.98	1146.666667	1146.666667	1147.666667	1146.666667	1042.333333	1044.333333	1014.333333	1072.333333	987.6666667	967.6666667	975.6666667	977.6666667	1021	1092.333333	861	933.3333333	1006.666667	1099	1034.333333
316111855	961.13	1146.666667	1146.666667	1147.666667	1146.666667	1043.333333	1043.333333	1007.666667	1080	979	967.6666667	973.3333333	974.3333333	1021	1093.333333	866.6666667	933.3333333	1013.333333	1100	1026.666667
316111900	959.12	1152.333333	1153.333333	1153.333333	1153.333333	1042.333333	1042.333333	1006.666667	1080	986.6666667	965.6666667	977.6666667	976.6666667	1021	1092.333333	866.6666667	932.3333333	1012.333333	1099	1034.333333
316111905	959.03	1146.666667	1146.666667	1145.666667	1146.666667	1081	1079	1081	1080	987.6666667	961	973.3333333	972.3333333	1021	1092.333333	867.6666667	934.3333333	1007.666667	1101	1032.333333
316111910	958.81	1152.333333	1152.333333	1153.333333	1153.333333	1043.333333	1044.333333	1007.666667	1080	986.6666667	967.6666667	975.6666667	975.6666667	1021	1094.333333	867.6666667	932.3333333	1013.333333	1099	1034.333333
316111915	959.97	1154.333333	1153.333333	1154.333333	1154.333333	1042.333333	1044.333333	1006.666667	1079	987.6666667	967.6666667	975.6666667	976.6666667	1021	1094.333333	865.6666667	932.3333333	1013.333333	1099	1033.333333
316111920	959.33	1152.333333	1153.333333	1152.333333	1153.333333	1044.333333	1043.333333	1005.666667	1080	985.6666667	960	973.3333333	973.3333333	1021	1094.333333	873.3333333	933.3333333	1012.333333	1105.666667	1027.666667
316111925	960.77	1154.333333	1153.333333	1152.333333	1154.333333	1043.333333	1043.333333	1007.666667	1080	986.6666667	966.6666667	975.6666667	977.6666667	1019	1093.333333	866.6666667	933.3333333	1013.333333	1100	1032.333333
316111930	958.87	1154.333333	1153.333333	1153.333333	1154.333333	1043.333333	1044.333333	1005.666667	1079	986.6666667	966.6666667	976.6666667	975.6666667	1021	1093.333333	865.6666667	934.3333333	1006.666667	1100	1034.333333
316111935	959.93	1161	1161	1159	1160	1043.333333	1044.333333	1007.666667	1079	985.6666667	967.6666667	976.6666667	976.6666667	1019	1093.333333	867.6666667	934.3333333	1012.333333	1101	1033.333333
316111940	960.57	1153.333333	1152.333333	1153.333333	1152.333333	1042.333333	1042.333333	1006.666667	1080	986.6666667	965.6666667	977.6666667	977.6666667	1020	1092.333333	873.3333333	934.3333333	1014.333333	1101	1040
316111945	961.49	1154.333333	1152.333333	1154.333333	1154.333333	1044.333333	1044.333333	1005.666667	1081	985.6666667	966.6666667	976.6666667	975.6666667	1021	1085.666667	860	932.3333333	1013.333333	1101	1033.333333
316111950	959.17	1159	1159	1160	1161	1044.333333	1043.333333	1006.666667	1079	987.6666667	966.6666667	977.6666667	977.6666667	1019	1094.333333	867.6666667	934.3333333	1013.333333	1100	1032.333333
316111955	961.5	1161	1160	1159	1159	1043.333333	1042.333333	1007.666667	1079	986.6666667	965.6666667	977.6666667	975.6666667	1019	1093.333333	866.6666667	932.3333333	1007.666667	1099	1033.333333
316112000	960.89	1159	1160	1160	1161	1042.333333	1042.333333	1006.666667	1080	985.6666667	967.6666667	977.6666667	977.6666667	1019	1094.333333	865.6666667	934.3333333	1006.666667	1101	1033.333333
316112005	960.41	1159	1161	1161	1161	1043.333333	1042.333333	1006.666667	1079	986.6666667	966.6666667	976.6666667	976.6666667	1019	1092.333333	867.6666667	932.3333333	1006.666667	1101	1034.333333
316112010	959.16	1159	1161	1159	1161	1043.333333	1044.333333	1005.666667	1081	985.6666667	966.6666667	976.6666667	975.6666667	1021	1093.333333	874.3333333	934.3333333	1012.333333	1101	1034.333333
316112015	961	1161	1161	1159	1159	1043.333333	1044.333333	1006.666667	1079	987.6666667	966.6666667	977.6666667	976.6666667	1019	1094.333333	866.6666667	933.3333333	1014.333333	1107.666667	1041
316112020	959.22	1160	1160	1159	1159	1044.333333	1043.333333	1005.666667	1081	985.6666667	972.3333333	981	981	1027.666667	1092.333333	865.6666667	933.3333333	1013.333333	1099	1033.333333
316112025	961.11	1160	1160	1159	1159	1043.333333	1043.333333	1005.666667	1079	987.6666667	974.3333333	979	980	1027.666667	1093.333333	879	932.3333333	1014.333333	1099	1039
316112030	959.58	1160	1160	1161	1161	1039	1039	1006.666667	1074.333333	987.6666667	973.3333333	980	980	1021	1092.333333	880	934.3333333	1014.333333	1099	1032.333333
316112035	958.63	1159	1161	1161	1160	1042.333333	1044.333333	1007.666667	1081	987.6666667	974.3333333	981	980	1019	1093.333333	879	934.3333333	1013.333333	1100	1039
316112040	961.42	1161	1161	1159	1159	1044.333333	1043.333333	1005.666667	1081	987.6666667	973.3333333	979	980	1020	1094.333333	881	934.3333333	1013.333333	1101	1041
316112045	960.93	1159	1160	1161	1160	1042.333333	1043.333333	1006.666667	1081	987.6666667	974.3333333	980	980	1019	1100	881	933.3333333	1014.333333	1099	1034.333333
316112050	959.91	1160	1159	1161	1160	1040	1040	1007.666667	1072.333333	981	973.3333333	975.6666667	977.6666667	1021	1092.333333	880	932.3333333	1014.333333	1100	1041
316112055	961.04	1159	1161	1160	1161	1044.333333	1043.333333	1006.666667	1081	986.6666667	972.3333333	980	979	1020	1087.666667	879	934.3333333	1012.333333	1099	1039
316112100	960.69	1161	1160	1159	1161	1042.333333	1043.333333	1007.666667	1081	987.6666667	972.3333333	981	981	1020	1094.333333	880	932.3333333	1012.333333	1099	1033.333333
316112105	959.57	1161	1161	1160	1161	1042.333333	1043.333333	1006.666667	1081	985.6666667	973.3333333	979	980	1020	1100	879	933.3333333	1012.333333	1107.666667	1033.333333
316112110	961.66	1161	1160	1161	1161	1043.333333	1042.333333	1006.666667	1079	986.6666667	973.3333333	980	981	1020	1094.333333	879	933.3333333	1014.333333	1105.666667	1034.333333
316112115	960.84	1161	1160	1160	1160	1042.333333	1042.333333	1005.666667	1079	986.6666667	974.3333333	980	981	1027.666667	1093.333333	880	939	1021	1106.666667	1040
316112120	962.1	1159	1161	1161	1160	1044.333333	1044.333333	1005.666667	1080	985.6666667	972.3333333	981	980	1026.666667	1094.333333	881	932.3333333	1013.333333	1106.666667	1039
316112125	962.16	1161	1160	1160	1159	1044.333333	1042.333333	1005.666667	1079	987.6666667	974.3333333	981	981	1021	1094.333333	881	933.3333333	1012.333333	1105.666667	1040
316112130	960.05	1159	1160	1159	1160	1042.333333	1043.333333	1005.666667	1080	987.6666667	974.3333333	980	979	1026.666667	1094.333333	880	934.3333333	1012.333333	1101	1039
316112135	959.83	1160	1160	1161	1161	1045.666667	1047.666667	1012.333333	1079	986.6666667	973.3333333	979	981	1025.666667	1094.333333	881	939	1013.333333	1107.666667	1039
316112140	961.27	1161	1160	1159	1161	1043.333333	1042.333333	1005.666667	1080	986.6666667	972.3333333	979	979	1025.666667	1093.333333	879	941	1019	1105.666667	1041
316112145	959.84	1161	1159	1159	1160	1045.666667	1047.666667	1014.333333	1080	985.6666667	973.3333333	979	981	1021	1105.666667	879	945.6666667	1019	1113.333333	1039
316112150	960.88	1161	1160	1160	1160	1043.333333	1042.333333	1006.666667	1079	987.6666667	973.3333333	981	980	1019	1099	880	932.3333333	1020	1106.666667	1040
316112155	960.48	1161	1161	1160	1161	1046.666667	1046.666667	1006.666667	1086.666667	985.6666667	972.3333333	980	981	1027.666667	1092.333333	880	946.6666667	1013.333333	1112.333333	1046.666667
316112200	961.3	1160	1160	1161	1161	1045.666667	1045.666667	1014.333333	1080	985.6666667	974.3333333	980	981	1019	1094.333333	881	934.3333333	1021	1106.666667	1047.666667
316112205	960.2	1159	1161	1160	1159	1044.333333	1044.333333	1006.666667	1080	985.6666667	974.3333333	980	981	1025.666667	1094.333333	881	941	1020	1106.666667	1047.666667
316112210	961.14	1161	1161	1160	1159	1042.333333	1042.333333	1007.666667	1080	986.6666667	974.3333333	979	979	1019	1092.333333	881	945.6666667	1012.333333	1113.333333	1046.666667
316112215	961.96	1159	1159	1159	1160	1043.333333	1043.333333	1007.666667	1081	987.6666667	974.3333333	981	981	1027.666667	1092.333333	881	940	1021	1106.666667	1041
316112220	962.73	1159	1161	1160	1161	1042.333333	1044.333333	1005.666667	1081	987.6666667	974.3333333	980	979	1027.666667	1093.333333	881	947.6666667	1020	1114.333333	1047.666667
316112225	962.8	1161	1160	1161	1159	1045.666667	1047.666667	1012.333333	1079	986.6666667	966.6666667	975.6666667	977.6666667	1032.333333	1092.333333	879	939	1020	1114.333333	1045.666667
316112230	960.53	1161	1160	1160	1160	1042.333333	1042.333333	1007.666667	1079	985.6666667	973.3333333	981	981	1040	1093.333333	879	939	1019	1113.333333	1067.666667
316112235	960.84	1161	1160	1161	1161	1046.666667	1047.666667	1013.333333	1079	987.6666667	972.3333333	981	979	1039	1107.666667	880	941	1019	1105.666667	1046.666667
316112240	961.24	1159	1161	1160	1161	1047.666667	1045.666667	1013.333333	1080	985.6666667	972.3333333	979	981	1033.333333	1093.333333	880	945.6666667	1021	1114.333333	1047.666667
316112245	962.47	1161	1159	1159	1159	1050	1051	1019	1081	994.3333333	974.3333333	982.3333333	982.3333333	1027.666667	1092.333333	879	947.6666667	1019	1114.333333	1047.666667
316112250	962.54	1160	1159	1160	1161	1051	1051	1019	1079	987.6666667	973.3333333	979	981	1032.333333	1107.666667	879	940	1020	1112.333333	1041
316112255	960.66	1161	1161	1161	1161	1049	1051	1019	1081	987.6666667	972.3333333	979	979	1033.333333	1093.333333	881	945.6666667	1020	1114.333333	1047.666667
316112300	962.72	1160	1161	1161	1159	1045.666667	1046.666667	1012.333333	1081	986.6666667	972.3333333	979	980	1027.666667	1107.666667	879	947.6666667	1020	1114.333333	1047.666667
316112305	961.79	1159	1159	1160	1160	1050	1051	1019	1079	987.6666667	973.3333333	981	980	1026.666667	1092.333333	887.6666667	945.6666667	1019	1114.333333	1045.666667
316112310	961.62	1159	1161	1160	1159	1050	1051	1021	1080	986.6666667	974.3333333	979	979	1032.333333	1086.666667	880	945.6666667	1020	1114.333333	1047.666667
316112315	960.37	1160	1160	1159	1159	1053.333333	1053.333333	1020	1087.666667	987.6666667	965.6666667	977.6666667	977.6666667	1034.333333	1094.333333	879	947.6666667	1020	1114.333333	1045.666667
316112320	962.04	1160	1160	1161	1159	1049	1051	1020	1079	987.6666667	972.3333333	979	980	1021	1094.333333	886.6666667	945.6666667	1020	1114.333333	1047.666667
316112325	961.08	1161	1161	1161	1161	1049	1049	1019	1081	985.6666667	972.3333333	979	980	1033.333333	1094.333333	880	946.6666667	1019	1114.333333	1047.666667
316112330	962.17	1159	1160	1160	1159	1053.333333	1052.333333	1020	1087.666667	987.6666667	972.3333333	981	981	1020	1094.333333	879	939	1019	1114.333333	1047.666667
316112335	962.58	1160	1160	1161	1161	1047.666667	1047.666667	1012.333333	1081	986.6666667	974.3333333	981	980	1026.666667	1100	1025.444444	947.6666667	1021	1113.333333	1047.666667
316112340	962.11	1160	1161	1159	1161	1054.333333	1054.333333	1020	1087.666667	993.3333333	974.3333333	984.3333333	984.3333333	1026.666667	1093.333333	886.6666667	947.6666667	1021	1105.666667	1047.666667
316112345	961.36	1159	1161	1161	1160	1050	1049	1019	1080	986.6666667	973.3333333	981	980	1021	1101	881	947.6666667	1021	1113.333333	1047.666667
316112350	961.05	1159	1160	1161	1160	1053.333333	1054.333333	1019	1087.666667	985.6666667	972.3333333	980	979	1034.333333	1092.333333	881	946.6666667	1020	1112.333333	1045.666667
316112355	961.44	1161	1160	1160	1160	1051	1051	1012.333333	1087.666667	987.6666667	974.3333333	979	981	1033.333333	1094.333333	885.6666667	946.6666667	1020	1113.333333	1047.666667
316112400	962.48	1160	1160	1159	1160	1054.333333	1053.333333	1020	1085.666667	985.6666667	973.3333333	981	980	1034.333333	1099	885.6666667	947.6666667	1020	1113.333333	1047.666667
316112405	963.17	1160	1159	1160	1161	1057.666667	1055.666667	1026.666667	1087.666667	986.6666667	974.3333333	980	981	1025.666667	1101	881	945.6666667	1019	1113.333333	1046.666667
316112410	961.58	1161	1159	1161	1161	1053.333333	1052.333333	1027.666667	1080	992.3333333	980	985.6666667	987.6666667	1034.333333	1105.666667	887.6666667	1007.888889	1020	1114.333333	1053.333333
316112415	962.11	1161	1160	1160	1161	1080	1079	1081	1079	993.3333333	974.3333333	984.3333333	984.3333333	1021	1099	885.6666667	947.6666667	1019	1112.333333	1046.666667
316112420	960.42	1159	1161	1160	1161	1054.333333	1053.333333	1019	1085.666667	999	979	991	989	1034.333333	1101	886.6666667	946.6666667	1020	1112.333333	1054.333333
316112425	960.09	1161	1161	1160	1159	1057.666667	1057.666667	1026.666667	1085.666667	1005.666667	979	994.3333333	994.3333333	1025.666667	1092.333333	885.6666667	946.6666667	1019	1112.333333	1045.666667
316112430	960.45	1161	1161	1159	1160	1057.666667	1055.666667	1025.666667	1085.666667	1006.666667	979	992.3333333	993.3333333	1041	1099	886.6666667	947.6666667	1021	1113.333333	1045.666667
316112435	960.3	1161	1160	1159	1160	1057.666667	1057.666667	1025.666667	1087.666667	1000	981	991	990	1021	1094.333333	887.6666667	946.6666667	1080	1114.333333	1045.666667
316112440	960.5	1161	1160	1159	1161	1052.333333	1052.333333	1021	1085.666667	1001	979	991	989	1032.333333	1105.666667	886.6666667	947.6666667	1021	1113.333333	1045.666667
316112445	960.36	1160	1159	1159	1160	1053.333333	1052.333333	1020	1086.666667	1005.666667	980	993.3333333	994.3333333	1033.333333	1100	887.6666667	946.6666667	1014.333333	1113.333333	1053.333333
316112450	962.91	1161	1161	1160	1161	1055.666667	1057.666667	1026.666667	1085.666667	1006.666667	980	992.3333333	992.3333333	1034.333333	1101	885.6666667	946.6666667	1020	1114.333333	1045.666667
316112455	960.95	1166.666667	1167.666667	1167.666667	1165.666667	1055.666667	1056.666667	1025.666667	1086.666667	1007.666667	979	993.3333333	992.3333333	1034.333333	1099	885.6666667	946.6666667	1020	1114.333333	1053.333333
316112500	961.26	1165.666667	1166.666667	1166.666667	1166.666667	1059	1061	1026.666667	1092.333333	1007.666667	980	993.3333333	994.3333333	1025.666667	1092.333333	886.6666667	945.6666667	1021	1112.333333	1054.333333
316112505	963.24	1160	1159	1160	1160	1055.666667	1056.666667	1026.666667	1085.666667	1006.666667	981	994.3333333	993.3333333	1033.333333	1101	885.6666667	952.3333333	1020	1114.333333	1046.666667
316112510	962.79	1165.666667	1166.666667	1167.666667	1167.666667	1061	1061	1026.666667	1094.333333	1006.666667	981	992.3333333	992.3333333	1026.666667	1100	885.6666667	945.6666667	1019	1112.333333	1053.333333
316112515	963.06	1161	1159	1159	1161	1063.333333	1063.333333	1025.666667	1100	1006.666667	987.6666667	996.6666667	996.6666667	1033.333333	1099	887.6666667	954.3333333	1025.666667	1114.333333	1047.666667
316112520	963.68	1167.666667	1165.666667	1167.666667	1165.666667	1059	1060	1027.666667	1094.333333	1005.666667	980	994.3333333	994.3333333	1033.333333	1105.666667	885.6666667	947.6666667	1021	1114.333333	1045.666667
316112525	962.94	1167.666667	1165.666667	1166.666667	1167.666667	1062.333333	1062.333333	1025.666667	1100	1006.666667	979	994.3333333	993.3333333	1039	1100	885.6666667	952.3333333	1020	1113.333333	1045.666667
316112530	961.66	1165.666667	1165.666667	1166.666667	1165.666667	1056.666667	1057.666667	1026.666667	1085.666667	1005.666667	979	992.3333333	993.3333333	1034.333333	1093.333333	887.6666667	945.6666667	1019	1112.333333	1054.333333
316112535	961.69	1172.333333	1172.333333	1172.333333	1174.333333	1063.333333	1063.333333	1025.666667	1099	1005.666667	981	994.3333333	994.3333333	1034.333333	1099	885.6666667	945.6666667	1021	1112.333333	1052.333333
316112540	963.02	1167.666667	1167.666667	1166.666667	1165.666667	1061	1060	1026.666667	1094.333333	1005.666667	980	994.3333333	993.3333333	1032.333333	1107.666667	885.6666667	947.6666667	1021	1113.333333	1054.333333
316112545	963.34	1167.666667	1167.666667	1167.666667	1167.666667	1062.333333	1062.333333	1027.666667	1100	1005.666667	980	994.3333333	994.3333333	1041	1100	885.6666667	953.3333333	1019	1114.333333	1060
316112550	963.26	1167.666667	1165.666667	1166.666667	1167.666667	1057.666667	1055.666667	1025.666667	1087.666667	1001	979	990	990	1034.333333	1100	886.6666667	953.3333333	1019	1112.333333	1052.333333
316112555	961.52	1167.666667	1167.666667	1166.666667	1167.666667	1062.333333	1064.333333	1025.666667	1099	1006.666667	979	994.3333333	993.3333333	1041	1106.666667	887.6666667	945.6666667	1019	1113.333333	1052.333333
316112600	962.64	1166.666667	1166.666667	1167.666667	1166.666667	1062.333333	1062.333333	1027.666667	1101	1005.666667	979	992.3333333	993.3333333	1033.333333	1100	886.6666667	946.6666667	1020	1114.333333	1047.666667
316112605	962.3	1165.666667	1165.666667	1165.666667	1166.666667	1062.333333	1063.333333	1025.666667	1100	1005.666667	981	993.3333333	994.3333333	1032.333333	1093.333333	886.6666667	947.6666667	1021	1112.333333	1046.666667
316112610	961.65	1165.666667	1167.666667	1165.666667	1166.666667	1061	1059	1026.666667	1093.333333	1007.666667	980	994.3333333	993.3333333	1032.333333	1107.666667	886.6666667	954.3333333	1019	1113.333333	1054.333333
316112615	960.98	1167.666667	1165.666667	1166.666667	1166.666667	1100	1100	1101	1099	1005.666667	979	994.3333333	992.3333333	1040	1106.666667	885.6666667	954.3333333	1019	1113.333333	1061
316112620	960.23	1172.333333	1172.333333	1174.333333	1174.333333	1062.333333	1062.333333	1025.666667	1101	1006.666667	979	992.3333333	994.3333333	1033.333333	1105.666667	886.6666667	953.3333333	1021	1113.333333	1053.333333
316112625	962.73	1172.333333	1172.333333	1172.333333	1174.333333	1100	1099	1100	1101	1007.666667	981	994.3333333	993.3333333	1041	1112.333333	887.6666667	954.3333333	1019	1112.333333	1054.333333
316112630	963.28	1172.333333	1172.333333	1172.333333	1174.333333	1064.333333	1062.333333	1025.666667	1100	1006.666667	981	993.3333333	992.3333333	1034.333333	1107.666667	886.6666667	954.3333333	1020	1113.333333	1053.333333
316112635	961.84	1172.333333	1174.333333	1173.333333	1172.333333	1062.333333	1063.333333	1025.666667	1099	1005.666667	979	993.3333333	994.3333333	1041	1101	893.3333333	954.3333333	1019	1114.333333	1059
316112640	962.19	1166.666667	1166.666667	1166.666667	1167.666667	1059	1061	1025.666667	1093.333333	1006.666667	985.6666667	995.6666667	997.6666667	1032.333333	1099	892.3333333	952.3333333	1026.666667	1113.333333	1061
316112645	962.32	1166.666667	1166.666667	1166.666667	1165.666667	1063.333333	1063.333333	1027.666667	1099	1006.666667	985.6666667	997.6666667	997.6666667	1040	1107.666667	892.3333333	952.3333333	1021	1113.333333	1053.333333
316112650	961.15	1173.333333	1174.333333	1173.333333	1173.333333	1062.333333	1063.333333	1026.666667	1099	1006.666667	986.6666667	995.6666667	995.6666667	1041	1106.666667	892.3333333	953.3333333	1021	1126.666667	1052.333333
316112655	961.58	1174.333333	1173.333333	1174.333333	1174.333333	1062.333333	1062.333333	1027.666667	1100	1006.666667	987.6666667	997.6666667	996.6666667	1032.333333	1106.666667	893.3333333	952.3333333	1021	1114.333333	1061
316112700	962.05	1174.333333	1173.333333	1173.333333	1174.333333	1062.333333	1064.333333	1025.666667	1100	1006.666667	987.6666667	995.6666667	997.6666667	1039	1101	894.3333333	952.3333333	1019	1112.333333	1053.333333
316112705	962.89	1173.333333	1173.333333	1173.333333	1174.333333	1063.333333	1062.333333	1027.666667	1101	1007.666667	974.3333333	990	989	1033.333333	1107.666667	894.3333333	954.3333333	1019	1113.333333	1052.333333
316112710	961.04	1165.666667	1165.666667	1167.666667	1167.666667	1063.333333	1064.333333	1027.666667	1099	1005.666667	987.6666667	997.6666667	997.6666667	1032.333333	1100	893.3333333	952.3333333	1026.666667	1119	1060
316112715	961.47	1173.333333	1174.333333	1174.333333	1173.333333	1101	1101	1101	1100	1007.666667	981	992.3333333	992.3333333	1041	1101	894.3333333	953.3333333	1020	1120	1054.333333
316112720	961.41	1174.333333	1172.333333	1173.333333	1172.333333	1063.333333	1063.333333	1025.666667	1101	1006.666667	974.3333333	989	989	1040	1106.666667	892.3333333	952.3333333	1025.666667	1112.333333	1060
316112725	962.74	1173.333333	1172.333333	1173.333333	1173.333333	1063.333333	1064.333333	1027.666667	1099	1005.666667	981	994.3333333	992.3333333	1039	1114.333333	894.3333333	954.3333333	1027.666667	1113.333333	1059
316112730	961.86	1179	1180	1180	1181	1061	1059	1025.666667	1093.333333	1006.666667	992.3333333	999	1001	1039	1106.666667	894.3333333	952.3333333	1021	1113.333333	1059
316112735	961.18	1180	1180	1180	1180	1064.333333	1064.333333	1026.666667	1101	1006.666667	985.6666667	996.6666667	995.6666667	1033.333333	1105.666667	901	952.3333333	1019	1121	1052.333333
316112740	962.39	1174.333333	1174.333333	1174.333333	1172.333333	1064.333333	1062.333333	1027.666667	1100	1005.666667	986.6666667	995.6666667	996.6666667	1040	1099	892.3333333	952.3333333	1020	1112.333333	1053.333333
316112745	962.49	1173.333333	1172.333333	1174.333333	1174.333333	1062.333333	1063.333333	1027.666667	1100	1005.666667	985.6666667	995.6666667	997.6666667	1040	1112.333333	892.3333333	952.3333333	1027.666667	1113.333333	1060
316112750	961.26	1166.666667	1166.666667	1165.666667	1167.666667	1064.333333	1062.333333	1025.666667	1099	1006.666667	987.6666667	997.6666667	995.6666667	1039	1107.666667	892.3333333	952.3333333	1025.666667	1113.333333	1052.333333
316112755	960.54	1174.333333	1173.333333	1174.333333	1172.333333	1062.333333	1063.333333	1026.666667	1099	1005.666667	986.6666667	997.6666667	997.6666667	1041	1101	900	952.3333333	1021	1113.333333	1054.333333
316112800	959.68	1172.333333	1174.333333	1173.333333	1172.333333	1062.333333	1063.333333	1025.666667	1099	1007.666667	994.3333333	999	999	1041	1114.333333	900	960	1025.666667	1121	1053.333333
316112805	962.09	1173.333333	1173.333333	1174.333333	1173.333333	1063.333333	1064.333333	1025.666667	1099	1007.666667	994.3333333	1000	1000	1039	1113.333333	900	954.3333333	1034.333333	1113.333333	1059
316112810	961.3	1180	1181	1179	1180	1064.333333	1064.333333	1027.666667	1100	1007.666667	986.6666667	997.6666667	995.6666667	1041	1107.666667	899	954.3333333	1020	1112.333333	1060
316112815	961.96	1173.333333	1174.333333	1174.333333	1172.333333	1063.333333	1064.333333	1026.666667	1099	1006.666667	985.6666667	997.6666667	995.6666667	1041	1100	906.6666667	953.3333333	1019	1119	1059
316112820	961.35	1180	1181	1180	1180	1063.333333	1063.333333	1025.666667	1100	1005.666667	992.3333333	999	1000	1040	1112.333333	894.3333333	961	1027.666667	1121	1054.333333
316112825	960.29	1179	1180	1180	1180	1063.333333	1063.333333	1026.666667	1099	1006.666667	992.3333333	1001	999	1034.333333	1099	901	952.3333333	1032.333333	1121	1052.333333
316112830	962.57	1180	1180	1181	1179	1062.333333	1063.333333	1026.666667	1099	1007.666667	994.3333333	1000	1001	1039	1106.666667	901	961	1032.333333	1112.333333	1061
316112835	961.99	1173.333333	1174.333333	1172.333333	1172.333333	1062.333333	1062.333333	1026.666667	1101	1005.666667	994.3333333	999	1000	1041	1100	905.6666667	959	1021	1127.666667	1060
316112840	960.17	1179	1180	1181	1180	1064.333333	1063.333333	1025.666667	1099	1007.666667	985.6666667	996.6666667	997.6666667	1039	1105.666667	899	954.3333333	1025.666667	1119	1059
316112845	960.67	1180	1179	1179	1179	1062.333333	1064.333333	1026.666667	1101	1007.666667	992.3333333	999	999	1040	1106.666667	899	959	1032.333333	1121	1060
316112850	962.51	1181	1179	1181	1180	1064.333333	1064.333333	1027.666667	1101	1005.666667	992.3333333	999	1000	1033.333333	1107.666667	906.6666667	954.3333333	1033.333333	1120	1067.666667
316112855	959.87	1180	1181	1181	1180	1062.333333	1062.333333	1025.666667	1100	1007.666667	994.3333333	999	999	1041	1113.333333	907.6666667	961	1025.666667	1127.666667	1061
316112900	959.96	1181	1181	1181	1181	1062.333333	1062.333333	1025.666667	1099	1006.666667	985.6666667	995.6666667	996.6666667	1040	1105.666667	907.6666667	959	1034.333333	1127.666667	1061
316112905	962.67	1181	1179	1181	1181	1064.333333	1062.333333	1026.666667	1100	1007.666667	993.3333333	1000	999	1039	1106.666667	907.6666667	959	1033.333333	1120	1059
316112910	961.56	1181	1179	1179	1181	1062.333333	1064.333333	1025.666667	1101	1006.666667	994.3333333	1000	1000	1040	1107.666667	901	952.3333333	1034.333333	1119	1061
316112915	960.32	1181	1179	1179	1180	1062.333333	1062.333333	1025.666667	1099	1007.666667	994.3333333	999	1001	1039	1113.333333	901	952.3333333	1032.333333	1119	1059
316112920	961.99	1181	1179	1181	1180	1063.333333	1063.333333	1026.666667	1100	1006.666667	992.3333333	1000	999	1039	1114.333333	906.6666667	959	1032.333333	1121	1061
316112925	963.38	1181	1179	1181	1181	1064.333333	1064.333333	1026.666667	1099	1006.666667	993.3333333	1000	1001	1040	1113.333333	906.6666667	961	1033.333333	1134.333333	1059
316112930	962.66	1179	1179	1179	1181	1064.333333	1062.333333	1025.666667	1099	1007.666667	992.3333333	1000	999	1039	1112.333333	905.6666667	959	1034.333333	1120	1060
316112935	961.95	1180	1180	1180	1179	1063.333333	1062.333333	1026.666667	1099	1006.666667	992.3333333	1001	999	1040	1107.666667	906.6666667	954.3333333	1034.333333	1120	1060
316112940	962.84	1179	1181	1179	1181	20	716.5555556	1026.666667	1101	1007.666667	994.3333333	1001	1000	1040	1107.666667	907.6666667	961	1033.333333	1119	1060
316112945	962.45	1181	1180	1181	1180	1064.333333	1063.333333	1026.666667	1101	1006.666667	993.3333333	999	1000	1041	1113.333333	907.6666667	959	1032.333333	1126.666667	1061
316112950	962.41	1180	1180	1181	1180	21	714.5555556	1025.666667	1099	1007.666667	993.3333333	1000	1001	993.3333333	1113.333333	905.6666667	961	1033.333333	1133.333333	1060
316112955	963.29	1179	1179	1180	1179	1063.333333	1062.333333	1026.666667	1101	1007.666667	994.3333333	1001	1001	1039	1112.333333	905.6666667	954.3333333	1033.333333	1125.666667	1060
316113000	962.71	1179	1179	1180	1181	1062.333333	1064.333333	1027.666667	1101	1006.666667	994.3333333	1001	999	1039	1112.333333	905.6666667	960	1034.333333	1127.666667	1067.666667
316113005	963.81	1179	1180	1181	1180	1064.333333	1064.333333	1027.666667	1100	1007.666667	992.3333333	1000	1001	1041	1112.333333	907.6666667	961	1034.333333	1125.666667	1060
316113010	964.1	1179	1179	1181	1179	1063.333333	1063.333333	1025.666667	1099	1005.666667	992.3333333	999	999	1033.333333	1105.666667	906.6666667	953.3333333	1033.333333	1132.333333	1061
316113015	963.81	1179	1179	1181	1179	1064.333333	1064.333333	1026.666667	1101	1006.666667	992.3333333	1001	1000	1047.666667	1106.666667	906.6666667	961	1034.333333	1133.333333	1067.666667
316113020	964.04	1181	1179	1181	1179	1064.333333	1062.333333	1026.666667	1100	1007.666667	993.3333333	1000	1000	1046.666667	1113.333333	907.6666667	961	1032.333333	1132.333333	1067.666667
316113025	964.32	1180	1180	1179	1181	1064.333333	1063.333333	1026.666667	1101	1007.666667	993.3333333	1000	1001	1041	1113.333333	905.6666667	960	1032.333333	1134.333333	1059
316113030	964.39	1181	1180	1179	1181	1062.333333	1062.333333	1025.666667	1100	1007.666667	994.3333333	1000	1001	1045.666667	1112.333333	907.6666667	966.6666667	1032.333333	1133.333333	1067.666667
316113035	964.09	1181	1181	1181	1181	1067.666667	1066.666667	1033.333333	1101	1014.333333	992.3333333	1004.333333	1002.333333	1039	1113.333333	905.6666667	959	1034.333333	1133.333333	1059
316113040	963.46	1181	1179	1179	1180	1063.333333	1062.333333	1026.666667	1099	1006.666667	994.3333333	1000	1000	1039	1105.666667	906.6666667	961	1032.333333	1132.333333	1067.666667
316113045	964.14	1181	1179	1181	1181	1066.666667	1067.666667	1033.333333	1099	1007.666667	994.3333333	1000	1001	1039	1099	1034.333333	960	1032.333333	1133.333333	1067.666667
316113050	962.79	1181	1181	1180	1180	1067.666667	1066.666667	1032.333333	1101	1006.666667	993.3333333	1000	999	1046.666667	1105.666667	900	959	1033.333333	1132.333333	1065.666667
316113055	964.88	1179	1179	1179	1181	1069	1069	1039	1101	1005.666667	993.3333333	999	1001	1039	1106.666667	907.6666667	959	1034.333333	1132.333333	1067.666667
316113100	964.01	1180	1180	1179	1180	1065.666667	1065.666667	1032.333333	1099	1005.666667	994.3333333	1001	999	1039	1107.666667	905.6666667	960	1034.333333	1132.333333	1065.666667
316113105	963.74	1181	1181	1181	1179	1062.333333	1063.333333	1026.666667	1099	1013.333333	994.3333333	1004.333333	1002.333333	1047.666667	1106.666667	905.6666667	961	1033.333333	1133.333333	1065.666667
316113110	964.99	1179	1180	1181	1180	1062.333333	1063.333333	1025.666667	1099	1013.333333	994.3333333	1002.333333	1002.333333	1040	1107.666667	907.6666667	961	1025.666667	1127.666667	1060
316113115	963.91	1179	1179	1181	1180	1066.666667	1067.666667	1033.333333	1101	1005.666667	993.3333333	1001	999	1046.666667	1112.333333	905.6666667	960	1027.666667	1133.333333	1060
316113120	964.89	1179	1180	1179	1181	1065.666667	1065.666667	1033.333333	1101	1005.666667	992.3333333	999	1000	1046.666667	1105.666667	905.6666667	961	1033.333333	1134.333333	1061
316113125	964.71	1179	1179	1179	1180	1067.666667	1065.666667	1033.333333	1099	1006.666667	992.3333333	1000	1000	1039	1112.333333	905.6666667	966.6666667	1033.333333	1132.333333	1066.666667
316113130	962.51	1180	1179	1179	1180	1066.666667	1067.666667	1033.333333	1100	1005.666667	994.3333333	1001	1001	1040	1106.666667	905.6666667	960	1032.333333	1134.333333	1067.666667
316113135	963.07	1180	1181	1179	1180	1066.666667	1067.666667	1033.333333	1100	1013.333333	992.3333333	1004.333333	1004.333333	1039	1112.333333	905.6666667	967.6666667	1034.333333	1134.333333	1067.666667
316113140	963.9	1179	1179	1179	1180	1066.666667	1065.666667	1033.333333	1099	1005.666667	993.3333333	1000	999	1041	1114.333333	906.6666667	965.6666667	1034.333333	1134.333333	1060
316113145	964.36	1181	1179	1181	1180	1070	1069	1040	1101	1013.333333	992.3333333	1004.333333	1004.333333	1039	1112.333333	905.6666667	966.6666667	1040	1133.333333	1061
316113150	962	1181	1179	1180	1181	1071	1069	1041	1099	1013.333333	992.3333333	1004.333333	1002.333333	1047.666667	1106.666667	906.6666667	967.6666667	1032.333333	1133.333333	1060
316113155	963.72	1180	1181	1180	1181	1070	1071	1041	1100	1012.333333	992.3333333	1002.333333	1003.333333	1040	1114.333333	905.6666667	966.6666667	1034.333333	1132.333333	1067.666667
316113200	961.35	1180	1179	1179	1181	1071	1069	1040	1100	1019	992.3333333	1005.666667	1005.666667	1047.666667	1112.333333	907.6666667	959	1033.333333	1132.333333	1065.666667
316113205	963.95	1181	1181	1179	1181	1071	1069	1039	1100	1020	994.3333333	1006.666667	1006.666667	1047.666667	1114.333333	906.6666667	966.6666667	1033.333333	1126.666667	1067.666667
316113210	963.54	1179	1180	1179	1181	1070	1071	1041	1100	1012.333333	993.3333333	1004.333333	1003.333333	1039	1113.333333	905.6666667	966.6666667	1034.333333	1134.333333	1065.666667
316113215	963.51	1179	1179	1179	1180	1069	1069	1040	1099	1020	994.3333333	1005.666667	1006.666667	1046.666667	1114.333333	905.6666667	959	1032.333333	1133.333333	1067.666667
316113220	963.08	1174.333333	1172.333333	1173.333333	1173.333333	20	719	1039	1099	1014.333333	993.3333333	1004.333333	1003.333333	1039	1106.666667	905.6666667	966.6666667	1034.333333	1133.333333	1061
316113225	964.19	1179	1179	1181	1181	1072.333333	1072.333333	1041	1107.666667	1021	994.3333333	1007.666667	1007.666667	1047.666667	1114.333333	907.6666667	966.6666667	1034.333333	1132.333333	1066.666667
316113230	965.08	1179	1180	1180	1181	1070	1070	1039	1099	1021	992.3333333	1005.666667	1006.666667	1045.666667	1112.333333	906.6666667	967.6666667	1034.333333	1133.333333	1065.666667
316113235	963.31	1180	1180	1181	1181	1069	1071	1040	1099	1020	1000	1011	1009	1039	1113.333333	905.6666667	966.6666667	1032.333333	1132.333333	1060
316113240	965.81	1179	1180	1181	1180	1073.333333	1073.333333	1039	1105.666667	1020	992.3333333	1006.666667	1006.666667	1052.333333	1114.333333	905.6666667	967.6666667	1033.333333	1132.333333	1065.666667
316113245	965.58	1179	1181	1179	1179	1070	1070	1039	1100	1020	1000	1011	1010	1046.666667	1107.666667	905.6666667	967.6666667	1034.333333	1134.333333	1067.666667
316113250	964.06	1181	1181	1181	1180	1066.666667	1066.666667	1034.333333	1099	1021	993.3333333	1007.666667	1007.666667	1052.333333	1106.666667	906.6666667	966.6666667	1034.333333	1134.333333	1065.666667
316113255	963.13	1180	1181	1179	1180	1070	1069	1040	1100	1021	999	1011	1011	1040	1114.333333	906.6666667	966.6666667	1032.333333	1133.333333	1067.666667
316113300	964.36	1181	1181	1179	1180	1071	1069	1039	1099	1019	1001	1011	1009	1053.333333	1114.333333	905.6666667	966.6666667	1033.333333	1134.333333	1061
316113305	965.34	1179	1179	1180	1181	1069	1069	1040	1100	1021	1000	1011	1009	1053.333333	1113.333333	905.6666667	967.6666667	1041	1127.666667	1060
316113310	963.59	1179	1181	1181	1181	1071	1069	1039	1100	1027.666667	1001	1014.333333	1012.333333	1046.666667	1100	913.3333333	966.6666667	1034.333333	1133.333333	1066.666667
316113315	962.6	1180	1179	1180	1181	1071	1069	1041	1101	1020	999	1011	1009	1052.333333	1112.333333	1044.444444	966.6666667	1032.333333	1125.666667	1074.333333
316113320	963.76	1185.666667	1187.666667	1187.666667	1187.666667	1071	1070	1041	1100	1025.666667	1000	1013.333333	1012.333333	1045.666667	1114.333333	906.6666667	967.6666667	1032.333333	1134.333333	1066.666667
316113325	964.25	1186.666667	1186.666667	1187.666667	1185.666667	1069	1069	1040	1099	1025.666667	999	1014.333333	1014.333333	1052.333333	1112.333333	905.6666667	967.6666667	1033.333333	1127.666667	1065.666667
316113330	962.43	1186.666667	1186.666667	1186.666667	1186.666667	1070	1069	1039	1101	1027.666667	1000	1012.333333	1014.333333	1054.333333	1114.333333	907.6666667	974.3333333	1032.333333	1132.333333	1067.666667
316113335	963.76	1187.666667	1186.666667	1185.666667	1185.666667	1073.333333	1073.333333	1041	1106.666667	1027.666667	1000	1012.333333	1014.333333	1054.333333	1114.333333	907.6666667	974.3333333	1034.333333	1132.333333	1067.666667
316113340	964.34	1187.666667	1186.666667	1186.666667	1186.666667	19	721	1040	1099	1026.666667	1001	1014.333333	1013.333333	999	1119	907.6666667	974.3333333	1034.333333	1133.333333	1066.666667
316113345	962.53	1185.666667	1186.666667	1185.666667	1187.666667	1069	1069	1039	1099	1025.666667	1001	1014.333333	1012.333333	1054.333333	1114.333333	906.6666667	973.3333333	1040	1132.333333	1067.666667
316113350	963.94	1185.666667	1187.666667	1186.666667	1185.666667	1069	1069	1039	1099	1026.666667	1000	1012.333333	1013.333333	1054.333333	1112.333333	913.3333333	974.3333333	1039	1132.333333	1066.666667
316113355	963.89	1185.666667	1187.666667	1185.666667	1186.666667	1071	1069	1040	1100	1027.666667	1000	1014.333333	1012.333333	1045.666667	1112.333333	913.3333333	972.3333333	1034.333333	1132.333333	1072.333333
316113400	963.27	1187.666667	1185.666667	1186.666667	1187.666667	1070	1070	1039	1100	1026.666667	1000	1012.333333	1012.333333	1053.333333	1114.333333	905.6666667	965.6666667	1040	1132.333333	1072.333333
316113405	961.44	1185.666667	1186.666667	1185.666667	1185.666667	1070	1071	1040	1101	1027.666667	1000	1014.333333	1012.333333	1054.333333	1114.333333	907.6666667	973.3333333	1040	1133.333333	1073.333333
316113410	962.75	1187.666667	1185.666667	1187.666667	1186.666667	1073.333333	1073.333333	1041	1105.666667	1025.666667	999	1012.333333	1013.333333	1054.333333	1113.333333	913.3333333	966.6666667	1039	1134.333333	1065.666667
316113415	962.54	1187.666667	1186.666667	1185.666667	1185.666667	1074.333333	1073.333333	1040	1107.666667	1026.666667	999	1012.333333	1013.333333	1052.333333	1119	906.6666667	974.3333333	1039	1133.333333	1074.333333
316113420	962.99	1186.666667	1186.666667	1187.666667	1186.666667	1073.333333	1073.333333	1039	1106.666667	1025.666667	1001	1013.333333	1013.333333	1053.333333	1120	920	974.3333333	1039	1133.333333	1072.333333
316113425	962.59	1186.666667	1185.666667	1186.666667	1186.666667	1073.333333	1073.333333	1039	1107.666667	1027.666667	1001	1014.333333	1014.333333	1053.333333	1121	920	972.3333333	1032.333333	1134.333333	1074.333333
316113430	961.45	1187.666667	1185.666667	1187.666667	1185.666667	1072.333333	1073.333333	1039	1106.666667	1025.666667	1000	1012.333333	1012.333333	1052.333333	1112.333333	912.3333333	974.3333333	1033.333333	1133.333333	1072.333333
316113435	963.36	1185.666667	1187.666667	1186.666667	1185.666667	1075.666667	1076.666667	1041	1113.333333	1025.666667	1000	1012.333333	1014.333333	1052.333333	1113.333333	920	981	1041	1134.333333	1074.333333
316113440	961.85	1186.666667	1186.666667	1185.666667	1185.666667	1076.666667	1076.666667	1041	1114.333333	1026.666667	1000	1013.333333	1013.333333	1045.666667	1119	919	974.3333333	1041	1134.333333	1067.666667
316113445	961.59	1193.333333	1194.333333	1194.333333	1194.333333	1081	1079	1041	1120	1025.666667	999	1014.333333	1014.333333	1054.333333	1120	921	973.3333333	1039	1132.333333	1065.666667
316113450	961.56	1193.333333	1194.333333	1192.333333	1194.333333	1077.666667	1077.666667	1040	1114.333333	1027.666667	1007.666667	1015.666667	1017.666667	1053.333333	1126.666667	919	966.6666667	1032.333333	1133.333333	1073.333333
316113455	964.45	1187.666667	1185.666667	1187.666667	1187.666667	1076.666667	1076.666667	1040	1114.333333	1027.666667	999	1013.333333	1012.333333	1052.333333	1121	919	972.3333333	1039	1132.333333	1072.333333
316113500	963.59	1193.333333	1193.333333	1192.333333	1192.333333	1072.333333	1074.333333	1039	1107.666667	1026.666667	1001	1012.333333	1012.333333	1045.666667	1119	920	974.3333333	1039	1132.333333	1065.666667
316113505	962.16	1187.666667	1186.666667	1187.666667	1186.666667	1072.333333	1074.333333	1041	1105.666667	1025.666667	999	1012.333333	1013.333333	1053.333333	1112.333333	921	973.3333333	1040	1133.333333	1080
316113510	962.61	1185.666667	1186.666667	1186.666667	1187.666667	1079	1081	1046.666667	1113.333333	1026.666667	1001	1014.333333	1014.333333	1053.333333	1120	921	972.3333333	1041	1134.333333	1073.333333
316113515	962.17	1185.666667	1187.666667	1186.666667	1186.666667	1073.333333	1073.333333	1041	1107.666667	1025.666667	1000	1013.333333	1012.333333	1053.333333	1119	919	973.3333333	1040	1133.333333	1073.333333
316113520	961.33	1187.666667	1186.666667	1186.666667	1187.666667	1075.666667	1077.666667	1040	1114.333333	1027.666667	1006.666667	1017.666667	1015.666667	1053.333333	1121	921	972.3333333	1040	1132.333333	1072.333333
316113525	963.52	1186.666667	1186.666667	1186.666667	1187.666667	1077.666667	1077.666667	1041	1112.333333	1025.666667	1000	1012.333333	1014.333333	1052.333333	1113.333333	919	979	1032.333333	1132.333333	1073.333333
316113530	961.28	1194.333333	1194.333333	1193.333333	1192.333333	21	727.6666667	1039	1119	1025.666667	1000	1012.333333	1012.333333	1054.333333	1119	927.6666667	972.3333333	1039	1132.333333	1074.333333
316113535	960.86	1186.666667	1186.666667	1187.666667	1185.666667	1080	1081	1040	1119	1027.666667	999	1012.333333	1014.333333	1052.333333	1120	914.3333333	974.3333333	1039	1134.333333	1073.333333
316113540	963.45	1185.666667	1186.666667	1185.666667	1187.666667	1079	1081	1046.666667	1112.333333	1025.666667	1000	1014.333333	1012.333333	1054.333333	1121	927.6666667	981	1040	1132.333333	1073.333333
316113545	963.24	1185.666667	1185.666667	1187.666667	1187.666667	1082.333333	1083.333333	1045.666667	1121	1027.666667	1001	1013.333333	1013.333333	1054.333333	1120	920	974.3333333	1040	1133.333333	1072.333333
316113550	964.6	1185.666667	1187.666667	1185.666667	1186.666667	1080	1081	1041	1120	1026.666667	1005.666667	1015.666667	1016.666667	1059	1120	926.6666667	979	1033.333333	1134.333333	1074.333333
316113555	964.31	1187.666667	1186.666667	1187.666667	1186.666667	1081	1079	1041	1119	1026.666667	1000	1012.333333	1012.333333	1052.333333	1126.666667	925.6666667	981	1039	1139	1072.333333
316113600	964.29	1186.666667	1185.666667	1187.666667	1186.666667	1081	1079	1041	1120	1026.666667	1001	1014.333333	1012.333333	1054.333333	1120	926.6666667	981	1034.333333	1132.333333	1073.333333
316113605	963.26	1186.666667	1187.666667	1185.666667	1186.666667	1083.333333	1084.333333	1046.666667	1121	1027.666667	1014.333333	1021	1019	1054.333333	1119	926.6666667	980	1041	1134.333333	1074.333333
316113610	965.2	1192.333333	1192.333333	1193.333333	1194.333333	1075.666667	1077.666667	1040	1113.333333	1026.666667	1000	1012.333333	1014.333333	1054.333333	1120	927.6666667	980	1039	1134.333333	1074.333333
316113615	964.94	1187.666667	1186.666667	1185.666667	1187.666667	1081	1081	1046.666667	1114.333333	1026.666667	999	1014.333333	1012.333333	1053.333333	1121	925.6666667	981	1033.333333	1134.333333	1074.333333
316113620	964.89	1194.333333	1194.333333	1193.333333	1193.333333	1081	1080	1039	1119	1027.666667	1013.333333	1020	1021	1061	1119	927.6666667	979	1039	1139	1081
316113625	963.73	1186.666667	1185.666667	1185.666667	1187.666667	1084.333333	1082.333333	1046.666667	1120	1025.666667	1006.666667	1015.666667	1015.666667	1060	1121	925.6666667	981	1110	1139	1080
316113630	963.7	1193.333333	1192.333333	1194.333333	1193.333333	1080	1081	1039	1120	1026.666667	1014.333333	1019	1021	1061	1121	927.6666667	972.3333333	1040	1139	1080
316113635	965.51	1187.666667	1186.666667	1185.666667	1186.666667	1079	1079	1045.666667	1113.333333	1027.666667	1012.333333	1019	1020	1053.333333	1120	926.6666667	981	1039	1145.666667	1081
316113640	963.67	1186.666667	1186.666667	1186.666667	1186.666667	1084.333333	1082.333333	1047.666667	1119	1026.666667	1012.333333	1021	1021	1053.333333	1120	925.6666667	979	1040	1132.333333	1072.333333
316113645	964.91	1192.333333	1193.333333	1194.333333	1194.333333	1084.333333	1083.333333	1047.666667	1120	1025.666667	1014.333333	1019	1019	1053.333333	1120	926.6666667	979	1039	1132.333333	1073.333333
316113650	965.19	1192.333333	1192.333333	1193.333333	1193.333333	1084.333333	1083.333333	1045.666667	1121	1025.666667	1007.666667	1015.666667	1015.666667	1059	1120	927.6666667	981	1039	1146.666667	1081
316113655	966.8	1193.333333	1192.333333	1192.333333	1192.333333	1084.333333	1083.333333	1046.666667	1120	1027.666667	1006.666667	1015.666667	1016.666667	1061	1119	926.6666667	981	1041	1139	1081
316113700	964.29	1194.333333	1194.333333	1194.333333	1194.333333	1083.333333	1084.333333	1046.666667	1120	1026.666667	1006.666667	1017.666667	1016.666667	1054.333333	1121	926.6666667	979	1041	1133.333333	1072.333333
316113705	966.42	1192.333333	1194.333333	1193.333333	1194.333333	1083.333333	1083.333333	1046.666667	1121	1027.666667	1013.333333	1021	1020	1060	1120	927.6666667	981	1039	1132.333333	1080
316113710	965.02	1192.333333	1194.333333	1193.333333	1193.333333	1082.333333	1083.333333	1045.666667	1121	1027.666667	1014.333333	1019	1020	1054.333333	1125.666667	925.6666667	979	1041	1139	1081
316113715	965.21	1192.333333	1192.333333	1192.333333	1194.333333	1082.333333	1083.333333	1045.666667	1119	1025.666667	1012.333333	1020	1020	1060	1121	925.6666667	981	1032.333333	1140	1079
316113720	966.63	1194.333333	1193.333333	1192.333333	1192.333333	1083.333333	1083.333333	1047.666667	1119	1032.333333	1013.333333	1023.333333	1024.333333	1061	1112.333333	925.6666667	981	1040	1141	1081
316113725	964.87	1193.333333	1192.333333	1194.333333	1194.333333	1082.333333	1084.333333	1046.666667	1120	1026.666667	1014.333333	1019	1020	1060	1120	927.6666667	979	1046.666667	1140	1079
316113730	967.29	1201	1200	1201	1199	1082.333333	1082.333333	1046.666667	1121	1025.666667	1012.333333	1021	1020	1054.333333	1121	925.6666667	979	1034.333333	1141	1079
316113735	967.29	1186.666667	1186.666667	1187.666667	1186.666667	1082.333333	1082.333333	1045.666667	1119	1026.666667	1012.333333	1020	1019	1061	1119	926.6666667	979	1041	1141	1079
316113740	964.3	1193.333333	1192.333333	1192.333333	1193.333333	1084.333333	1083.333333	1047.666667	1119	1027.666667	1012.333333	1021	1019	1060	1120	927.6666667	980	1041	1139	1072.333333
316113745	966.78	1186.666667	1187.666667	1187.666667	1186.666667	1083.333333	1082.333333	1047.666667	1121	1026.666667	1006.666667	1016.666667	1017.666667	1061	1120	925.6666667	981	1039	1139	1079
316113750	965.67	1194.333333	1193.333333	1192.333333	1192.333333	1082.333333	1084.333333	1047.666667	1120	1025.666667	1007.666667	1016.666667	1015.666667	1060	1126.666667	925.6666667	979	1039	1141	1079
316113755	965.4	1192.333333	1194.333333	1194.333333	1192.333333	1119	1120	1120	1120	1026.666667	1013.333333	1020	1020	1067.666667	1119	927.6666667	987.6666667	1047.666667	1141	1085.666667
316113800	963.97	1200	1201	1199	1199	1084.333333	1084.333333	1047.666667	1119	1027.666667	1006.666667	1017.666667	1016.666667	1067.666667	1119	925.6666667	987.6666667	1039	1139	1085.666667
316113805	966.11	1200	1199	1200	1199	1084.333333	1083.333333	1045.666667	1119	1027.666667	1014.333333	1021	1020	1061	1119	927.6666667	979	1047.666667	1145.666667	1081
316113810	965.48	1199	1200	1201	1199	1083.333333	1084.333333	1045.666667	1119	1026.666667	1013.333333	1019	1019	1060	1121	927.6666667	980	1039	1140	1086.666667
316113815	964.93	1199	1199	1201	1201	1084.333333	1083.333333	1047.666667	1121	1027.666667	1014.333333	1020	1020	1053.333333	1127.666667	926.6666667	981	1039	1139	1081
316113820	965.85	1201	1199	1200	1200	1082.333333	1082.333333	1045.666667	1120	1026.666667	1014.333333	1020	1019	1059	1119	925.6666667	981	1045.666667	1147.666667	1079
316113825	965.02	1200	1199	1201	1201	1084.333333	1082.333333	1046.666667	1121	1034.333333	1012.333333	1024.333333	1024.333333	1061	1121	926.6666667	987.6666667	1040	1147.666667	1080
316113830	964.5	1194.333333	1192.333333	1194.333333	1192.333333	1082.333333	1082.333333	1047.666667	1120	1033.333333	1013.333333	1024.333333	1023.333333	1060	1121	926.6666667	986.6666667	1041	1145.666667	1080
316113835	965.59	1201	1199	1200	1200	1082.333333	1084.333333	1046.666667	1120	1032.333333	1013.333333	1024.333333	1022.333333	1053.333333	1119	920	979	1046.666667	1146.666667	1079
316113840	963.86	1199	1201	1199	1199	1084.333333	1083.333333	1047.666667	1121	1040	1013.333333	1025.666667	1027.666667	1060	1127.666667	932.3333333	980	1040	1146.666667	1080
316113845	964.04	1200	1201	1200	1199	1079	1081	1041	1119	1039	1012.333333	1025.666667	1027.666667	1054.333333	1120	925.6666667	981	1041	1139	1081
316113850	965.65	1201	1200	1200	1200	1082.333333	1083.333333	1045.666667	1119	1040	1006.666667	1022.333333	1024.333333	1060	1120	934.3333333	980	1039	1147.666667	1079
316113855	964.72	1201	1200	1200	1201	1082.333333	1083.333333	1046.666667	1119	1027.666667	1013.333333	1021	1020	1067.666667	1121	921	980	1047.666667	1145.666667	1080
316113900	963.87	1199	1200	1200	1201	1086.666667	1085.666667	1052.333333	1121	1033.333333	1014.333333	1024.333333	1022.333333	1053.333333	1114.333333	925.6666667	979	1039	1141	1085.666667
316113905	963.91	1199	1201	1201	1199	1083.333333	1084.333333	1046.666667	1121	1032.333333	1013.333333	1022.333333	1023.333333	1060	1119	933.3333333	987.6666667	1045.666667	1145.666667	1081
316113910	965.62	1199	1201	1200	1201	1087.666667	1085.666667	1052.333333	1119	1039	1014.333333	1026.666667	1027.666667	1065.666667	1119	927.6666667	985.6666667	1041	1146.666667	1080
316113915	965.87	1199	1200	1199	1200	1087.666667	1085.666667	1052.333333	1119	1026.666667	1013.333333	1019	1020	1054.333333	1119	932.3333333	985.6666667	1041	1146.666667	1086.666667
316113920	965.2	1201	1200	1200	1199	1086.666667	1085.666667	1052.333333	1120	1025.666667	1012.333333	1020	1019	1067.666667	1121	932.3333333	986.6666667	1045.666667	1146.666667	1080
316113925	965.53	1200	1201	1199	1200	1087.666667	1087.666667	1052.333333	1121	1027.666667	1012.333333	1019	1021	1061	1125.666667	932.3333333	987.6666667	1053.333333	1146.666667	1081
316113930	967.04	1200	1201	1200	1199	20	730.1111111	1054.333333	1119	1034.333333	1013.333333	1023.333333	1023.333333	1066.666667	1120	934.3333333	985.6666667	1041	1141	1087.666667
316113935	964.48	1199	1199	1200	1201	1087.666667	1087.666667	1054.333333	1120	1032.333333	1014.333333	1024.333333	1024.333333	1061	1120	932.3333333	986.6666667	1041	1141	1081
316113940	964.61	1200	1200	1201	1199	1085.666667	1085.666667	1053.333333	1120	1040	1012.333333	1026.666667	1025.666667	1067.666667	1121	932.3333333	985.6666667	1039	1145.666667	1080
316113945	965.34	1201	1199	1199	1199	1086.666667	1087.666667	1052.333333	1119	1033.333333	1013.333333	1024.333333	1023.333333	1059	1121	932.3333333	986.6666667	1040	1145.666667	1080
316113950	967.44	1200	1201	1200	1199	1087.666667	1087.666667	1054.333333	1120	1040	1013.333333	1026.666667	1025.666667	1061	1120	932.3333333	985.6666667	1041	1140	1079
316113955	967.25	1199	1199	1200	1201	1087.666667	1086.666667	1052.333333	1121	1040	1012.333333	1025.666667	1027.666667	1065.666667	1126.666667	934.3333333	985.6666667	1039	1147.666667	1087.666667
316114000	966.31	1200	1199	1201	1201	1085.666667	1087.666667	1054.333333	1120	1041	1014.333333	1025.666667	1025.666667	1067.666667	1121	927.6666667	987.6666667	1046.666667	1147.666667	1081
316114005	967.53	1200	1199	1201	1200	1087.666667	1087.666667	1053.333333	1119	1040	1014.333333	1025.666667	1025.666667	1060	1121	933.3333333	987.6666667	1040	1145.666667	1085.666667
316114010	965.25	1200	1200	1201	1201	1085.666667	1085.666667	1054.333333	1121	1040	1013.333333	1025.666667	1025.666667	1059	1120	932.3333333	1000	1053.333333	1147.666667	1087.666667
316114015	965.45	1200	1199	1200	1199	1091	1089	1061	1119	1041	1012.333333	1026.666667	1025.666667	1066.666667	1127.666667	933.3333333	986.6666667	1039	1145.666667	1094.333333
316114020	967.04	1193.333333	1192.333333	1193.333333	1192.333333	1089	1091	1061	1120	1039	1014.333333	1027.666667	1027.666667	1065.666667	1120	933.3333333	986.6666667	1046.666667	1146.666667	1086.666667
316114025	967.26	1200	1200	1199	1200	1087.666667	1087.666667	1053.333333	1120	1040	1012.333333	1025.666667	1025.666667	1074.333333	1133.333333	926.6666667	992.3333333	1047.666667	1153.333333	1094.333333
316114030	964.91	1199	1200	1201	1200	19	732.1111111	1052.333333	1121	1041	1012.333333	1025.666667	1025.666667	1061	1127.666667	934.3333333	994.3333333	1053.333333	1145.666667	1079
316114035	966.16	1199	1201	1200	1199	1087.666667	1087.666667	1052.333333	1120	1039	1012.333333	1026.666667	1026.666667	1054.333333	1126.666667	926.6666667	994.3333333	1053.333333	1145.666667	1079
316114040	967.05	1199	1201	1199	1200	1089	1089	1061	1119	1039	1006.666667	1024.333333	1023.333333	1067.666667	1121	941	994.3333333	1040	1147.666667	1092.333333
316114045	965.89	1200	1200	1201	1201	1090	1089	1061	1119	1041	1014.333333	1027.666667	1026.666667	1066.666667	1119	941	994.3333333	1047.666667	1147.666667	1092.333333
316114050	967.25	1206.666667	1206.666667	1206.666667	1206.666667	1091	1089	1059	1121	1041	1013.333333	1025.666667	1026.666667	1065.666667	1125.666667	941	993.3333333	1052.333333	1152.333333	1087.666667
316114055	965.04	1200	1201	1200	1200	1089	1090	1061	1119	1040	1013.333333	1026.666667	1025.666667	1061	1126.666667	941	986.6666667	1052.333333	1146.666667	1087.666667
316114100	967.38	1201	1199	1201	1201	1090	1090	1059	1121	1040	1021	1030	1030	1072.333333	1127.666667	941	992.3333333	1053.333333	1145.666667	1087.666667
316114105	966.13	1200	1201	1199	1201	1090	1089	1060	1120	1040	1013.333333	1027.666667	1026.666667	1074.333333	1127.666667	941	992.3333333	1053.333333	1152.333333	1085.666667
316114110	967.04	1201	1199	1200	1201	1087.666667	1086.666667	1053.333333	1119	1041	1014.333333	1026.666667	1027.666667	1066.666667	1132.333333	940	994.3333333	1054.333333	1146.666667	1093.333333
316114115	964.81	1207.666667	1205.666667	1206.666667	1207.666667	1091	1091	1061	1121	1039	1013.333333	1027.666667	1027.666667	1072.333333	1120	941	992.3333333	1053.333333	1146.666667	1092.333333
316114120	964.47	1207.666667	1207.666667	1205.666667	1205.666667	1091	1089	1061	1121	1041	1021	1029	1031	1074.333333	1134.333333	940	993.3333333	1054.333333	1153.333333	1085.666667
316114125	967.53	1205.666667	1207.666667	1206.666667	1205.666667	1091	1091	1061	1121	1039	1021	1029	1031	1059	1126.666667	940	994.3333333	1052.333333	1145.666667	1093.333333
316114130	966.91	1201	1199	1199	1200	1085.666667	1085.666667	1054.333333	1119	1040	1019	1030	1029	1072.333333	1133.333333	940	994.3333333	1053.333333	1145.666667	1086.666667
316114135	966.61	1200	1200	1201	1201	1087.666667	1087.666667	1053.333333	1120	1040	1021	1030	1029	1072.333333	1134.333333	940	994.3333333	1045.666667	1152.333333	1092.333333
316114140	964.56	1201	1201	1201	1199	1090	1090	1060	1121	1041	1020	1030	1029	1072.333333	1133.333333	939	993.3333333	1059	1145.666667	1093.333333
316114145	964.66	1199	1201	1201	1199	1090	1089	1059	1120	1039	1021	1031	1030	1073.333333	1121	940	994.3333333	1053.333333	1147.666667	1093.333333
316114150	964.07	1205.666667	1206.666667	1205.666667	1207.666667	21	734.3333333	1061	1121	1041	1019	1031	1030	1072.333333	1121	941	994.3333333	1053.333333	1145.666667	1093.333333
316114155	965.81	1206.666667	1206.666667	1206.666667	1207.666667	1091	1089	1059	1121	1040	1019	1030	1029	1073.333333	1121	940	994.3333333	1054.333333	1152.333333	1093.333333
316114200	965.92	1206.666667	1205.666667	1207.666667	1206.666667	1089	1090	1061	1120	1040	1020	1029	1029	1067.666667	1125.666667	940	994.3333333	1053.333333	1145.666667	1094.333333
316114205	964.54	1207.666667	1207.666667	1206.666667	1205.666667	1090	1090	1061	1120	1040	1021	1030	1029	1074.333333	1127.666667	940	992.3333333	1047.666667	1145.666667	1094.333333
316114210	963.83	1206.666667	1205.666667	1206.666667	1205.666667	1091	1091	1061	1121	1041	1027.666667	1032.333333	1032.333333	1074.333333	1120	940	994.3333333	1053.333333	1154.333333	1092.333333
316114215	963.48	1206.666667	1206.666667	1207.666667	1206.666667	1090	1090	1061	1121	1045.666667	1019	1032.333333	1032.333333	1074.333333	1132.333333	939	994.3333333	1052.333333	1154.333333	1092.333333
316114220	965.06	1207.666667	1206.666667	1207.666667	1206.666667	1090	1090	1059	1121	1040	1019	1030	1029	1067.666667	1126.666667	939	994.3333333	1054.333333	1152.333333	1092.333333
316114225	962.24	1205.666667	1206.666667	1206.666667	1206.666667	1091	1089	1060	1119	1047.666667	1021	1033.333333	1032.333333	1072.333333	1127.666667	940	992.3333333	1054.333333	1147.666667	1092.333333
316114230	961.3	1207.666667	1205.666667	1205.666667	1207.666667	1090	1090	1060	1120	1045.666667	1025.666667	1037.666667	1036.666667	1073.333333	1125.666667	940	993.3333333	1053.333333	1154.333333	1092.333333
316114235	963.21	1205.666667	1205.666667	1206.666667	1205.666667	1091	1091	1061	1121	1045.666667	1021	1032.333333	1034.333333	1072.333333	1127.666667	941	994.3333333	1053.333333	1145.666667	1093.333333
316114240	964.21	1206.666667	1206.666667	1205.666667	1207.666667	1089	1090	1059	1121	1045.666667	1019	1034.333333	1033.333333	1072.333333	1121	941	994.3333333	1054.333333	1152.333333	1093.333333
316114245	963.37	1206.666667	1205.666667	1206.666667	1207.666667	19	734.3333333	1059	1121	1045.666667	1020	1034.333333	1034.333333	1072.333333	1121	940	993.3333333	1054.333333	1147.666667	1093.333333
316114250	965.27	1205.666667	1206.666667	1207.666667	1206.666667	1090	1090	1060	1121	1045.666667	1019	1032.333333	1032.333333	1073.333333	1121	941	993.3333333	1054.333333	1153.333333	1093.333333
316114255	963.45	1206.666667	1205.666667	1206.666667	1207.666667	21	732.3333333	1059	1120	1045.666667	1021	1034.333333	1032.333333	1065.666667	1127.666667	941	994.3333333	1053.333333	1145.666667	1093.333333
316114300	965.92	1206.666667	1207.666667	1207.666667	1205.666667	1089	1091	1059	1120	1046.666667	1021	1032.333333	1033.333333	1072.333333	1120	939	993.3333333	1052.333333	1153.333333	1094.333333
316114305	964.8	1212.333333	1213.333333	1213.333333	1214.333333	1090	1091	1060	1120	1047.666667	1019	1033.333333	1034.333333	1072.333333	1126.666667	939	994.3333333	1052.333333	1154.333333	1092.333333
316114310	965.84	1205.666667	1206.666667	1206.666667	1207.666667	1091	1090	1059	1119	1047.666667	1019	1033.333333	1032.333333	1066.666667	1125.666667	940	994.3333333	1053.333333	1152.333333	1092.333333
316114315	964.96	1213.333333	1212.333333	1212.333333	1213.333333	1089	1091	1060	1119	1045.666667	1021	1032.333333	1034.333333	1072.333333	1127.666667	945.6666667	999	1046.666667	1145.666667	1094.333333
316114320	964.17	1205.666667	1207.666667	1205.666667	1206.666667	1091	1091	1060	1120	1047.666667	1019	1033.333333	1033.333333	1066.666667	1126.666667	941	993.3333333	1052.333333	1145.666667	1092.333333
316114325	965	1205.666667	1206.666667	1206.666667	1207.666667	1090	1090	1060	1119	1047.666667	1019	1033.333333	1034.333333	1072.333333	1127.666667	941	993.3333333	1052.333333	1145.666667	1092.333333
316114330	965	1206.666667	1207.666667	1207.666667	1205.666667	1092.333333	1092.333333	1061	1126.666667	1046.666667	1021	1033.333333	1033.333333	1072.333333	1127.666667	939	992.3333333	1053.333333	1154.333333	1093.333333
316114335	966.22	1205.666667	1206.666667	1205.666667	1207.666667	1094.333333	1093.333333	1059	1127.666667	1047.666667	1019	1033.333333	1033.333333	1073.333333	1125.666667	939	999	1052.333333	1152.333333	1094.333333
316114340	966.27	1205.666667	1205.666667	1206.666667	1205.666667	1094.333333	1094.333333	1059	1127.666667	1045.666667	1020	1032.333333	1033.333333	1074.333333	1125.666667	941	993.3333333	1054.333333	1152.333333	1094.333333
316114345	965.16	1206.666667	1205.666667	1206.666667	1205.666667	1093.333333	1093.333333	1060	1125.666667	1047.666667	1034.333333	1041	1039	1074.333333	1134.333333	947.6666667	1000	1054.333333	1154.333333	1094.333333
316114350	963.79	1205.666667	1207.666667	1206.666667	1206.666667	1089	1090	1059	1121	1045.666667	1027.666667	1036.666667	1037.666667	1073.333333	1126.666667	946.6666667	1049.888889	1045.666667	1152.333333	1100
316114355	965.19	1207.666667	1207.666667	1206.666667	1207.666667	1091	1089	1059	1120	1046.666667	1025.666667	1036.666667	1036.666667	1074.333333	1132.333333	946.6666667	994.3333333	1054.333333	1152.333333	1094.333333
316114400	964.32	1205.666667	1206.666667	1205.666667	1207.666667	1089	1091	1059	1120	1041	1021	1030	1031	1074.333333	1132.333333	946.6666667	992.3333333	1054.333333	1153.333333	1093.333333
316114405	966.18	1207.666667	1207.666667	1205.666667	1206.666667	1091	1091	1059	1121	1047.666667	1019	1032.333333	1034.333333	1074.333333	1132.333333	954.3333333	1001	1047.666667	1152.333333	1093.333333
316114410	964.22	1207.666667	1205.666667	1207.666667	1206.666667	1091	1090	1059	1119	1045.666667	1027.666667	1035.666667	1036.666667	1072.333333	1139	954.3333333	999	1047.666667	1152.333333	1094.333333
316114415	966.5	1206.666667	1207.666667	1205.666667	1205.666667	1094.333333	1093.333333	1061	1127.666667	1046.666667	1026.666667	1036.666667	1035.666667	1072.333333	1132.333333	946.6666667	999	1052.333333	1152.333333	1094.333333
316114420	964.08	1205.666667	1206.666667	1206.666667	1207.666667	1089	1089	1059	1121	1047.666667	1021	1033.333333	1032.333333	1073.333333	1133.333333	954.3333333	1000	1052.333333	1154.333333	1099
316114425	964.92	1207.666667	1207.666667	1205.666667	1206.666667	1093.333333	1093.333333	1060	1127.666667	1046.666667	1032.333333	1040	1039	1074.333333	1140	945.6666667	999	1053.333333	1160	1101
316114430	964.82	1207.666667	1207.666667	1205.666667	1206.666667	1093.333333	1093.333333	1059	1125.666667	1047.666667	1025.666667	1035.666667	1037.666667	1074.333333	1133.333333	945.6666667	1000	1052.333333	1152.333333	1100
316114435	965.26	1206.666667	1206.666667	1205.666667	1207.666667	1092.333333	1094.333333	1059	1125.666667	1047.666667	1025.666667	1036.666667	1036.666667	1072.333333	1127.666667	953.3333333	1001	1052.333333	1161	1100
316114440	965.96	1206.666667	1207.666667	1205.666667	1206.666667	1093.333333	1093.333333	1061	1126.666667	1047.666667	1025.666667	1036.666667	1036.666667	1074.333333	1134.333333	941	999	1052.333333	1159	1100
316114445	965.81	1207.666667	1205.666667	1206.666667	1205.666667	1093.333333	1093.333333	1059	1127.666667	1045.666667	1032.333333	1039	1041	1072.333333	1127.666667	947.6666667	994.3333333	1060	1160	1099
316114450	965.69	1213.333333	1214.333333	1214.333333	1212.333333	1093.333333	1094.333333	1059	1126.666667	1046.666667	1034.333333	1039	1039	1073.333333	1133.333333	940	1001	1054.333333	1159	1100
316114455	964.86	1205.666667	1207.666667	1206.666667	1206.666667	1093.333333	1093.333333	1059	1126.666667	1047.666667	1025.666667	1037.666667	1036.666667	1073.333333	1125.666667	945.6666667	1000	1052.333333	1159	1100
316114500	965.6	1205.666667	1206.666667	1206.666667	1206.666667	1089	1089	1061	1121	1047.666667	1033.333333	1041	1041	1066.666667	1134.333333	953.3333333	1000	1052.333333	1160	1093.333333
316114505	963.23	1206.666667	1207.666667	1205.666667	1207.666667	1092.333333	1093.333333	1059	1125.666667	1045.666667	1026.666667	1036.666667	1035.666667	1073.333333	1141	940	999	1053.333333	1159	1094.333333
316114510	964.34	1205.666667	1207.666667	1206.666667	1206.666667	1094.333333	1092.333333	1059	1127.666667	1047.666667	1026.666667	1036.666667	1035.666667	1073.333333	1126.666667	947.6666667	999	1053.333333	1160	1100
316114515	964.35	1212.333333	1214.333333	1213.333333	1214.333333	1092.333333	1093.333333	1061	1127.666667	1046.666667	1026.666667	1036.666667	1035.666667	1073.333333	1139	945.6666667	1001	1052.333333	1154.333333	1101
316114520	964.24	1212.333333	1213.333333	1212.333333	1212.333333	1093.333333	1094.333333	1061	1126.666667	1047.666667	1034.333333	1041	1041	1073.333333	1141	947.6666667	1001	1054.333333	1159	1092.333333
316114525	964.78	1212.333333	1213.333333	1214.333333	1213.333333	1094.333333	1092.333333	1059	1125.666667	1046.666667	1033.333333	1040	1041	1073.333333	1134.333333	953.3333333	1001	1053.333333	1160	1099
316114530	963.82	1213.333333	1213.333333	1212.333333	1212.333333	1093.333333	1093.333333	1059	1125.666667	1053.333333	1034.333333	1043.333333	1042.333333	1072.333333	1125.666667	952.3333333	999	1053.333333	1154.333333	1100
316114535	964.12	1214.333333	1214.333333	1212.333333	1212.333333	1092.333333	1094.333333	1059	1126.666667	1047.666667	1034.333333	1041	1041	1072.333333	1132.333333	954.3333333	1052.333333	1059	1152.333333	1099
316114540	963.63	1212.333333	1213.333333	1212.333333	1213.333333	1094.333333	1094.333333	1061	1126.666667	1046.666667	1032.333333	1040	1040	1074.333333	1134.333333	954.3333333	999	1053.333333	1153.333333	1094.333333
316114545	962.67	1212.333333	1213.333333	1214.333333	1212.333333	1092.333333	1093.333333	1059	1126.666667	1053.333333	1027.666667	1039	1041	1073.333333	1139	953.3333333	1001	1053.333333	1160	1101
316114550	963.95	1206.666667	1207.666667	1205.666667	1205.666667	1094.333333	1093.333333	1061	1127.666667	1045.666667	1033.333333	1040	1041	1073.333333	1112.333333	953.3333333	999	1060	1161	1100
316114555	964.92	1214.333333	1214.333333	1213.333333	1212.333333	1091	1091	1060	1119	1047.666667	1027.666667	1036.666667	1036.666667	1072.333333	1134.333333	953.3333333	999	1046.666667	1159	1101
316114600	962.59	1207.666667	1207.666667	1205.666667	1205.666667	1094.333333	1094.333333	1059	1126.666667	1045.666667	1033.333333	1040	1040	1073.333333	1133.333333	954.3333333	1000	1054.333333	1167.666667	1099
316114605	962.72	1213.333333	1213.333333	1212.333333	1214.333333	1093.333333	1092.333333	1060	1125.666667	1046.666667	1034.333333	1041	1040	1073.333333	1133.333333	952.3333333	999	1060	1161	1100
316114610	963.94	1212.333333	1214.333333	1214.333333	1214.333333	1093.333333	1093.333333	1059	1127.666667	1046.666667	1033.333333	1041	1041	1074.333333	1134.333333	953.3333333	999	1052.333333	1159	1101
316114615	962.49	1212.333333	1213.333333	1213.333333	1213.333333	1094.333333	1094.333333	1061	1127.666667	1052.333333	1034.333333	1044.333333	1044.333333	1072.333333	1139	954.3333333	1000	1054.333333	1160	1100
316114620	962.65	1207.666667	1207.666667	1205.666667	1206.666667	1094.333333	1092.333333	1060	1126.666667	1059	1033.333333	1046.666667	1046.666667	1074.333333	1132.333333	954.3333333	1001	1061	1159	1100
316114625	962.65	1205.666667	1206.666667	1206.666667	1205.666667	1093.333333	1093.333333	1060	1125.666667	1054.333333	1032.333333	1042.333333	1042.333333	1072.333333	1134.333333	953.3333333	999	1054.333333	1159	1100
316114630	964.51	1206.666667	1205.666667	1207.666667	1206.666667	1093.333333	1094.333333	1061	1126.666667	1053.333333	1033.333333	1043.333333	1042.333333	1072.333333	1133.333333	952.3333333	1001	1060	1161	1099
316114635	963.53	1214.333333	1214.333333	1213.333333	1212.333333	1094.333333	1094.333333	1060	1127.666667	1061	1032.333333	1045.666667	1046.666667	1072.333333	1134.333333	952.3333333	1000	1054.333333	1160	1099
316114640	963.49	1212.333333	1212.333333	1212.333333	1212.333333	1100	1101	1061	1140	1053.333333	1034.333333	1042.333333	1043.333333	1072.333333	1132.333333	954.3333333	992.3333333	1052.333333	1160	1101
316114645	965.12	1214.333333	1212.333333	1213.333333	1212.333333	1100	1101	1061	1141	1052.333333	1032.333333	1043.333333	1044.333333	1073.333333	1141	954.3333333	1001	1053.333333	1160	1099
316114650	963.73	1207.666667	1206.666667	1206.666667	1206.666667	1101	1101	1061	1140	1054.333333	1034.333333	1044.333333	1042.333333	1074.333333	1140	952.3333333	1000	1061	1166.666667	1101
316114655	963.79	1214.333333	1212.333333	1214.333333	1214.333333	1099	1101	1061	1140	1052.333333	1033.333333	1042.333333	1044.333333	1074.333333	1141	952.3333333	999	1060	1161	1100
316114700	964.05	1212.333333	1213.333333	1214.333333	1212.333333	1096.666667	1096.666667	1060	1132.333333	1059	1033.333333	1046.666667	1047.666667	1072.333333	1139	953.3333333	1000	1053.333333	1166.666667	1100
316114705	964.97	1213.333333	1213.333333	1213.333333	1212.333333	1100	1101	1060	1141	1060	1033.333333	1046.666667	1046.666667	1074.333333	1141	1072.333333	1005.666667	1052.333333	1159	1099
316114710	965.24	1207.666667	1207.666667	1207.666667	1206.666667	1100	1100	1059	1139	1061	1034.333333	1047.666667	1046.666667	1030.111111	1133.333333	953.3333333	1006.666667	1052.333333	1159	1100
316114715	963.37	1214.333333	1212.333333	1214.333333	1212.333333	1099	1099	1059	1141	1060	1033.333333	1046.666667	1045.666667	1074.333333	1141	952.3333333	1007.666667	1052.333333	1154.333333	1099
316114720	965.14	1207.666667	1206.666667	1206.666667	1205.666667	1099	1099	1060	1140	1061	1033.333333	1045.666667	1046.666667	1081	1140	947.6666667	1005.666667	1059	1160	1100
316114725	965.38	1212.333333	1214.333333	1214.333333	1212.333333	1097.666667	1096.666667	1061	1133.333333	1052.333333	1033.333333	1042.333333	1042.333333	1073.333333	1139	954.3333333	1001	1059	1161	1101
316114730	964.31	1212.333333	1212.333333	1212.333333	1212.333333	1100	1101	1061	1140	1059	1032.333333	1047.666667	1046.666667	1079	1134.333333	954.3333333	1007.666667	1060	1166.666667	1100
316114735	962.76	1213.333333	1213.333333	1214.333333	1212.333333	1101	1100	1059	1140	1052.333333	1034.333333	1042.333333	1042.333333	1072.333333	1139	953.3333333	1006.666667	1060	1166.666667	1101
316114740	964.64	1213.333333	1212.333333	1212.333333	1213.333333	1100	1101	1060	1141	1054.333333	1032.333333	1044.333333	1043.333333	1072.333333	1141	952.3333333	1006.666667	1059	1166.666667	1099
316114745	963.87	1214.333333	1213.333333	1212.333333	1212.333333	1105.666667	1106.666667	1074.333333	1139	1061	1033.333333	1045.666667	1045.666667	1085.666667	1140	954.3333333	1006.666667	1061	1165.666667	1099
316114750	963.88	1206.666667	1207.666667	1206.666667	1207.666667	1105.666667	1107.666667	1072.333333	1140	1059	1032.333333	1046.666667	1045.666667	1085.666667	1139	954.3333333	1007.666667	1061	1166.666667	1100
316114755	963.64	1213.333333	1212.333333	1214.333333	1212.333333	1106.666667	1107.666667	1072.333333	1139	1059	1033.333333	1045.666667	1047.666667	1073.333333	1140	954.3333333	1007.666667	1061	1166.666667	1099
316114800	962.7	1212.333333	1212.333333	1212.333333	1213.333333	1106.666667	1106.666667	1074.333333	1139	1059	1032.333333	1046.666667	1045.666667	1081	1139	953.3333333	1007.666667	1059	1167.666667	1099
316114805	963.42	1212.333333	1212.333333	1212.333333	1212.333333	1102.333333	1102.333333	1067.666667	1141	1060	1033.333333	1045.666667	1045.666667	1074.333333	1141	953.3333333	1005.666667	1059	1167.666667	1099
316114810	963.98	1213.333333	1214.333333	1213.333333	1212.333333	1107.666667	1106.666667	1073.333333	1140	1061	1034.333333	1046.666667	1046.666667	1087.666667	1140	952.3333333	1007.666667	1061	1159	1101
316114815	963.17	1212.333333	1212.333333	1213.333333	1213.333333	1106.666667	1105.666667	1073.333333	1140	1059	1034.333333	1046.666667	1045.666667	1087.666667	1140	959	1007.666667	1052.333333	1167.666667	1105.666667
316114820	965.17	1213.333333	1213.333333	1212.333333	1213.333333	1104.333333	1102.333333	1066.666667	1141	1061	1032.333333	1045.666667	1045.666667	1080	1141	961	1006.666667	1060	1166.666667	1099
316114825	964.41	1213.333333	1213.333333	1213.333333	1212.333333	1105.666667	1107.666667	1073.333333	1141	1059	1032.333333	1047.666667	1045.666667	1085.666667	1140	954.3333333	1005.666667	1061	1166.666667	1100
316114830	963.21	1213.333333	1212.333333	1213.333333	1212.333333	1106.666667	1107.666667	1072.333333	1139	1060	1034.333333	1045.666667	1047.666667	1074.333333	1141	954.3333333	1006.666667	1061	1167.666667	1099
316114835	962.77	1213.333333	1213.333333	1213.333333	1213.333333	1106.666667	1107.666667	1073.333333	1140	1059	1032.333333	1046.666667	1047.666667	1079	1140	953.3333333	1007.666667	1060	1167.666667	1099
316114840	965.09	1212.333333	1214.333333	1214.333333	1212.333333	1102.333333	1102.333333	1065.666667	1139	1061	1032.333333	1047.666667	1046.666667	1081	1140	954.3333333	1006.666667	1061	1166.666667	1101
316114845	964.77	1212.333333	1214.333333	1214.333333	1214.333333	1102.333333	1104.333333	1067.666667	1140	1061	1032.333333	1045.666667	1046.666667	1085.666667	1141	954.3333333	1014.333333	1061	1167.666667	1100
316114850	963.62	1213.333333	1214.333333	1213.333333	1212.333333	1107.666667	1106.666667	1074.333333	1139	1059	1033.333333	1045.666667	1047.666667	1086.666667	1140	953.3333333	1005.666667	1061	1165.666667	1101
316114855	962.99	1212.333333	1213.333333	1214.333333	1214.333333	1102.333333	1104.333333	1067.666667	1141	1059	1033.333333	1047.666667	1045.666667	1087.666667	1140	953.3333333	1012.333333	1060	1165.666667	1105.666667
316114900	961.28	1213.333333	1212.333333	1213.333333	1214.333333	1107.666667	1106.666667	1073.333333	1140	1059	1032.333333	1045.666667	1046.666667	1086.666667	1141	954.3333333	1006.666667	1059	1160	1100
316114905	963.13	1212.333333	1214.333333	1213.333333	1212.333333	1106.666667	1105.666667	1073.333333	1141	1059	1033.333333	1046.666667	1047.666667	1079	1141	954.3333333	1014.333333	1060	1160	1100
316114910	962.45	1213.333333	1214.333333	1212.333333	1212.333333	1107.666667	1107.666667	1074.333333	1141	1061	1034.333333	1045.666667	1046.666667	1081	1141	961	1013.333333	1059	1165.666667	1100
316114915	963.73	1220	1221	1219	1220	1104.333333	1102.333333	1066.666667	1140	1061	1032.333333	1046.666667	1045.666667	1094.333333	1139	954.3333333	1013.333333	1059	1166.666667	1099
316114920	963.36	1220	1220	1219	1220	1106.666667	1107.666667	1074.333333	1139	1059	1033.333333	1045.666667	1047.666667	1081	1139	960	1021	1059	1165.666667	1100
316114925	962.09	1214.333333	1212.333333	1214.333333	1214.333333	1103.333333	1102.333333	1065.666667	1139	1061	1034.333333	1045.666667	1047.666667	1093.333333	1139	960	1021	1054.333333	1167.666667	1100
316114930	963.6	1219	1220	1221	1220	1104.333333	1103.333333	1065.666667	1140	1061	1034.333333	1047.666667	1047.666667	1086.666667	1133.333333	961	1013.333333	1060	1165.666667	1099
316114935	963.13	1214.333333	1214.333333	1212.333333	1213.333333	1106.666667	1107.666667	1073.333333	1139	1061	1033.333333	1045.666667	1047.666667	1094.333333	1147.666667	959	1006.666667	1060	1166.666667	1099
316114940	962.74	1213.333333	1213.333333	1213.333333	1213.333333	1111	1110	1080	1140	1060	1034.333333	1047.666667	1045.666667	1087.666667	1141	966.6666667	1013.333333	1060	1165.666667	1101
316114945	963.07	1221	1221	1220	1220	1107.666667	1106.666667	1072.333333	1139	1053.333333	1032.333333	1043.333333	1044.333333	1092.333333	1139	961	1013.333333	1060	1165.666667	1105.666667
316114950	962.62	1221	1221	1221	1219	1100	1099	1061	1139	1060	1033.333333	1047.666667	1045.666667	1086.666667	1140	959	1014.333333	1060	1167.666667	1106.666667
316114955	964.77	1219	1220	1221	1220	1105.666667	1106.666667	1073.333333	1141	1061	1033.333333	1047.666667	1047.666667	1093.333333	1140	967.6666667	1013.333333	1060	1166.666667	1119
316115000	962.75	1214.333333	1214.333333	1213.333333	1212.333333	1101	1101	1060	1140	1059	1032.333333	1045.666667	1046.666667	1087.666667	1139	967.6666667	1013.333333	1060	1167.666667	1112.333333
316115005	963.93	1213.333333	1213.333333	1214.333333	1213.333333	1103.333333	1104.333333	1067.666667	1140	1060	1032.333333	1047.666667	1046.666667	1087.666667	1141	965.6666667	1013.333333	1061	1167.666667	1112.333333
316115010	963.82	1220	1221	1221	1219	1100	1101	1061	1139	1061	1033.333333	1045.666667	1047.666667	1080	1139	966.6666667	1014.333333	1073.333333	1166.666667	1112.333333
316115015	964.89	1213.333333	1212.333333	1212.333333	1214.333333	1107.666667	1106.666667	1072.333333	1140	1059	1032.333333	1046.666667	1046.666667	1093.333333	1140	967.6666667	1012.333333	1067.666667	1167.666667	1105.666667
316115020	963.23	1221	1220	1220	1220	1104.333333	1103.333333	1066.666667	1139	1061	1032.333333	1046.666667	1045.666667	1094.333333	1139	967.6666667	1021	1060	1166.666667	1113.333333
316115025	961.85	1205.666667	1207.666667	1205.666667	1205.666667	1104.333333	1103.333333	1065.666667	1140	1060	1032.333333	1046.666667	1047.666667	1085.666667	1140	967.6666667	1020	1059	1166.666667	1106.666667
316115030	961.55	1212.333333	1213.333333	1214.333333	1214.333333	1104.333333	1104.333333	1065.666667	1140	1061	1033.333333	1047.666667	1047.666667	1092.333333	1140	966.6666667	1020	1059	1167.666667	1113.333333
316115035	962.46	1214.333333	1214.333333	1212.333333	1214.333333	1102.333333	1103.333333	1065.666667	1141	1060	1027.666667	1043.333333	1044.333333	1092.333333	1141	965.6666667	1014.333333	1060	1165.666667	1113.333333
316115040	963.4	1221	1221	1219	1219	1104.333333	1104.333333	1067.666667	1139	1060	1034.333333	1046.666667	1047.666667	1092.333333	1139	965.6666667	1013.333333	1059	1167.666667	1107.666667
316115045	963.38	1221	1221	1220	1219	1107.666667	1106.666667	1074.333333	1139	1061	1033.333333	1046.666667	1047.666667	1087.666667	1139	966.6666667	1012.333333	1060	1167.666667	1112.333333
316115050	964.22	1221	1221	1220	1219	1107.666667	1105.666667	1072.333333	1139	1061	1032.333333	1047.666667	1047.666667	1093.333333	1141	960	1020	1060	1167.666667	1113.333333
316115055	962.13	1221	1221	1219	1221	1106.666667	1105.666667	1072.333333	1140	1061	1039	1051	1051	1094.333333	1139	967.6666667	1014.333333	1061	1166.666667	1112.333333
316115100	961.43	1221	1219	1221	1220	1105.666667	1106.666667	1073.333333	1139	1060	1033.333333	1046.666667	1047.666667	1080	1139	967.6666667	1014.333333	1059	1166.666667	1113.333333
316115105	962.59	1227.666667	1226.666667	1225.666667	1226.666667	1104.333333	1104.333333	1066.666667	1140	1060	1040	1049	1049	1087.666667	1140	965.6666667	1013.333333	1061	1165.666667	1114.333333
316115110	962.2	1221	1220	1219	1221	1106.666667	1105.666667	1074.333333	1140	1059	1039	1050	1050	1094.333333	1139	965.6666667	1012.333333	1067.666667	1167.666667	1114.333333
316115115	963.2	1220	1219	1220	1221	1104.333333	1103.333333	1066.666667	1139	1059	1034.333333	1046.666667	1045.666667	1093.333333	1141	967.6666667	1019	1060	1167.666667	1112.333333
316115120	962.33	1221	1221	1221	1221	1106.666667	1105.666667	1072.333333	1139	1059	1033.333333	1045.666667	1047.666667	1093.333333	1141	966.6666667	1021	1061	1165.666667	1121
316115125	962.64	1219	1219	1219	1219	1106.666667	1107.666667	1072.333333	1140	1060	1032.333333	1045.666667	1046.666667	1092.333333	1140	966.6666667	1020	1066.666667	1166.666667	1114.333333
316115130	964.29	1220	1219	1220	1220	1106.666667	1106.666667	1072.333333	1141	1060	1039	1050	1051	1085.666667	1145.666667	966.6666667	1020	1060	1166.666667	1119
316115135	964.62	1219	1220	1219	1219	20	743.4444444	1072.333333	1139	1060	1034.333333	1047.666667	1047.666667	1092.333333	1140	967.6666667	1019	1061	1166.666667	1112.333333
316115140	963.04	1219	1219	1219	1221	1106.666667	1105.666667	1072.333333	1140	1060	1040	1049	1051	1093.333333	1141	966.6666667	1019	1059	1165.666667	1112.333333
316115145	965.03	1220	1219	1221	1221	1107.666667	1107.666667	1073.333333	1141	1060	1027.666667	1042.333333	1042.333333	1085.666667	1139	966.6666667	1020	1059	1166.666667	1120
316115150	964.05	1219	1221	1220	1221	1107.666667	1107.666667	1073.333333	1140	1061	1040	1049	1050	1086.666667	1139	966.6666667	1021	1059	1166.666667	1120
316115155	964.25	1221	1220	1221	1221	13.33333333	745.4444444	1081	1141	1059	1033.333333	1047.666667	1047.666667	1086.666667	1139	966.6666667	1020	1059	1165.666667	1112.333333
316115200	964.32	1226.666667	1227.666667	1225.666667	1227.666667	1105.666667	1105.666667	1072.333333	1139	1061	1041	1049	1050	1093.333333	1141	974.3333333	1020	1061	1167.666667	1114.333333
316115205	962.89	1213.333333	1214.333333	1214.333333	1212.333333	1105.666667	1106.666667	1072.333333	1139	1059	1040	1049	1051	1085.666667	1140	973.3333333	1013.333333	1059	1166.666667	1113.333333
316115210	963.02	1225.666667	1227.666667	1227.666667	1226.666667	1105.666667	1106.666667	1072.333333	1140	1061	1040	1049	1049	1094.333333	1145.666667	974.3333333	1020	1059	1167.666667	1121
316115215	963.44	1221	1220	1221	1220	1111	1110	1079	1140	1059	1039	1049	1049	1093.333333	1141	972.3333333	1020	1061	1166.666667	1113.333333
316115220	962.36	1225.666667	1226.666667	1227.666667	1226.666667	1110	1109	1080	1140	1060	1040	1050	1049	1094.333333	1141	973.3333333	1019	1061	1167.666667	1113.333333
316115225	963	1227.666667	1226.666667	1225.666667	1227.666667	1111	1111	1079	1139	1061	1040	1049	1049	1094.333333	1141	972.3333333	1021	1060	1167.666667	1114.333333
316115230	962.18	1219	1221	1220	1219	1109	1110	1079	1140	1060	1039	1050	1050	1094.333333	1140	974.3333333	1021	1061	1166.666667	1112.333333
316115235	963.44	1220	1219	1221	1221	1114.333333	1112.333333	1081	1146.666667	1060	1039	1051	1051	1092.333333	1139	972.3333333	1021	1066.666667	1167.666667	1113.333333
316115240	962.99	1227.666667	1226.666667	1227.666667	1226.666667	1109	1110	1081	1139	1065.666667	1040	1053.333333	1052.333333	1093.333333	1141	973.3333333	1013.333333	1060	1166.666667	1112.333333
316115245	963.7	1225.666667	1227.666667	1227.666667	1226.666667	1110	1110	1081	1139	1059	1039	1050	1051	1093.333333	1139	967.6666667	1019	1059	1166.666667	1120
316115250	962.82	1220	1221	1219	1221	1110	1110	1079	1139	1066.666667	1039	1053.333333	1053.333333	1093.333333	1140	972.3333333	1020	1060	1172.333333	1120
316115255	962.65	1220	1221	1220	1219	1107.666667	1107.666667	1072.333333	1141	1067.666667	1039	1054.333333	1054.333333	1092.333333	1140	972.3333333	1019	1059	1166.666667	1112.333333
316115300	963.21	1225.666667	1225.666667	1225.666667	1227.666667	1109	1111	1081	1140	1066.666667	1046.666667	1055.666667	1055.666667	1093.333333	1140	973.3333333	1020	1074.333333	1166.666667	1121
316115305	962.91	1226.666667	1227.666667	1226.666667	1225.666667	1110	1110	1081	1139	1067.666667	1040	1053.333333	1054.333333	1092.333333	1140	972.3333333	1019	1067.666667	1181	1113.333333
316115310	961.15	1227.666667	1226.666667	1226.666667	1225.666667	1110	1111	1081	1139	1066.666667	1041	1053.333333	1054.333333	1094.333333	1140	973.3333333	1020	1074.333333	1172.333333	1120
316115315	964.16	1226.666667	1227.666667	1225.666667	1225.666667	1111	1110	1080	1139	1067.666667	1045.666667	1056.666667	1055.666667	1094.333333	1141	967.6666667	1020	1066.666667	1172.333333	1120
316115320	962.71	1227.666667	1227.666667	1225.666667	1225.666667	1106.666667	1106.666667	1074.333333	1140	1066.666667	1047.666667	1055.666667	1056.666667	1087.666667	1139	974.3333333	1019	1066.666667	1172.333333	1119
316115325	962.87	1227.666667	1227.666667	1227.666667	1227.666667	1110	1110	1080	1139	1067.666667	1047.666667	1055.666667	1056.666667	1092.333333	1139	966.6666667	1021	1065.666667	1181	1120
316115330	963.92	1226.666667	1227.666667	1226.666667	1225.666667	1109	1109	1080	1139	1067.666667	1045.666667	1056.666667	1057.666667	1093.333333	1141	974.3333333	1021	1065.666667	1173.333333	1120
316115335	963.96	1226.666667	1225.666667	1227.666667	1226.666667	1110	1111	1080	1139	1073.333333	1045.666667	1059	1059	1094.333333	1141	965.6666667	1020	1072.333333	1166.666667	1119
316115340	964.2	1226.666667	1227.666667	1226.666667	1225.666667	1110	1110	1081	1139	1066.666667	1045.666667	1056.666667	1056.666667	1094.333333	1140	972.3333333	1014.333333	1059	1180	1121
316115345	962.69	1226.666667	1227.666667	1227.666667	1225.666667	1111	1110	1080	1139	1066.666667	1047.666667	1057.666667	1055.666667	1094.333333	1140	974.3333333	1021	1061	1167.666667	1112.333333
316115350	962.78	1225.666667	1226.666667	1227.666667	1227.666667	1112.333333	1114.333333	1079	1147.666667	1065.666667	1047.666667	1055.666667	1055.666667	1094.333333	1140	974.3333333	1019	1067.666667	1173.333333	1120
316115355	963.69	1227.666667	1227.666667	1225.666667	1227.666667	1112.333333	1113.333333	1080	1145.666667	1072.333333	1046.666667	1059	1059	1094.333333	1139	972.3333333	1019	1061	1166.666667	1119
316115400	962.8	1227.666667	1226.666667	1227.666667	1226.666667	1112.333333	1112.333333	1081	1147.666667	1074.333333	1045.666667	1059	1061	1092.333333	1146.666667	974.3333333	1019	1060	1165.666667	1112.333333
316115405	962.01	1227.666667	1227.666667	1226.666667	1226.666667	1112.333333	1112.333333	1081	1147.666667	1067.666667	1047.666667	1056.666667	1057.666667	1093.333333	1140	974.3333333	1021	1059	1165.666667	1120
316115410	964.29	1227.666667	1225.666667	1227.666667	1226.666667	1114.333333	1112.333333	1079	1145.666667	1066.666667	1045.666667	1057.666667	1056.666667	1093.333333	1153.333333	972.3333333	1021	1059	1166.666667	1119
316115415	963.02	1227.666667	1225.666667	1225.666667	1227.666667	1113.333333	1114.333333	1081	1145.666667	1074.333333	1046.666667	1059	1061	1093.333333	1140	974.3333333	1021	1059	1179	1120
316115420	961.26	1226.666667	1225.666667	1226.666667	1227.666667	1112.333333	1114.333333	1080	1147.666667	1072.333333	1045.666667	1059	1060	1092.333333	1139	973.3333333	1021	1072.333333	1179	1120
316115425	961.2	1225.666667	1227.666667	1226.666667	1227.666667	1110	1111	1079	1139	1073.333333	1046.666667	1059	1061	1094.333333	1140	972.3333333	1021	1060	1179	1119
316115430	961.57	1227.666667	1225.666667	1226.666667	1227.666667	1110	1109	1081	1139	1074.333333	1047.666667	1061	1060	1092.333333	1139	974.3333333	1020	1074.333333	1167.666667	1119
316115435	962.18	1227.666667	1225.666667	1227.666667	1226.666667	1113.333333	1114.333333	1080	1145.666667	1073.333333	1047.666667	1059	1059	1093.333333	1152.333333	974.3333333	1020	1073.333333	1173.333333	1120
316115440	960.4	1227.666667	1226.666667	1227.666667	1226.666667	1111	1109	1081	1141	1074.333333	1047.666667	1061	1060	1094.333333	1140	974.3333333	1012.333333	1065.666667	1173.333333	1119
316115445	961.71	1226.666667	1226.666667	1225.666667	1226.666667	1109	1109	1080	1139	1081	1045.666667	1062.333333	1063.333333	1093.333333	1152.333333	974.3333333	1021	1067.666667	1173.333333	1113.333333
316115450	962.7	1227.666667	1226.666667	1227.666667	1227.666667	1113.333333	1112.333333	1080	1145.666667	1074.333333	1046.666667	1059	1059	1085.666667	1147.666667	974.3333333	1020	1066.666667	1179	1120
316115455	962.39	1226.666667	1226.666667	1225.666667	1225.666667	1112.333333	1114.333333	1079	1145.666667	1081	1047.666667	1063.333333	1064.333333	1087.666667	1145.666667	973.3333333	1012.333333	1067.666667	1172.333333	1121
316115500	961.78	1234.333333	1233.333333	1234.333333	1232.333333	1112.333333	1112.333333	1079	1146.666667	1072.333333	1047.666667	1061	1060	1101	1147.666667	972.3333333	1019	1074.333333	1179	1120
316115505	960.33	1225.666667	1226.666667	1225.666667	1226.666667	1112.333333	1114.333333	1079	1147.666667	1080	1046.666667	1064.333333	1063.333333	1093.333333	1141	972.3333333	1021	1066.666667	1180	1121
316115510	960.43	1227.666667	1226.666667	1225.666667	1225.666667	1114.333333	1112.333333	1081	1147.666667	1080	1046.666667	1063.333333	1064.333333	1094.333333	1140	973.3333333	1020	1073.333333	1179	1121
316115515	960.09	1225.666667	1227.666667	1225.666667	1227.666667	1113.333333	1114.333333	1080	1146.666667	1081	1047.666667	1064.333333	1062.333333	1093.333333	1147.666667	972.3333333	1021	1074.333333	1187.666667	1120
316115520	961.38	1225.666667	1227.666667	1225.666667	1225.666667	1112.333333	1114.333333	1080	1145.666667	1080	1047.666667	1062.333333	1062.333333	1092.333333	1146.666667	974.3333333	1020	1073.333333	1179	1119
316115525	962.95	1234.333333	1233.333333	1233.333333	1233.333333	1113.333333	1114.333333	1080	1147.666667	1081	1047.666667	1064.333333	1063.333333	1092.333333	1140	974.3333333	1021	1074.333333	1180	1127.666667
316115530	962.04	1225.666667	1227.666667	1227.666667	1227.666667	1114.333333	1114.333333	1079	1146.666667	1079	1046.666667	1062.333333	1062.333333	1092.333333	1153.333333	972.3333333	1021	1073.333333	1181	1120
316115535	962.16	1226.666667	1227.666667	1226.666667	1225.666667	1112.333333	1113.333333	1080	1147.666667	1081	1046.666667	1063.333333	1064.333333	1093.333333	1139	974.3333333	1021	1073.333333	1186.666667	1120
316115540	961.43	1225.666667	1225.666667	1225.666667	1227.666667	1113.333333	1113.333333	1079	1147.666667	1080	1046.666667	1064.333333	1062.333333	1093.333333	1139	974.3333333	1019	1072.333333	1180	1121
316115545	963.48	1225.666667	1226.666667	1226.666667	1227.666667	1114.333333	1112.333333	1079	1147.666667	1080	1046.666667	1064.333333	1063.333333	1094.333333	1145.666667	974.3333333	1020	1072.333333	1181	1121
316115550	962.88	1225.666667	1225.666667	1225.666667	1227.666667	1112.333333	1113.333333	1080	1145.666667	1080	1046.666667	1064.333333	1064.333333	1093.333333	1152.333333	972.3333333	1019	1072.333333	1179	1120
316115555	962.5	1233.333333	1232.333333	1232.333333	1233.333333	1112.333333	1112.333333	1079	1145.666667	1079	1045.666667	1064.333333	1063.333333	1094.333333	1153.333333	980	1027.666667	1073.333333	1179	1120
316115600	963.91	1226.666667	1227.666667	1226.666667	1225.666667	1109	1109	1079	1139	1081	1045.666667	1062.333333	1062.333333	1093.333333	1146.666667	980	1026.666667	1065.666667	1180	1120
316115605	961.96	1227.666667	1227.666667	1226.666667	1225.666667	1109	1109	1079	1141	1079	1045.666667	1062.333333	1063.333333	1094.333333	1140	974.3333333	1025.666667	1065.666667	1187.666667	1121
316115610	963.84	1227.666667	1226.666667	1227.666667	1227.666667	1109	1110	1081	1139	1081	1052.333333	1065.666667	1065.666667	1094.333333	1153.333333	980	1026.666667	1073.333333	1180	1121
316115615	960.89	1227.666667	1225.666667	1225.666667	1226.666667	1114.333333	1113.333333	1079	1146.666667	1079	1054.333333	1066.666667	1067.666667	1094.333333	1154.333333	980	1026.666667	1066.666667	1180	1119
316115620	962.27	1226.666667	1227.666667	1227.666667	1227.666667	1113.333333	1113.333333	1081	1145.666667	1079	1047.666667	1064.333333	1062.333333	1094.333333	1139	979	1027.666667	1074.333333	1180	1120
316115625	964.67	1226.666667	1227.666667	1225.666667	1226.666667	1113.333333	1112.333333	1079	1145.666667	1079	1054.333333	1065.666667	1065.666667	1092.333333	1152.333333	980	1027.666667	1066.666667	1180	1119
316115630	963.39	1226.666667	1227.666667	1227.666667	1225.666667	1112.333333	1113.333333	1079	1147.666667	1079	1046.666667	1062.333333	1063.333333	1100	1152.333333	981	1027.666667	1073.333333	1180	1120
316115635	963.86	1226.666667	1226.666667	1225.666667	1226.666667	1113.333333	1113.333333	1079	1147.666667	1079	1046.666667	1064.333333	1064.333333	1092.333333	1147.666667	981	1027.666667	1072.333333	1179	1120
316115640	961.37	1226.666667	1226.666667	1227.666667	1226.666667	1114.333333	1113.333333	1079	1145.666667	1079	1053.333333	1065.666667	1067.666667	1093.333333	1147.666667	979	1026.666667	1074.333333	1181	1120
316115645	961.99	1227.666667	1227.666667	1225.666667	1227.666667	1112.333333	1112.333333	1080	1146.666667	1080	1047.666667	1063.333333	1064.333333	1101	1159	981	1027.666667	1074.333333	1181	1121
316115650	963.47	1227.666667	1225.666667	1226.666667	1225.666667	1113.333333	1114.333333	1081	1145.666667	1080	1045.666667	1062.333333	1064.333333	1094.333333	1141	985.6666667	1026.666667	1073.333333	1181	1120
316115655	962.07	1226.666667	1226.666667	1225.666667	1225.666667	1114.333333	1113.333333	1081	1147.666667	1080	1054.333333	1065.666667	1066.666667	1100	1140	979	1033.333333	1067.666667	1186.666667	1120
316115700	964.03	1227.666667	1226.666667	1226.666667	1225.666667	1112.333333	1113.333333	1079	1145.666667	1081	1045.666667	1062.333333	1064.333333	1094.333333	1153.333333	974.3333333	1025.666667	1073.333333	1180	1119
316115705	961.39	1227.666667	1227.666667	1227.666667	1225.666667	1112.333333	1113.333333	1080	1147.666667	1080	1047.666667	1064.333333	1062.333333	1092.333333	1147.666667	980	1026.666667	1074.333333	1179	1120
316115710	963.67	1227.666667	1227.666667	1227.666667	1227.666667	1113.333333	1114.333333	1079	1145.666667	1080	1046.666667	1063.333333	1063.333333	1099	1146.666667	979	1025.666667	1073.333333	1186.666667	1121
316115715	963.81	1226.666667	1226.666667	1226.666667	1226.666667	1112.333333	1113.333333	1080	1145.666667	1081	1054.333333	1065.666667	1067.666667	1092.333333	1147.666667	979	1034.333333	1073.333333	1185.666667	1121
316115720	962.1	1227.666667	1227.666667	1225.666667	1227.666667	1112.333333	1114.333333	1079	1145.666667	1079	1047.666667	1063.333333	1063.333333	1099	1147.666667	979	1034.333333	1072.333333	1185.666667	1120
316115725	962.77	1226.666667	1225.666667	1226.666667	1225.666667	1112.333333	1114.333333	1079	1145.666667	1081	1046.666667	1063.333333	1062.333333	1101	1147.666667	987.6666667	1033.333333	1074.333333	1187.666667	1119
316115730	962.15	1233.333333	1234.333333	1234.333333	1232.333333	1112.333333	1114.333333	1081	1145.666667	1080	1054.333333	1065.666667	1066.666667	1094.333333	1141	985.6666667	1033.333333	1074.333333	1180	1121
316115735	962.24	1225.666667	1225.666667	1226.666667	1227.666667	1114.333333	1113.333333	1079	1147.666667	1079	1054.333333	1067.666667	1067.666667	1101	1146.666667	986.6666667	1034.333333	1072.333333	1185.666667	1121
316115740	961.79	1225.666667	1227.666667	1226.666667	1227.666667	1114.333333	1113.333333	1080	1147.666667	1080	1052.333333	1067.666667	1067.666667	1092.333333	1140	980	1032.333333	1074.333333	1186.666667	1119
316115745	962.85	1234.333333	1233.333333	1232.333333	1233.333333	1112.333333	1113.333333	1080	1147.666667	1080	1052.333333	1067.666667	1065.666667	1099	1154.333333	981	1033.333333	1073.333333	1186.666667	1119
316115750	962.48	1232.333333	1234.333333	1233.333333	1234.333333	1112.333333	1114.333333	1081	1146.666667	1081	1054.333333	1066.666667	1065.666667	1099	1160	987.6666667	1032.333333	1074.333333	1186.666667	1121
316115755	961.15	1234.333333	1232.333333	1233.333333	1232.333333	1112.333333	1112.333333	1080	1146.666667	1080	1052.333333	1065.666667	1067.666667	1100	1161	986.6666667	1033.333333	1073.333333	1185.666667	1125.666667
316115800	963.49	1225.666667	1226.666667	1226.666667	1226.666667	1117.666667	1117.666667	1081	1154.333333	1079	1054.333333	1065.666667	1066.666667	1100	1147.666667	987.6666667	1034.333333	1067.666667	1187.666667	1120
316115805	961.13	1233.333333	1234.333333	1234.333333	1234.333333	1113.333333	1112.333333	1080	1146.666667	1079	1052.333333	1067.666667	1067.666667	1101	1154.333333	986.6666667	1040	1074.333333	1185.666667	1121
316115810	961.01	1226.666667	1226.666667	1226.666667	1226.666667	1112.333333	1112.333333	1079	1145.666667	1080	1053.333333	1065.666667	1065.666667	1100	1152.333333	986.6666667	1034.333333	1072.333333	1185.666667	1121
316115815	961.46	1232.333333	1232.333333	1232.333333	1233.333333	1114.333333	1114.333333	1079	1145.666667	1079	1053.333333	1066.666667	1067.666667	1099	1159	986.6666667	1039	1072.333333	1187.666667	1126.666667
316115820	961.3	1232.333333	1234.333333	1232.333333	1233.333333	1111	1111	1080	1141	1079	1052.333333	1067.666667	1065.666667	1106.666667	1159	986.6666667	1041	1073.333333	1185.666667	1120
316115825	961.03	1226.666667	1227.666667	1225.666667	1226.666667	1113.333333	1113.333333	1080	1146.666667	1081	1054.333333	1067.666667	1067.666667	1092.333333	1159	986.6666667	1032.333333	1072.333333	1185.666667	1121
316115830	959.72	1233.333333	1232.333333	1232.333333	1234.333333	1116.666667	1117.666667	1085.666667	1145.666667	1081	1052.333333	1065.666667	1067.666667	1113.333333	1160	986.6666667	1041	1074.333333	1186.666667	1120
316115835	959.81	1233.333333	1232.333333	1233.333333	1232.333333	1113.333333	1114.333333	1079	1146.666667	1080	1052.333333	1067.666667	1066.666667	1107.666667	1160	987.6666667	1032.333333	1072.333333	1187.666667	1119
316115840	958.95	1233.333333	1234.333333	1232.333333	1233.333333	1114.333333	1114.333333	1079	1146.666667	1080	1052.333333	1065.666667	1067.666667	1092.333333	1154.333333	985.6666667	1041	1073.333333	1187.666667	1121
316115845	958.88	1234.333333	1234.333333	1232.333333	1233.333333	1114.333333	1114.333333	1079	1147.666667	1079	1053.333333	1066.666667	1067.666667	1105.666667	1160	987.6666667	1040	1072.333333	1187.666667	1121
316115850	961.24	1234.333333	1233.333333	1234.333333	1234.333333	1114.333333	1114.333333	1079	1146.666667	1081	1054.333333	1067.666667	1067.666667	1105.666667	1160	986.6666667	1040	1066.666667	1187.666667	1119
316115855	961.18	1233.333333	1232.333333	1234.333333	1234.333333	1114.333333	1112.333333	1081	1146.666667	1079	1053.333333	1065.666667	1067.666667	1106.666667	1153.333333	987.6666667	1032.333333	1065.666667	1185.666667	1120
316115900	958.81	1233.333333	1232.333333	1233.333333	1233.333333	1114.333333	1113.333333	1080	1145.666667	1079	1053.333333	1067.666667	1065.666667	1105.666667	1159	987.6666667	1041	1065.666667	1186.666667	1121
316115905	959.01	1232.333333	1234.333333	1233.333333	1234.333333	1114.333333	1113.333333	1081	1145.666667	1081	1052.333333	1065.666667	1065.666667	1105.666667	1160	987.6666667	1041	1072.333333	1187.666667	1120
316115910	959.44	1232.333333	1234.333333	1234.333333	1232.333333	1114.333333	1112.333333	1081	1145.666667	1080	1046.666667	1064.333333	1062.333333	1101	1153.333333	985.6666667	1034.333333	1081	1186.666667	1127.666667
316115915	961.26	1234.333333	1233.333333	1234.333333	1233.333333	1113.333333	1112.333333	1079	1146.666667	1081	1054.333333	1065.666667	1067.666667	1100	1159	985.6666667	1041	1073.333333	1186.666667	1120
316115920	961.07	1234.333333	1234.333333	1234.333333	1232.333333	1113.333333	1114.333333	1079	1145.666667	1080	1045.666667	1063.333333	1063.333333	1106.666667	1154.333333	987.6666667	1034.333333	1081	1185.666667	1125.666667
316115925	960.51	1232.333333	1233.333333	1234.333333	1232.333333	1116.666667	1116.666667	1079	1152.333333	1081	1054.333333	1065.666667	1067.666667	1106.666667	1154.333333	985.6666667	1034.333333	1079	1186.666667	1132.333333
316115930	960.66	1233.333333	1234.333333	1233.333333	1233.333333	1113.333333	1113.333333	1079	1145.666667	1079	1053.333333	1066.666667	1066.666667	1107.666667	1160	985.6666667	1040	1079	1186.666667	1125.666667
316115935	960.14	1234.333333	1233.333333	1233.333333	1232.333333	1112.333333	1114.333333	1080	1146.666667	1080	1054.333333	1065.666667	1066.666667	1105.666667	1161	986.6666667	1040	1081	1186.666667	1126.666667
316115940	959.24	1234.333333	1233.333333	1233.333333	1234.333333	1112.333333	1113.333333	1079	1145.666667	1079	1053.333333	1066.666667	1067.666667	1107.666667	1152.333333	987.6666667	1039	1081	1186.666667	1127.666667
316115945	960.3	1232.333333	1232.333333	1232.333333	1234.333333	1114.333333	1114.333333	1080	1146.666667	1080	1053.333333	1065.666667	1065.666667	1112.333333	1160	987.6666667	1032.333333	1080	1186.666667	1126.666667
316115950	961.4	1232.333333	1233.333333	1234.333333	1233.333333	1112.333333	1113.333333	1081	1147.666667	1081	1053.333333	1066.666667	1065.666667	1105.666667	1154.333333	987.6666667	1039	1079	1185.666667	1134.333333
316115955	959.85	1232.333333	1234.333333	1232.333333	1234.333333	1114.333333	1112.333333	1079	1145.666667	1079	1052.333333	1065.666667	1066.666667	1107.666667	1159	987.6666667	1034.333333	1079	1187.666667	1127.666667
316120000	959.9	1234.333333	1232.333333	1234.333333	1234.333333	1113.333333	1112.333333	1079	1147.666667	1080	1054.333333	1067.666667	1066.666667	1107.666667	1161	986.6666667	1040	1081	1186.666667	1125.666667
316120005	960.89	1232.333333	1234.333333	1234.333333	1234.333333	1146.666667	1147.666667	1146.666667	1147.666667	1080	1054.333333	1066.666667	1066.666667	1101	1161	986.6666667	1041	1074.333333	1187.666667	1125.666667
316120010	958.29	1233.333333	1234.333333	1234.333333	1233.333333	1114.333333	1113.333333	1079	1145.666667	1080	1053.333333	1065.666667	1067.666667	1099	1161	987.6666667	1041	1080	1186.666667	1119
316120015	959.33	1232.333333	1234.333333	1232.333333	1234.333333	1112.333333	1114.333333	1081	1146.666667	1080	1053.333333	1066.666667	1066.666667	1112.333333	1160	987.6666667	1040	1081	1185.666667	1125.666667
316120020	957.8	1232.333333	1234.333333	1233.333333	1232.333333	1112.333333	1113.333333	1081	1146.666667	1079	1053.333333	1065.666667	1067.666667	1101	1160	986.6666667	1034.333333	1074.333333	1187.666667	1127.666667
316120025	960.51	1233.333333	1233.333333	1232.333333	1234.333333	1114.333333	1112.333333	1081	1147.666667	1080	1052.333333	1067.666667	1065.666667	1105.666667	1154.333333	987.6666667	1034.333333	1080	1187.666667	1127.666667
316120030	958.99	1234.333333	1232.333333	1234.333333	1233.333333	1114.333333	1114.333333	1079	1147.666667	1079	1052.333333	1065.666667	1067.666667	1105.666667	1147.666667	992.3333333	1040	1079	1186.666667	1125.666667
316120035	960.03	1233.333333	1233.333333	1233.333333	1232.333333	1116.666667	1116.666667	1085.666667	1147.666667	1081	1052.333333	1066.666667	1067.666667	1107.666667	1159	985.6666667	1041	1079	1185.666667	1126.666667
316120040	960.54	1234.333333	1232.333333	1233.333333	1234.333333	1120	1119	1081	1161	1081	1053.333333	1065.666667	1066.666667	1099	1161	987.6666667	1039	1081	1187.666667	1126.666667
316120045	960.57	1234.333333	1232.333333	1233.333333	1233.333333	1115.666667	1116.666667	1080	1153.333333	1081	1054.333333	1066.666667	1065.666667	1114.333333	1160	985.6666667	1040	1079	1185.666667	1125.666667
316120050	958.87	1232.333333	1234.333333	1233.333333	1233.333333	1114.333333	1112.333333	1079	1147.666667	1081	1053.333333	1066.666667	1067.666667	1105.666667	1160	987.6666667	1041	1081	1185.666667	1127.666667
316120055	957.71	1232.333333	1232.333333	1234.333333	1232.333333	1117.666667	1115.666667	1085.666667	1145.666667	1080	1053.333333	1065.666667	1067.666667	1107.666667	1161	980	1040	1080	1187.666667	1132.333333
316120100	960.23	1233.333333	1234.333333	1232.333333	1233.333333	1120	1119	1087.666667	1153.333333	1079	1054.333333	1066.666667	1065.666667	1099	1160	986.6666667	1041	1081	1185.666667	1126.666667
316120105	959.99	1234.333333	1234.333333	1233.333333	1234.333333	1120	1120	1087.666667	1152.333333	1080	1054.333333	1065.666667	1066.666667	1099	1161	987.6666667	1039	1081	1187.666667	1125.666667
316120110	958.67	1232.333333	1234.333333	1233.333333	1234.333333	1124.333333	1122.333333	1086.666667	1159	1079	1046.666667	1064.333333	1062.333333	1113.333333	1154.333333	986.6666667	1040	1081	1185.666667	1126.666667
316120115	958	1234.333333	1233.333333	1232.333333	1233.333333	1122.333333	1124.333333	1086.666667	1160	1079	1053.333333	1065.666667	1066.666667	1107.666667	1153.333333	993.3333333	1040	1081	1186.666667	1133.333333
316120120	960.37	1234.333333	1232.333333	1232.333333	1233.333333	1115.666667	1115.666667	1085.666667	1147.666667	1081	1052.333333	1066.666667	1065.666667	1099	1160	987.6666667	1039	1081	1186.666667	1125.666667
316120125	959.24	1232.333333	1234.333333	1234.333333	1233.333333	1122.333333	1122.333333	1086.666667	1160	1080	1053.333333	1066.666667	1067.666667	1106.666667	1161	986.6666667	1041	1081	1186.666667	1127.666667
316120130	960.45	1234.333333	1233.333333	1234.333333	1233.333333	1121	1121	1086.666667	1153.333333	1080	1052.333333	1067.666667	1066.666667	1106.666667	1159	985.6666667	1041	1080	1187.666667	1134.333333
316120135	960.66	1233.333333	1232.333333	1232.333333	1232.333333	1124.333333	1123.333333	1093.333333	1154.333333	1080	1053.333333	1066.666667	1065.666667	1112.333333	1152.333333	987.6666667	1040	1081	1185.666667	1132.333333
316120140	958.94	1232.333333	1233.333333	1233.333333	1234.333333	1124.333333	1124.333333	1087.666667	1161	1080	1052.333333	1066.666667	1066.666667	1101	1159	993.3333333	1040	1074.333333	1186.666667	1127.666667
316120145	960.75	1232.333333	1232.333333	1232.333333	1234.333333	1121	1121	1085.666667	1152.333333	1081	1053.333333	1067.666667	1065.666667	1101	1160	985.6666667	1041	1080	1185.666667	1125.666667
316120150	958.99	1234.333333	1232.333333	1233.333333	1232.333333	1119	1121	1087.666667	1153.333333	1079	1052.333333	1067.666667	1065.666667	1106.666667	1160	992.3333333	1040	1079	1186.666667	1125.666667
316120155	959.51	1232.333333	1234.333333	1234.333333	1232.333333	1120	1119	1086.666667	1153.333333	1079	1052.333333	1065.666667	1067.666667	1105.666667	1160	999	1040	1081	1187.666667	1126.666667
316120200	961.49	1232.333333	1233.333333	1234.333333	1232.333333	1122.333333	1124.333333	1086.666667	1161	1080	1052.333333	1065.666667	1066.666667	1105.666667	1153.333333	1000	1039	1081	1187.666667	1134.333333
316120205	961.05	1240	1241	1240	1240	1120	1120	1085.666667	1154.333333	1080	1054.333333	1065.666667	1066.666667	1113.333333	1160	1000	1039	1081	1186.666667	1134.333333
316120210	961.55	1233.333333	1234.333333	1233.333333	1232.333333	1120	1119	1086.666667	1154.333333	1081	1053.333333	1065.666667	1066.666667	1100	1161	993.3333333	1040	1072.333333	1185.666667	1127.666667
316120215	961.78	1241	1239	1241	1240	1124.333333	1124.333333	1094.333333	1154.333333	1080	1052.333333	1066.666667	1065.666667	1099	1152.333333	993.3333333	1040	1072.333333	1185.666667	1140
316120220	960.2	1233.333333	1232.333333	1233.333333	1232.333333	1119	1119	1086.666667	1154.333333	1080	1052.333333	1067.666667	1065.666667	1113.333333	1153.333333	993.3333333	1040	1072.333333	1187.666667	1134.333333
316120225	961.11	1233.333333	1233.333333	1232.333333	1234.333333	1124.333333	1122.333333	1086.666667	1160	1081	1052.333333	1066.666667	1066.666667	1105.666667	1159	999	1039	1081	1185.666667	1141
316120230	959.34	1233.333333	1232.333333	1233.333333	1232.333333	1119	1121	1085.666667	1153.333333	1080	1052.333333	1066.666667	1066.666667	1112.333333	1161	1001	1041	1081	1186.666667	1125.666667
316120235	961.26	1234.333333	1233.333333	1232.333333	1234.333333	1120	1121	1087.666667	1154.333333	1079	1053.333333	1065.666667	1066.666667	1106.666667	1160	1000	1039	1081	1185.666667	1132.333333
316120240	958.59	1232.333333	1232.333333	1232.333333	1232.333333	1123.333333	1122.333333	1093.333333	1152.333333	1079	1054.333333	1065.666667	1065.666667	1101	1159	1001	1040	1079	1186.666667	1125.666667
316120245	960.94	1234.333333	1232.333333	1233.333333	1233.333333	1121	1121	1087.666667	1154.333333	1080	1053.333333	1065.666667	1067.666667	1107.666667	1161	1000	1041	1079	1185.666667	1125.666667
316120250	960.17	1240	1239	1241	1239	1120	1121	1085.666667	1152.333333	1079	1054.333333	1065.666667	1067.666667	1114.333333	1161	999	1039	1074.333333	1185.666667	1126.666667
316120255	959.8	1234.333333	1234.333333	1233.333333	1234.333333	1123.333333	1124.333333	1086.666667	1160	1079	1053.333333	1066.666667	1066.666667	1100	1160	1000	1040	1080	1186.666667	1125.666667
316120300	959.34	1232.333333	1233.333333	1234.333333	1234.333333	1119	1121	1087.666667	1154.333333	1079	1052.333333	1065.666667	1066.666667	1114.333333	1152.333333	1001	1032.333333	1080	1187.666667	1127.666667
316120305	959.86	1233.333333	1232.333333	1233.333333	1233.333333	1123.333333	1122.333333	1093.333333	1154.333333	1081	1054.333333	1065.666667	1066.666667	1105.666667	1160	1001	1039	1085.666667	1187.666667	1141
316120310	959.02	1232.333333	1233.333333	1232.333333	1234.333333	1123.333333	1123.333333	1086.666667	1161	1080	1061	1071	1071	1114.333333	1161	999	1039	1080	1185.666667	1132.333333
316120315	960.3	1232.333333	1233.333333	1232.333333	1233.333333	1124.333333	1123.333333	1094.333333	1152.333333	1080	1061	1070	1071	1121	1159	999	1047.666667	1080	1186.666667	1127.666667
316120320	960.07	1232.333333	1232.333333	1232.333333	1233.333333	1124.333333	1124.333333	1094.333333	1152.333333	1080	1061	1071	1069	1112.333333	1160	1001	1040	1079	1185.666667	1132.333333
316120325	959.66	1241	1240	1239	1239	1124.333333	1124.333333	1085.666667	1160	1080	1053.333333	1067.666667	1065.666667	1114.333333	1159	1001	1047.666667	1081	1185.666667	1132.333333
316120330	958.44	1241	1241	1240	1240	1121	1119	1087.666667	1152.333333	1080	1061	1070	1070	1105.666667	1161	1000	1047.666667	1079	1185.666667	1139
316120335	958.86	1234.333333	1232.333333	1233.333333	1232.333333	1122.333333	1124.333333	1094.333333	1154.333333	1080	1059	1069	1069	1112.333333	1160	999	1046.666667	1081	1186.666667	1140
316120340	957.73	1232.333333	1234.333333	1232.333333	1233.333333	1119	1121	1087.666667	1152.333333	1081	1065.666667	1072.333333	1073.333333	1114.333333	1160	1001	1047.666667	1080	1185.666667	1133.333333
316120345	959.35	1240	1239	1240	1241	1122.333333	1122.333333	1093.333333	1154.333333	1081	1065.666667	1073.333333	1072.333333	1114.333333	1161	1001	1047.666667	1079	1186.666667	1140
316120350	958.77	1247.666667	1245.666667	1245.666667	1247.666667	1127.666667	1125.666667	1092.333333	1161	1080	1066.666667	1074.333333	1072.333333	1112.333333	1159	1001	1047.666667	1079	1185.666667	1140
316120355	958.28	1246.666667	1247.666667	1245.666667	1246.666667	1123.333333	1124.333333	1093.333333	1153.333333	1079	1067.666667	1072.333333	1074.333333	1114.333333	1159	1001	1045.666667	1079	1193.333333	1141
316120400	958.31	1247.666667	1247.666667	1245.666667	1247.666667	1123.333333	1124.333333	1093.333333	1153.333333	1079	1066.666667	1072.333333	1072.333333	1113.333333	1159	1001	1046.666667	1079	1185.666667	1134.333333
316120405	957.44	1233.333333	1234.333333	1234.333333	1234.333333	1126.666667	1126.666667	1094.333333	1161	1079	1065.666667	1072.333333	1074.333333	1106.666667	1159	1000	1046.666667	1080	1185.666667	1126.666667
316120410	956.92	1246.666667	1245.666667	1245.666667	1247.666667	1124.333333	1124.333333	1085.666667	1159	1081	1065.666667	1073.333333	1074.333333	1114.333333	1159	999	1054.333333	1081	1185.666667	1139
316120415	956.39	1239	1240	1239	1239	1124.333333	1124.333333	1086.666667	1159	1081	1065.666667	1074.333333	1072.333333	1114.333333	1161	999	1047.666667	1079	1185.666667	1139
316120420	957.2	1247.666667	1245.666667	1245.666667	1245.666667	1126.666667	1126.666667	1092.333333	1159	1087.666667	1066.666667	1077.666667	1075.666667	1113.333333	1159	1001	1047.666667	1073.333333	1186.666667	1140
316120425	957.81	1246.666667	1247.666667	1245.666667	1247.666667	1125.666667	1126.666667	1092.333333	1160	1085.666667	1066.666667	1075.666667	1075.666667	1112.333333	1161	1001	1053.333333	1081	1187.666667	1140
316120430	958.58	1246.666667	1245.666667	1247.666667	1246.666667	1130	1130	1093.333333	1165.666667	1081	1067.666667	1074.333333	1074.333333	1112.333333	1159	1001	1045.666667	1080	1186.666667	1141
316120435	958.65	1247.666667	1245.666667	1246.666667	1246.666667	1125.666667	1127.666667	1094.333333	1159	1081	1066.666667	1073.333333	1073.333333	1114.333333	1159	1001	1045.666667	1080	1186.666667	1132.333333
316120440	960.72	1246.666667	1245.666667	1245.666667	1247.666667	1122.333333	1124.333333	1092.333333	1154.333333	1086.666667	1065.666667	1076.666667	1077.666667	1112.333333	1161	1001	1052.333333	1074.333333	1187.666667	1140
316120445	960.09	1246.666667	1246.666667	1247.666667	1246.666667	1130	1131	1092.333333	1166.666667	1092.333333	1067.666667	1080	1081	1114.333333	1159	1001	1046.666667	1081	1185.666667	1134.333333
316120450	959.48	1246.666667	1247.666667	1247.666667	1245.666667	1131	1131	1094.333333	1165.666667	1086.666667	1066.666667	1075.666667	1077.666667	1114.333333	1160	1000	1054.333333	1079	1185.666667	1139
316120455	960.1	1246.666667	1246.666667	1246.666667	1246.666667	1152.333333	1154.333333	1154.333333	1152.333333	1086.666667	1065.666667	1076.666667	1075.666667	1114.333333	1161	1000	1047.666667	1081	1186.666667	1127.666667
316120500	958.21	1247.666667	1245.666667	1245.666667	1246.666667	1130	1130	1093.333333	1165.666667	1094.333333	1067.666667	1081	1081	1112.333333	1160	1000	1059	1081	1186.666667	1140
316120505	957.98	1247.666667	1245.666667	1246.666667	1245.666667	1165.666667	1165.666667	1166.666667	1165.666667	1092.333333	1066.666667	1081	1079	1112.333333	1159	1001	1046.666667	1081	1185.666667	1141
316120510	958.52	1246.666667	1245.666667	1246.666667	1247.666667	1130	1129	1094.333333	1165.666667	1092.333333	1067.666667	1080	1080	1113.333333	1161	999	1054.333333	1079	1186.666667	1141
316120515	959.24	1247.666667	1247.666667	1247.666667	1246.666667	1130	1131	1094.333333	1166.666667	1094.333333	1065.666667	1080	1081	1112.333333	1160	1001	1046.666667	1080	1194.333333	1139
316120520	960.39	1246.666667	1245.666667	1245.666667	1247.666667	1126.666667	1127.666667	1094.333333	1161	1093.333333	1065.666667	1079	1079	1114.333333	1161	999	1052.333333	1080	1185.666667	1140
316120525	959.58	1245.666667	1246.666667	1247.666667	1247.666667	1130	1129	1092.333333	1165.666667	1086.666667	1067.666667	1077.666667	1075.666667	1112.333333	1152.333333	999	1053.333333	1081	1192.333333	1134.333333
316120530	960.81	1245.666667	1247.666667	1245.666667	1245.666667	1130	1129	1094.333333	1165.666667	1092.333333	1065.666667	1080	1079	1070.111111	1159	1001	1053.333333	1080	1193.333333	1141
316120535	960.1	1245.666667	1246.666667	1247.666667	1246.666667	1165.666667	1166.666667	1167.666667	1165.666667	1093.333333	1065.666667	1080	1081	1114.333333	1160	1000	1052.333333	1079	1193.333333	1141
316120540	960.27	1247.666667	1247.666667	1245.666667	1247.666667	1134.333333	1132.333333	1099	1166.666667	1093.333333	1066.666667	1079	1081	1114.333333	1161	1000	1052.333333	1081	1201	1141
316120545	957.37	1246.666667	1246.666667	1245.666667	1247.666667	1167.666667	1167.666667	1167.666667	1165.666667	1093.333333	1067.666667	1080	1080	1113.333333	1160	1001	1054.333333	1087.666667	1186.666667	1139
316120550	959.51	1246.666667	1247.666667	1245.666667	1246.666667	1160	1160	1161	1161	1092.333333	1067.666667	1081	1079	1113.333333	1160	1000	1053.333333	1079	1187.666667	1141
316120555	959.34	1247.666667	1247.666667	1247.666667	1245.666667	1129	1131	1093.333333	1166.666667	1086.666667	1066.666667	1075.666667	1076.666667	1112.333333	1160	1006.666667	1053.333333	1081	1185.666667	1140
316120600	958.86	1246.666667	1247.666667	1247.666667	1245.666667	1130	1129	1092.333333	1165.666667	1092.333333	1066.666667	1079	1081	1112.333333	1159	1000	1054.333333	1081	1185.666667	1141
316120605	960.01	1245.666667	1245.666667	1246.666667	1245.666667	1131	1129	1093.333333	1167.666667	1092.333333	1066.666667	1079	1081	1113.333333	1159	999	1061	1079	1185.666667	1141
316120610	960.93	1247.666667	1246.666667	1246.666667	1245.666667	1129	1130	1093.333333	1165.666667	1092.333333	1067.666667	1081	1079	1113.333333	1160	999	1053.333333	1086.666667	1187.666667	1140
316120615	960.98	1252.333333	1253.333333	1253.333333	1254.333333	1130	1129	1092.333333	1167.666667	1086.666667	1065.666667	1077.666667	1075.666667	1112.333333	1161	1001	1053.333333	1081	1194.333333	1140
316120620	960.1	1245.666667	1247.666667	1245.666667	1246.666667	1130	1130	1094.333333	1165.666667	1094.333333	1066.666667	1080	1079	1112.333333	1160	1001	1053.333333	1080	1187.666667	1140
316120625	958.24	1245.666667	1246.666667	1245.666667	1247.666667	1131	1130	1094.333333	1165.666667	1101	1066.666667	1083.333333	1082.333333	1114.333333	1159	1001	1054.333333	1080	1194.333333	1140
316120630	960.07	1246.666667	1247.666667	1247.666667	1245.666667	1130	1129	1094.333333	1165.666667	1093.333333	1066.666667	1081	1081	1113.333333	1159	1005.666667	1053.333333	1080	1201	1133.333333
316120635	958.58	1246.666667	1246.666667	1246.666667	1247.666667	1130	1131	1092.333333	1166.666667	1092.333333	1067.666667	1081	1079	1119	1160	1006.666667	1054.333333	1081	1192.333333	1141
316120640	960.37	1246.666667	1247.666667	1245.666667	1245.666667	1129	1131	1092.333333	1165.666667	1100	1066.666667	1084.333333	1082.333333	1112.333333	1160	1001	1054.333333	1080	1194.333333	1139
316120645	960.42	1247.666667	1245.666667	1246.666667	1246.666667	1132.333333	1132.333333	1100	1166.666667	1094.333333	1067.666667	1081	1080	1120	1161	1001	1094.333333	1081	1194.333333	1141
316120650	961.05	1246.666667	1247.666667	1245.666667	1245.666667	1130	1130	1092.333333	1167.666667	1094.333333	1065.666667	1081	1081	1119	1160	1005.666667	1052.333333	1081	1187.666667	1140
316120655	958.2	1246.666667	1247.666667	1247.666667	1247.666667	1130	1130	1094.333333	1165.666667	1086.666667	1065.666667	1075.666667	1075.666667	1113.333333	1159	1007.666667	1054.333333	1080	1200	1139
316120700	959.11	1246.666667	1247.666667	1247.666667	1245.666667	1130	1131	1101	1160	1094.333333	1073.333333	1082.333333	1083.333333	1112.333333	1161	1006.666667	1054.333333	1081	1192.333333	1139
316120705	958.91	1246.666667	1247.666667	1246.666667	1246.666667	1130	1129	1094.333333	1167.666667	1093.333333	1066.666667	1079	1080	1113.333333	1160	1000	1053.333333	1079	1206.666667	1139
316120710	958.76	1245.666667	1246.666667	1247.666667	1246.666667	1131	1131	1094.333333	1166.666667	1099	1067.666667	1083.333333	1084.333333	1113.333333	1161	1000	1054.333333	1081	1201	1141
316120715	959.07	1247.666667	1245.666667	1245.666667	1247.666667	1127.666667	1126.666667	1086.666667	1166.666667	1093.333333	1066.666667	1079	1080	1113.333333	1161	999	1054.333333	1081	1201	1139
316120720	958.35	1247.666667	1245.666667	1245.666667	1246.666667	1125.666667	1125.666667	1085.666667	1167.666667	1101	1065.666667	1083.333333	1083.333333	1112.333333	1159	1005.666667	1052.333333	1080	1194.333333	1139
316120725	959.82	1245.666667	1246.666667	1245.666667	1247.666667	1133.333333	1134.333333	1100	1166.666667	1101	1066.666667	1082.333333	1083.333333	1112.333333	1161	1006.666667	1053.333333	1079	1199	1139
316120730	960.64	1245.666667	1245.666667	1245.666667	1247.666667	1127.666667	1126.666667	1085.666667	1167.666667	1100	1067.666667	1083.333333	1083.333333	1112.333333	1159	1007.666667	1060	1081	1193.333333	1141
316120735	958.92	1246.666667	1247.666667	1247.666667	1246.666667	1129	1129	1100	1159	1094.333333	1066.666667	1081	1081	1112.333333	1160	1005.666667	1054.333333	1079	1199	1141
316120740	958.41	1245.666667	1245.666667	1247.666667	1245.666667	1132.333333	1133.333333	1101	1167.666667	1094.333333	1065.666667	1081	1080	1114.333333	1160	1007.666667	1061	1079	1201	1141
316120745	959.7	1247.666667	1246.666667	1246.666667	1246.666667	1126.666667	1125.666667	1093.333333	1160	1093.333333	1067.666667	1081	1081	1114.333333	1160	1006.666667	1052.333333	1080	1201	1139
316120750	957.82	1245.666667	1246.666667	1245.666667	1247.666667	1132.333333	1132.333333	1101	1167.666667	1101	1066.666667	1082.333333	1083.333333	1105.666667	1160	1005.666667	1053.333333	1080	1199	1141
316120755	959.67	1247.666667	1247.666667	1246.666667	1246.666667	1133.333333	1134.333333	1101	1165.666667	1101	1066.666667	1084.333333	1082.333333	1113.333333	1160	999	1061	1079	1193.333333	1141
316120800	958.91	1246.666667	1247.666667	1246.666667	1247.666667	1135.666667	1135.666667	1100	1173.333333	1099	1065.666667	1082.333333	1084.333333	1121	1161	1006.666667	1052.333333	1080	1200	1141
316120805	959.55	1245.666667	1246.666667	1245.666667	1246.666667	1133.333333	1132.333333	1101	1167.666667	1101	1067.666667	1082.333333	1084.333333	1106.666667	1161	1012.333333	1054.333333	1081	1193.333333	1139
316120810	958.43	1246.666667	1247.666667	1245.666667	1247.666667	1129	1130	1093.333333	1166.666667	1099	1065.666667	1082.333333	1083.333333	1114.333333	1159	1005.666667	1054.333333	1080	1194.333333	1139
316120815	957.35	1246.666667	1245.666667	1245.666667	1246.666667	1132.333333	1134.333333	1101	1166.666667	1099	1066.666667	1084.333333	1084.333333	1112.333333	1160	1007.666667	1060	1081	1192.333333	1139
316120820	958.15	1245.666667	1245.666667	1245.666667	1245.666667	1132.333333	1134.333333	1101	1167.666667	1101	1066.666667	1083.333333	1082.333333	1113.333333	1160	1007.666667	1060	1080	1194.333333	1139
316120825	958.81	1247.666667	1247.666667	1246.666667	1247.666667	1134.333333	1134.333333	1101	1165.666667	1099	1065.666667	1084.333333	1083.333333	1113.333333	1160	1007.666667	1061	1080	1185.666667	1139
316120830	958.43	1246.666667	1246.666667	1247.666667	1246.666667	1133.333333	1134.333333	1099	1167.666667	1101	1065.666667	1083.333333	1083.333333	1114.333333	1161	1006.666667	1059	1080	1194.333333	1139
316120835	958.73	1245.666667	1247.666667	1246.666667	1246.666667	1129	1131	1093.333333	1166.666667	1099	1066.666667	1082.333333	1084.333333	1120	1161	1006.666667	1054.333333	1081	1201	1141
316120840	959.86	1246.666667	1247.666667	1245.666667	1246.666667	1125.666667	1127.666667	1093.333333	1160	1099	1066.666667	1082.333333	1083.333333	1112.333333	1160	1006.666667	1060	1080	1200	1140
316120845	956.66	1245.666667	1245.666667	1245.666667	1245.666667	1134.333333	1132.333333	1100	1167.666667	1099	1065.666667	1082.333333	1082.333333	1121	1159	1013.333333	1060	1081	1193.333333	1139
316120850	956.64	1246.666667	1247.666667	1246.666667	1246.666667	1132.333333	1134.333333	1101	1167.666667	1099	1067.666667	1083.333333	1082.333333	1120	1160	1013.333333	1059	1080	1194.333333	1141
316120855	958.87	1247.666667	1246.666667	1245.666667	1245.666667	1131	1130	1100	1160	1100	1073.333333	1085.666667	1086.666667	1120	1161	1012.333333	1061	1081	1200	1141
316120900	959.03	1252.333333	1254.333333	1254.333333	1253.333333	1131	1131	1099	1161	1101	1065.666667	1083.333333	1084.333333	1119	1166.666667	1006.666667	1054.333333	1079	1193.333333	1139
316120905	958.91	1253.333333	1254.333333	1252.333333	1253.333333	1134.333333	1132.333333	1099	1165.666667	1099	1065.666667	1083.333333	1084.333333	1121	1166.666667	1012.333333	1059	1081	1199	1140
316120910	959.8	1246.666667	1247.666667	1247.666667	1246.666667	1134.333333	1133.333333	1099	1167.666667	1101	1067.666667	1083.333333	1082.333333	1121	1160	1013.333333	1061	1079	1199	1141
316120915	960.49	1245.666667	1246.666667	1245.666667	1246.666667	1132.333333	1134.333333	1099	1165.666667	1101	1067.666667	1082.333333	1082.333333	1126.666667	1159	1013.333333	1061	1080	1192.333333	1133.333333
316120920	960.48	1246.666667	1245.666667	1245.666667	1246.666667	1134.333333	1134.333333	1099	1166.666667	1101	1067.666667	1083.333333	1083.333333	1120	1161	1012.333333	1059	1080	1194.333333	1141
316120925	960.66	1254.333333	1252.333333	1254.333333	1253.333333	1126.666667	1126.666667	1092.333333	1161	1099	1066.666667	1083.333333	1083.333333	1079	1173.333333	1006.666667	1059	1080	1194.333333	1140
316120930	960.13	1245.666667	1246.666667	1245.666667	1245.666667	1133.333333	1134.333333	1101	1165.666667	1101	1066.666667	1083.333333	1082.333333	1121	1161	1014.333333	1059	1079	1201	1140
316120935	961.41	1247.666667	1247.666667	1246.666667	1245.666667	1133.333333	1133.333333	1099	1166.666667	1099	1065.666667	1084.333333	1083.333333	1119	1160	1014.333333	1061	1079	1192.333333	1141
316120940	959.4	1245.666667	1246.666667	1247.666667	1245.666667	1131	1129	1099	1159	1101	1066.666667	1084.333333	1084.333333	1119	1166.666667	1014.333333	1060	1080	1200	1141
316120945	959.83	1245.666667	1246.666667	1245.666667	1245.666667	1134.333333	1132.333333	1099	1166.666667	1099	1074.333333	1087.666667	1085.666667	1121	1159	1013.333333	1054.333333	1080	1201	1139
316120950	960.25	1254.333333	1252.333333	1253.333333	1252.333333	1132.333333	1132.333333	1100	1166.666667	1100	1067.666667	1084.333333	1084.333333	1114.333333	1167.666667	1013.333333	1061	1079	1201	1139
316120955	959.65	1245.666667	1247.666667	1247.666667	1246.666667	1132.333333	1134.333333	1100	1165.666667	1101	1065.666667	1082.333333	1083.333333	1121	1153.333333	1014.333333	1059	1081	1200	1139
316121000	957.95	1253.333333	1252.333333	1252.333333	1252.333333	1132.333333	1132.333333	1100	1167.666667	1101	1072.333333	1086.666667	1086.666667	1113.333333	1167.666667	1012.333333	1060	1079	1200	1141
316121005	960.06	1245.666667	1246.666667	1247.666667	1245.666667	1133.333333	1132.333333	1100	1165.666667	1100	1074.333333	1086.666667	1087.666667	1119	1160	1007.666667	1061	1079	1200	1139
316121010	957.95	1254.333333	1252.333333	1253.333333	1253.333333	1134.333333	1133.333333	1101	1165.666667	1099	1073.333333	1087.666667	1085.666667	1121	1161	1013.333333	1061	1079	1200	1139
316121015	957.58	1253.333333	1252.333333	1252.333333	1254.333333	1167.666667	1165.666667	1165.666667	1165.666667	1100	1066.666667	1083.333333	1084.333333	1121	1160	1014.333333	1061	1081	1201	1141
316121020	957.82	1254.333333	1252.333333	1253.333333	1254.333333	1134.333333	1132.333333	1100	1165.666667	1101	1066.666667	1084.333333	1084.333333	1112.333333	1160	1012.333333	1060	1080	1199	1141
316121025	957.97	1254.333333	1254.333333	1252.333333	1254.333333	1134.333333	1133.333333	1100	1166.666667	1101	1072.333333	1087.666667	1086.666667	1119	1166.666667	1007.666667	1061	1079	1207.666667	1141
316121030	958.36	1253.333333	1252.333333	1254.333333	1253.333333	1132.333333	1133.333333	1099	1166.666667	1099	1066.666667	1082.333333	1082.333333	1114.333333	1161	1014.333333	1061	1087.666667	1205.666667	1139
316121035	959.57	1252.333333	1253.333333	1253.333333	1253.333333	1133.333333	1133.333333	1099	1166.666667	1100	1066.666667	1083.333333	1084.333333	1121	1161	1012.333333	1060	1081	1201	1140
316121040	959.84	1253.333333	1252.333333	1254.333333	1254.333333	1133.333333	1134.333333	1101	1165.666667	1099	1066.666667	1083.333333	1084.333333	1120	1160	1013.333333	1061	1085.666667	1206.666667	1139
316121045	958.84	1246.666667	1246.666667	1245.666667	1245.666667	1134.333333	1132.333333	1100	1165.666667	1100	1073.333333	1087.666667	1086.666667	1121	1161	1014.333333	1059	1079	1207.666667	1140
316121050	958.95	1246.666667	1246.666667	1245.666667	1246.666667	1132.333333	1134.333333	1099	1165.666667	1100	1072.333333	1085.666667	1085.666667	1119	1159	1013.333333	1060	1081	1200	1140
316121055	958.82	1254.333333	1252.333333	1252.333333	1252.333333	1133.333333	1132.333333	1101	1167.666667	1101	1067.666667	1082.333333	1083.333333	1121	1161	1014.333333	1059	1081	1206.666667	1141
316121100	959.06	1254.333333	1252.333333	1254.333333	1252.333333	1132.333333	1134.333333	1100	1167.666667	1100	1065.666667	1084.333333	1084.333333	1120	1161	1013.333333	1059	1079	1199	1141
316121105	960.45	1254.333333	1252.333333	1252.333333	1253.333333	1132.333333	1134.333333	1100	1166.666667	1099	1072.333333	1085.666667	1087.666667	1121	1161	1014.333333	1060	1085.666667	1201	1146.666667
316121110	959.85	1253.333333	1252.333333	1253.333333	1252.333333	1132.333333	1134.333333	1099	1166.666667	1099	1073.333333	1087.666667	1086.666667	1119	1160	1007.666667	1060	1080	1207.666667	1140
316121115	959.36	1253.333333	1252.333333	1252.333333	1254.333333	1132.333333	1134.333333	1100	1166.666667	1099	1072.333333	1086.666667	1085.666667	1119	1160	1006.666667	1060	1079	1200	1141
316121120	961.08	1253.333333	1252.333333	1254.333333	1253.333333	1133.333333	1132.333333	1100	1167.666667	1101	1074.333333	1087.666667	1085.666667	1120	1160	1014.333333	1060	1081	1205.666667	1140
316121125	960.94	1252.333333	1252.333333	1252.333333	1253.333333	1133.333333	1134.333333	1099	1166.666667	1099	1074.333333	1086.666667	1085.666667	1120	1161	1012.333333	1060	1086.666667	1207.666667	1139
316121130	958.44	1245.666667	1246.666667	1245.666667	1246.666667	1132.333333	1133.333333	1100	1165.666667	1100	1073.333333	1085.666667	1087.666667	1119	1159	1013.333333	1061	1087.666667	1201	1139
316121135	960.89	1253.333333	1252.333333	1253.333333	1254.333333	1133.333333	1132.333333	1101	1166.666667	1100	1072.333333	1087.666667	1086.666667	1119	1159	1014.333333	1061	1086.666667	1199	1141
316121140	960.52	1254.333333	1252.333333	1253.333333	1252.333333	1132.333333	1134.333333	1101	1167.666667	1100	1065.666667	1084.333333	1083.333333	1119	1161	1006.666667	1059	1080	1200	1139
316121145	958.83	1252.333333	1253.333333	1253.333333	1254.333333	1132.333333	1132.333333	1099	1165.666667	1100	1073.333333	1087.666667	1085.666667	1120	1165.666667	1013.333333	1060	1079	1201	1139
316121150	959.85	1254.333333	1252.333333	1253.333333	1254.333333	1133.333333	1133.333333	1099	1165.666667	1101	1067.666667	1084.333333	1084.333333	1120	1160	1139	1140	1079	1205.666667	1139
316121155	959.02	1252.333333	1252.333333	1254.333333	1252.333333	1134.333333	1132.333333	1099	1165.666667	1101	1067.666667	1082.333333	1082.333333	1121	1160	1012.333333	1061	1080	1205.666667	1139
316121200	960.41	1253.333333	1252.333333	1253.333333	1252.333333	1133.333333	1132.333333	1101	1166.666667	1099	1066.666667	1084.333333	1084.333333	1120	1161	1012.333333	1061	1081	1201	1140
316121205	958.46	1253.333333	1252.333333	1253.333333	1254.333333	1132.333333	1133.333333	1100	1166.666667	1101	1073.333333	1085.666667	1087.666667	1114.333333	1160	1013.333333	1060	1081	1205.666667	1141
316121210	960.57	1254.333333	1252.333333	1254.333333	1253.333333	1132.333333	1132.333333	1101	1166.666667	1101	1067.666667	1084.333333	1083.333333	1120	1161	1013.333333	1059	1080	1206.666667	1141
316121215	960.45	1254.333333	1254.333333	1253.333333	1253.333333	1134.333333	1134.333333	1101	1166.666667	1100	1066.666667	1083.333333	1082.333333	1121	1154.333333	1013.333333	1059	1080	1199	1140
316121220	958.93	1252.333333	1254.333333	1253.333333	1253.333333	1134.333333	1132.333333	1100	1166.666667	1099	1065.666667	1084.333333	1083.333333	1114.333333	1161	1013.333333	1061	1081	1199	1139
316121225	960.72	1254.333333	1253.333333	1254.333333	1253.333333	1134.333333	1133.333333	1101	1165.666667	1099	1074.333333	1086.666667	1085.666667	1121	1161	1014.333333	1061	1079	1200	1141
316121230	960.92	1247.666667	1247.666667	1247.666667	1246.666667	1133.333333	1133.333333	1099	1167.666667	1100	1073.333333	1085.666667	1085.666667	1119	1159	1012.333333	1061	1079	1200	1140
316121235	961.59	1254.333333	1253.333333	1253.333333	1252.333333	1132.333333	1132.333333	1100	1167.666667	1099	1073.333333	1086.666667	1085.666667	1120	1167.666667	1014.333333	1059	1081	1207.666667	1139
316121240	958.65	1254.333333	1252.333333	1252.333333	1252.333333	1132.333333	1133.333333	1099	1165.666667	1100	1073.333333	1086.666667	1087.666667	1119	1159	1019	1060	1080	1200	1141
316121245	960.41	1254.333333	1254.333333	1254.333333	1253.333333	1132.333333	1133.333333	1100	1165.666667	1100	1080	1090	1089	1121	1159	1019	1061	1079	1200	1140
316121250	959.93	1254.333333	1254.333333	1254.333333	1254.333333	1134.333333	1132.333333	1100	1166.666667	1100	1079	1091	1090	1121	1161	1019	1060	1079	1201	1147.666667
316121255	960.72	1253.333333	1254.333333	1252.333333	1254.333333	1134.333333	1134.333333	1099	1167.666667	1100	1074.333333	1087.666667	1086.666667	1119	1160	1021	1061	1080	1206.666667	1140
316121300	960.17	1253.333333	1253.333333	1252.333333	1253.333333	1134.333333	1133.333333	1101	1165.666667	1105.666667	1081	1092.333333	1094.333333	1121	1161	1020	1061	1079	1206.666667	1141
316121305	958.4	1253.333333	1252.333333	1253.333333	1252.333333	1132.333333	1134.333333	1101	1165.666667	1099	1074.333333	1086.666667	1087.666667	1112.333333	1161	1020	1059	1080	1205.666667	1147.666667
316121310	958.95	1254.333333	1253.333333	1252.333333	1252.333333	1132.333333	1133.333333	1100	1166.666667	1101	1080	1090	1089	1112.333333	1160	1020	1060	1080	1206.666667	1139
316121315	958.46	1253.333333	1252.333333	1253.333333	1254.333333	1132.333333	1134.333333	1100	1166.666667	1101	1080	1089	1089	1132.333333	1160	1019	1061	1080	1207.666667	1141
316121320	960.63	1252.333333	1254.333333	1252.333333	1252.333333	1132.333333	1134.333333	1101	1165.666667	1100	1081	1091	1091	1119	1159	1020	1065.666667	1086.666667	1201	1147.666667
316121325	961.13	1253.333333	1253.333333	1252.333333	1254.333333	1132.333333	1132.333333	1099	1167.666667	1100	1081	1091	1090	1120	1167.666667	1012.333333	1060	1080	1206.666667	1146.666667
316121330	961.5	1252.333333	1253.333333	1252.333333	1254.333333	1132.333333	1132.333333	1101	1165.666667	1100	1073.333333	1087.666667	1085.666667	1119	1161	1013.333333	1059	1079	1207.666667	1141
316121335	958.53	1254.333333	1253.333333	1253.333333	1253.333333	1133.333333	1132.333333	1101	1166.666667	1100	1081	1091	1091	1120	1160	1020	1059	1081	1206.666667	1147.666667
316121340	958.77	1254.333333	1252.333333	1253.333333	1254.333333	1134.333333	1132.333333	1101	1166.666667	1101	1081	1090	1089	1119	1161	1019	1060	1081	1205.666667	1146.666667
316121345	960.42	1252.333333	1252.333333	1252.333333	1253.333333	1134.333333	1133.333333	1100	1167.666667	1101	1072.333333	1086.666667	1086.666667	1121	1161	1019	1060	1079	1206.666667	1147.666667
316121350	961.33	1254.333333	1253.333333	1253.333333	1252.333333	1132.333333	1132.333333	1100	1166.666667	1101	1080	1089	1089	1120	1160	1021	1060	1086.666667	1206.666667	1140
316121355	960.79	1252.333333	1253.333333	1252.333333	1252.333333	1132.333333	1134.333333	1101	1166.666667	1101	1080	1089	1089	1119	1160	1019	1059	1094.333333	1206.666667	1146.666667
316121400	960.07	1253.333333	1254.333333	1254.333333	1253.333333	1133.333333	1132.333333	1100	1166.666667	1099	1080	1089	1091	1119	1160	1020	1061	1081	1207.666667	1146.666667
316121405	959.85	1252.333333	1254.333333	1254.333333	1252.333333	1134.333333	1134.333333	1100	1166.666667	1100	1079	1091	1091	1119	1159	1013.333333	1059	1081	1206.666667	1147.666667
316121410	959.68	1253.333333	1253.333333	1254.333333	1253.333333	1135.666667	1136.666667	1106.666667	1167.666667	1100	1072.333333	1087.666667	1085.666667	1120	1160	1012.333333	1096.777778	1086.666667	1205.666667	1146.666667
316121415	960.92	1254.333333	1252.333333	1253.333333	1254.333333	1134.333333	1132.333333	1100	1167.666667	1100	1081	1090	1089	1119	1161	1013.333333	1059	1085.666667	1207.666667	1140
316121420	959.09	1252.333333	1254.333333	1254.333333	1252.333333	1133.333333	1132.333333	1101	1165.666667	1100	1073.333333	1085.666667	1085.666667	1121	1160	1012.333333	1061	1087.666667	1206.666667	1147.666667
316121425	958.97	1252.333333	1254.333333	1252.333333	1252.333333	1136.666667	1136.666667	1106.666667	1166.666667	1101	1080	1091	1090	1121	1159	1012.333333	1061	1080	1207.666667	1147.666667
316121430	958.99	1254.333333	1254.333333	1252.333333	1254.333333	1135.666667	1135.666667	1105.666667	1167.666667	1105.666667	1072.333333	1089	1089	1112.333333	1161	1019	1061	1085.666667	1205.666667	1146.666667
316121435	959.14	1254.333333	1254.333333	1252.333333	1253.333333	20	761.2222222	1099	1166.666667	1105.666667	1079	1092.333333	1094.333333	1119	1159	1020	1100	1087.666667	1207.666667	1141
316121440	961.17	1252.333333	1252.333333	1253.333333	1253.333333	7.666666667	760	1107.666667	1166.666667	1100	1081	1091	1090	1125.666667	1160	1020	1101.222222	1087.666667	1205.666667	1141
316121445	961.36	1252.333333	1253.333333	1253.333333	1252.333333	1137.666667	1136.666667	1106.666667	1167.666667	1100	1081	1090	1091	1121	1160	1019	1100	1079	1205.666667	1145.666667
316121450	959.77	1252.333333	1252.333333	1254.333333	1252.333333	1135.666667	1137.666667	1106.666667	1165.666667	1100	1081	1089	1090	1120	1159	1020	1059	1079	1201	1141
316121455	961.98	1252.333333	1253.333333	1254.333333	1253.333333	1136.666667	1137.666667	1106.666667	1165.666667	1099	1079	1091	1089	1121	1166.666667	1020	1101.222222	1079	1205.666667	1140
316121500	960.54	1252.333333	1253.333333	1252.333333	1254.333333	1132.333333	1132.333333	1100	1166.666667	1099	1079	1089	1089	1121	1166.666667	1019	1103.222222	1080	1205.666667	1140
316121505	961.51	1246.666667	1245.666667	1246.666667	1247.666667	1135.666667	1135.666667	1105.666667	1165.666667	1099	1079	1091	1091	1127.666667	1160	1027.666667	1065.666667	1080	1207.666667	1141
316121510	961.95	1252.333333	1252.333333	1252.333333	1254.333333	1136.666667	1135.666667	1106.666667	1165.666667	1101	1079	1091	1090	1119	1160	1020	1065.666667	1087.666667	1205.666667	1146.666667
316121515	961.45	1252.333333	1252.333333	1253.333333	1253.333333	1136.666667	1136.666667	1105.666667	1165.666667	1101	1080	1091	1090	1120	1166.666667	1020	1067.666667	1087.666667	1206.666667	1147.666667
316121520	959.8	1254.333333	1254.333333	1254.333333	1254.333333	1133.333333	1132.333333	1099	1167.666667	1106.666667	1080	1092.333333	1092.333333	1119	1159	1021	1067.666667	1081	1205.666667	1146.666667
316121525	960.3	1254.333333	1253.333333	1253.333333	1252.333333	1136.666667	1135.666667	1105.666667	1165.666667	1106.666667	1081	1093.333333	1093.333333	1121	1159	1019	1060	1092.333333	1206.666667	1145.666667
316121530	960.6	1254.333333	1254.333333	1253.333333	1252.333333	1135.666667	1137.666667	1106.666667	1167.666667	1101	1081	1091	1090	1119	1161	1020	1100	1093.333333	1206.666667	1146.666667
316121535	961.95	1259	1259	1261	1259	1140	1141	1107.666667	1174.333333	1101	1080	1091	1091	1120	1159	1021	1066.666667	1087.666667	1206.666667	1146.666667
316121540	960.58	1261	1259	1259	1261	14.33333333	762.2222222	1105.666667	1165.666667	1113.333333	1081	1095.666667	1095.666667	1119	1167.666667	1019	1065.666667	1093.333333	1207.666667	1146.666667
316121545	960.15	1253.333333	1252.333333	1253.333333	1253.333333	1141	1141	1112.333333	1165.666667	1105.666667	1081	1092.333333	1094.333333	1119	1160	1019	1066.666667	1087.666667	1206.666667	1147.666667
316121550	961.96	1252.333333	1253.333333	1252.333333	1254.333333	1135.666667	1136.666667	1107.666667	1166.666667	1100	1079	1091	1089	1119	1161	1021	1059	1092.333333	1200	1146.666667
316121555	962.96	1252.333333	1252.333333	1252.333333	1252.333333	1137.666667	1135.666667	1106.666667	1165.666667	1099	1080	1091	1090	1121	1159	1020	1067.666667	1079	1206.666667	1146.666667
316121600	961.11	1254.333333	1254.333333	1253.333333	1253.333333	1137.666667	1137.666667	1107.666667	1165.666667	1112.333333	1079	1097.666667	1096.666667	1121	1159	1021	1065.666667	1086.666667	1206.666667	1146.666667
316121605	962.37	1253.333333	1254.333333	1252.333333	1252.333333	1136.666667	1136.666667	1106.666667	1166.666667	1106.666667	1080	1094.333333	1094.333333	1120	1161	1019	1099	1092.333333	1206.666667	1146.666667
316121610	961.11	1253.333333	1252.333333	1253.333333	1254.333333	1140	1140	1106.666667	1172.333333	1114.333333	1081	1095.666667	1095.666667	1119	1160	1021	1061	1080	1207.666667	1146.666667
316121615	961.32	1260	1260	1259	1261	1136.666667	1136.666667	1105.666667	1167.666667	1114.333333	1080	1096.666667	1096.666667	1119	1161	1019	1066.666667	1086.666667	1206.666667	1147.666667
316121620	961.88	1252.333333	1252.333333	1252.333333	1254.333333	1139	1141	1107.666667	1173.333333	1105.666667	1072.333333	1091	1090	1120	1165.666667	1021	1103.222222	1086.666667	1206.666667	1147.666667
316121625	961.27	1254.333333	1253.333333	1252.333333	1253.333333	1136.666667	1136.666667	1105.666667	1166.666667	1106.666667	1079	1094.333333	1092.333333	1120	1159	1020	1099	1086.666667	1205.666667	1147.666667
316121630	960.48	1261	1260	1261	1261	1137.666667	1136.666667	1105.666667	1167.666667	1114.333333	1079	1097.666667	1097.666667	1119	1161	1020	1066.666667	1087.666667	1207.666667	1145.666667
316121635	961.66	1259	1261	1261	1261	1141	1141	1105.666667	1172.333333	1114.333333	1080	1095.666667	1095.666667	1120	1160	1021	1065.666667	1087.666667	1207.666667	1147.666667
316121640	959.51	1259	1260	1259	1261	1143.333333	1142.333333	1113.333333	1172.333333	1113.333333	1081	1097.666667	1096.666667	1120	1159	1021	1072.333333	1086.666667	1205.666667	1146.666667
316121645	962.16	1261	1259	1260	1260	1139	1140	1106.666667	1174.333333	1112.333333	1081	1097.666667	1097.666667	1119	1161	1021	1072.333333	1093.333333	1206.666667	1145.666667
316121650	960.91	1259	1260	1259	1261	1139	1140	1106.666667	1172.333333	1113.333333	1080	1095.666667	1097.666667	1125.666667	1160	1019	1072.333333	1087.666667	1200	1141
316121655	961.48	1259	1259	1260	1260	1143.333333	1144.333333	1112.333333	1172.333333	1105.666667	1079	1094.333333	1093.333333	1121	1159	1021	1059	1087.666667	1205.666667	1145.666667
316121700	961.59	1259	1259	1260	1261	1142.333333	1142.333333	1112.333333	1173.333333	1112.333333	1079	1096.666667	1096.666667	1121	1161	1021	1072.333333	1087.666667	1205.666667	1145.666667
316121705	960.03	1261	1259	1259	1261	1146.666667	1145.666667	1114.333333	1179	1112.333333	1080	1096.666667	1095.666667	1120	1161	1027.666667	1074.333333	1085.666667	1205.666667	1147.666667
316121710	961.52	1261	1259	1260	1259	1143.333333	1142.333333	1113.333333	1173.333333	1112.333333	1079	1097.666667	1097.666667	1127.666667	1165.666667	1025.666667	1072.333333	1086.666667	1207.666667	1145.666667
316121715	960.17	1261	1260	1260	1261	1141	1139	1106.666667	1172.333333	1113.333333	1080	1096.666667	1097.666667	1119	1174.333333	1026.666667	1073.333333	1080	1201	1145.666667
316121720	960.56	1259	1261	1259	1259	1144.333333	1142.333333	1112.333333	1172.333333	1107.666667	1079	1092.333333	1093.333333	1126.666667	1160	1019	1074.333333	1086.666667	1206.666667	1147.666667
316121725	959.66	1260	1260	1260	1260	1144.333333	1143.333333	1113.333333	1172.333333	1114.333333	1080	1096.666667	1097.666667	1120	1161	1019	1073.333333	1087.666667	1201	1139
316121730	960.43	1260	1260	1259	1260	1143.333333	1144.333333	1105.666667	1180	1114.333333	1080	1097.666667	1095.666667	1126.666667	1165.666667	1021	1079	1081	1199	1146.666667
316121735	961.23	1259	1260	1261	1261	1141	1140	1106.666667	1172.333333	1113.333333	1080	1097.666667	1097.666667	1119	1159	1027.666667	1072.333333	1087.666667	1205.666667	1147.666667
316121740	961.46	1260	1261	1261	1261	1140	1139	1105.666667	1174.333333	1114.333333	1081	1097.666667	1097.666667	1125.666667	1165.666667	1019	1072.333333	1081	1207.666667	1140
316121745	959.42	1261	1260	1261	1259	1136.666667	1135.666667	1106.666667	1165.666667	1112.333333	1080	1097.666667	1097.666667	1126.666667	1161	1021	1074.333333	1081	1206.666667	1145.666667
316121750	961.51	1260	1261	1260	1259	1139	1141	1106.666667	1174.333333	1113.333333	1079	1095.666667	1095.666667	1125.666667	1167.666667	1020	1072.333333	1087.666667	1207.666667	1147.666667
316121755	960.07	1260	1261	1259	1260	1139	1139	1105.666667	1172.333333	1114.333333	1079	1095.666667	1095.666667	1126.666667	1165.666667	1026.666667	1073.333333	1085.666667	1205.666667	1147.666667
316121800	960.6	1261	1261	1260	1259	1136.666667	1136.666667	1105.666667	1167.666667	1106.666667	1079	1094.333333	1092.333333	1119	1167.666667	1025.666667	1073.333333	1092.333333	1207.666667	1147.666667
316121805	960.09	1260	1260	1260	1261	1136.666667	1135.666667	1105.666667	1166.666667	1112.333333	1081	1096.666667	1096.666667	1126.666667	1165.666667	1026.666667	1080	1094.333333	1206.666667	1146.666667
316121810	960.71	1254.333333	1254.333333	1254.333333	1252.333333	1139	1140	1106.666667	1173.333333	1107.666667	1085.666667	1097.666667	1095.666667	1127.666667	1166.666667	1025.666667	1072.333333	1087.666667	1201	1146.666667
316121815	961.63	1253.333333	1252.333333	1254.333333	1254.333333	1139	1139	1106.666667	1173.333333	1114.333333	1081	1095.666667	1097.666667	1126.666667	1166.666667	1025.666667	1074.333333	1086.666667	1206.666667	1146.666667
316121820	960.86	1260	1260	1261	1260	1140	1141	1105.666667	1173.333333	1112.333333	1080	1097.666667	1097.666667	1120	1165.666667	1033.333333	1106.666667	1087.666667	1199	1146.666667
316121825	958.72	1261	1260	1261	1259	1139	1139	1106.666667	1174.333333	1112.333333	1079	1095.666667	1095.666667	1119	1167.666667	1026.666667	1105.444444	1087.666667	1206.666667	1145.666667
316121830	958.22	1260	1260	1260	1261	1137.666667	1137.666667	1106.666667	1166.666667	1112.333333	1087.666667	1101	1100	1125.666667	1165.666667	1034.333333	1108.888889	1087.666667	1206.666667	1154.333333
316121835	958.17	1259	1259	1260	1260	1137.666667	1137.666667	1105.666667	1167.666667	1114.333333	1079	1097.666667	1096.666667	1127.666667	1165.666667	1032.333333	1080	1092.333333	1207.666667	1152.333333
316121840	959.08	1260	1261	1260	1260	1135.666667	1135.666667	1105.666667	1165.666667	1112.333333	1081	1097.666667	1097.666667	1127.666667	1166.666667	1032.333333	1074.333333	1092.333333	1206.666667	1153.333333
316121845	957.89	1260	1259	1261	1259	1136.666667	1137.666667	1105.666667	1166.666667	1113.333333	1087.666667	1100	1100	1119	1167.666667	1033.333333	1079	1086.666667	1206.666667	1153.333333
316121850	959.16	1260	1261	1261	1259	1137.666667	1135.666667	1106.666667	1166.666667	1113.333333	1080	1095.666667	1097.666667	1126.666667	1181	1034.333333	1079	1094.333333	1205.666667	1152.333333
316121855	958.08	1259	1261	1260	1261	1135.666667	1136.666667	1105.666667	1167.666667	1113.333333	1080	1095.666667	1096.666667	1121	1165.666667	1033.333333	1079	1093.333333	1205.666667	1146.666667
316121900	958.35	1252.333333	1253.333333	1253.333333	1252.333333	1137.666667	1135.666667	1106.666667	1165.666667	1113.333333	1086.666667	1100	1099	1125.666667	1166.666667	1025.666667	1074.333333	1094.333333	1206.666667	1145.666667
316121905	957.17	1260	1260	1259	1261	1137.666667	1136.666667	1106.666667	1167.666667	1112.333333	1080	1097.666667	1097.666667	1127.666667	1172.333333	1032.333333	1074.333333	1092.333333	1207.666667	1153.333333
316121910	958.38	1261	1261	1259	1260	1135.666667	1136.666667	1105.666667	1167.666667	1113.333333	1085.666667	1101	1100	1127.666667	1174.333333	1034.333333	1079	1092.333333	1207.666667	1154.333333
316121915	957.72	1261	1261	1261	1259	1141	1140	1106.666667	1172.333333	1112.333333	1086.666667	1099	1099	1126.666667	1172.333333	1033.333333	1072.333333	1101	1206.666667	1153.333333
316121920	956.74	1260	1260	1259	1259	1137.666667	1136.666667	1105.666667	1165.666667	1114.333333	1087.666667	1099	1100	1127.666667	1166.666667	1034.333333	1074.333333	1093.333333	1205.666667	1160
316121925	958.08	1260	1261	1260	1261	1139	1139	1105.666667	1172.333333	1112.333333	1085.666667	1099	1101	1125.666667	1165.666667	1034.333333	1081	1094.333333	1214.333333	1161
316121930	959.69	1260	1259	1259	1260	1140	1140	1106.666667	1174.333333	1113.333333	1085.666667	1101	1099	1132.333333	1166.666667	1032.333333	1079	1093.333333	1214.333333	1152.333333
316121935	957.65	1261	1261	1261	1260	13.33333333	765.4444444	1106.666667	1173.333333	1114.333333	1087.666667	1101	1100	1127.666667	1166.666667	1026.666667	1081	1093.333333	1213.333333	1160
316121940	959.66	1259	1260	1261	1261	1141	1141	1107.666667	1172.333333	1114.333333	1085.666667	1100	1101	1121	1161	1034.333333	1081	1093.333333	1214.333333	1160
316121945	960.25	1260	1261	1261	1261	1143.333333	1144.333333	1113.333333	1172.333333	1113.333333	1079	1095.666667	1095.666667	1126.666667	1161	1033.333333	1072.333333	1100	1212.333333	1160
316121950	959.01	1253.333333	1252.333333	1252.333333	1253.333333	1173.333333	1174.333333	1173.333333	1173.333333	1113.333333	1087.666667	1100	1099	1134.333333	1166.666667	1032.333333	1079	1100	1219	1159
316121955	959.16	1261	1260	1259	1260	1143.333333	1143.333333	1113.333333	1173.333333	1112.333333	1086.666667	1100	1100	1119	1174.333333	1033.333333	1079	1101	1214.333333	1152.333333
316122000	959.04	1259	1260	1259	1259	1143.333333	1142.333333	1114.333333	1174.333333	1113.333333	1081	1095.666667	1095.666667	1125.666667	1161	1032.333333	1074.333333	1100	1212.333333	1159
316122005	958.35	1261	1260	1260	1261	1139	1139	1106.666667	1174.333333	1113.333333	1085.666667	1100	1100	1125.666667	1167.666667	1034.333333	1073.333333	1092.333333	1213.333333	1160
316122010	958.28	1259	1259	1261	1261	1180	1181	1181	1181	1112.333333	1087.666667	1101	1099	1126.666667	1161	1032.333333	1105.666667	1094.333333	1212.333333	1160
316122015	960.28	1261	1260	1259	1260	1147.666667	1147.666667	1114.333333	1181	1114.333333	1080	1097.666667	1097.666667	1119	1166.666667	1033.333333	1080	1094.333333	1219	1153.333333
316122020	960.72	1261	1261	1260	1261	1144.333333	1143.333333	1105.666667	1181	1113.333333	1086.666667	1100	1099	1125.666667	1165.666667	1019	1073.333333	1094.333333	1214.333333	1152.333333
316122025	958.58	1260	1259	1261	1261	1143.333333	1143.333333	1105.666667	1179	1114.333333	1093.333333	1104.333333	1104.333333	1134.333333	1161	1034.333333	1081	1093.333333	1221	1159
316122030	958.41	1260	1259	1260	1261	1144.333333	1144.333333	1112.333333	1174.333333	1112.333333	1087.666667	1101	1101	1125.666667	1165.666667	1033.333333	1081	1094.333333	1221	1161
316122035	958.43	1259	1261	1260	1260	1143.333333	1144.333333	1114.333333	1173.333333	1112.333333	1085.666667	1100	1101	1127.666667	1165.666667	1033.333333	1108.888889	1100	1221	1154.333333
316122040	959.83	1259	1261	1261	1260	1147.666667	1147.666667	1112.333333	1179	1114.333333	1087.666667	1101	1099	1133.333333	1166.666667	1032.333333	1079	1093.333333	1219	1161
316122045	959.3	1260	1261	1261	1260	1145.666667	1146.666667	1112.333333	1181	1112.333333	1086.666667	1100	1101	1126.666667	1165.666667	1034.333333	1081	1101	1212.333333	1160
316122050	958.46	1261	1260	1260	1261	1146.666667	1147.666667	1112.333333	1181	1113.333333	1087.666667	1100	1101	1125.666667	1167.666667	1033.333333	1079	1093.333333	1219	1161
316122055	958.62	1260	1260	1261	1259	1145.666667	1146.666667	1112.333333	1179	1114.333333	1085.666667	1100	1099	1132.333333	1166.666667	1034.333333	1072.333333	1086.666667	1219	1161
316122100	958.67	1261	1261	1260	1260	1142.333333	1144.333333	1114.333333	1173.333333	1114.333333	1087.666667	1100	1099	1125.666667	1167.666667	1026.666667	1081	1092.333333	1221	1153.333333
316122105	958.59	1260	1260	1259	1259	1142.333333	1142.333333	1107.666667	1181	1114.333333	1085.666667	1099	1099	1132.333333	1172.333333	1034.333333	1072.333333	1093.333333	1221	1159
316122110	960.42	1260	1261	1261	1260	1147.666667	1146.666667	1112.333333	1179	1113.333333	1085.666667	1099	1101	1133.333333	1165.666667	1033.333333	1081	1101	1221	1160
316122115	960.12	1260	1259	1260	1260	1142.333333	1143.333333	1114.333333	1174.333333	1113.333333	1087.666667	1100	1100	1119	1165.666667	1033.333333	1080	1094.333333	1221	1159
316122120	958.65	1261	1260	1260	1261	1145.666667	1145.666667	1113.333333	1179	1112.333333	1087.666667	1099	1100	1119	1166.666667	1032.333333	1072.333333	1094.333333	1214.333333	1160
316122125	959.17	1259	1259	1260	1260	1144.333333	1144.333333	1106.666667	1181	1113.333333	1085.666667	1100	1101	1133.333333	1161	1032.333333	1081	1099	1225.666667	1161
316122130	959.95	1259	1261	1259	1259	1147.666667	1145.666667	1114.333333	1179	1113.333333	1086.666667	1101	1100	1127.666667	1166.666667	1033.333333	1081	1101	1219	1160
316122135	961.19	1260	1261	1261	1260	1146.666667	1146.666667	1113.333333	1179	1112.333333	1087.666667	1101	1101	1127.666667	1159	1034.333333	1073.333333	1099	1219	1160
316122140	958.94	1261	1260	1260	1259	1143.333333	1142.333333	1105.666667	1179	1114.333333	1085.666667	1100	1100	1121	1165.666667	1032.333333	1072.333333	1092.333333	1225.666667	1160
316122145	958.6	1259	1259	1259	1260	1139	1141	1105.666667	1174.333333	1113.333333	1085.666667	1099	1100	1120	1166.666667	1033.333333	1072.333333	1092.333333	1220	1161
316122150	960.62	1260	1259	1260	1261	1139	1141	1107.666667	1174.333333	1114.333333	1087.666667	1099	1099	1126.666667	1166.666667	1034.333333	1072.333333	1092.333333	1221	1160
316122155	959.49	1260	1259	1260	1260	1145.666667	1146.666667	1113.333333	1180	1113.333333	1085.666667	1099	1099	1119	1167.666667	1032.333333	1072.333333	1093.333333	1219	1159
316122200	959.56	1261	1259	1260	1260	1146.666667	1147.666667	1113.333333	1180	1114.333333	1085.666667	1099	1101	1121	1165.666667	1034.333333	1072.333333	1092.333333	1220	1159
316122205	959.36	1261	1261	1261	1260	1143.333333	1143.333333	1113.333333	1173.333333	1112.333333	1086.666667	1101	1099	1126.666667	1165.666667	1033.333333	1074.333333	1093.333333	1221	1160
316122210	959.58	1261	1260	1261	1260	1146.666667	1146.666667	1113.333333	1181	1114.333333	1087.666667	1100	1099	1119	1167.666667	1033.333333	1073.333333	1094.333333	1220	1160
316122215	958.64	1259	1260	1261	1261	1143.333333	1142.333333	1112.333333	1172.333333	1114.333333	1085.666667	1100	1101	1120	1166.666667	1034.333333	1072.333333	1093.333333	1221	1161
316122220	960.51	1259	1259	1259	1260	1146.666667	1146.666667	1114.333333	1179	1114.333333	1086.666667	1101	1101	1126.666667	1167.666667	1034.333333	1072.333333	1093.333333	1225.666667	1160
316122225	959.66	1261	1261	1259	1259	1146.666667	1147.666667	1112.333333	1179	1113.333333	1086.666667	1099	1101	1127.666667	1172.333333	1032.333333	1079	1093.333333	1225.666667	1160
316122230	959.99	1259	1261	1261	1261	1146.666667	1145.666667	1112.333333	1181	1113.333333	1085.666667	1099	1099	1126.666667	1166.666667	1034.333333	1074.333333	1092.333333	1226.666667	1153.333333
316122235	958.88	1260	1259	1260	1260	1147.666667	1146.666667	1113.333333	1181	1114.333333	1085.666667	1099	1099	1120	1165.666667	1032.333333	1080	1101	1219	1161
316122240	958.56	1261	1260	1261	1259	1147.666667	1145.666667	1112.333333	1180	1112.333333	1087.666667	1099	1101	1126.666667	1159	1032.333333	1073.333333	1093.333333	1219	1160
316122245	959.42	1260	1259	1261	1261	1142.333333	1144.333333	1106.666667	1180	1114.333333	1086.666667	1101	1100	1125.666667	1167.666667	1034.333333	1079	1092.333333	1227.666667	1159
316122250	960.73	1260	1261	1260	1259	1145.666667	1145.666667	1114.333333	1179	1112.333333	1086.666667	1100	1099	1119	1174.333333	1034.333333	1080	1092.333333	1220	1153.333333
316122255	960.62	1259	1259	1260	1260	1147.666667	1145.666667	1113.333333	1179	1114.333333	1086.666667	1100	1101	1125.666667	1165.666667	1033.333333	1080	1093.333333	1221	1154.333333
316122300	962.18	1261	1261	1260	1260	1143.333333	1144.333333	1106.666667	1181	1114.333333	1087.666667	1099	1101	1125.666667	1167.666667	1032.333333	1079	1092.333333	1214.333333	1160
316122305	960.88	1259	1259	1259	1259	14.33333333	768.8888889	1113.333333	1180	1112.333333	1087.666667	1099	1100	1134.333333	1167.666667	1032.333333	1080	1094.333333	1225.666667	1153.333333
316122310	960.9	1260	1261	1261	1260	1147.666667	1147.666667	1112.333333	1180	1114.333333	1087.666667	1101	1100	1134.333333	1166.666667	1033.333333	1072.333333	1086.666667	1227.666667	1161
316122315	961.95	1259	1260	1261	1259	1147.666667	1146.666667	1114.333333	1181	1114.333333	1085.666667	1099	1100	1134.333333	1167.666667	1032.333333	1072.333333	1092.333333	1221	1154.333333
316122320	960.2	1259	1259	1260	1259	1143.333333	1143.333333	1113.333333	1174.333333	1112.333333	1086.666667	1100	1101	1140	1167.666667	1034.333333	1081	1094.333333	1219	1160
316122325	962.2	1261	1259	1261	1259	1145.666667	1147.666667	1112.333333	1181	1113.333333	1087.666667	1099	1099	1134.333333	1165.666667	1033.333333	1080	1092.333333	1221	1160
316122330	963.17	1260	1261	1260	1259	1146.666667	1146.666667	1112.333333	1179	1112.333333	1087.666667	1099	1099	1140	1167.666667	1032.333333	1079	1099	1225.666667	1161
316122335	961.91	1259	1260	1261	1259	1145.666667	1147.666667	1114.333333	1179	1114.333333	1085.666667	1100	1099	1134.333333	1167.666667	1032.333333	1081	1099	1220	1159
316122340	960.92	1261	1261	1261	1261	1143.333333	1144.333333	1113.333333	1172.333333	1113.333333	1086.666667	1100	1099	1133.333333	1167.666667	1034.333333	1080	1101	1219	1159
316122345	961.25	1260	1261	1259	1259	1147.666667	1146.666667	1113.333333	1179	1112.333333	1087.666667	1101	1100	1139	1165.666667	1033.333333	1081	1101	1226.666667	1153.333333
316122350	962.19	1261	1261	1259	1261	1145.666667	1145.666667	1112.333333	1179	1112.333333	1085.666667	1100	1099	1125.666667	1165.666667	1034.333333	1080	1093.333333	1219	1161
316122355	961.37	1261	1261	1259	1261	1145.666667	1147.666667	1114.333333	1180	1114.333333	1086.666667	1101	1101	1141	1166.666667	1040	1080	1099	1226.666667	1160
316122400	960.07	1260	1259	1260	1260	1146.666667	1147.666667	1112.333333	1180	1112.333333	1087.666667	1101	1101	1139	1172.333333	1040	1079	1099	1226.666667	1160
316122405	959.61	1259	1261	1259	1259	1146.666667	1146.666667	1114.333333	1181	1112.333333	1085.666667	1099	1101	1139	1166.666667	1034.333333	1080	1100	1226.666667	1159
316122410	959.64	1260	1260	1260	1260	13.33333333	768.8888889	1113.333333	1179	1113.333333	1085.666667	1101	1100	1134.333333	1167.666667	1032.333333	1081	1101	1220	1160
316122415	960.32	1261	1261	1259	1259	1146.666667	1145.666667	1114.333333	1181	1113.333333	1085.666667	1099	1101	1141	1165.666667	1046.666667	1081	1100	1226.666667	1161
316122420	960.56	1260	1260	1259	1259	1146.666667	1146.666667	1112.333333	1181	1112.333333	1086.666667	1101	1099	1134.333333	1166.666667	1041	1081	1099	1227.666667	1159
316122425	962.65	1261	1260	1261	1261	1145.666667	1147.666667	1113.333333	1180	1114.333333	1087.666667	1101	1101	1134.333333	1167.666667	1040	1073.333333	1099	1227.666667	1161
316122430	961.91	1261	1259	1261	1261	1144.333333	1144.333333	1112.333333	1174.333333	1113.333333	1087.666667	1099	1101	1134.333333	1167.666667	1032.333333	1079	1099	1225.666667	1160
316122435	962.55	1260	1261	1261	1260	1145.666667	1146.666667	1114.333333	1179	1119	1087.666667	1102.333333	1102.333333	1133.333333	1174.333333	1041	1079	1106.666667	1225.666667	1161
316122440	963.32	1260	1260	1259	1260	1143.333333	1142.333333	1105.666667	1179	1113.333333	1086.666667	1101	1101	1126.666667	1167.666667	1034.333333	1079	1101	1227.666667	1161
316122445	961.28	1261	1260	1260	1261	1146.666667	1145.666667	1114.333333	1179	1114.333333	1093.333333	1102.333333	1103.333333	1139	1165.666667	1039	1081	1105.666667	1221	1159
316122450	962.16	1260	1261	1261	1259	1143.333333	1143.333333	1112.333333	1174.333333	1112.333333	1086.666667	1100	1101	1126.666667	1166.666667	1041	1079	1101	1226.666667	1159
316122455	962.38	1259	1260	1261	1259	1142.333333	1144.333333	1112.333333	1174.333333	1120	1086.666667	1103.333333	1103.333333	1141	1160	1039	1081	1099	1225.666667	1159
316122500	961.76	1260	1261	1260	1261	1172.333333	1173.333333	1172.333333	1172.333333	1119	1086.666667	1102.333333	1103.333333	1141	1165.666667	1040	1079	1099	1220	1161
316122505	961.35	1261	1260	1261	1261	1144.333333	1143.333333	1105.666667	1179	1113.333333	1087.666667	1101	1101	1140	1173.333333	1033.333333	1080	1101	1226.666667	1161
316122510	961.5	1259	1261	1261	1261	1145.666667	1146.666667	1113.333333	1181	1112.333333	1085.666667	1101	1101	1140	1174.333333	1033.333333	1079	1099	1226.666667	1160
316122515	962.6	1260	1260	1261	1260	1142.333333	1144.333333	1106.666667	1180	1112.333333	1086.666667	1100	1099	1120	1174.333333	1040	1081	1099	1225.666667	1161
316122520	961.26	1261	1260	1260	1261	1142.333333	1143.333333	1114.333333	1172.333333	1121	1086.666667	1102.333333	1102.333333	1134.333333	1174.333333	1039	1079	1094.333333	1225.666667	1161
316122525	961.42	1259	1259	1260	1260	1144.333333	1142.333333	1112.333333	1174.333333	1114.333333	1087.666667	1101	1100	1126.666667	1166.666667	1033.333333	1079	1094.333333	1225.666667	1167.666667
316122530	960.39	1261	1260	1259	1259	1143.333333	1143.333333	1114.333333	1172.333333	1121	1086.666667	1103.333333	1102.333333	1141	1167.666667	1032.333333	1072.333333	1093.333333	1227.666667	1166.666667
316122535	960.6	1259	1261	1260	1259	1140	1140	1107.666667	1173.333333	1114.333333	1086.666667	1100	1099	1127.666667	1166.666667	1034.333333	1079	1100	1227.666667	1167.666667
316122540	962.85	1261	1259	1259	1260	1142.333333	1143.333333	1113.333333	1174.333333	1119	1086.666667	1102.333333	1103.333333	1132.333333	1174.333333	1046.666667	1080	1094.333333	1226.666667	1160
316122545	961.63	1265.666667	1266.666667	1265.666667	1265.666667	1145.666667	1145.666667	1112.333333	1179	1121	1085.666667	1102.333333	1102.333333	1140	1165.666667	1039	1087.666667	1100	1220	1159
316122550	961.34	1254.333333	1254.333333	1254.333333	1252.333333	1145.666667	1147.666667	1112.333333	1179	1121	1086.666667	1102.333333	1103.333333	1133.333333	1165.666667	1039	1087.666667	1101	1225.666667	1161
316122555	962.42	1261	1260	1259	1259	1145.666667	1147.666667	1113.333333	1179	1121	1086.666667	1102.333333	1104.333333	1139	1166.666667	1040	1079	1101	1226.666667	1159
316122600	962.45	1260	1260	1260	1259	1142.333333	1144.333333	1105.666667	1179	1121	1086.666667	1104.333333	1104.333333	1141	1166.666667	1041	1079	1101	1226.666667	1160
316122605	960.76	1259	1260	1260	1261	1147.666667	1147.666667	1114.333333	1181	1119	1087.666667	1104.333333	1103.333333	1134.333333	1165.666667	1047.666667	1081	1094.333333	1225.666667	1161
316122610	961.49	1261	1260	1259	1259	1145.666667	1146.666667	1112.333333	1180	1121	1085.666667	1104.333333	1104.333333	1134.333333	1166.666667	1041	1079	1100	1227.666667	1159
316122615	961.17	1259	1259	1259	1259	1147.666667	1146.666667	1113.333333	1179	1120	1086.666667	1103.333333	1104.333333	1134.333333	1165.666667	1033.333333	1080	1099	1227.666667	1159
316122620	960.87	1259	1259	1259	1260	1147.666667	1146.666667	1114.333333	1179	1121	1086.666667	1102.333333	1103.333333	1133.333333	1165.666667	1033.333333	1079	1093.333333	1220	1160
316122625	961.09	1260	1260	1259	1259	1147.666667	1145.666667	1112.333333	1179	1120	1087.666667	1103.333333	1102.333333	1133.333333	1167.666667	1033.333333	1080	1100	1225.666667	1161
316122630	960.04	1259	1259	1260	1261	1145.666667	1145.666667	1114.333333	1180	1119	1086.666667	1103.333333	1104.333333	1126.666667	1166.666667	1034.333333	1081	1092.333333	1219	1161
316122635	959.54	1261	1260	1260	1260	1145.666667	1145.666667	1114.333333	1179	1121	1087.666667	1103.333333	1104.333333	1134.333333	1165.666667	1041	1081	1093.333333	1219	1159
316122640	960.04	1267.666667	1266.666667	1266.666667	1266.666667	1146.666667	1145.666667	1112.333333	1179	1119	1086.666667	1104.333333	1104.333333	1132.333333	1159	1033.333333	1079	1094.333333	1226.666667	1159
316122645	961.75	1259	1259	1261	1259	1145.666667	1146.666667	1114.333333	1180	1119	1086.666667	1102.333333	1102.333333	1126.666667	1165.666667	1034.333333	1081	1099	1226.666667	1159
316122650	961.39	1260	1261	1261	1259	1143.333333	1144.333333	1105.666667	1180	1121	1086.666667	1104.333333	1103.333333	1132.333333	1165.666667	1039	1080	1092.333333	1219	1161
316122655	961.64	1260	1260	1261	1259	1146.666667	1147.666667	1114.333333	1179	1120	1086.666667	1102.333333	1104.333333	1139	1167.666667	1040	1085.666667	1093.333333	1221	1160
316122700	960.24	1261	1261	1260	1261	1146.666667	1145.666667	1112.333333	1181	1119	1087.666667	1103.333333	1102.333333	1132.333333	1173.333333	1040	1080	1099	1227.666667	1160
316122705	962.4	1259	1260	1259	1259	1145.666667	1147.666667	1113.333333	1179	1120	1086.666667	1104.333333	1104.333333	1141	1166.666667	1047.666667	1079	1092.333333	1225.666667	1160
316122710	962.07	1267.666667	1265.666667	1267.666667	1267.666667	1146.666667	1145.666667	1112.333333	1181	1120	1086.666667	1104.333333	1104.333333	1134.333333	1166.666667	1047.666667	1079	1092.333333	1227.666667	1160
316122715	959.57	1260	1259	1259	1260	1142.333333	1143.333333	1106.666667	1181	1120	1085.666667	1104.333333	1103.333333	1133.333333	1173.333333	1039	1080	1094.333333	1227.666667	1159
316122720	959.5	1259	1261	1260	1259	1145.666667	1146.666667	1113.333333	1181	1120	1086.666667	1104.333333	1104.333333	1139	1166.666667	1047.666667	1087.666667	1092.333333	1226.666667	1161
316122725	960.17	1261	1259	1260	1259	1146.666667	1146.666667	1114.333333	1180	1121	1085.666667	1102.333333	1102.333333	1141	1165.666667	1046.666667	1081	1099	1227.666667	1160
316122730	958.8	1267.666667	1265.666667	1267.666667	1266.666667	12.33333333	767.6666667	1112.333333	1174.333333	1121	1087.666667	1103.333333	1102.333333	1141	1160	1047.666667	1085.666667	1100	1225.666667	1159
316122735	958.46	1267.666667	1266.666667	1266.666667	1265.666667	1145.666667	1146.666667	1114.333333	1180	1126.666667	1085.666667	1105.666667	1106.666667	1140	1165.666667	1047.666667	1087.666667	1101	1225.666667	1159
316122740	958.83	1267.666667	1265.666667	1265.666667	1267.666667	1147.666667	1145.666667	1114.333333	1180	1120	1086.666667	1104.333333	1104.333333	1133.333333	1167.666667	1045.666667	1086.666667	1099	1225.666667	1159
316122745	957.85	1266.666667	1265.666667	1267.666667	1267.666667	1146.666667	1146.666667	1113.333333	1180	1120	1085.666667	1104.333333	1102.333333	1132.333333	1167.666667	1045.666667	1080	1101	1227.666667	1167.666667
316122750	956.82	1266.666667	1265.666667	1267.666667	1267.666667	1147.666667	1146.666667	1112.333333	1180	1120	1085.666667	1102.333333	1102.333333	1132.333333	1166.666667	1045.666667	1093.333333	1094.333333	1226.666667	1159
316122755	959.24	1266.666667	1267.666667	1266.666667	1266.666667	1145.666667	1147.666667	1113.333333	1179	1121	1087.666667	1104.333333	1102.333333	1133.333333	1174.333333	1047.666667	1094.333333	1100	1225.666667	1160
316122800	959.11	1260	1260	1260	1259	1145.666667	1146.666667	1112.333333	1181	1119	1087.666667	1102.333333	1104.333333	1125.666667	1165.666667	1039	1094.333333	1092.333333	1226.666667	1161
316122805	958.25	1260	1259	1260	1259	1147.666667	1145.666667	1112.333333	1181	1120	1086.666667	1104.333333	1103.333333	1125.666667	1166.666667	1041	1087.666667	1093.333333	1225.666667	1160
316122810	958.39	1260	1261	1261	1260	1146.666667	1145.666667	1113.333333	1179	1120	1087.666667	1104.333333	1103.333333	1127.666667	1167.666667	1047.666667	1079	1094.333333	1221	1161
316122815	958.33	1260	1261	1261	1260	1147.666667	1145.666667	1112.333333	1179	1119	1093.333333	1107.666667	1107.666667	1132.333333	1174.333333	1045.666667	1086.666667	1101	1219	1166.666667
316122820	959.58	1260	1259	1259	1260	1145.666667	1147.666667	1113.333333	1181	1121	1093.333333	1107.666667	1107.666667	1127.666667	1165.666667	1046.666667	1087.666667	1094.333333	1227.666667	1159
316122825	957.23	1266.666667	1267.666667	1266.666667	1265.666667	1146.666667	1147.666667	1114.333333	1179	1121	1085.666667	1104.333333	1104.333333	1132.333333	1167.666667	1047.666667	1087.666667	1093.333333	1225.666667	1167.666667
316122830	957.22	1265.666667	1265.666667	1265.666667	1267.666667	1145.666667	1147.666667	1112.333333	1180	1120	1086.666667	1102.333333	1102.333333	1132.333333	1167.666667	1046.666667	1085.666667	1106.666667	1226.666667	1161
316122835	958.61	1260	1259	1260	1259	1146.666667	1145.666667	1112.333333	1181	1119	1092.333333	1105.666667	1106.666667	1125.666667	1165.666667	1046.666667	1079	1101	1226.666667	1159
316122840	957.96	1265.666667	1265.666667	1266.666667	1267.666667	1146.666667	1147.666667	1113.333333	1180	1121	1085.666667	1103.333333	1102.333333	1132.333333	1165.666667	1047.666667	1079	1085.666667	1225.666667	1159
316122845	956.08	1266.666667	1267.666667	1266.666667	1266.666667	1145.666667	1145.666667	1113.333333	1181	1119	1085.666667	1103.333333	1103.333333	1133.333333	1167.666667	1047.666667	1086.666667	1100	1226.666667	1159
316122850	956.94	1267.666667	1265.666667	1266.666667	1267.666667	1145.666667	1146.666667	1114.333333	1181	1120	1092.333333	1107.666667	1106.666667	1140	1166.666667	1047.666667	1081	1100	1225.666667	1161
316122855	957.82	1265.666667	1265.666667	1265.666667	1265.666667	1146.666667	1147.666667	1112.333333	1180	1127.666667	1101	1113.333333	1112.333333	1133.333333	1160	1047.666667	1086.666667	1099	1227.666667	1167.666667
316122900	957.94	1266.666667	1266.666667	1265.666667	1265.666667	1146.666667	1146.666667	1112.333333	1179	1121	1093.333333	1106.666667	1105.666667	1139	1167.666667	1045.666667	1086.666667	1101	1225.666667	1159
316122905	957.03	1259	1261	1259	1260	1146.666667	1147.666667	1114.333333	1179	1132.333333	1094.333333	1114.333333	1112.333333	1141	1165.666667	1047.666667	1079	1099	1226.666667	1166.666667
316122910	957.84	1266.666667	1267.666667	1267.666667	1267.666667	1145.666667	1146.666667	1112.333333	1180	1120	1100	1110	1109	1126.666667	1166.666667	1046.666667	1087.666667	1100	1225.666667	1159
316122915	955.68	1267.666667	1265.666667	1267.666667	1265.666667	1142.333333	1144.333333	1106.666667	1179	1133.333333	1101	1115.666667	1115.666667	1134.333333	1165.666667	1045.666667	1080	1099	1227.666667	1161
316122920	957.59	1266.666667	1266.666667	1267.666667	1265.666667	1147.666667	1147.666667	1114.333333	1179	1121	1093.333333	1106.666667	1106.666667	1125.666667	1165.666667	1045.666667	1081	1101	1225.666667	1160
316122925	956.6	1267.666667	1266.666667	1267.666667	1265.666667	1145.666667	1146.666667	1114.333333	1181	1127.666667	1085.666667	1106.666667	1105.666667	1134.333333	1165.666667	1045.666667	1081	1100	1226.666667	1166.666667
316122930	956.76	1266.666667	1267.666667	1266.666667	1267.666667	1147.666667	1145.666667	1113.333333	1181	1125.666667	1093.333333	1111	1109	1133.333333	1174.333333	1047.666667	1086.666667	1100	1225.666667	1167.666667
316122935	956.41	1266.666667	1266.666667	1267.666667	1265.666667	1146.666667	1146.666667	1113.333333	1181	1126.666667	1092.333333	1110	1111	1141	1165.666667	1046.666667	1087.666667	1099	1225.666667	1165.666667
316122940	959.1	1267.666667	1266.666667	1267.666667	1265.666667	1145.666667	1145.666667	1114.333333	1179	1134.333333	1093.333333	1112.333333	1113.333333	1134.333333	1173.333333	1045.666667	1085.666667	1099	1227.666667	1165.666667
316122945	959.3	1266.666667	1267.666667	1265.666667	1266.666667	1145.666667	1145.666667	1114.333333	1179	1132.333333	1093.333333	1113.333333	1114.333333	1134.333333	1167.666667	1045.666667	1086.666667	1100	1225.666667	1160
316122950	957.44	1266.666667	1267.666667	1267.666667	1266.666667	1145.666667	1147.666667	1113.333333	1179	1126.666667	1101	1114.333333	1112.333333	1139	1166.666667	1045.666667	1087.666667	1093.333333	1225.666667	1165.666667
316122955	959.43	1266.666667	1266.666667	1267.666667	1265.666667	1146.666667	1147.666667	1112.333333	1180	1126.666667	1100	1113.333333	1112.333333	1139	1167.666667	1045.666667	1087.666667	1100	1227.666667	1167.666667
316123000	959.56	1265.666667	1266.666667	1267.666667	1267.666667	1145.666667	1145.666667	1113.333333	1179	1132.333333	1094.333333	1113.333333	1114.333333	1134.333333	1167.666667	1046.666667	1087.666667	1094.333333	1227.666667	1167.666667
316123005	958.38	1266.666667	1267.666667	1265.666667	1266.666667	1147.666667	1145.666667	1113.333333	1179	1132.333333	1100	1117.666667	1116.666667	1132.333333	1167.666667	1045.666667	1085.666667	1101	1226.666667	1160
316123010	958.08	1266.666667	1265.666667	1266.666667	1265.666667	1147.666667	1146.666667	1113.333333	1180	1133.333333	1101	1116.666667	1115.666667	1141	1166.666667	1047.666667	1093.333333	1101	1225.666667	1159
316123015	959	1265.666667	1265.666667	1267.666667	1265.666667	1147.666667	1147.666667	1112.333333	1179	1133.333333	1099	1116.666667	1117.666667	1140	1167.666667	1045.666667	1094.333333	1092.333333	1227.666667	1161
316123020	956.59	1267.666667	1266.666667	1266.666667	1265.666667	1145.666667	1147.666667	1112.333333	1180	1133.333333	1093.333333	1113.333333	1113.333333	1140	1167.666667	1046.666667	1094.333333	1093.333333	1225.666667	1159
316123025	957.53	1266.666667	1267.666667	1265.666667	1266.666667	1147.666667	1145.666667	1112.333333	1179	1133.333333	1092.333333	1112.333333	1114.333333	1139	1174.333333	1046.666667	1119	1099	1227.666667	1167.666667
316123030	956.76	1267.666667	1266.666667	1266.666667	1267.666667	1142.333333	1143.333333	1107.666667	1180	1127.666667	1093.333333	1111	1110	1139	1166.666667	1047.666667	1094.333333	1099	1225.666667	1166.666667
316123035	958.15	1267.666667	1267.666667	1267.666667	1266.666667	1144.333333	1144.333333	1107.666667	1180	1133.333333	1099	1115.666667	1115.666667	1139	1166.666667	1047.666667	1092.333333	1101	1226.666667	1165.666667
316123040	959.23	1267.666667	1265.666667	1267.666667	1266.666667	1146.666667	1146.666667	1114.333333	1181	1134.333333	1099	1115.666667	1116.666667	1140	1166.666667	1046.666667	1094.333333	1092.333333	1227.666667	1160
316123045	956.95	1267.666667	1266.666667	1265.666667	1267.666667	1147.666667	1147.666667	1113.333333	1180	1132.333333	1100	1117.666667	1115.666667	1133.333333	1173.333333	1046.666667	1094.333333	1101	1227.666667	1160
316123050	956.76	1265.666667	1265.666667	1266.666667	1265.666667	1145.666667	1146.666667	1112.333333	1180	1133.333333	1101	1115.666667	1117.666667	1139	1166.666667	1046.666667	1094.333333	1100	1225.666667	1165.666667
316123055	958.05	1265.666667	1267.666667	1266.666667	1265.666667	1145.666667	1147.666667	1112.333333	1181	1134.333333	1101	1116.666667	1117.666667	1141	1165.666667	1047.666667	1093.333333	1099	1225.666667	1165.666667
316123100	957.6	1267.666667	1267.666667	1267.666667	1267.666667	1147.666667	1147.666667	1112.333333	1180	1132.333333	1100	1115.666667	1116.666667	1141	1166.666667	1045.666667	1094.333333	1099	1227.666667	1166.666667
316123105	959.06	1265.666667	1265.666667	1267.666667	1266.666667	1146.666667	1146.666667	1112.333333	1180	1134.333333	1100	1117.666667	1116.666667	1133.333333	1167.666667	1040	1093.333333	1100	1227.666667	1167.666667
316123110	957.01	1267.666667	1265.666667	1267.666667	1267.666667	1146.666667	1145.666667	1113.333333	1179	1134.333333	1100	1117.666667	1116.666667	1139	1167.666667	1047.666667	1092.333333	1101	1227.666667	1165.666667
316123115	957.14	1267.666667	1267.666667	1266.666667	1266.666667	1147.666667	1146.666667	1112.333333	1180	1134.333333	1101	1116.666667	1117.666667	1133.333333	1166.666667	1047.666667	1092.333333	1100	1227.666667	1167.666667
316123120	958.29	1265.666667	1266.666667	1266.666667	1265.666667	1146.666667	1146.666667	1114.333333	1181	1132.333333	1099	1115.666667	1116.666667	1134.333333	1166.666667	1047.666667	1092.333333	1101	1227.666667	1167.666667
316123125	958.19	1265.666667	1266.666667	1265.666667	1266.666667	1151	1150	1112.333333	1187.666667	1132.333333	1099	1116.666667	1115.666667	1139	1167.666667	1045.666667	1093.333333	1101	1219	1167.666667
316123130	959.34	1265.666667	1266.666667	1267.666667	1267.666667	1146.666667	1145.666667	1112.333333	1180	1134.333333	1094.333333	1114.333333	1112.333333	1140	1167.666667	1046.666667	1092.333333	1101	1226.666667	1165.666667
316123135	958.38	1265.666667	1266.666667	1265.666667	1265.666667	1149	1150	1114.333333	1185.666667	1132.333333	1099	1117.666667	1116.666667	1134.333333	1172.333333	1046.666667	1094.333333	1100	1225.666667	1166.666667
316123140	957.58	1265.666667	1265.666667	1267.666667	1266.666667	1145.666667	1145.666667	1114.333333	1180	1134.333333	1101	1116.666667	1117.666667	1140	1165.666667	1047.666667	1094.333333	1099	1225.666667	1166.666667
316123145	957.28	1267.666667	1267.666667	1267.666667	1267.666667	1147.666667	1147.666667	1114.333333	1180	1132.333333	1099	1115.666667	1116.666667	1139	1166.666667	1046.666667	1094.333333	1100	1226.666667	1166.666667
316123150	959.29	1267.666667	1267.666667	1266.666667	1267.666667	1151	1150	1112.333333	1187.666667	1134.333333	1094.333333	1114.333333	1112.333333	1139	1179	1047.666667	1093.333333	1092.333333	1225.666667	1167.666667
316123155	958.26	1267.666667	1265.666667	1265.666667	1267.666667	1151	1151	1114.333333	1186.666667	1132.333333	1093.333333	1112.333333	1113.333333	1140	1167.666667	1047.666667	1093.333333	1101	1226.666667	1166.666667
316123200	958.67	1265.666667	1267.666667	1267.666667	1266.666667	1145.666667	1146.666667	1113.333333	1181	1132.333333	1099	1116.666667	1115.666667	1134.333333	1172.333333	1046.666667	1092.333333	1101	1227.666667	1172.333333
316123205	957.1	1267.666667	1266.666667	1266.666667	1266.666667	1147.666667	1145.666667	1112.333333	1180	1133.333333	1101	1117.666667	1116.666667	1140	1174.333333	1047.666667	1092.333333	1100	1233.333333	1172.333333
316123210	955.41	1266.666667	1266.666667	1267.666667	1267.666667	1145.666667	1146.666667	1112.333333	1181	1133.333333	1099	1115.666667	1115.666667	1139	1173.333333	1047.666667	1092.333333	1100	1225.666667	1167.666667
316123215	956.06	1267.666667	1265.666667	1265.666667	1266.666667	1145.666667	1146.666667	1114.333333	1180	1134.333333	1101	1117.666667	1116.666667	1139	1165.666667	1045.666667	1092.333333	1099	1227.666667	1165.666667
316123220	957.07	1265.666667	1267.666667	1267.666667	1266.666667	1147.666667	1147.666667	1112.333333	1180	1132.333333	1099	1117.666667	1115.666667	1140	1167.666667	1045.666667	1094.333333	1101	1226.666667	1167.666667
316123225	958.49	1274.333333	1273.333333	1274.333333	1273.333333	1145.666667	1145.666667	1114.333333	1181	1133.333333	1100	1115.666667	1116.666667	1139	1167.666667	1045.666667	1094.333333	1100	1227.666667	1165.666667
316123230	958.74	1274.333333	1272.333333	1273.333333	1273.333333	1149	1149	1113.333333	1186.666667	1133.333333	1092.333333	1112.333333	1112.333333	1140	1173.333333	1045.666667	1092.333333	1099	1225.666667	1165.666667
316123235	958.89	1266.666667	1265.666667	1267.666667	1265.666667	1145.666667	1145.666667	1112.333333	1179	1132.333333	1092.333333	1113.333333	1114.333333	1141	1174.333333	1047.666667	1092.333333	1099	1225.666667	1167.666667
316123240	958.78	1267.666667	1266.666667	1265.666667	1267.666667	1147.666667	1147.666667	1114.333333	1179	1134.333333	1093.333333	1112.333333	1114.333333	1139	1167.666667	1045.666667	1092.333333	1101	1234.333333	1167.666667
316123245	958.63	1266.666667	1265.666667	1265.666667	1265.666667	1147.666667	1146.666667	1113.333333	1180	1133.333333	1094.333333	1113.333333	1112.333333	1132.333333	1174.333333	1046.666667	1092.333333	1099	1225.666667	1159
316123250	958.82	1267.666667	1267.666667	1266.666667	1267.666667	1150	1149	1113.333333	1185.666667	1133.333333	1092.333333	1113.333333	1112.333333	1141	1166.666667	1047.666667	1094.333333	1099	1227.666667	1167.666667
316123255	956.38	1267.666667	1266.666667	1267.666667	1267.666667	1150	1149	1112.333333	1185.666667	1133.333333	1092.333333	1113.333333	1114.333333	1139	1173.333333	1047.666667	1093.333333	1100	1225.666667	1167.666667
316123300	958.24	1266.666667	1267.666667	1266.666667	1267.666667	1149	1151	1112.333333	1186.666667	1133.333333	1101	1115.666667	1117.666667	1141	1165.666667	1046.666667	1094.333333	1099	1227.666667	1167.666667
316123305	958.25	1265.666667	1267.666667	1265.666667	1265.666667	1147.666667	1145.666667	1114.333333	1181	1133.333333	1094.333333	1112.333333	1113.333333	1139	1166.666667	1046.666667	1093.333333	1100	1226.666667	1167.666667
316123310	957.1	1267.666667	1266.666667	1267.666667	1267.666667	1149	1151	1113.333333	1185.666667	1132.333333	1099	1117.666667	1115.666667	1133.333333	1167.666667	1045.666667	1094.333333	1101	1225.666667	1165.666667
316123315	957.97	1267.666667	1266.666667	1265.666667	1267.666667	1146.666667	1146.666667	1113.333333	1180	1132.333333	1101	1115.666667	1115.666667	1140	1179	1045.666667	1093.333333	1099	1234.333333	1166.666667
316123320	957.46	1266.666667	1265.666667	1267.666667	1267.666667	1151	1150	1113.333333	1185.666667	1132.333333	1094.333333	1114.333333	1113.333333	1140	1166.666667	1046.666667	1093.333333	1092.333333	1227.666667	1174.333333
316123325	956.53	1265.666667	1267.666667	1265.666667	1266.666667	1149	1151	1112.333333	1187.666667	1132.333333	1092.333333	1114.333333	1113.333333	1140	1174.333333	1053.333333	1093.333333	1099	1233.333333	1173.333333
316123330	955.13	1265.666667	1267.666667	1267.666667	1266.666667	1145.666667	1146.666667	1112.333333	1181	1134.333333	1099	1115.666667	1117.666667	1140	1172.333333	1053.333333	1092.333333	1099	1225.666667	1167.666667
316123335	954.92	1265.666667	1265.666667	1266.666667	1267.666667	1145.666667	1147.666667	1112.333333	1180	1134.333333	1099	1117.666667	1117.666667	1141	1174.333333	1052.333333	1093.333333	1099	1239	1166.666667
316123340	954.72	1266.666667	1267.666667	1266.666667	1267.666667	1147.666667	1145.666667	1114.333333	1179	1134.333333	1094.333333	1114.333333	1114.333333	1140	1173.333333	1054.333333	1094.333333	1100	1227.666667	1165.666667
316123345	955.31	1267.666667	1265.666667	1265.666667	1265.666667	1146.666667	1147.666667	1114.333333	1179	1133.333333	1100	1117.666667	1117.666667	1141	1167.666667	1047.666667	1094.333333	1100	1226.666667	1174.333333
316123350	953.82	1267.666667	1267.666667	1265.666667	1266.666667	1150	1151	1113.333333	1185.666667	1133.333333	1099	1117.666667	1117.666667	1139	1166.666667	1054.333333	1092.333333	1100	1226.666667	1167.666667
316123355	954.96	1267.666667	1267.666667	1267.666667	1266.666667	1147.666667	1147.666667	1112.333333	1179	1132.333333	1101	1117.666667	1116.666667	1133.333333	1172.333333	1053.333333	1092.333333	1101	1226.666667	1166.666667
316123400	956.37	1267.666667	1267.666667	1266.666667	1267.666667	1147.666667	1146.666667	1113.333333	1180	1132.333333	1101	1115.666667	1115.666667	1139	1179	1052.333333	1093.333333	1099	1225.666667	1166.666667
316123405	955.78	1267.666667	1267.666667	1267.666667	1267.666667	1150	1151	1112.333333	1186.666667	1132.333333	1094.333333	1113.333333	1113.333333	1139	1181	1053.333333	1099	1100	1227.666667	1160
316123410	955.73	1266.666667	1265.666667	1265.666667	1265.666667	1142.333333	1144.333333	1105.666667	1179	1132.333333	1093.333333	1112.333333	1114.333333	1139	1179	1047.666667	1093.333333	1100	1225.666667	1174.333333
316123415	954.77	1266.666667	1267.666667	1265.666667	1267.666667	1151	1150	1112.333333	1186.666667	1133.333333	1099	1117.666667	1115.666667	1141	1173.333333	1046.666667	1100	1099	1226.666667	1167.666667
316123420	955.85	1265.666667	1266.666667	1266.666667	1266.666667	1146.666667	1147.666667	1112.333333	1179	1133.333333	1093.333333	1112.333333	1112.333333	1140	1172.333333	1053.333333	1094.333333	1101	1234.333333	1165.666667
316123425	955.5	1265.666667	1266.666667	1266.666667	1266.666667	1150	1151	1119	1181	1132.333333	1101	1115.666667	1115.666667	1141	1174.333333	1045.666667	1093.333333	1101	1234.333333	1167.666667
316123430	956.45	1272.333333	1273.333333	1272.333333	1272.333333	1149	1150	1113.333333	1186.666667	1133.333333	1100	1116.666667	1117.666667	1139	1167.666667	1053.333333	1099	1107.666667	1234.333333	1165.666667
316123435	956.81	1266.666667	1265.666667	1266.666667	1265.666667	1145.666667	1145.666667	1112.333333	1181	1134.333333	1099	1115.666667	1115.666667	1140	1166.666667	1047.666667	1093.333333	1100	1233.333333	1166.666667
316123440	956.39	1274.333333	1273.333333	1272.333333	1272.333333	1149	1151	1114.333333	1187.666667	1132.333333	1100	1117.666667	1115.666667	1139	1174.333333	1045.666667	1092.333333	1106.666667	1226.666667	1172.333333
316123445	954.73	1267.666667	1265.666667	1267.666667	1267.666667	1145.666667	1146.666667	1112.333333	1179	1133.333333	1094.333333	1112.333333	1114.333333	1140	1174.333333	1054.333333	1099	1100	1233.333333	1172.333333
316123450	956.29	1266.666667	1266.666667	1266.666667	1266.666667	1146.666667	1145.666667	1114.333333	1180	1133.333333	1092.333333	1114.333333	1112.333333	1141	1172.333333	1053.333333	1092.333333	1100	1232.333333	1167.666667
316123455	956.31	1272.333333	1274.333333	1274.333333	1274.333333	1146.666667	1147.666667	1112.333333	1181	1134.333333	1100	1116.666667	1117.666667	1140	1172.333333	1052.333333	1099	1100	1241	1173.333333
316123500	955.29	1266.666667	1267.666667	1265.666667	1265.666667	1147.666667	1146.666667	1113.333333	1181	1134.333333	1100	1116.666667	1115.666667	1141	1165.666667	1054.333333	1101	1101	1232.333333	1172.333333
316123505	954.34	1266.666667	1266.666667	1265.666667	1266.666667	1147.666667	1146.666667	1113.333333	1179	1133.333333	1094.333333	1113.333333	1114.333333	1140	1166.666667	1052.333333	1092.333333	1100	1234.333333	1166.666667
316123510	956.18	1265.666667	1267.666667	1266.666667	1266.666667	1147.666667	1145.666667	1112.333333	1181	1133.333333	1099	1115.666667	1116.666667	1134.333333	1174.333333	1052.333333	1092.333333	1101	1233.333333	1172.333333
316123515	956.11	1267.666667	1265.666667	1266.666667	1265.666667	1145.666667	1146.666667	1112.333333	1179	1134.333333	1101	1117.666667	1117.666667	1141	1174.333333	1052.333333	1094.333333	1093.333333	1239	1165.666667
316123520	957.43	1266.666667	1266.666667	1266.666667	1267.666667	1146.666667	1146.666667	1113.333333	1180	1133.333333	1101	1116.666667	1115.666667	1139	1172.333333	1052.333333	1092.333333	1101	1241	1174.333333
316123525	956.84	1266.666667	1267.666667	1265.666667	1266.666667	1145.666667	1145.666667	1113.333333	1180	1132.333333	1101	1115.666667	1117.666667	1141	1174.333333	1046.666667	1092.333333	1099	1240	1165.666667
316123530	956.49	1267.666667	1267.666667	1266.666667	1267.666667	1147.666667	1147.666667	1112.333333	1181	1132.333333	1093.333333	1114.333333	1114.333333	1139	1165.666667	1054.333333	1092.333333	1100	1239	1174.333333
316123535	955.64	1267.666667	1267.666667	1266.666667	1265.666667	1149	1151	1114.333333	1187.666667	1134.333333	1100	1115.666667	1117.666667	1141	1172.333333	1053.333333	1099	1099	1232.333333	1172.333333
316123540	956.73	1266.666667	1267.666667	1267.666667	1266.666667	1146.666667	1145.666667	1114.333333	1180	1134.333333	1100	1117.666667	1117.666667	1141	1166.666667	1053.333333	1094.333333	1100	1232.333333	1173.333333
316123545	957.54	1267.666667	1267.666667	1266.666667	1267.666667	1147.666667	1146.666667	1113.333333	1180	1127.666667	1099	1112.333333	1114.333333	1139	1174.333333	1046.666667	1094.333333	1101	1240	1166.666667
316123550	957.28	1267.666667	1267.666667	1266.666667	1265.666667	1147.666667	1146.666667	1112.333333	1180	1134.333333	1100	1116.666667	1115.666667	1141	1167.666667	1053.333333	1101	1099	1239	1166.666667
316123555	955.92	1267.666667	1265.666667	1267.666667	1265.666667	1147.666667	1146.666667	1112.333333	1180	1133.333333	1101	1117.666667	1116.666667	1139	1173.333333	1054.333333	1100	1101	1239	1172.333333
316123600	956.84	1266.666667	1267.666667	1266.666667	1266.666667	1147.666667	1146.666667	1114.333333	1180	1133.333333	1099	1115.666667	1116.666667	1140	1166.666667	1054.333333	1100	1101	1241	1167.666667
316123605	955.56	1267.666667	1266.666667	1265.666667	1267.666667	1146.666667	1147.666667	1114.333333	1179	1132.333333	1094.333333	1112.333333	1114.333333	1140	1165.666667	1054.333333	1099	1100	1241	1173.333333
316123610	956.45	1267.666667	1265.666667	1266.666667	1267.666667	1146.666667	1146.666667	1113.333333	1180	1134.333333	1100	1116.666667	1116.666667	1140	1173.333333	1052.333333	1092.333333	1100	1241	1173.333333
316123615	956.58	1274.333333	1273.333333	1274.333333	1272.333333	1147.666667	1147.666667	1113.333333	1181	1134.333333	1099	1116.666667	1115.666667	1141	1173.333333	1053.333333	1101	1100	1234.333333	1174.333333
316123620	954.84	1266.666667	1265.666667	1265.666667	1265.666667	1147.666667	1146.666667	1114.333333	1180	1127.666667	1093.333333	1109	1109	1141	1165.666667	1052.333333	1100	1099	1234.333333	1172.333333
316123625	956.51	1267.666667	1265.666667	1267.666667	1265.666667	1145.666667	1146.666667	1112.333333	1180	1133.333333	1101	1115.666667	1116.666667	1139	1166.666667	1053.333333	1093.333333	1101	1240	1173.333333
316123630	954.63	1267.666667	1265.666667	1265.666667	1266.666667	1146.666667	1146.666667	1112.333333	1181	1134.333333	1099	1116.666667	1116.666667	1141	1166.666667	1054.333333	1101	1100	1240	1173.333333
316123635	957.14	1266.666667	1265.666667	1267.666667	1266.666667	1149	1150	1113.333333	1187.666667	1134.333333	1100	1115.666667	1117.666667	1141	1174.333333	1052.333333	1093.333333	1101	1239	1174.333333
316123640	956.15	1266.666667	1266.666667	1265.666667	1267.666667	1150	1151	1113.333333	1185.666667	1132.333333	1100	1116.666667	1116.666667	1141	1174.333333	1052.333333	1099	1100	1239	1173.333333
316123645	955.59	1267.666667	1265.666667	1267.666667	1266.666667	1145.666667	1145.666667	1114.333333	1181	1133.333333	1099	1115.666667	1115.666667	1140	1166.666667	1047.666667	1092.333333	1100	1246.666667	1174.333333
316123650	955.55	1267.666667	1266.666667	1265.666667	1265.666667	1145.666667	1147.666667	1112.333333	1180	1132.333333	1100	1117.666667	1115.666667	1140	1181	1052.333333	1093.333333	1101	1240	1174.333333
316123655	956.72	1267.666667	1266.666667	1266.666667	1267.666667	1151	1150	1112.333333	1185.666667	1134.333333	1100	1116.666667	1115.666667	1140	1165.666667	1054.333333	1099	1100	1240	1173.333333
316123700	958.07	1265.666667	1265.666667	1266.666667	1265.666667	1145.666667	1146.666667	1114.333333	1181	1133.333333	1101	1115.666667	1117.666667	1140	1166.666667	1054.333333	1099	1100	1241	1174.333333
316123705	956.41	1274.333333	1273.333333	1273.333333	1274.333333	1149	1151	1114.333333	1185.666667	1134.333333	1099	1116.666667	1116.666667	1141	1165.666667	1053.333333	1093.333333	1101	1240	1173.333333
316123710	955.92	1266.666667	1267.666667	1266.666667	1265.666667	1147.666667	1147.666667	1114.333333	1180	1132.333333	1100	1116.666667	1115.666667	1141	1167.666667	1053.333333	1093.333333	1099	1239	1174.333333
316123715	956.46	1265.666667	1267.666667	1267.666667	1266.666667	1147.666667	1146.666667	1113.333333	1179	1132.333333	1099	1116.666667	1115.666667	1140	1173.333333	1053.333333	1099	1101	1233.333333	1172.333333
316123720	957.09	1265.666667	1265.666667	1265.666667	1266.666667	1151	1151	1112.333333	1185.666667	1133.333333	1094.333333	1113.333333	1112.333333	1139	1165.666667	1053.333333	1093.333333	1100	1240	1165.666667
316123725	957.61	1274.333333	1273.333333	1274.333333	1272.333333	1147.666667	1146.666667	1113.333333	1181	1132.333333	1100	1117.666667	1116.666667	1141	1174.333333	1054.333333	1100	1094.333333	1240	1174.333333
316123730	958.26	1266.666667	1267.666667	1267.666667	1267.666667	1146.666667	1146.666667	1112.333333	1179	1132.333333	1092.333333	1114.333333	1112.333333	1139	1165.666667	1061	1101	1100	1245.666667	1174.333333
316123735	958.33	1273.333333	1274.333333	1273.333333	1272.333333	1145.666667	1145.666667	1112.333333	1181	1132.333333	1100	1115.666667	1115.666667	1140	1166.666667	1054.333333	1101	1100	1239	1173.333333
316123740	959.79	1274.333333	1273.333333	1274.333333	1272.333333	1147.666667	1145.666667	1112.333333	1179	1132.333333	1099	1115.666667	1117.666667	1141	1173.333333	1052.333333	1101	1101	1241	1172.333333
316123745	959.52	1273.333333	1272.333333	1274.333333	1273.333333	1146.666667	1147.666667	1113.333333	1181	1132.333333	1099	1117.666667	1115.666667	1139	1167.666667	1059	1092.333333	1101	1240	1173.333333
316123750	960.03	1265.666667	1265.666667	1266.666667	1265.666667	1150	1149	1114.333333	1185.666667	1134.333333	1101	1117.666667	1116.666667	1140	1165.666667	1061	1092.333333	1099	1241	1173.333333
316123755	957.37	1266.666667	1267.666667	1267.666667	1265.666667	1147.666667	1145.666667	1112.333333	1180	1134.333333	1099	1117.666667	1117.666667	1141	1165.666667	1054.333333	1101	1099	1240	1174.333333
316123800	959.65	1267.666667	1266.666667	1266.666667	1265.666667	1145.666667	1146.666667	1112.333333	1180	1133.333333	1093.333333	1114.333333	1112.333333	1139	1173.333333	1060	1099	1101	1239	1172.333333
316123805	957.97	1265.666667	1267.666667	1265.666667	1267.666667	1147.666667	1146.666667	1113.333333	1180	1133.333333	1101	1116.666667	1117.666667	1139	1165.666667	1060	1101	1101	1240	1173.333333
316123810	956.64	1265.666667	1266.666667	1266.666667	1265.666667	1150	1149	1119	1181	1133.333333	1100	1116.666667	1115.666667	1139	1165.666667	1053.333333	1094.333333	1101	1232.333333	1173.333333
316123815	957.46	1267.666667	1265.666667	1266.666667	1266.666667	1152.333333	1153.333333	1119	1187.666667	1133.333333	1093.333333	1112.333333	1114.333333	1141	1166.666667	1054.333333	1099	1100	1240	1174.333333
316123820	958.51	1265.666667	1265.666667	1267.666667	1265.666667	1150	1150	1114.333333	1186.666667	1134.333333	1100	1116.666667	1117.666667	1141	1172.333333	1060	1099	1101	1240	1172.333333
316123825	958.54	1266.666667	1267.666667	1266.666667	1266.666667	1150	1150	1113.333333	1185.666667	1133.333333	1099	1117.666667	1117.666667	1141	1172.333333	1060	1100	1101	1239	1174.333333
316123830	957.1	1267.666667	1265.666667	1265.666667	1266.666667	1149	1150	1112.333333	1185.666667	1134.333333	1099	1116.666667	1117.666667	1140	1167.666667	1061	1101	1101	1241	1173.333333
316123835	957.29	1267.666667	1266.666667	1267.666667	1265.666667	19	776.5555556	1121	1187.666667	1133.333333	1094.333333	1113.333333	1114.333333	1140	1167.666667	1061	1100	1100	1239	1173.333333
316123840	956.44	1266.666667	1265.666667	1265.666667	1267.666667	1149	1149	1113.333333	1187.666667	1133.333333	1100	1116.666667	1116.666667	1139	1165.666667	1052.333333	1101	1100	1241	1172.333333
316123845	958.17	1267.666667	1265.666667	1266.666667	1267.666667	1147.666667	1146.666667	1113.333333	1180	1134.333333	1101	1116.666667	1115.666667	1140	1174.333333	1053.333333	1099	1101	1240	1172.333333
316123850	959.37	1266.666667	1265.666667	1265.666667	1265.666667	1151	1151	1112.333333	1185.666667	1133.333333	1101	1117.666667	1115.666667	1140	1173.333333	1060	1101	1099	1232.333333	1165.666667
316123855	957.16	1267.666667	1265.666667	1265.666667	1266.666667	1154.333333	1153.333333	1120	1185.666667	1134.333333	1099	1117.666667	1117.666667	1139	1165.666667	1054.333333	1100	1099	1232.333333	1174.333333
316123900	959.02	1267.666667	1267.666667	1265.666667	1266.666667	1153.333333	1154.333333	1121	1185.666667	1132.333333	1100	1115.666667	1116.666667	1107.888889	1166.666667	1060	1099	1099	1239	1172.333333
316123905	956.64	1265.666667	1267.666667	1266.666667	1265.666667	1151	1151	1121	1181	1132.333333	1099	1117.666667	1116.666667	1141	1165.666667	1059	1099	1100	1241	1172.333333
316123910	958.31	1266.666667	1265.666667	1265.666667	1266.666667	1151	1151	1114.333333	1185.666667	1132.333333	1101	1116.666667	1116.666667	1141	1167.666667	1060	1101	1099	1239	1172.333333
316123915	958.21	1272.333333	1274.333333	1272.333333	1272.333333	1149	1149	1114.333333	1187.666667	1134.333333	1101	1117.666667	1117.666667	1140	1173.333333	1067.666667	1099	1101	1247.666667	1174.333333
316123920	958.13	1266.666667	1266.666667	1267.666667	1266.666667	1147.666667	1145.666667	1114.333333	1180	1132.333333	1100	1116.666667	1116.666667	1140	1165.666667	1061	1099	1100	1240	1173.333333
316123925	957.56	1267.666667	1265.666667	1267.666667	1267.666667	1153.333333	1153.333333	1120	1187.666667	1134.333333	1100	1116.666667	1116.666667	1146.666667	1172.333333	1065.666667	1099	1101	1247.666667	1174.333333
316123930	957.28	1273.333333	1274.333333	1272.333333	1274.333333	1152.333333	1154.333333	1119	1187.666667	1133.333333	1099	1115.666667	1115.666667	1141	1172.333333	1065.666667	1101	1094.333333	1246.666667	1172.333333
316123935	956.34	1265.666667	1267.666667	1266.666667	1267.666667	1153.333333	1152.333333	1119	1186.666667	1134.333333	1092.333333	1112.333333	1113.333333	1139	1173.333333	1061	1099	1099	1247.666667	1173.333333
316123940	955.16	1266.666667	1267.666667	1265.666667	1265.666667	1152.333333	1152.333333	1119	1186.666667	1132.333333	1100	1116.666667	1116.666667	1141	1179	1066.666667	1100	1099	1240	1173.333333
316123945	955.12	1266.666667	1266.666667	1265.666667	1267.666667	1154.333333	1152.333333	1121	1187.666667	1133.333333	1099	1115.666667	1117.666667	1139	1173.333333	1065.666667	1099	1107.666667	1241	1173.333333
316123950	956.21	1266.666667	1266.666667	1267.666667	1267.666667	1152.333333	1153.333333	1121	1187.666667	1132.333333	1100	1116.666667	1116.666667	1140	1181	1065.666667	1100	1099	1245.666667	1173.333333
316123955	955.7	1266.666667	1265.666667	1266.666667	1267.666667	1149	1151	1120	1180	1133.333333	1093.333333	1113.333333	1112.333333	1141	1179	1065.666667	1099	1099	1241	1173.333333
316124000	956.18	1265.666667	1266.666667	1265.666667	1267.666667	1145.666667	1147.666667	1114.333333	1180	1126.666667	1100	1114.333333	1113.333333	1139	1179	1059	1100	1100	1241	1172.333333
316124005	954.62	1266.666667	1265.666667	1266.666667	1266.666667	1145.666667	1146.666667	1112.333333	1180	1133.333333	1100	1116.666667	1117.666667	1141	1179	1067.666667	1101	1101	1241	1172.333333
316124010	956.07	1265.666667	1266.666667	1265.666667	1266.666667	1146.666667	1146.666667	1113.333333	1180	1132.333333	1094.333333	1114.333333	1113.333333	1146.666667	1174.333333	1065.666667	1099	1106.666667	1239	1172.333333
316124015	957.27	1267.666667	1266.666667	1267.666667	1266.666667	1146.666667	1146.666667	1112.333333	1181	1132.333333	1100	1115.666667	1115.666667	1153.333333	1180	1066.666667	1105.666667	1094.333333	1246.666667	1172.333333
316124020	958.48	1265.666667	1266.666667	1266.666667	1267.666667	1145.666667	1145.666667	1113.333333	1181	1132.333333	1101	1116.666667	1117.666667	1145.666667	1172.333333	1065.666667	1100	1106.666667	1241	1173.333333
316124025	959.85	1267.666667	1266.666667	1266.666667	1265.666667	1152.333333	1154.333333	1121	1187.666667	1133.333333	1099	1115.666667	1115.666667	1139	1179	1065.666667	1100	1099	1247.666667	1172.333333
316124030	960.64	1265.666667	1267.666667	1265.666667	1265.666667	1153.333333	1152.333333	1120	1185.666667	1132.333333	1092.333333	1113.333333	1114.333333	1145.666667	1185.666667	1067.666667	1105.666667	1099	1239	1172.333333
316124035	958.66	1272.333333	1272.333333	1273.333333	1274.333333	1152.333333	1154.333333	1119	1187.666667	1132.333333	1100	1115.666667	1115.666667	1145.666667	1172.333333	1067.666667	1101	1100	1245.666667	1172.333333
316124040	959.44	1267.666667	1265.666667	1265.666667	1265.666667	1153.333333	1153.333333	1119	1185.666667	1134.333333	1100	1116.666667	1116.666667	1147.666667	1172.333333	1065.666667	1101	1101	1239	1172.333333
316124045	958.88	1267.666667	1265.666667	1267.666667	1266.666667	1152.333333	1154.333333	1120	1185.666667	1134.333333	1101	1116.666667	1117.666667	1141	1179	1065.666667	1105.666667	1101	1241	1174.333333
316124050	960.73	1267.666667	1265.666667	1266.666667	1267.666667	1156.666667	1156.666667	1120	1193.333333	1132.333333	1099	1115.666667	1115.666667	1139	1180	1065.666667	1106.666667	1099	1245.666667	1174.333333
316124055	959.6	1273.333333	1274.333333	1273.333333	1273.333333	1152.333333	1153.333333	1120	1186.666667	1133.333333	1100	1116.666667	1117.666667	1146.666667	1166.666667	1065.666667	1105.666667	1099	1246.666667	1181
316124100	958.91	1266.666667	1265.666667	1265.666667	1266.666667	1152.333333	1154.333333	1121	1186.666667	1134.333333	1100	1115.666667	1115.666667	1140	1180	1066.666667	1107.666667	1099	1247.666667	1180
316124105	960.93	1267.666667	1266.666667	1266.666667	1265.666667	1152.333333	1153.333333	1119	1187.666667	1134.333333	1099	1115.666667	1115.666667	1140	1173.333333	1065.666667	1101	1100	1246.666667	1174.333333
316124110	958.46	1272.333333	1273.333333	1272.333333	1274.333333	1153.333333	1154.333333	1120	1186.666667	1134.333333	1099	1116.666667	1117.666667	1147.666667	1167.666667	1067.666667	1107.666667	1106.666667	1246.666667	1174.333333
316124115	958.98	1273.333333	1272.333333	1274.333333	1272.333333	1150	1149	1119	1180	1134.333333	1099	1115.666667	1116.666667	1141	1180	1067.666667	1106.666667	1099	1246.666667	1172.333333
316124120	960.95	1274.333333	1272.333333	1274.333333	1273.333333	1153.333333	1154.333333	1120	1186.666667	1132.333333	1099	1116.666667	1116.666667	1140	1174.333333	1065.666667	1105.666667	1101	1246.666667	1174.333333
316124125	958.67	1267.666667	1267.666667	1266.666667	1267.666667	1149	1151	1121	1180	1134.333333	1099	1116.666667	1117.666667	1145.666667	1179	1066.666667	1107.666667	1100	1246.666667	1174.333333
316124130	960.57	1266.666667	1266.666667	1266.666667	1265.666667	1146.666667	1145.666667	1112.333333	1181	1134.333333	1101	1116.666667	1116.666667	1141	1180	1066.666667	1105.666667	1101	1247.666667	1180
316124135	958.46	1274.333333	1274.333333	1274.333333	1273.333333	1146.666667	1147.666667	1114.333333	1179	1134.333333	1101	1117.666667	1117.666667	1154.333333	1185.666667	1067.666667	1105.666667	1100	1247.666667	1173.333333
316124140	959.32	1266.666667	1267.666667	1265.666667	1265.666667	1149	1151	1114.333333	1185.666667	1132.333333	1099	1115.666667	1117.666667	1153.333333	1172.333333	1067.666667	1107.666667	1099	1245.666667	1172.333333
316124145	959.2	1265.666667	1266.666667	1266.666667	1265.666667	1151	1151	1121	1179	1134.333333	1099	1116.666667	1117.666667	1145.666667	1181	1067.666667	1107.666667	1105.666667	1246.666667	1172.333333
316124150	958.13	1267.666667	1267.666667	1265.666667	1266.666667	1151	1149	1113.333333	1186.666667	1133.333333	1101	1115.666667	1117.666667	1152.333333	1181	1065.666667	1107.666667	1101	1245.666667	1179
316124155	958.88	1267.666667	1265.666667	1266.666667	1266.666667	1149	1151	1120	1179	1132.333333	1099	1116.666667	1116.666667	1140	1179	1066.666667	1114.333333	1106.666667	1247.666667	1173.333333
316124200	957.95	1267.666667	1266.666667	1266.666667	1265.666667	1157.666667	1155.666667	1127.666667	1186.666667	1132.333333	1099	1116.666667	1116.666667	1146.666667	1180	1065.666667	1107.666667	1105.666667	1246.666667	1172.333333
316124205	960.02	1267.666667	1267.666667	1267.666667	1267.666667	1149	1150	1121	1179	1132.333333	1100	1115.666667	1117.666667	1147.666667	1180	1067.666667	1112.333333	1099	1247.666667	1179
316124210	959.94	1266.666667	1267.666667	1266.666667	1265.666667	1152.333333	1152.333333	1119	1185.666667	1140	1099	1120	1121	1145.666667	1172.333333	1066.666667	1106.666667	1101	1245.666667	1179
316124215	958.23	1267.666667	1267.666667	1266.666667	1266.666667	1145.666667	1146.666667	1113.333333	1181	1132.333333	1099	1116.666667	1115.666667	1147.666667	1180	1065.666667	1106.666667	1101	1247.666667	1181
316124220	957.92	1266.666667	1266.666667	1267.666667	1266.666667	1146.666667	1147.666667	1113.333333	1181	1134.333333	1100	1115.666667	1117.666667	1154.333333	1181	1067.666667	1099	1099	1246.666667	1181
316124225	957.99	1267.666667	1266.666667	1266.666667	1267.666667	1146.666667	1147.666667	1112.333333	1181	1133.333333	1101	1116.666667	1115.666667	1153.333333	1174.333333	1066.666667	1107.666667	1105.666667	1252.333333	1181
316124230	960.23	1267.666667	1265.666667	1265.666667	1267.666667	1157.666667	1157.666667	1121	1194.333333	1133.333333	1101	1116.666667	1115.666667	1147.666667	1173.333333	1066.666667	1105.666667	1105.666667	1245.666667	1179
316124235	960.08	1266.666667	1266.666667	1266.666667	1265.666667	1153.333333	1154.333333	1119	1187.666667	1134.333333	1101	1116.666667	1115.666667	1139	1172.333333	1067.666667	1106.666667	1106.666667	1247.666667	1181
316124240	960.14	1274.333333	1273.333333	1273.333333	1274.333333	1154.333333	1152.333333	1119	1187.666667	1132.333333	1099	1115.666667	1117.666667	1145.666667	1181	1066.666667	1105.666667	1099	1246.666667	1179
316124245	960.34	1272.333333	1272.333333	1272.333333	1273.333333	1151	1151	1119	1180	1133.333333	1101	1116.666667	1117.666667	1147.666667	1179	1066.666667	1106.666667	1107.666667	1246.666667	1180
316124250	960.24	1273.333333	1272.333333	1272.333333	1274.333333	1154.333333	1153.333333	1119	1187.666667	1134.333333	1099	1116.666667	1115.666667	1147.666667	1172.333333	1066.666667	1113.333333	1099	1247.666667	1173.333333
316124255	959.04	1273.333333	1274.333333	1273.333333	1274.333333	1145.666667	1145.666667	1112.333333	1181	1134.333333	1101	1116.666667	1115.666667	1147.666667	1165.666667	1065.666667	1114.333333	1100	1246.666667	1174.333333
316124300	957.74	1273.333333	1272.333333	1272.333333	1273.333333	1147.666667	1145.666667	1113.333333	1179	1133.333333	1101	1117.666667	1116.666667	1146.666667	1179	1066.666667	1114.333333	1100	1246.666667	1173.333333
316124305	959.63	1274.333333	1274.333333	1273.333333	1272.333333	1147.666667	1147.666667	1114.333333	1179	1132.333333	1101	1115.666667	1115.666667	1147.666667	1179	1067.666667	1112.333333	1105.666667	1245.666667	1173.333333
316124310	958.57	1274.333333	1274.333333	1272.333333	1272.333333	1151	1151	1121	1180	1134.333333	1092.333333	1113.333333	1112.333333	1147.666667	1180	1065.666667	1114.333333	1105.666667	1247.666667	1181
316124315	959.57	1272.333333	1272.333333	1273.333333	1273.333333	1147.666667	1147.666667	1113.333333	1179	1132.333333	1092.333333	1112.333333	1112.333333	1147.666667	1187.666667	1066.666667	1113.333333	1099	1247.666667	1173.333333
316124320	961.22	1274.333333	1272.333333	1272.333333	1272.333333	1145.666667	1145.666667	1113.333333	1181	1132.333333	1100	1116.666667	1116.666667	1139	1179	1065.666667	1112.333333	1107.666667	1246.666667	1181
316124325	961.88	1273.333333	1274.333333	1274.333333	1273.333333	1147.666667	1145.666667	1113.333333	1180	1132.333333	1100	1115.666667	1115.666667	1146.666667	1187.666667	1067.666667	1113.333333	1100	1247.666667	1174.333333
316124330	960.75	1267.666667	1266.666667	1265.666667	1267.666667	1147.666667	1145.666667	1112.333333	1181	1132.333333	1100	1116.666667	1115.666667	1159	1186.666667	1066.666667	1120	1101	1240	1173.333333
316124335	961.32	1273.333333	1273.333333	1273.333333	1272.333333	1146.666667	1147.666667	1114.333333	1180	1132.333333	1099	1116.666667	1117.666667	1153.333333	1180	1065.666667	1113.333333	1100	1245.666667	1172.333333
316124340	960.86	1272.333333	1273.333333	1273.333333	1274.333333	1146.666667	1147.666667	1114.333333	1179	1132.333333	1099	1116.666667	1115.666667	1153.333333	1179	1066.666667	1113.333333	1101	1247.666667	1173.333333
316124345	962.86	1265.666667	1266.666667	1267.666667	1267.666667	1147.666667	1145.666667	1113.333333	1180	1134.333333	1099	1117.666667	1117.666667	1154.333333	1172.333333	1065.666667	1112.333333	1105.666667	1245.666667	1181
316124350	961.04	1273.333333	1272.333333	1274.333333	1272.333333	1147.666667	1145.666667	1114.333333	1179	1134.333333	1101	1116.666667	1117.666667	1153.333333	1179	1066.666667	1121	1106.666667	1246.666667	1179
316124355	962.89	1273.333333	1272.333333	1272.333333	1273.333333	1146.666667	1145.666667	1114.333333	1179	1133.333333	1101	1115.666667	1115.666667	1154.333333	1174.333333	1066.666667	1112.333333	1101	1246.666667	1179
316124400	962.66	1266.666667	1265.666667	1265.666667	1266.666667	1145.666667	1145.666667	1113.333333	1179	1132.333333	1100	1115.666667	1115.666667	1154.333333	1181	1067.666667	1112.333333	1106.666667	1247.666667	1172.333333
316124405	961.47	1272.333333	1274.333333	1273.333333	1272.333333	1152.333333	1153.333333	1121	1185.666667	1134.333333	1101	1116.666667	1116.666667	1145.666667	1173.333333	1067.666667	1112.333333	1099	1246.666667	1172.333333
316124410	961.96	1272.333333	1274.333333	1272.333333	1274.333333	1153.333333	1154.333333	1119	1185.666667	1132.333333	1100	1115.666667	1115.666667	1152.333333	1180	1067.666667	1114.333333	1101	1245.666667	1172.333333
316124415	960.73	1272.333333	1272.333333	1273.333333	1274.333333	1157.666667	1155.666667	1121	1194.333333	1133.333333	1101	1116.666667	1116.666667	1147.666667	1181	1066.666667	1113.333333	1099	1245.666667	1174.333333
316124420	960.49	1272.333333	1272.333333	1273.333333	1273.333333	1157.666667	1155.666667	1119	1194.333333	1132.333333	1105.666667	1120	1121	1152.333333	1180	1067.666667	1112.333333	1099	1245.666667	1180
316124425	962.13	1267.666667	1265.666667	1266.666667	1267.666667	1155.666667	1157.666667	1121	1192.333333	1133.333333	1101	1117.666667	1116.666667	1146.666667	1180	1067.666667	1112.333333	1106.666667	1252.333333	1172.333333
316124430	962.72	1272.333333	1272.333333	1274.333333	1274.333333	1156.666667	1156.666667	1121	1192.333333	1134.333333	1099	1115.666667	1116.666667	1154.333333	1186.666667	1067.666667	1119	1106.666667	1246.666667	1172.333333
316124435	962.66	1267.666667	1267.666667	1266.666667	1267.666667	1153.333333	1152.333333	1121	1186.666667	1134.333333	1106.666667	1121	1119	1153.333333	1174.333333	1067.666667	1112.333333	1114.333333	1247.666667	1173.333333
316124440	961.33	1272.333333	1272.333333	1272.333333	1274.333333	1154.333333	1154.333333	1119	1187.666667	1132.333333	1101	1116.666667	1116.666667	1159	1179	1065.666667	1120	1112.333333	1245.666667	1180
316124445	962.56	1273.333333	1272.333333	1274.333333	1273.333333	1153.333333	1154.333333	1121	1187.666667	1132.333333	1099	1115.666667	1116.666667	1161	1179	1067.666667	1113.333333	1101	1245.666667	1179
316124450	959.98	1272.333333	1272.333333	1274.333333	1272.333333	1156.666667	1155.666667	1125.666667	1185.666667	1134.333333	1099	1117.666667	1117.666667	1154.333333	1180	1067.666667	1114.333333	1101	1253.333333	1172.333333
316124455	962.13	1272.333333	1272.333333	1273.333333	1274.333333	1160	1159	1127.666667	1194.333333	1134.333333	1100	1115.666667	1117.666667	1154.333333	1179	1067.666667	1113.333333	1100	1247.666667	1181
316124500	960.75	1274.333333	1272.333333	1273.333333	1272.333333	1157.666667	1157.666667	1120	1192.333333	1133.333333	1101	1115.666667	1116.666667	1161	1181	1066.666667	1121	1106.666667	1254.333333	1179
316124505	959.94	1273.333333	1274.333333	1272.333333	1274.333333	1152.333333	1154.333333	1121	1187.666667	1133.333333	1100	1116.666667	1117.666667	1145.666667	1180	1067.666667	1120	1105.666667	1252.333333	1173.333333
316124510	961.25	1274.333333	1272.333333	1272.333333	1274.333333	1154.333333	1152.333333	1120	1185.666667	1133.333333	1101	1117.666667	1116.666667	1160	1185.666667	1066.666667	1119	1099	1252.333333	1179
316124515	959.55	1274.333333	1273.333333	1272.333333	1273.333333	1153.333333	1154.333333	1119	1186.666667	1132.333333	1101	1117.666667	1115.666667	1159	1180	1066.666667	1114.333333	1101	1246.666667	1179
316124520	959.4	1274.333333	1272.333333	1273.333333	1274.333333	1154.333333	1153.333333	1120	1186.666667	1132.333333	1099	1116.666667	1115.666667	1160	1186.666667	1065.666667	1119	1099	1254.333333	1174.333333
316124525	961.05	1272.333333	1274.333333	1274.333333	1274.333333	1152.333333	1153.333333	1120	1186.666667	1134.333333	1100	1117.666667	1115.666667	1160	1179	1067.666667	1113.333333	1106.666667	1254.333333	1179
316124530	961.39	1274.333333	1272.333333	1274.333333	1273.333333	1152.333333	1154.333333	1121	1186.666667	1133.333333	1100	1116.666667	1117.666667	1154.333333	1187.666667	1067.666667	1113.333333	1106.666667	1254.333333	1173.333333
316124535	959.58	1273.333333	1273.333333	1272.333333	1273.333333	1161	1161	1127.666667	1193.333333	1133.333333	1100	1115.666667	1116.666667	1153.333333	1179	1065.666667	1119	1106.666667	1252.333333	1179
316124540	961.15	1272.333333	1272.333333	1272.333333	1274.333333	1156.666667	1157.666667	1120	1194.333333	1132.333333	1101	1116.666667	1115.666667	1159	1186.666667	1067.666667	1119	1107.666667	1247.666667	1187.666667
316124545	961.19	1272.333333	1272.333333	1274.333333	1273.333333	1156.666667	1156.666667	1120	1194.333333	1147.666667	1106.666667	1125.666667	1127.666667	1154.333333	1187.666667	1079	1121	1106.666667	1252.333333	1185.666667
316124550	961.54	1272.333333	1272.333333	1272.333333	1274.333333	1153.333333	1153.333333	1119	1187.666667	1146.666667	1105.666667	1125.666667	1126.666667	1159	1181	1074.333333	1121	1105.666667	1254.333333	1174.333333
316124555	961.08	1273.333333	1273.333333	1272.333333	1272.333333	1160	1160	1125.666667	1194.333333	1140	1106.666667	1123.333333	1122.333333	1152.333333	1185.666667	1066.666667	1113.333333	1101	1247.666667	1180
316124600	961.82	1272.333333	1272.333333	1274.333333	1272.333333	1156.666667	1157.666667	1119	1194.333333	1134.333333	1106.666667	1120	1121	1159	1185.666667	1066.666667	1112.333333	1107.666667	1254.333333	1180
316124605	961.22	1279	1281	1279	1280	1157.666667	1155.666667	1120	1194.333333	1134.333333	1107.666667	1119	1120	1152.333333	1179	1079	1120	1100	1254.333333	1174.333333
316124610	962.5	1280	1280	1280	1279	1161	1160	1127.666667	1194.333333	1141	1107.666667	1124.333333	1122.333333	1159	1187.666667	1065.666667	1113.333333	1101	1254.333333	1187.666667
316124615	960.31	1281	1279	1281	1279	1153.333333	1153.333333	1119	1186.666667	1145.666667	1105.666667	1125.666667	1126.666667	1160	1186.666667	1065.666667	1113.333333	1107.666667	1252.333333	1181
316124620	961.07	1280	1280	1281	1281	1161	1161	1127.666667	1192.333333	1140	1107.666667	1122.333333	1122.333333	1159	1180	1072.333333	1121	1107.666667	1259	1180
316124625	961.46	1280	1281	1280	1279	1152.333333	1152.333333	1119	1186.666667	1147.666667	1112.333333	1131	1130	1154.333333	1186.666667	1073.333333	1113.333333	1101	1254.333333	1174.333333
316124630	961.62	1281	1281	1280	1280	1157.666667	1157.666667	1121	1192.333333	1141	1113.333333	1125.666667	1126.666667	1153.333333	1180	1081	1120	1105.666667	1259	1186.666667
316124635	959.72	1281	1281	1279	1280	1157.666667	1157.666667	1119	1193.333333	1141	1114.333333	1127.666667	1125.666667	1159	1179	1080	1113.333333	1106.666667	1254.333333	1179
316124640	958.91	1281	1281	1279	1280	1156.666667	1155.666667	1119	1194.333333	1139	1112.333333	1125.666667	1127.666667	1153.333333	1187.666667	1081	1119	1106.666667	1252.333333	1179
316124645	960.69	1281	1279	1279	1279	1157.666667	1157.666667	1120	1192.333333	1141	1106.666667	1123.333333	1124.333333	1161	1185.666667	1079	1119	1105.666667	1253.333333	1180
316124650	960.19	1280	1281	1279	1281	1160	1161	1127.666667	1194.333333	1140	1112.333333	1126.666667	1125.666667	1154.333333	1185.666667	1081	1112.333333	1100	1254.333333	1185.666667
316124655	962.12	1279	1279	1279	1281	1160	1161	1125.666667	1194.333333	1147.666667	1112.333333	1131	1131	1152.333333	1187.666667	1080	1113.333333	1107.666667	1252.333333	1185.666667
316124700	961.82	1281	1279	1279	1280	1163.333333	1164.333333	1134.333333	1193.333333	1147.666667	1113.333333	1129	1131	1161	1187.666667	1079	1120	1105.666667	1252.333333	1180
316124705	960.55	1279	1281	1280	1281	1159	1159	1126.666667	1194.333333	1147.666667	1113.333333	1131	1130	1161	1186.666667	1079	1121	1100	1261	1185.666667
316124710	962.62	1281	1280	1280	1281	1161	1159	1126.666667	1192.333333	1145.666667	1113.333333	1130	1131	1161	1185.666667	1081	1121	1105.666667	1254.333333	1180
316124715	960.55	1281	1280	1281	1281	1161	1161	1127.666667	1192.333333	1152.333333	1114.333333	1132.333333	1134.333333	1160	1194.333333	1081	1119	1099	1254.333333	1186.666667
316124720	962.25	1281	1279	1281	1280	1162.333333	1163.333333	1134.333333	1192.333333	1145.666667	1112.333333	1129	1131	1161	1186.666667	1080	1119	1106.666667	1252.333333	1186.666667
316124725	959.97	1279	1279	1280	1280	1162.333333	1162.333333	1133.333333	1194.333333	1145.666667	1113.333333	1129	1129	1152.333333	1185.666667	1080	1119	1105.666667	1254.333333	1186.666667
316124730	961.35	1281	1280	1280	1279	1157.666667	1156.666667	1120	1192.333333	1147.666667	1114.333333	1130	1129	1153.333333	1179	1081	1119	1107.666667	1252.333333	1187.666667
316124735	962.94	1279	1280	1279	1280	1160	1159	1127.666667	1194.333333	1146.666667	1114.333333	1131	1131	1153.333333	1173.333333	1072.333333	1119	1105.666667	1253.333333	1187.666667
316124740	964.25	1280	1280	1280	1281	1161	1160	1125.666667	1194.333333	1154.333333	1114.333333	1134.333333	1134.333333	1146.666667	1172.333333	1066.666667	1119	1101	1239	1173.333333
316124745	963.67	1281	1280	1281	1279	1161	1159	1125.666667	1192.333333	1154.333333	1114.333333	1133.333333	1134.333333	1154.333333	1181	1066.666667	1113.333333	1092.333333	1246.666667	1173.333333
316124750	962.56	1281	1281	1281	1280	1163.333333	1163.333333	1134.333333	1193.333333	1154.333333	1112.333333	1132.333333	1132.333333	1145.666667	1172.333333	1067.666667	1114.333333	1101	1233.333333	1159
316124755	964.01	1280	1281	1279	1279	1164.333333	1164.333333	1133.333333	1194.333333	1153.333333	1119	1137.666667	1135.666667	1147.666667	1174.333333	1067.666667	1113.333333	1080	1221	1154.333333
316124800	963.25	1280	1279	1279	1280	1163.333333	1162.333333	1134.333333	1194.333333	1152.333333	1113.333333	1132.333333	1133.333333	1141	1159	1052.333333	1092.333333	1067.666667	1207.666667	1133.333333
316124805	963.52	1281	1281	1280	1279	1167.666667	1166.666667	1133.333333	1201	1153.333333	1119	1135.666667	1137.666667	1114.333333	1132.333333	1039	1072.333333	1021	1153.333333	1081
316124810	963.46	1279	1279	1279	1280	1165.666667	1165.666667	1134.333333	1200	1154.333333	1114.333333	1134.333333	1132.333333	1046.666667	1067.666667	967.6666667	1013.333333	1013.333333	1140	1059
316124815	960.67	1279	1280	1281	1281	1167.666667	1166.666667	1133.333333	1201	1152.333333	1112.333333	1134.333333	1134.333333	1121	1153.333333	1046.666667	1094.333333	905.6666667	1007.666667	933.3333333
316124820	963.49	1245.666667	1280	1245.666667	1213.333333	1165.666667	1167.666667	1134.333333	1199	1154.333333	1113.333333	1132.333333	1133.333333	1159	1187.666667	1085.666667	1126.666667	812.3333333	913.3333333	833.3333333
316124825	963.11	1251	1281	1251	1219	1145.666667	1147.666667	1114.333333	1179	1154.333333	1113.333333	1132.333333	1132.333333	1099	1125.666667	1025.666667	1052.333333	927.6666667	1047.666667	961
316124830	964.53	1250	1280	1250	1221	1156.666667	1155.666667	1121	1192.333333	1133.333333	1100	1115.666667	1117.666667	1100	1126.666667	1026.666667	1074.333333	859	967.6666667	879
316124835	964.87	1237.666667	1272.333333	1236.666667	1200	1150	1149	1119	1180	1147.666667	1114.333333	1131	1130	1139	1166.666667	1065.666667	1101	905.6666667	1012.333333	941
316124840	967.06	1242.333333	1281	1243.333333	1207.666667	1160	1160	1126.666667	1193.333333	1145.666667	1114.333333	1129	1131	1134.333333	1153.333333	1052.333333	1094.333333	1061	1194.333333	1119
316124845	966.04	1246.666667	1280	1247.666667	1212.333333	1159	1161	1127.666667	1194.333333	1154.333333	1112.333333	1134.333333	1132.333333	1140	1172.333333	1067.666667	1099	1067.666667	1214.333333	1132.333333
316124850	965.91	1250	1279	1251	1219	1160	1161	1125.666667	1192.333333	1152.333333	1113.333333	1132.333333	1132.333333	1140	1161	1066.666667	1099	1079	1219	1152.333333
316124855	967.54	1245.666667	1280	1247.666667	1214.333333	1156.666667	1157.666667	1121	1194.333333	1154.333333	1113.333333	1134.333333	1133.333333	1139	1173.333333	1066.666667	1106.666667	1072.333333	1213.333333	1140
316124900	967.2	1251	1279	1250	1219	1152.333333	1154.333333	1120	1186.666667	1153.333333	1114.333333	1134.333333	1133.333333	1146.666667	1172.333333	1066.666667	1113.333333	1100	1247.666667	1173.333333
316124905	958.76	1249	1280	1250	1219	1161	1160	1125.666667	1194.333333	1154.333333	1112.333333	1132.333333	1134.333333	1153.333333	1174.333333	1066.666667	1114.333333	1101	1245.666667	1181
316124910	952.61	1251	1279	1251	1219	1155.666667	1157.666667	1121	1193.333333	1154.333333	1113.333333	1133.333333	1132.333333	1141	1166.666667	1067.666667	1113.333333	1101	1253.333333	1172.333333
316124915	956.07	1247.666667	1281	1247.666667	1212.333333	1162.333333	1163.333333	1133.333333	1192.333333	1153.333333	1119	1137.666667	1135.666667	1141	1161	1060	1106.666667	1106.666667	1252.333333	1180
316124920	957.84	1251	1281	1251	1219	1159	1161	1127.666667	1194.333333	1152.333333	1121	1137.666667	1137.666667	1139	1165.666667	1067.666667	1113.333333	1093.333333	1239	1167.666667
316124925	965.05	1250	1279	1250	1221	1162.333333	1163.333333	1132.333333	1192.333333	1153.333333	1112.333333	1134.333333	1134.333333	1145.666667	1181	1072.333333	1119	1101	1246.666667	1172.333333
316124930	965.5	1249	1279	1249	1220	1160	1159	1126.666667	1193.333333	1154.333333	1114.333333	1132.333333	1134.333333	1146.666667	1173.333333	1065.666667	1121	1093.333333	1241	1172.333333
316124935	964.91	1249	1279	1251	1220	1159	1161	1127.666667	1192.333333	1153.333333	1113.333333	1134.333333	1134.333333	1166.666667	1185.666667	1081	1119	1099	1247.666667	1174.333333
316124940	965.54	1251	1280	1250	1221	1154.333333	1153.333333	1121	1187.666667	1153.333333	1114.333333	1133.333333	1133.333333	1152.333333	1179	1079	1112.333333	1100	1253.333333	1173.333333
316124945	961.71	1249	1280	1250	1220	1157.666667	1157.666667	1120	1193.333333	1154.333333	1113.333333	1132.333333	1132.333333	1160	1187.666667	1081	1119	1101	1252.333333	1181
316124950	962.64	1247.666667	1279	1245.666667	1213.333333	1166.666667	1166.666667	1132.333333	1201	1153.333333	1114.333333	1133.333333	1134.333333	1153.333333	1179	1073.333333	1121	1101	1253.333333	1174.333333
316124955	964.53	1252.333333	1285.666667	1253.333333	1220	1166.666667	1165.666667	1134.333333	1201	1152.333333	1121	1136.666667	1135.666667	1152.333333	1174.333333	1081	1112.333333	1101	1254.333333	1174.333333
316125000	967.06	1281	1279	1280	1280	1167.666667	1167.666667	1134.333333	1200	1154.333333	1113.333333	1134.333333	1132.333333	1160	1185.666667	1086.666667	1125.666667	1105.666667	1260	1187.666667
316125005	964.22	1281	1280	1281	1280	1167.666667	1165.666667	1134.333333	1200	1154.333333	1120	1136.666667	1136.666667	1159	1185.666667	1085.666667	1133.333333	1106.666667	1266.666667	1193.333333
316125010	965.47	1280	1279	1279	1280	1165.666667	1165.666667	1132.333333	1201	1153.333333	1121	1136.666667	1136.666667	1165.666667	1192.333333	1086.666667	1132.333333	1112.333333	1261	1193.333333
316125015	964.26	1281	1281	1281	1279	1167.666667	1166.666667	1132.333333	1200	1152.333333	1114.333333	1132.333333	1134.333333	1165.666667	1193.333333	1086.666667	1134.333333	1114.333333	1267.666667	1193.333333
316125020	966.66	1286.666667	1286.666667	1285.666667	1285.666667	1165.666667	1165.666667	1134.333333	1200	1152.333333	1113.333333	1132.333333	1134.333333	1173.333333	1186.666667	1085.666667	1134.333333	1120	1265.666667	1192.333333
316125025	961.49	1287.666667	1285.666667	1285.666667	1285.666667	1167.666667	1167.666667	1134.333333	1199	1154.333333	1120	1136.666667	1137.666667	1166.666667	1192.333333	1087.666667	1134.333333	1119	1274.333333	1192.333333
316125030	966.65	1286.666667	1287.666667	1286.666667	1285.666667	1164.333333	1163.333333	1134.333333	1193.333333	1154.333333	1114.333333	1134.333333	1133.333333	1165.666667	1194.333333	1085.666667	1134.333333	1120	1266.666667	1193.333333
316125035	970.21	1281	1281	1280	1280	1143.333333	1144.333333	1114.333333	1173.333333	1153.333333	1114.333333	1133.333333	1132.333333	1173.333333	1193.333333	1087.666667	1139	1119	1265.666667	1194.333333
316125040	970.86	1280	1281	1281	1281	1124.333333	1124.333333	1094.333333	1153.333333	1132.333333	1099	1117.666667	1117.666667	1165.666667	1201	1092.333333	1140	1119	1266.666667	1193.333333
316125045	971.54	1274.333333	1272.333333	1272.333333	1274.333333	1117.666667	1115.666667	1086.666667	1146.666667	1125.666667	1085.666667	1105.666667	1107.666667	1165.666667	1187.666667	1087.666667	1134.333333	1114.333333	1267.666667	1194.333333
316125050	971.1	1260	1259	1260	1261	1037.666667	1035.666667	1006.666667	1066.666667	1093.333333	1060	1077.666667	1076.666667	1165.666667	1194.333333	1086.666667	1134.333333	1121	1265.666667	1193.333333
316125055	969.92	1199	1201	1199	1200	981	979	961	1000	1001	974.3333333	985.6666667	986.6666667	1161	1187.666667	1087.666667	1126.666667	1112.333333	1265.666667	1200
316125100	970.23	1113.333333	1112.333333	1113.333333	1113.333333	1052.333333	1053.333333	1026.666667	1080	1034.333333	1005.666667	1019	1021	1161	1181	1079	1121	1112.333333	1273.333333	1194.333333
316125105	971.05	1133.333333	1133.333333	1133.333333	1132.333333	1083.333333	1082.333333	1053.333333	1112.333333	1060	1025.666667	1044.333333	1043.333333	1147.666667	1173.333333	1073.333333	1114.333333	1106.666667	1261	1192.333333
316125110	971.18	1212.333333	1212.333333	1212.333333	1214.333333	1001	999	973.3333333	1026.666667	1066.666667	1040	1053.333333	1054.333333	1132.333333	1154.333333	1045.666667	1092.333333	1114.333333	1267.666667	1192.333333
316125115	963.48	1174.333333	1174.333333	1172.333333	1173.333333	1024.333333	1024.333333	999	1046.666667	1047.666667	1026.666667	1036.666667	1037.666667	1067.666667	1086.666667	986.6666667	1046.666667	1107.666667	1253.333333	1185.666667
316125120	948.38	1181	1180	1179	1179	1037.666667	1035.666667	1013.333333	1059	1080	1046.666667	1064.333333	1063.333333	847.6666667	846.6666667	760	772.3333333	1079	1225.666667	1152.333333
316125125	929.58	1212.333333	1212.333333	1213.333333	1213.333333	1124.333333	1122.333333	1094.333333	1152.333333	1132.333333	1093.333333	1114.333333	1114.333333	793.3333333	807.6666667	726.6666667	766.6666667	954.3333333	1072.333333	999
316125130	912.03	1260	1259	1261	1259	1154.333333	1153.333333	1121	1185.666667	1146.666667	1114.333333	1130	1131	1046.666667	1067.666667	987.6666667	1021	927.6666667	1032.333333	959
316125135	838.37	1280	1279	1279	1279	1161	1159	1125.666667	1194.333333	1154.333333	1113.333333	1133.333333	1132.333333	1100	1127.666667	1026.666667	1073.333333	965.6666667	1092.333333	1005.666667
316125140	823.29	1280	1281	1281	1279	1161	1161	1125.666667	1192.333333	1154.333333	1119	1137.666667	1135.666667	1120	1134.333333	1047.666667	1085.666667	1021	1152.333333	1081
316125145	879.14	1286.666667	1287.666667	1285.666667	1286.666667	1163.333333	1162.333333	1133.333333	1193.333333	1161	1120	1140	1139	1120	1139	1045.666667	1094.333333	1060	1206.666667	1127.666667
316125150	883.26	1294.333333	1293.333333	1293.333333	1292.333333	1165.666667	1165.666667	1134.333333	1199	1165.666667	1119	1143.333333	1143.333333	1152.333333	1174.333333	1072.333333	1112.333333	1073.333333	1221	1145.666667
316125155	840.9	1294.333333	1294.333333	1293.333333	1294.333333	1165.666667	1166.666667	1134.333333	1199	1161	1119	1141	1139	1147.666667	1172.333333	1073.333333	1120	1079	1226.666667	1152.333333
316125200	847.66	1294.333333	1293.333333	1294.333333	1293.333333	1166.666667	1166.666667	1132.333333	1201	1166.666667	1120	1142.333333	1142.333333	1153.333333	1180	1073.333333	1120	1093.333333	1233.333333	1159
316125205	874.81	1292.333333	1292.333333	1292.333333	1292.333333	1167.666667	1167.666667	1134.333333	1199	1166.666667	1120	1142.333333	1142.333333	1161	1186.666667	1087.666667	1133.333333	1092.333333	1246.666667	1172.333333
316125210	936.36	1293.333333	1293.333333	1293.333333	1294.333333	1167.666667	1165.666667	1134.333333	1199	1167.666667	1121	1142.333333	1144.333333	1159	1180	1087.666667	1127.666667	1101	1253.333333	1181
316125215	966.7	1292.333333	1292.333333	1293.333333	1292.333333	1169	1171	1139	1199	1165.666667	1121	1144.333333	1144.333333	1160	1186.666667	1085.666667	1120	1105.666667	1259	1193.333333
316125220	973.03	1292.333333	1292.333333	1292.333333	1293.333333	1166.666667	1166.666667	1132.333333	1199	1159	1125.666667	1142.333333	1143.333333	1146.666667	1165.666667	1066.666667	1105.666667	1107.666667	1259	1193.333333
316125225	975.64	1299	1301	1299	1301	1172.333333	1173.333333	1140	1205.666667	1165.666667	1121	1144.333333	1143.333333	1173.333333	1193.333333	1094.333333	1139	1106.666667	1260	1192.333333
316125230	974.12	1293.333333	1293.333333	1294.333333	1293.333333	1165.666667	1166.666667	1132.333333	1199	1167.666667	1121	1142.333333	1144.333333	1181	1207.666667	1099	1140	1113.333333	1267.666667	1201
316125235	977.47	1294.333333	1292.333333	1294.333333	1292.333333	1164.333333	1163.333333	1134.333333	1192.333333	1165.666667	1126.666667	1146.666667	1146.666667	1167.666667	1200	1100	1139	1120	1272.333333	1194.333333
316125240	977.8	1294.333333	1293.333333	1293.333333	1293.333333	1169	1170	1141	1199	1161	1121	1139	1141	1172.333333	1186.666667	1092.333333	1141	1119	1272.333333	1193.333333
316125245	976.3	1286.666667	1286.666667	1285.666667	1287.666667	1173.333333	1172.333333	1139	1207.666667	1165.666667	1119	1142.333333	1143.333333	1165.666667	1192.333333	1086.666667	1132.333333	1112.333333	1272.333333	1192.333333
316125250	978.39	1292.333333	1292.333333	1292.333333	1294.333333	1172.333333	1173.333333	1141	1205.666667	1166.666667	1126.666667	1147.666667	1147.666667	1174.333333	1207.666667	1105.666667	1146.666667	1114.333333	1266.666667	1194.333333
316125255	976.85	1300	1301	1301	1300	1177.666667	1176.666667	1139	1212.333333	1167.666667	1120	1142.333333	1144.333333	1181	1205.666667	1107.666667	1147.666667	1119	1274.333333	1194.333333
316125300	977.71	1300	1300	1301	1300	1175.666667	1175.666667	1139	1214.333333	1159	1126.666667	1143.333333	1142.333333	1180	1207.666667	1105.666667	1154.333333	1120	1274.333333	1206.666667
316125305	975.28	1294.333333	1294.333333	1294.333333	1293.333333	1179	1180	1146.666667	1213.333333	1165.666667	1134.333333	1151	1150	1179	1205.666667	1105.666667	1147.666667	1119	1281	1199
316125310	975.7	1299	1300	1299	1299	1176.666667	1176.666667	1139	1212.333333	1165.666667	1132.333333	1150	1149	1181	1207.666667	1105.666667	1146.666667	1119	1273.333333	1206.666667
316125315	976.74	1301	1301	1300	1299	1179	1179	1147.666667	1213.333333	1167.666667	1134.333333	1151	1149	1180	1206.666667	1107.666667	1152.333333	1119	1274.333333	1206.666667
316125320	972.5	1299	1301	1301	1299	1181	1179	1145.666667	1213.333333	1165.666667	1134.333333	1151	1149	1187.666667	1205.666667	1106.666667	1154.333333	1119	1274.333333	1205.666667
316125325	975.42	1301	1301	1300	1300	1179	1180	1146.666667	1213.333333	1167.666667	1134.333333	1150	1149	1181	1207.666667	1107.666667	1153.333333	1121	1272.333333	1200
316125330	977.49	1299	1299	1301	1301	1181	1180	1145.666667	1214.333333	1167.666667	1134.333333	1151	1151	1174.333333	1192.333333	1101	1139	1120	1273.333333	1194.333333
316125335	981.36	1301	1300	1301	1301	1171	1169	1141	1201	1167.666667	1132.333333	1149	1151	1167.666667	1194.333333	1085.666667	1132.333333	1099	1252.333333	1172.333333
316125340	980.49	1265.666667	1301	1265.666667	1233.333333	1159	1160	1127.666667	1193.333333	1166.666667	1132.333333	1149	1149	1159	1180	1085.666667	1119	1092.333333	1252.333333	1172.333333
316125345	981.99	1299	1301	1299	1300	1161	1160	1125.666667	1192.333333	1167.666667	1132.333333	1149	1151	1173.333333	1194.333333	1101	1140	1112.333333	1261	1192.333333
316125350	982.16	1293.333333	1293.333333	1294.333333	1292.333333	1150	1151	1120	1180	1165.666667	1121	1142.333333	1142.333333	1166.666667	1186.666667	1085.666667	1141	1107.666667	1261	1187.666667
316125355	980.27	1280	1279	1279	1280	1161	1159	1126.666667	1194.333333	1154.333333	1121	1135.666667	1135.666667	1167.666667	1186.666667	1093.333333	1133.333333	1112.333333	1252.333333	1174.333333
316125400	980.65	1279	1280	1281	1280	1150	1151	1121	1179	1154.333333	1114.333333	1132.333333	1132.333333	1166.666667	1185.666667	1086.666667	1134.333333	1105.666667	1253.333333	1185.666667
316125405	982.5	1274.333333	1272.333333	1274.333333	1272.333333	1160	1161	1126.666667	1192.333333	1147.666667	1112.333333	1130	1129	1161	1187.666667	1087.666667	1134.333333	1099	1254.333333	1172.333333
316125410	981.19	1236.666667	1272.333333	1237.666667	1199	1155.666667	1156.666667	1121	1194.333333	1154.333333	1112.333333	1132.333333	1132.333333	1161	1186.666667	1086.666667	1133.333333	1093.333333	1232.333333	1159
316125415	976.47	1245.666667	1281	1246.666667	1213.333333	1143.333333	1142.333333	1114.333333	1173.333333	1152.333333	1113.333333	1134.333333	1134.333333	1165.666667	1185.666667	1085.666667	1133.333333	1101	1253.333333	1172.333333
316125420	970.99	1235.666667	1273.333333	1235.666667	1200	1160	1161	1127.666667	1192.333333	1152.333333	1114.333333	1133.333333	1132.333333	1160	1194.333333	1093.333333	1132.333333	1101	1254.333333	1172.333333
316125425	964.51	1250	1279	1249	1221	1177.666667	1177.666667	1145.666667	1206.666667	1165.666667	1127.666667	1147.666667	1145.666667	1159	1186.666667	1085.666667	1125.666667	1099	1252.333333	1173.333333
316125430	958.96	1250	1280	1250	1219	1167.666667	1167.666667	1133.333333	1199	1152.333333	1119	1136.666667	1136.666667	1154.333333	1173.333333	1081	1113.333333	1087.666667	1233.333333	1160
316125435	960.37	1281	1281	1279	1279	1154.333333	1154.333333	1121	1185.666667	1153.333333	1121	1137.666667	1135.666667	1132.333333	1165.666667	1065.666667	1119	1081	1233.333333	1153.333333
316125440	956.52	1280	1280	1281	1280	1149	1149	1121	1180	1152.333333	1112.333333	1133.333333	1134.333333	1141	1159	1065.666667	1113.333333	1072.333333	1234.333333	1153.333333
316125445	961.24	1279	1279	1281	1281	1151	1151	1119	1180	1146.666667	1112.333333	1129	1131	1141	1152.333333	1066.666667	1113.333333	1061	1213.333333	1134.333333
316125450	961.69	1279	1281	1279	1281	1149	1150	1120	1179	1146.666667	1114.333333	1129	1129	1139	1159	1065.666667	1114.333333	1074.333333	1214.333333	1132.333333
316125455	951.89	1274.333333	1274.333333	1272.333333	1272.333333	1142.333333	1143.333333	1114.333333	1172.333333	1146.666667	1112.333333	1131	1129	1105.666667	1134.333333	1027.666667	1073.333333	1054.333333	1193.333333	1112.333333
316125500	956.89	1266.666667	1266.666667	1267.666667	1265.666667	1102.333333	1102.333333	1073.333333	1132.333333	1147.666667	1114.333333	1131	1131	1106.666667	1126.666667	1026.666667	1072.333333	1040	1173.333333	1101
316125505	967.53	1261	1260	1260	1259	1134.333333	1134.333333	1099	1166.666667	1113.333333	1080	1095.666667	1097.666667	1093.333333	1107.666667	1019	1054.333333	1054.333333	1192.333333	1112.333333
316125510	971.81	1239	1240	1239	1241	1143.333333	1142.333333	1112.333333	1172.333333	1125.666667	1093.333333	1110	1109	1085.666667	1094.333333	1007.666667	1045.666667	1040	1187.666667	1106.666667
316125515	961.93	1224.333333	1252.333333	1224.333333	1193.333333	1099	1101	1072.333333	1127.666667	1133.333333	1092.333333	1112.333333	1113.333333	1114.333333	1125.666667	1026.666667	1073.333333	1060	1200	1126.666667
316125520	957.01	1231	1260	1229	1200	1077.666667	1077.666667	1045.666667	1105.666667	1119	1092.333333	1105.666667	1106.666667	1112.333333	1134.333333	1047.666667	1072.333333	1060	1201	1126.666667
316125525	953.65	1195.666667	1227.666667	1196.666667	1167.666667	1100	1101	1072.333333	1126.666667	1112.333333	1080	1096.666667	1096.666667	1085.666667	1100	1007.666667	1054.333333	1045.666667	1187.666667	1114.333333
316125530	958.04	1189	1220	1191	1160	1076.666667	1076.666667	1047.666667	1106.666667	1105.666667	1074.333333	1090	1089	1093.333333	1106.666667	1006.666667	1054.333333	1060	1201	1134.333333
316125535	949.76	1176.666667	1205.666667	1175.666667	1145.666667	1039	1041	1014.333333	1066.666667	1092.333333	1059	1077.666667	1077.666667	1086.666667	1101	1006.666667	1040	1026.666667	1172.333333	1094.333333
316125540	917.72	1174.333333	1201	1172.333333	1145.666667	1005.666667	1006.666667	986.6666667	1025.666667	1065.666667	1039	1052.333333	1052.333333	1045.666667	1054.333333	966.6666667	999	992.3333333	1125.666667	1041
316125545	937.95	1149	1173.333333	1150	1125.666667	999	1000	974.3333333	1025.666667	1045.666667	1027.666667	1035.666667	1035.666667	1021	1033.333333	947.6666667	981	974.3333333	1101	1020
316125550	938.3	1159	1160	1160	1161	981	979	959	1000	1039	1013.333333	1026.666667	1026.666667	1013.333333	1039	946.6666667	974.3333333	985.6666667	1113.333333	1041
316125555	913.6	1133.333333	1133.333333	1134.333333	1134.333333	1004.333333	1004.333333	981	1025.666667	1000	974.3333333	987.6666667	986.6666667	1025.666667	1046.666667	947.6666667	992.3333333	972.3333333	1107.666667	1021
316125600	897.99	1094.333333	1092.333333	1094.333333	1094.333333	983.3333333	982.3333333	960	1005.666667	972.3333333	953.3333333	963.3333333	964.3333333	1046.666667	1061	967.6666667	1013.333333	973.3333333	1093.333333	1020
316125605	900.11	1087.666667	1087.666667	1086.666667	1087.666667	955.6666667	956.6666667	933.3333333	979	994.3333333	974.3333333	982.3333333	982.3333333	1039	1053.333333	965.6666667	1006.666667	960	1093.333333	1014.333333
316125610	894.54	1072.333333	1074.333333	1073.333333	1073.333333	937.6666667	937.6666667	913.3333333	959	981	961	971	970	1034.333333	1045.666667	959	992.3333333	980	1113.333333	1027.666667
316125615	864.18	1133.333333	1132.333333	1133.333333	1133.333333	999	1000	981	1020	1007.666667	985.6666667	997.6666667	995.6666667	1046.666667	1052.333333	966.6666667	1014.333333	1033.333333	1173.333333	1092.333333
316125620	838.94	1093.333333	1093.333333	1093.333333	1094.333333	1027.666667	1025.666667	1005.666667	1047.666667	980	954.3333333	965.6666667	965.6666667	1066.666667	1079	987.6666667	1034.333333	1033.333333	1167.666667	1086.666667
316125625	827.35	1075.666667	1101	1075.666667	1053.333333	1041	1041	1013.333333	1067.666667	1013.333333	985.6666667	1000	1001	1073.333333	1087.666667	993.3333333	1033.333333	1020	1152.333333	1073.333333
316125630	801.86	1130	1154.333333	1131	1105.666667	1056.666667	1055.666667	1027.666667	1086.666667	1033.333333	1006.666667	1019	1021	1106.666667	1134.333333	1026.666667	1074.333333	1059	1199	1121
316125635	801.95	1137.666667	1167.666667	1135.666667	1106.666667	1079	1081	1054.333333	1105.666667	1086.666667	1047.666667	1065.666667	1065.666667	1113.333333	1134.333333	1040	1080	1041	1187.666667	1106.666667
316125640	799.15	1189	1219	1190	1159	1080	1079	1052.333333	1105.666667	1087.666667	1060	1074.333333	1074.333333	1094.333333	1106.666667	1005.666667	1054.333333	1033.333333	1172.333333	1081
316125645	784.02	1190	1219	1191	1161	1056.666667	1055.666667	1025.666667	1086.666667	1086.666667	1060	1074.333333	1073.333333	1072.333333	1086.666667	1001	1033.333333	1013.333333	1153.333333	1066.666667
316125650	777.95	1180	1212.333333	1181	1146.666667	967.6666667	965.6666667	939	993.3333333	1113.333333	1080	1095.666667	1097.666667	1074.333333	1092.333333	1006.666667	1033.333333	987.6666667	1107.666667	1025.666667
316125655	783.79	1193.333333	1219	1193.333333	1167.666667	1024.333333	1024.333333	1000	1047.666667	1059	1026.666667	1042.333333	1043.333333	1034.333333	1047.666667	966.6666667	993.3333333	993.3333333	1126.666667	1039
316125700	841.17	1109	1134.333333	1111	1086.666667	1039	1039	1014.333333	1066.666667	1033.333333	1007.666667	1019	1021	1074.333333	1085.666667	1007.666667	1032.333333	1006.666667	1134.333333	1060
316125705	847.03	1134.333333	1161	1133.333333	1107.666667	1069	1071	1046.666667	1092.333333	1074.333333	1047.666667	1059	1060	1073.333333	1094.333333	1007.666667	1045.666667	1020	1152.333333	1079
316125710	878.93	1141	1173.333333	1141	1105.666667	1101	1100	1074.333333	1125.666667	1094.333333	1066.666667	1081	1081	1113.333333	1126.666667	1026.666667	1072.333333	1033.333333	1173.333333	1094.333333
316125715	891.77	1191	1219	1190	1160	1096.666667	1095.666667	1066.666667	1125.666667	1112.333333	1081	1095.666667	1096.666667	1114.333333	1134.333333	1045.666667	1081	1040	1174.333333	1100
316125720	909.8	1199	1232.333333	1201	1165.666667	1144.333333	1144.333333	1112.333333	1174.333333	1120	1092.333333	1107.666667	1105.666667	1087.666667	1106.666667	1005.666667	1053.333333	1025.666667	1166.666667	1080
316125725	891.61	1240	1241	1240	1241	1130	1129	1100	1159	1132.333333	1100	1115.666667	1115.666667	1107.666667	1112.333333	1027.666667	1073.333333	1032.333333	1172.333333	1101
316125730	839.27	1261	1261	1260	1260	1147.666667	1145.666667	1121	1173.333333	1132.333333	1092.333333	1113.333333	1112.333333	1114.333333	1132.333333	1025.666667	1072.333333	1052.333333	1200	1120
316125735	818.83	1260	1259	1259	1260	1161	1160	1126.666667	1192.333333	1165.666667	1133.333333	1149	1150	1152.333333	1172.333333	1079	1121	1040	1194.333333	1100
316125740	864.94	1280	1280	1281	1279	1155.666667	1157.666667	1125.666667	1186.666667	1172.333333	1134.333333	1152.333333	1152.333333	1145.666667	1161	1074.333333	1112.333333	1081	1234.333333	1154.333333
316125745	884.39	1301	1301	1301	1300	1149	1151	1119	1179	1181	1134.333333	1156.666667	1156.666667	1181	1200	1105.666667	1152.333333	1099	1252.333333	1172.333333
316125750	908.44	1301	1299	1301	1301	1160	1161	1125.666667	1193.333333	1180	1134.333333	1155.666667	1156.666667	1186.666667	1199	1114.333333	1159	1119	1280	1212.333333
316125755	918.97	1292.333333	1294.333333	1292.333333	1293.333333	1179	1179	1147.666667	1212.333333	1160	1121	1141	1139	1185.666667	1206.666667	1120	1160	1125.666667	1281	1214.333333
316125800	950.4	1292.333333	1292.333333	1293.333333	1294.333333	1179	1180	1145.666667	1213.333333	1172.333333	1132.333333	1153.333333	1152.333333	1180	1213.333333	1107.666667	1152.333333	1125.666667	1294.333333	1213.333333
316125805	949.85	1299	1301	1300	1301	1169	1171	1140	1199	1173.333333	1141	1157.666667	1155.666667	1186.666667	1207.666667	1113.333333	1161	1121	1281	1214.333333
316125810	956.48	1264.333333	1301	1264.333333	1225.666667	1170	1171	1140	1199	1161	1133.333333	1145.666667	1145.666667	1172.333333	1199	1106.666667	1146.666667	1113.333333	1273.333333	1194.333333
316125815	972.89	1265.666667	1301	1265.666667	1234.333333	1172.333333	1172.333333	1146.666667	1199	1166.666667	1132.333333	1149	1149	1167.666667	1185.666667	1092.333333	1133.333333	1113.333333	1274.333333	1192.333333
316125820	982.25	1257.666667	1292.333333	1256.666667	1220	1180	1180	1147.666667	1213.333333	1166.666667	1134.333333	1150	1151	1185.666667	1205.666667	1113.333333	1160	1120	1279	1193.333333
316125825	977.89	1263.333333	1301	1262.333333	1225.666667	1181	1181	1147.666667	1213.333333	1173.333333	1133.333333	1154.333333	1153.333333	1193.333333	1205.666667	1120	1159	1120	1280	1206.666667
316125830	980.49	1266.666667	1299	1267.666667	1232.333333	1176.666667	1176.666667	1141	1214.333333	1172.333333	1134.333333	1152.333333	1152.333333	1185.666667	1207.666667	1113.333333	1161	1132.333333	1287.666667	1212.333333
316125835	991.77	1265.666667	1300	1267.666667	1232.333333	1179	1181	1145.666667	1213.333333	1165.666667	1133.333333	1151	1150	1186.666667	1205.666667	1112.333333	1159	1125.666667	1286.666667	1221
316125840	990.69	1257.666667	1294.333333	1256.666667	1221	1181	1180	1145.666667	1212.333333	1165.666667	1132.333333	1151	1149	1186.666667	1205.666667	1113.333333	1161	1126.666667	1286.666667	1207.666667
316125845	990.42	1263.333333	1300	1262.333333	1227.666667	1179	1181	1146.666667	1214.333333	1167.666667	1133.333333	1150	1149	1186.666667	1205.666667	1114.333333	1154.333333	1126.666667	1285.666667	1219
316125850	989.79	1263.333333	1301	1263.333333	1227.666667	1181	1180	1147.666667	1214.333333	1165.666667	1133.333333	1149	1149	1187.666667	1205.666667	1112.333333	1160	1119	1280	1213.333333
316125855	989.85	1265.666667	1299	1267.666667	1232.333333	1179	1181	1145.666667	1213.333333	1166.666667	1134.333333	1149	1151	1185.666667	1212.333333	1112.333333	1161	1127.666667	1285.666667	1214.333333
316125900	990.95	1267.666667	1300	1266.666667	1232.333333	1181	1180	1145.666667	1213.333333	1166.666667	1133.333333	1150	1151	1187.666667	1207.666667	1112.333333	1159	1120	1287.666667	1214.333333
316125905	991.83	1263.333333	1301	1263.333333	1226.666667	1180	1179	1147.666667	1214.333333	1165.666667	1132.333333	1151	1149	1185.666667	1206.666667	1120	1159	1126.666667	1286.666667	1213.333333
316125910	964.29	1263.333333	1301	1263.333333	1227.666667	1179	1181	1147.666667	1213.333333	1166.666667	1133.333333	1151	1151	1186.666667	1205.666667	1114.333333	1160	1121	1285.666667	1212.333333
316125915	989.1	1300	1300	1300	1300	1181	1181	1146.666667	1213.333333	1165.666667	1133.333333	1150	1150	1187.666667	1206.666667	1113.333333	1159	1126.666667	1285.666667	1212.333333
316125920	988.76	1260	1299	1260	1220	1180	1180	1145.666667	1212.333333	1167.666667	1120	1144.333333	1143.333333	1185.666667	1207.666667	1113.333333	1160	1121	1293.333333	1213.333333
316125925	987.76	1299	1299	1299	1299	1169	1169	1139	1200	1167.666667	1133.333333	1150	1150	1187.666667	1207.666667	1112.333333	1161	1121	1285.666667	1212.333333
316125930	990.74	1300	1300	1300	1300	1169	1169	1140	1201	1167.666667	1134.333333	1151	1150	1185.666667	1205.666667	1114.333333	1169.888889	1119	1285.666667	1214.333333
316125935	991.63	1300	1301	1301	1299	1173.333333	1172.333333	1140	1207.666667	1165.666667	1134.333333	1151	1150	1186.666667	1207.666667	1114.333333	1154.333333	1126.666667	1293.333333	1214.333333
316125940	987.24	1301	1301	1301	1301	1169	1170	1140	1201	1166.666667	1126.666667	1146.666667	1146.666667	1185.666667	1207.666667	1112.333333	1161	1126.666667	1287.666667	1214.333333
316125945	983.51	1301	1299	1300	1301	1170	1170	1140	1201	1167.666667	1134.333333	1149	1149	1185.666667	1207.666667	1112.333333	1159	1125.666667	1287.666667	1214.333333
316125950	973.35	1300	1301	1300	1300	1169	1170	1141	1199	1153.333333	1113.333333	1134.333333	1132.333333	1185.666667	1206.666667	1112.333333	1159	1127.666667	1293.333333	1212.333333
316125955	972.46	1301	1299	1299	1299	1171	1170	1141	1199	1167.666667	1125.666667	1145.666667	1147.666667	1186.666667	1206.666667	1113.333333	1153.333333	1126.666667	1294.333333	1212.333333
316130000	974	1287.666667	1287.666667	1285.666667	1287.666667	1159	1159	1127.666667	1192.333333	1147.666667	1112.333333	1130	1131	1179	1205.666667	1112.333333	1160	1114.333333	1286.666667	1213.333333
316130005	969.32	1281	1279	1280	1281	1145.666667	1146.666667	1119	1172.333333	1153.333333	1119	1135.666667	1136.666667	1180	1193.333333	1106.666667	1153.333333	1119	1285.666667	1214.333333
316130010	966.77	1273.333333	1273.333333	1272.333333	1272.333333	1151	1151	1119	1181	1152.333333	1113.333333	1132.333333	1133.333333	1181	1206.666667	1112.333333	1153.333333	1113.333333	1272.333333	1192.333333
316130015	972.87	1281	1280	1279	1281	1146.666667	1147.666667	1120	1173.333333	1167.666667	1120	1142.333333	1144.333333	1166.666667	1186.666667	1105.666667	1140	1114.333333	1274.333333	1194.333333
316130020	976.07	1281	1280	1280	1281	1147.666667	1146.666667	1119	1174.333333	1152.333333	1121	1137.666667	1137.666667	1172.333333	1193.333333	1106.666667	1146.666667	1106.666667	1273.333333	1193.333333
316130025	981	1272.333333	1272.333333	1274.333333	1272.333333	1152.333333	1153.333333	1119	1186.666667	1145.666667	1113.333333	1130	1130	1180	1192.333333	1107.666667	1139	1121	1287.666667	1213.333333
316130030	982.93	1265.666667	1266.666667	1267.666667	1267.666667	1155.666667	1156.666667	1121	1194.333333	1139	1099	1120	1120	1172.333333	1192.333333	1107.666667	1140	1121	1280	1213.333333
316130035	977.91	1260	1259	1259	1259	1145.666667	1147.666667	1119	1172.333333	1145.666667	1113.333333	1130	1129	1187.666667	1205.666667	1112.333333	1160	1119	1281	1200
316130040	969.1	1279	1280	1281	1281	1147.666667	1145.666667	1120	1174.333333	1152.333333	1114.333333	1134.333333	1133.333333	1181	1212.333333	1112.333333	1161	1112.333333	1274.333333	1194.333333
316130045	958.13	1281	1281	1280	1280	1161	1159	1127.666667	1193.333333	1167.666667	1121	1143.333333	1144.333333	1185.666667	1212.333333	1125.666667	1160	1121	1286.666667	1212.333333
316130050	967.61	1281	1280	1280	1281	1163.333333	1163.333333	1134.333333	1193.333333	1166.666667	1125.666667	1146.666667	1146.666667	1193.333333	1205.666667	1125.666667	1166.666667	1120	1292.333333	1212.333333
316130055	963.69	1286.666667	1285.666667	1286.666667	1286.666667	1162.333333	1162.333333	1132.333333	1192.333333	1165.666667	1132.333333	1149	1151	1187.666667	1214.333333	1120	1161	1121	1292.333333	1214.333333
316130100	960.98	1286.666667	1287.666667	1286.666667	1285.666667	1171	1171	1140	1200	1166.666667	1134.333333	1149	1149	1181	1199	1113.333333	1154.333333	1093.333333	1252.333333	1172.333333
316130105	959.43	1287.666667	1286.666667	1285.666667	1285.666667	1181	1179	1145.666667	1213.333333	1166.666667	1127.666667	1145.666667	1147.666667	1153.333333	1173.333333	1085.666667	1134.333333	1127.666667	1292.333333	1213.333333
316130110	959.64	1293.333333	1293.333333	1294.333333	1294.333333	1172.333333	1172.333333	1140	1205.666667	1161	1121	1141	1139	1181	1201	1107.666667	1152.333333	1126.666667	1292.333333	1213.333333
316130115	959.67	1301	1301	1299	1301	1171	1171	1141	1201	1167.666667	1126.666667	1146.666667	1147.666667	1201	1207.666667	1127.666667	1181	1134.333333	1294.333333	1212.333333
316130120	962.57	1287.666667	1286.666667	1287.666667	1285.666667	1169	1169	1141	1201	1165.666667	1121	1143.333333	1142.333333	1201	1205.666667	1126.666667	1174.333333	1133.333333	1305.666667	1220
316130125	969.92	1301	1300	1301	1301	1181	1180	1146.666667	1213.333333	1165.666667	1134.333333	1150	1149	1194.333333	1221	1134.333333	1181.222222	1139	1307.666667	1221
316130130	971.73	1299	1301	1301	1300	1177.666667	1177.666667	1141	1212.333333	1187.666667	1132.333333	1160	1160	1207.666667	1219	1132.333333	1179	1133.333333	1300	1225.666667
316130135	974.23	1300	1299	1300	1299	1187.666667	1185.666667	1152.333333	1220	1187.666667	1133.333333	1161	1161	1207.666667	1225.666667	1133.333333	1179	1133.333333	1301	1220
316130140	977.3	1272.333333	1307.666667	1272.333333	1241	1192.333333	1193.333333	1159	1225.666667	1185.666667	1146.666667	1167.666667	1167.666667	1206.666667	1225.666667	1134.333333	1180	1141	1305.666667	1226.666667
316130145	977.94	1274.333333	1305.666667	1273.333333	1241	1191	1189	1161	1221	1187.666667	1147.666667	1166.666667	1165.666667	1207.666667	1226.666667	1133.333333	1179	1140	1306.666667	1234.333333
316130150	981.88	1275.666667	1314.333333	1277.666667	1240	1193.333333	1194.333333	1161	1225.666667	1187.666667	1147.666667	1165.666667	1165.666667	1207.666667	1227.666667	1132.333333	1180	1140	1307.666667	1227.666667
316130155	975.6	1276.666667	1320	1275.666667	1234.333333	1197.666667	1196.666667	1159	1233.333333	1185.666667	1147.666667	1167.666667	1165.666667	1205.666667	1226.666667	1140	1180	1132.333333	1305.666667	1227.666667
316130200	979.27	1274.333333	1306.666667	1274.333333	1240	1199	1199	1165.666667	1232.333333	1185.666667	1145.666667	1165.666667	1166.666667	1207.666667	1225.666667	1145.666667	1179	1134.333333	1306.666667	1233.333333
316130205	985.84	1281	1320	1281	1240	1200	1199	1167.666667	1233.333333	1187.666667	1146.666667	1167.666667	1166.666667	1207.666667	1226.666667	1147.666667	1181	1141	1306.666667	1232.333333
316130210	988.55	1279	1320	1280	1239	1201	1200	1165.666667	1233.333333	1186.666667	1146.666667	1165.666667	1166.666667	1206.666667	1226.666667	1147.666667	1185.666667	1141	1305.666667	1232.333333
316130215	990.87	1280	1321	1281	1240	1201	1200	1166.666667	1233.333333	1187.666667	1145.666667	1167.666667	1165.666667	1205.666667	1225.666667	1146.666667	1193.333333	1140	1307.666667	1232.333333
316130220	990.24	1279	1321	1280	1241	1199	1201	1166.666667	1232.333333	1187.666667	1147.666667	1166.666667	1165.666667	1207.666667	1227.666667	1141	1180	1140	1307.666667	1232.333333
316130225	988.74	1281	1321	1281	1241	1201	1199	1166.666667	1234.333333	1186.666667	1154.333333	1170	1170	1213.333333	1232.333333	1134.333333	1180	1140	1307.666667	1233.333333
316130230	991.06	1321	1319	1319	1319	1201	1200	1166.666667	1233.333333	1185.666667	1152.333333	1170	1171	1205.666667	1219	1132.333333	1180	1126.666667	1307.666667	1219
316130235	990.36	1321	1319	1320	1320	1201	1201	1166.666667	1232.333333	1185.666667	1153.333333	1171	1171	1199	1221	1133.333333	1181	1127.666667	1306.666667	1220
316130240	990.9	1319	1321	1319	1319	1200	1201	1167.666667	1233.333333	1185.666667	1154.333333	1170	1170	1174.333333	1192.333333	1107.666667	1154.333333	1133.333333	1305.666667	1220
316130245	990.94	1319	1320	1319	1321	1199	1200	1167.666667	1234.333333	1187.666667	1153.333333	1169	1171	1166.666667	1181	1101	1140	1125.666667	1300	1213.333333
316130250	989.79	1321	1319	1321	1319	1199	1201	1165.666667	1234.333333	1187.666667	1145.666667	1165.666667	1165.666667	1165.666667	1174.333333	1092.333333	1134.333333	1121	1292.333333	1213.333333
316130255	990.77	1319	1321	1320	1321	1195.666667	1195.666667	1160	1232.333333	1186.666667	1153.333333	1169	1170	1167.666667	1173.333333	1106.666667	1141	1120	1293.333333	1212.333333
316130300	991.28	1320	1319	1320	1321	1171	1171	1140	1199	1185.666667	1146.666667	1166.666667	1165.666667	1166.666667	1173.333333	1093.333333	1133.333333	1140	1314.333333	1234.333333
316130305	991.69	1321	1321	1321	1321	1166.666667	1167.666667	1139	1192.333333	1165.666667	1132.333333	1149	1151	1186.666667	1205.666667	1121	1161	1140	1313.333333	1233.333333
316130310	990.36	1299	1301	1301	1299	1161	1159	1127.666667	1192.333333	1167.666667	1119	1142.333333	1143.333333	1206.666667	1227.666667	1146.666667	1179	1140	1306.666667	1234.333333
316130315	990.4	1299	1300	1301	1301	1135.666667	1135.666667	1106.666667	1167.666667	1165.666667	1121	1144.333333	1143.333333	1205.666667	1214.333333	1132.333333	1179	1141	1321	1232.333333
316130320	990.93	1299	1301	1301	1301	1161	1160	1127.666667	1194.333333	1165.666667	1133.333333	1151	1150	1192.333333	1214.333333	1127.666667	1174.333333	1140	1306.666667	1227.666667
316130325	989.6	1305.666667	1307.666667	1306.666667	1306.666667	1145.666667	1147.666667	1120	1173.333333	1166.666667	1134.333333	1150	1150	1192.333333	1212.333333	1133.333333	1172.333333	1127.666667	1307.666667	1227.666667
316130330	990.02	1281	1281	1280	1279	1160	1159	1127.666667	1194.333333	1165.666667	1134.333333	1149	1151	1186.666667	1212.333333	1125.666667	1174.333333	1126.666667	1305.666667	1220
316130335	990.81	1279	1279	1281	1281	1167.666667	1167.666667	1140	1194.333333	1165.666667	1133.333333	1150	1149	1185.666667	1206.666667	1127.666667	1173.333333	1120	1299	1214.333333
316130340	925.93	1279	1281	1280	1280	1155.666667	1156.666667	1126.666667	1185.666667	1187.666667	1132.333333	1159	1160	1207.666667	1226.666667	1145.666667	1193.333333	1120	1299	1214.333333
316130345	938.81	1305.666667	1307.666667	1307.666667	1306.666667	1166.666667	1166.666667	1139	1194.333333	1185.666667	1147.666667	1166.666667	1165.666667	1205.666667	1225.666667	1146.666667	1193.333333	1125.666667	1306.666667	1221
316130350	935.75	1287.666667	1287.666667	1287.666667	1286.666667	1179	1179	1147.666667	1213.333333	1166.666667	1120	1144.333333	1143.333333	1207.666667	1205.666667	1132.333333	1179	1126.666667	1306.666667	1220
316130355	917.65	1286.666667	1287.666667	1287.666667	1286.666667	1180	1180	1147.666667	1213.333333	1165.666667	1127.666667	1147.666667	1146.666667	1219	1232.333333	1146.666667	1200	1127.666667	1305.666667	1213.333333
316130400	954.33	1300	1301	1299	1299	1183.333333	1184.333333	1154.333333	1213.333333	1147.666667	1114.333333	1129	1129	1207.666667	1226.666667	1145.666667	1192.333333	1133.333333	1307.666667	1232.333333
316130405	949.42	1287.666667	1287.666667	1285.666667	1287.666667	1182.333333	1183.333333	1152.333333	1213.333333	1134.333333	1099	1117.666667	1115.666667	1227.666667	1234.333333	1152.333333	1201	1133.333333	1306.666667	1219
316130410	962.39	1281	1279	1279	1280	1182.333333	1182.333333	1154.333333	1214.333333	1145.666667	1112.333333	1130	1131	1220	1226.666667	1154.333333	1201	1139	1305.666667	1234.333333
316130415	967.55	1279	1280	1280	1279	1183.333333	1184.333333	1152.333333	1212.333333	1139	1100	1119	1121	1212.333333	1225.666667	1152.333333	1201	1140	1305.666667	1233.333333
316130420	970.24	1261	1259	1259	1261	1186.666667	1186.666667	1159	1212.333333	1125.666667	1086.666667	1107.666667	1106.666667	1206.666667	1233.333333	1152.333333	1192.333333	1125.666667	1306.666667	1221
316130425	961.24	1261	1260	1260	1260	1181	1180	1147.666667	1213.333333	1146.666667	1099	1123.333333	1124.333333	1213.333333	1226.666667	1147.666667	1200	1141	1313.333333	1233.333333
316130430	973.19	1293.333333	1293.333333	1294.333333	1293.333333	1166.666667	1165.666667	1140	1192.333333	1140	1094.333333	1116.666667	1115.666667	1205.666667	1213.333333	1125.666667	1172.333333	1119	1292.333333	1213.333333
316130435	982.21	1281	1280	1279	1281	1160	1159	1126.666667	1194.333333	1113.333333	1081	1097.666667	1096.666667	1185.666667	1213.333333	1127.666667	1172.333333	1106.666667	1286.666667	1192.333333
316130440	975.28	1253.333333	1253.333333	1254.333333	1253.333333	1177.666667	1176.666667	1140	1214.333333	1126.666667	1093.333333	1110	1111	1165.666667	1187.666667	1106.666667	1152.333333	1100	1267.666667	1187.666667
316130445	980.25	1245.666667	1246.666667	1245.666667	1246.666667	1166.666667	1165.666667	1140	1194.333333	1133.333333	1094.333333	1113.333333	1112.333333	1160	1174.333333	1092.333333	1132.333333	1112.333333	1287.666667	1201
316130450	973.74	1281	1281	1279	1281	1171	1170	1141	1200	1134.333333	1101	1116.666667	1116.666667	1141	1152.333333	1066.666667	1114.333333	1099	1265.666667	1179
316130455	968.52	1279	1280	1281	1279	1157.666667	1156.666667	1127.666667	1185.666667	1166.666667	1127.666667	1147.666667	1145.666667	1159	1173.333333	1094.333333	1132.333333	1119	1300	1213.333333
316130500	973.79	1294.333333	1294.333333	1293.333333	1294.333333	1146.666667	1146.666667	1120	1174.333333	1161	1120	1141	1141	1152.333333	1174.333333	1094.333333	1132.333333	1126.666667	1307.666667	1220
316130505	977.81	1286.666667	1287.666667	1286.666667	1287.666667	1110	1111	1081	1140	1165.666667	1120	1142.333333	1144.333333	1166.666667	1174.333333	1100	1139	1141	1313.333333	1234.333333
316130510	961.24	1274.333333	1274.333333	1274.333333	1272.333333	1103.333333	1102.333333	1080	1126.666667	1147.666667	1119	1132.333333	1133.333333	1167.666667	1185.666667	1107.666667	1153.333333	1140	1314.333333	1232.333333
316130515	953.59	1245.666667	1246.666667	1246.666667	1245.666667	1094.333333	1094.333333	1067.666667	1120	1119	1079	1100	1101	1185.666667	1200	1119	1166.666667	1132.333333	1307.666667	1226.666667
316130520	953.37	1213.333333	1214.333333	1214.333333	1212.333333	1044.333333	1043.333333	1021	1065.666667	1094.333333	1061	1077.666667	1077.666667	1200	1205.666667	1132.333333	1173.333333	1141	1325.666667	1240
316130525	958.94	1193.333333	1192.333333	1193.333333	1193.333333	1051	1050	1026.666667	1074.333333	1045.666667	1021	1032.333333	1034.333333	1207.666667	1220	1146.666667	1186.666667	1145.666667	1327.666667	1253.333333
316130530	955.69	1153.333333	1154.333333	1154.333333	1154.333333	1084.333333	1082.333333	1060	1105.666667	972.3333333	953.3333333	962.3333333	962.3333333	1226.666667	1245.666667	1167.666667	1212.333333	1161	1346.666667	1259
316130535	955.39	1094.333333	1093.333333	1093.333333	1094.333333	1092.333333	1093.333333	1067.666667	1119	1007.666667	981	993.3333333	992.3333333	1225.666667	1245.666667	1166.666667	1213.333333	1160	1347.666667	1267.666667
316130540	946.39	1141	1140	1141	1141	1181	1180	1146.666667	1213.333333	973.3333333	954.3333333	963.3333333	964.3333333	1233.333333	1247.666667	1172.333333	1221	1174.333333	1346.666667	1280
316130545	920.42	1112.333333	1114.333333	1112.333333	1113.333333	1191	1190	1165.666667	1213.333333	987.6666667	965.6666667	976.6666667	977.6666667	1245.666667	1267.666667	1185.666667	1240	1165.666667	1359	1279
316130550	893.57	1206.666667	1207.666667	1206.666667	1207.666667	1219	1219	1187.666667	1254.333333	1054.333333	1025.666667	1039	1041	1247.666667	1266.666667	1192.333333	1239	1166.666667	1361	1280
316130555	880.15	1246.666667	1245.666667	1245.666667	1246.666667	1222.333333	1223.333333	1185.666667	1261	1125.666667	1081	1103.333333	1102.333333	1253.333333	1265.666667	1192.333333	1239	1172.333333	1365.666667	1287.666667
316130600	852.57	1301	1299	1300	1300	1237.666667	1237.666667	1199	1272.333333	1187.666667	1134.333333	1159	1159	1247.666667	1272.333333	1193.333333	1240	1167.666667	1352.333333	1267.666667
316130605	819.64	1304.333333	1340	1304.333333	1267.666667	1242.333333	1242.333333	1207.666667	1279	1220	1174.333333	1195.666667	1195.666667	1260	1273.333333	1194.333333	1239	1165.666667	1366.666667	1280
316130610	852.93	1312.333333	1352.333333	1314.333333	1274.333333	1240	1239	1207.666667	1273.333333	1219	1179	1201	1199	1260	1272.333333	1192.333333	1239	1172.333333	1361	1281
316130615	840.79	1317.666667	1359	1316.666667	1272.333333	1242.333333	1244.333333	1206.666667	1280	1220	1180	1200	1199	1261	1266.666667	1193.333333	1240	1172.333333	1365.666667	1281
316130620	920.95	1317.666667	1360	1317.666667	1273.333333	1247.666667	1245.666667	1213.333333	1279	1225.666667	1185.666667	1206.666667	1206.666667	1260	1274.333333	1193.333333	1239	1173.333333	1365.666667	1280
316130625	955.19	1317.666667	1361	1317.666667	1273.333333	1244.333333	1243.333333	1206.666667	1281	1234.333333	1187.666667	1209	1209	1261	1272.333333	1194.333333	1241	1174.333333	1367.666667	1279
316130630	982.27	1320	1353.333333	1320	1285.666667	1247.666667	1247.666667	1214.333333	1280	1233.333333	1187.666667	1209	1211	1254.333333	1273.333333	1192.333333	1241	1172.333333	1366.666667	1279
316130635	989.82	1315.666667	1361	1317.666667	1274.333333	1250	1250	1214.333333	1285.666667	1232.333333	1185.666667	1211	1209	1259	1272.333333	1193.333333	1239	1174.333333	1365.666667	1281
316130640	991.19	1320	1361	1321	1281	1245.666667	1246.666667	1213.333333	1281	1240	1185.666667	1213.333333	1214.333333	1259	1274.333333	1194.333333	1239	1173.333333	1367.666667	1280
316130645	991.62	1321	1359	1319	1280	1243.333333	1244.333333	1206.666667	1281	1240	1186.666667	1213.333333	1213.333333	1259	1272.333333	1193.333333	1241	1166.666667	1366.666667	1279
316130650	989.76	1320	1359	1319	1280	1255.666667	1255.666667	1221	1292.333333	1240	1186.666667	1214.333333	1214.333333	1260	1274.333333	1200	1247.666667	1173.333333	1367.666667	1286.666667
316130655	989.52	1315.666667	1360	1316.666667	1273.333333	1239	1240	1206.666667	1273.333333	1241	1187.666667	1212.333333	1212.333333	1261	1274.333333	1201	1259	1181	1366.666667	1286.666667
316130700	991.95	1323.333333	1359	1322.333333	1286.666667	1241	1239	1206.666667	1274.333333	1233.333333	1186.666667	1209	1211	1261	1274.333333	1206.666667	1252.333333	1179	1367.666667	1286.666667
316130705	990.83	1312.333333	1353.333333	1313.333333	1273.333333	1243.333333	1244.333333	1207.666667	1279	1221	1180	1200	1200	1259	1279	1205.666667	1260	1172.333333	1367.666667	1287.666667
316130710	989.43	1314.333333	1353.333333	1312.333333	1273.333333	1236.666667	1235.666667	1199	1272.333333	1232.333333	1187.666667	1211	1209	1260	1273.333333	1194.333333	1247.666667	1179	1367.666667	1279
316130715	989.13	1313.333333	1354.333333	1314.333333	1273.333333	1249	1249	1214.333333	1287.666667	1225.666667	1179	1202.333333	1203.333333	1261	1272.333333	1201	1252.333333	1179	1367.666667	1287.666667
316130720	990.23	1312.333333	1353.333333	1314.333333	1274.333333	1245.666667	1247.666667	1214.333333	1279	1227.666667	1179	1204.333333	1204.333333	1261	1272.333333	1193.333333	1240	1159	1359	1280
316130725	990.22	1317.666667	1361	1317.666667	1274.333333	1257.666667	1257.666667	1219	1294.333333	1220	1181	1199	1199	1260	1272.333333	1205.666667	1253.333333	1165.666667	1366.666667	1281
316130730	989.9	1321	1361	1321	1280	1251	1249	1213.333333	1285.666667	1221	1167.666667	1193.333333	1192.333333	1260	1279	1206.666667	1260	1180	1365.666667	1287.666667
316130735	990.23	1306.666667	1339	1307.666667	1272.333333	1242.333333	1243.333333	1207.666667	1279	1199	1146.666667	1173.333333	1173.333333	1259	1274.333333	1206.666667	1253.333333	1179	1374.333333	1294.333333
316130740	990.59	1301	1340	1301	1260	1236.666667	1237.666667	1199	1274.333333	1187.666667	1154.333333	1171	1171	1261	1280	1207.666667	1253.333333	1180	1366.666667	1292.333333
316130745	989.88	1296.666667	1341	1297.666667	1252.333333	1243.333333	1243.333333	1206.666667	1280	1220	1166.666667	1192.333333	1192.333333	1261	1287.666667	1207.666667	1261	1181	1366.666667	1287.666667
316130750	988.3	1306.666667	1345.666667	1307.666667	1266.666667	1235.666667	1237.666667	1199	1273.333333	1221	1181	1200	1201	1261	1272.333333	1205.666667	1260	1179	1365.666667	1285.666667
316130755	989.52	1313.333333	1353.333333	1314.333333	1272.333333	1245.666667	1245.666667	1213.333333	1279	1233.333333	1186.666667	1210	1211	1261	1280	1212.333333	1261	1179	1372.333333	1293.333333
316130800	990.79	1315.666667	1360	1317.666667	1272.333333	1246.666667	1245.666667	1213.333333	1280	1241	1186.666667	1214.333333	1213.333333	1260	1281	1206.666667	1259	1181	1372.333333	1293.333333
316130805	989.1	1319	1361	1321	1279	1236.666667	1235.666667	1199	1273.333333	1219	1181	1199	1200	1261	1280	1207.666667	1253.333333	1179	1365.666667	1286.666667
316130810	989.47	1302.333333	1340	1304.333333	1265.666667	1237.666667	1235.666667	1199	1273.333333	1219	1179	1201	1199	1261	1280	1200	1246.666667	1173.333333	1367.666667	1287.666667
316130815	990.84	1284.333333	1319	1283.333333	1245.666667	1235.666667	1235.666667	1199	1273.333333	1219	1174.333333	1195.666667	1195.666667	1259	1266.666667	1194.333333	1245.666667	1174.333333	1367.666667	1280
316130820	990.03	1354.333333	1352.333333	1353.333333	1352.333333	1237.666667	1235.666667	1199	1273.333333	1221	1181	1199	1199	1247.666667	1266.666667	1193.333333	1239	1159	1345.666667	1266.666667
316130825	990.29	1339	1341	1340	1339	1241	1240	1207.666667	1272.333333	1226.666667	1181	1203.333333	1202.333333	1227.666667	1245.666667	1166.666667	1221	1153.333333	1346.666667	1260
316130830	990.67	1360	1361	1359	1359	1236.666667	1236.666667	1199	1274.333333	1233.333333	1185.666667	1210	1210	1219	1240	1159	1206.666667	1145.666667	1340	1252.333333
316130835	989.1	1352.333333	1353.333333	1354.333333	1354.333333	1203.333333	1202.333333	1173.333333	1234.333333	1220	1180	1200	1200	1233.333333	1247.666667	1174.333333	1226.666667	1160	1345.666667	1267.666667
316130840	989.35	1359	1359	1359	1360	1227.666667	1227.666667	1192.333333	1261	1205.666667	1167.666667	1185.666667	1186.666667	1240	1254.333333	1172.333333	1221	1160	1347.666667	1260
316130845	989.4	1332.333333	1333.333333	1333.333333	1332.333333	1235.666667	1235.666667	1200	1273.333333	1206.666667	1166.666667	1185.666667	1187.666667	1239	1247.666667	1179	1226.666667	1161	1345.666667	1260
316130850	991.01	1340	1339	1339	1341	1227.666667	1226.666667	1193.333333	1259	1205.666667	1165.666667	1186.666667	1185.666667	1245.666667	1259	1187.666667	1240	1159	1354.333333	1267.666667
316130855	991.55	1339	1341	1341	1341	1256.666667	1257.666667	1220	1294.333333	1199	1153.333333	1175.666667	1177.666667	1247.666667	1253.333333	1185.666667	1232.333333	1161	1345.666667	1265.666667
316130900	991.71	1341	1340	1341	1339	1235.666667	1235.666667	1201	1273.333333	1221	1174.333333	1195.666667	1197.666667	1259	1273.333333	1193.333333	1240	1165.666667	1347.666667	1267.666667
316130905	990.42	1353.333333	1353.333333	1354.333333	1353.333333	1235.666667	1236.666667	1199	1273.333333	1220	1174.333333	1197.666667	1195.666667	1254.333333	1266.666667	1194.333333	1241	1179	1366.666667	1285.666667
316130910	990.19	1340	1339	1340	1340	1221	1219	1185.666667	1253.333333	1192.333333	1146.666667	1169	1170	1193.333333	1206.666667	1134.333333	1181	1126.666667	1306.666667	1227.666667
316130915	989.63	1321	1320	1319	1319	1166.666667	1166.666667	1132.333333	1199	1201	1153.333333	1175.666667	1177.666667	1166.666667	1172.333333	1105.666667	1153.333333	1094.333333	1267.666667	1174.333333
316130920	991.56	1286.666667	1327.666667	1287.666667	1245.666667	1199	1199	1165.666667	1233.333333	1207.666667	1165.666667	1186.666667	1187.666667	1092.333333	1099	1040	1074.333333	1080	1247.666667	1172.333333
316130925	991.77	1296.666667	1339	1295.666667	1252.333333	1199	1200	1165.666667	1233.333333	1241	1181	1210	1210	1114.333333	1127.666667	1059	1092.333333	1106.666667	1286.666667	1199
316130930	989.63	1311	1353.333333	1310	1265.666667	1204.333333	1203.333333	1172.333333	1233.333333	1241	1187.666667	1213.333333	1214.333333	1167.666667	1172.333333	1105.666667	1154.333333	1119	1305.666667	1214.333333
316130935	989.65	1312.333333	1354.333333	1312.333333	1272.333333	1243.333333	1242.333333	1205.666667	1280	1241	1192.333333	1217.666667	1217.666667	1187.666667	1194.333333	1125.666667	1172.333333	1120	1299	1214.333333
316130940	990.35	1315.666667	1359	1317.666667	1274.333333	1244.333333	1244.333333	1207.666667	1281	1239	1185.666667	1213.333333	1213.333333	1185.666667	1185.666667	1112.333333	1153.333333	1119	1285.666667	1201
316130945	990.26	1325.666667	1367.666667	1327.666667	1286.666667	1242.333333	1243.333333	1212.333333	1274.333333	1227.666667	1185.666667	1207.666667	1207.666667	1159	1172.333333	1101	1145.666667	1120	1307.666667	1227.666667
316130950	990.21	1317.666667	1361	1315.666667	1273.333333	1232.333333	1234.333333	1200	1266.666667	1221	1181	1199	1200	1199	1205.666667	1139	1180	1139	1326.666667	1245.666667
316130955	933.22	1312.333333	1353.333333	1314.333333	1273.333333	1181	1179	1145.666667	1214.333333	1221	1167.666667	1194.333333	1192.333333	1194.333333	1213.333333	1141	1180	1134.333333	1312.333333	1232.333333
316131000	978.76	1281	1320	1279	1241	1116.666667	1116.666667	1087.666667	1146.666667	1121	1079	1099	1101	1206.666667	1221	1145.666667	1201	1140	1326.666667	1241
316131005	978.35	1183.333333	1212.333333	1183.333333	1154.333333	1153.333333	1152.333333	1126.666667	1180	1094.333333	1061	1077.666667	1076.666667	1166.666667	1172.333333	1112.333333	1152.333333	1119	1299	1214.333333
316131010	985.98	1201	1239	1201	1160	1151	1151	1119	1181	1120	1081	1101	1100	1147.666667	1153.333333	1081	1126.666667	1059	1227.666667	1140
316131015	990.3	1212.333333	1245.666667	1212.333333	1179	1091	1090	1060	1119	1112.333333	1080	1097.666667	1096.666667	1085.666667	1087.666667	1020	1059	1012.333333	1174.333333	1073.333333
316131020	989.17	1210	1239	1209	1181	1037.666667	1037.666667	1013.333333	1060	1121	1079	1099	1101	1032.333333	1034.333333	966.6666667	1007.666667	992.3333333	1154.333333	1053.333333
316131025	990.14	1161	1193.333333	1161	1126.666667	1014.333333	1014.333333	994.3333333	1032.333333	1052.333333	1026.666667	1039	1040	979	987.6666667	927.6666667	965.6666667	954.3333333	1093.333333	999
316131030	991.65	1111	1140	1110	1081	1026.666667	1027.666667	1007.666667	1046.666667	1061	1025.666667	1043.333333	1044.333333	979	981	914.3333333	947.6666667	926.6666667	1074.333333	960
316131035	989.66	1102.333333	1140	1103.333333	1066.666667	1049	1050	1025.666667	1072.333333	1061	1033.333333	1046.666667	1046.666667	973.3333333	959	907.6666667	947.6666667	927.6666667	1072.333333	967.6666667
316131040	888.95	1101	1133.333333	1099	1067.666667	1011	1011	986.6666667	1034.333333	1046.666667	1019	1033.333333	1033.333333	952.3333333	960	892.3333333	926.6666667	866.6666667	993.3333333	900
316131045	934.36	1121	1154.333333	1120	1086.666667	1010	1011	986.6666667	1032.333333	1046.666667	1019	1034.333333	1033.333333	952.3333333	947.6666667	892.3333333	925.6666667	834.3333333	967.6666667	860
316131050	947.21	1082.333333	1114.333333	1082.333333	1054.333333	1033.333333	1033.333333	1014.333333	1053.333333	992.3333333	974.3333333	982.3333333	984.3333333	992.3333333	994.3333333	932.3333333	966.6666667	846.6666667	973.3333333	879
316131055	899.41	1103.333333	1141	1103.333333	1066.666667	1076.666667	1077.666667	1053.333333	1100	1045.666667	1013.333333	1031	1031	993.3333333	993.3333333	934.3333333	967.6666667	927.6666667	1073.333333	959
316131100	857.2	1139	1174.333333	1141	1106.666667	1091	1090	1059	1121	1061	1026.666667	1043.333333	1044.333333	1005.666667	1013.333333	947.6666667	985.6666667	960	1114.333333	1013.333333
316131105	806.41	1162.333333	1200	1164.333333	1125.666667	1094.333333	1094.333333	1066.666667	1120	1079	1045.666667	1062.333333	1064.333333	1020	1027.666667	961	1001	979	1134.333333	1041
316131110	805.21	1179	1220	1180	1141	1077.666667	1077.666667	1054.333333	1100	1100	1079	1091	1091	1072.333333	1074.333333	1007.666667	1046.666667	992.3333333	1152.333333	1054.333333
316131115	812.3	1201	1239	1201	1161	1067.666667	1067.666667	1040	1094.333333	1113.333333	1080	1096.666667	1095.666667	1112.333333	1120	1045.666667	1094.333333	953.3333333	1112.333333	1014.333333
316131120	808.27	1183.333333	1220	1184.333333	1147.666667	1075.666667	1077.666667	1052.333333	1101	1132.333333	1101	1116.666667	1117.666667	1092.333333	1107.666667	1040	1080	967.6666667	1121	1020
316131125	790.42	1199	1240	1199	1160	1023.333333	1022.333333	999	1047.666667	1133.333333	1092.333333	1113.333333	1112.333333	1133.333333	1141	1066.666667	1114.333333	934.3333333	1079	980
316131130	813.02	1202.333333	1241	1202.333333	1167.666667	970	971	947.6666667	993.3333333	1052.333333	1026.666667	1040	1041	1126.666667	1134.333333	1066.666667	1114.333333	847.6666667	974.3333333	879
316131135	850.92	1104.333333	1134.333333	1102.333333	1074.333333	970	970	947.6666667	992.3333333	965.6666667	952.3333333	961	961	1073.333333	1074.333333	1019	1061	866.6666667	999	900
316131140	869.1	1040	1067.666667	1040	1014.333333	1031	1029	1005.666667	1054.333333	972.3333333	954.3333333	963.3333333	962.3333333	1080	1080	1020	1065.666667	887.6666667	1032.333333	927.6666667
316131145	891.49	1076.666667	1112.333333	1076.666667	1040	1050	1051	1025.666667	1072.333333	1006.666667	974.3333333	990	991	1114.333333	1120	1061	1099	913.3333333	1065.666667	959
316131150	863.56	1111	1140	1111	1079	1062.333333	1064.333333	1041	1085.666667	1019	992.3333333	1007.666667	1005.666667	1134.333333	1147.666667	1080	1126.666667	972.3333333	1133.333333	1020
316131155	845.42	1105.666667	1139	1107.666667	1072.333333	1067.666667	1065.666667	1040	1094.333333	1046.666667	1012.333333	1029	1031	1165.666667	1174.333333	1105.666667	1152.333333	1020	1185.666667	1092.333333
316131200	853.22	1142.333333	1181	1142.333333	1106.666667	1047.666667	1045.666667	1020	1072.333333	1094.333333	1059	1077.666667	1075.666667	1152.333333	1173.333333	1099	1145.666667	1059	1227.666667	1132.333333
316131205	842.57	1180	1214.333333	1179	1147.666667	1056.666667	1057.666667	1032.333333	1080	1080	1039	1060	1059	1192.333333	1206.666667	1133.333333	1181	1052.333333	1220	1132.333333
316131210	786.2	1132.333333	1159	1132.333333	1106.666667	1065.666667	1067.666667	1039	1093.333333	1046.666667	1025.666667	1037.666667	1035.666667	1187.666667	1194.333333	1125.666667	1174.333333	1074.333333	1247.666667	1152.333333
316131215	766.83	1126.666667	1159	1127.666667	1094.333333	1081	1079	1059	1100	1066.666667	1041	1053.333333	1053.333333	1146.666667	1159	1092.333333	1134.333333	1087.666667	1266.666667	1172.333333
316131220	780.36	1133.333333	1159	1134.333333	1105.666667	1083.333333	1083.333333	1061	1107.666667	1046.666667	1014.333333	1029	1031	1132.333333	1140	1067.666667	1114.333333	1085.666667	1260	1174.333333
316131225	825.43	1142.333333	1179	1143.333333	1107.666667	1009	1011	985.6666667	1032.333333	1061	1027.666667	1044.333333	1044.333333	1092.333333	1079	1025.666667	1060	1066.666667	1245.666667	1153.333333
316131230	862.67	1156.666667	1185.666667	1155.666667	1126.666667	1059	1059	1040	1079	1025.666667	1005.666667	1015.666667	1017.666667	1107.666667	1107.666667	1046.666667	1093.333333	1054.333333	1225.666667	1134.333333
316131235	867.4	1117.666667	1145.666667	1116.666667	1086.666667	1051	1051	1026.666667	1074.333333	1054.333333	1020	1036.666667	1036.666667	1133.333333	1141	1081	1125.666667	1041	1213.333333	1113.333333
316131240	859.73	1119	1153.333333	1120	1087.666667	1012.333333	1013.333333	992.3333333	1032.333333	1006.666667	985.6666667	997.6666667	997.6666667	1092.333333	1092.333333	1026.666667	1065.666667	1000	1172.333333	1061
316131245	860.92	1106.666667	1141	1106.666667	1073.333333	1049	1049	1025.666667	1073.333333	1040	1013.333333	1025.666667	1025.666667	1079	1085.666667	1025.666667	1067.666667	1013.333333	1174.333333	1072.333333
316131250	862.68	1096.666667	1127.666667	1096.666667	1066.666667	984.3333333	982.3333333	966.6666667	1001	954.3333333	933.3333333	944.3333333	944.3333333	1020	1005.666667	952.3333333	979	1025.666667	1193.333333	1092.333333
316131255	881.05	1033.333333	1052.333333	1032.333333	1013.333333	887.6666667	885.6666667	874.3333333	899	912.3333333	886.6666667	900	901	1020	1012.333333	961	1006.666667	985.6666667	1147.666667	1041
316131300	880.36	1021	1047.666667	1021	992.3333333	897.6666667	897.6666667	881	912.3333333	846.6666667	826.6666667	835.6666667	837.6666667	1021	1014.333333	954.3333333	1001	1054.333333	1225.666667	1132.333333
316131305	860.17	915.6666667	934.3333333	916.6666667	900	902.3333333	903.3333333	885.6666667	920	767.6666667	760	763.3333333	762.3333333	1021	1014.333333	952.3333333	986.6666667	1012.333333	1173.333333	1072.333333
316131310	812.29	882.3333333	907.6666667	884.3333333	861	865.6666667	867.6666667	852.3333333	880	813.3333333	807.6666667	811	809	1001	1000	945.6666667	985.6666667	900	1033.333333	941
316131315	844.22	925.6666667	953.3333333	926.6666667	900	849	850	833.3333333	865.6666667	866.6666667	845.6666667	857.6666667	856.6666667	1053.333333	1054.333333	1000	1040	899	1033.333333	941
316131320	846.79	946.6666667	972.3333333	945.6666667	919	970	971	946.6666667	994.3333333	992.3333333	973.3333333	984.3333333	982.3333333	1119	1134.333333	1072.333333	1113.333333	954.3333333	1114.333333	999
316131325	817.76	1054.333333	1094.333333	1053.333333	1012.333333	1111	1111	1080	1140	1101	1072.333333	1085.666667	1085.666667	1207.666667	1219	1153.333333	1201	992.3333333	1145.666667	1045.666667
316131330	833.67	1191	1233.333333	1190	1147.666667	1173.333333	1173.333333	1147.666667	1201	1165.666667	1132.333333	1151	1151	1225.666667	1232.333333	1173.333333	1214.333333	1080	1265.666667	1159
316131335	730.44	1257.666667	1299	1255.666667	1212.333333	1202.333333	1202.333333	1173.333333	1232.333333	1165.666667	1134.333333	1150	1150	1232.333333	1245.666667	1179	1220	1145.666667	1347.666667	1246.666667
316131340	704.97	1277.666667	1320	1275.666667	1234.333333	1203.333333	1204.333333	1172.333333	1234.333333	1201	1159	1181	1180	1234.333333	1239	1172.333333	1219	1139	1326.666667	1239
316131345	713.34	1296.666667	1341	1295.666667	1252.333333	1204.333333	1204.333333	1172.333333	1233.333333	1193.333333	1153.333333	1172.333333	1173.333333	1206.666667	1221	1154.333333	1193.333333	1126.666667	1312.333333	1220
316131350	693.42	1267.666667	1306.666667	1265.666667	1226.666667	1185.666667	1187.666667	1152.333333	1221	1126.666667	1099	1113.333333	1113.333333	1201	1206.666667	1146.666667	1194.333333	1127.666667	1319	1220
316131355	677.82	1246.666667	1287.666667	1247.666667	1206.666667	1172.333333	1174.333333	1146.666667	1201	1145.666667	1099	1124.333333	1123.333333	1206.666667	1207.666667	1146.666667	1193.333333	1141	1325.666667	1239
316131400	703.66	1237.666667	1273.333333	1235.666667	1199	1172.333333	1172.333333	1147.666667	1199	1140	1100	1121	1121	1206.666667	1213.333333	1139	1187.666667	1140	1326.666667	1241
316131405	828.36	1241	1279	1239	1199	1149	1149	1120	1180	1145.666667	1114.333333	1130	1130	1207.666667	1212.333333	1147.666667	1193.333333	1125.666667	1327.666667	1227.666667
316131410	929.11	1247.666667	1286.666667	1247.666667	1207.666667	1184.333333	1183.333333	1153.333333	1214.333333	1165.666667	1121	1144.333333	1143.333333	1221	1225.666667	1165.666667	1214.333333	1145.666667	1347.666667	1261
316131415	977.9	1241	1280	1240	1200	1173.333333	1174.333333	1172.333333	1173.333333	1201	1165.666667	1184.333333	1182.333333	1239	1245.666667	1187.666667	1232.333333	1147.666667	1346.666667	1254.333333
316131420	992.33	1263.333333	1307.666667	1264.333333	1220	1192.333333	1193.333333	1167.666667	1221	1186.666667	1146.666667	1166.666667	1165.666667	1227.666667	1241	1174.333333	1212.333333	1160	1353.333333	1266.666667
316131425	990.55	1267.666667	1299	1266.666667	1234.333333	1166.666667	1166.666667	1165.666667	1166.666667	1167.666667	1127.666667	1146.666667	1146.666667	1187.666667	1193.333333	1139	1187.666667	1141	1327.666667	1239
316131430	990.97	1235.666667	1272.333333	1235.666667	1201	1236.666667	1235.666667	1200	1273.333333	1172.333333	1133.333333	1153.333333	1152.333333	1207.666667	1234.333333	1161	1205.666667	1125.666667	1326.666667	1227.666667
316131435	945.18	1261	1301	1261	1219	1235.666667	1235.666667	1200	1273.333333	1220	1165.666667	1193.333333	1194.333333	1234.333333	1245.666667	1186.666667	1233.333333	1147.666667	1345.666667	1241
316131440	930.61	1316.666667	1361	1315.666667	1272.333333	1252.333333	1254.333333	1219	1287.666667	1226.666667	1185.666667	1205.666667	1206.666667	1246.666667	1260	1194.333333	1241	1152.333333	1346.666667	1259
316131445	927.29	1324.333333	1366.666667	1322.333333	1280	1240	1240	1205.666667	1273.333333	1239	1181	1210	1211	1259	1266.666667	1200	1252.333333	1160	1367.666667	1272.333333
316131450	916.34	1330	1374.333333	1331	1286.666667	1209	1211	1179	1241	1219	1173.333333	1196.666667	1195.666667	1260	1273.333333	1205.666667	1259	1165.666667	1366.666667	1279
316131455	985.35	1307.666667	1346.666667	1305.666667	1265.666667	1220	1219	1179	1261	1221	1180	1200	1200	1247.666667	1254.333333	1194.333333	1233.333333	1167.666667	1372.333333	1272.333333
316131500	991.97	1301	1339	1301	1260	1206.666667	1206.666667	1174.333333	1240	1221	1174.333333	1197.666667	1195.666667	1205.666667	1212.333333	1160	1207.666667	1161	1367.666667	1266.666667
316131505	989.19	1297.666667	1341	1296.666667	1252.333333	1207.666667	1207.666667	1174.333333	1239	1221	1172.333333	1195.666667	1195.666667	1205.666667	1214.333333	1160	1205.666667	1140	1327.666667	1225.666667
316131510	989.81	1301	1340	1300	1261	1235.666667	1236.666667	1201	1273.333333	1186.666667	1146.666667	1167.666667	1165.666667	1219	1233.333333	1167.666667	1205.666667	1152.333333	1353.333333	1260
316131515	989.31	1284.333333	1327.666667	1282.333333	1239	1254.333333	1254.333333	1221	1285.666667	1221	1180	1200	1199	1234.333333	1245.666667	1194.333333	1234.333333	1159	1365.666667	1272.333333
316131520	989.17	1315.666667	1359	1315.666667	1274.333333	1252.333333	1252.333333	1221	1286.666667	1241	1187.666667	1214.333333	1213.333333	1261	1265.666667	1200	1253.333333	1140	1332.333333	1241
316131525	991.58	1337.666667	1381	1335.666667	1293.333333	1239	1239	1205.666667	1272.333333	1247.666667	1205.666667	1225.666667	1226.666667	1259	1273.333333	1213.333333	1254.333333	1160	1360	1260
316131530	989.88	1333.333333	1381	1334.333333	1287.666667	1205.666667	1206.666667	1172.333333	1240	1254.333333	1201	1227.666667	1227.666667	1213.333333	1226.666667	1167.666667	1214.333333	1152.333333	1353.333333	1253.333333
316131535	992.16	1321	1366.666667	1320	1273.333333	1194.333333	1192.333333	1166.666667	1220	1219	1174.333333	1197.666667	1197.666667	1226.666667	1227.666667	1180	1219	1154.333333	1347.666667	1252.333333
316131540	990.54	1262.333333	1307.666667	1263.333333	1221	1183.333333	1183.333333	1153.333333	1213.333333	1239	1185.666667	1212.333333	1214.333333	1221	1226.666667	1166.666667	1212.333333	1167.666667	1366.666667	1274.333333
316131545	980.45	1290	1341	1291	1240	1167.666667	1166.666667	1132.333333	1200	1241	1192.333333	1217.666667	1217.666667	1206.666667	1220	1159	1214.333333	1159	1359	1259
316131550	989.61	1311	1359	1311	1259	1153.333333	1154.333333	1126.666667	1179	1221	1186.666667	1203.333333	1203.333333	1181	1186.666667	1127.666667	1174.333333	1119	1320	1213.333333
316131555	991.59	1252.333333	1294.333333	1253.333333	1213.333333	1123.333333	1122.333333	1100	1147.666667	1147.666667	1120	1134.333333	1133.333333	1141	1146.666667	1085.666667	1134.333333	1127.666667	1327.666667	1219
316131600	990.24	1170	1212.333333	1171	1127.666667	1262.333333	1264.333333	1226.666667	1299	1113.333333	1080	1095.666667	1097.666667	1185.666667	1172.333333	1120	1161	1166.666667	1379	1280
316131605	991.5	1190	1234.333333	1189	1145.666667	1204.333333	1203.333333	1172.333333	1233.333333	1221	1172.333333	1195.666667	1195.666667	1152.333333	1160	1100	1132.333333	1145.666667	1346.666667	1246.666667
316131610	990.18	1260	1259	1261	1261	1186.666667	1185.666667	1154.333333	1221	1201	1166.666667	1183.333333	1183.333333	1066.666667	1052.333333	1012.333333	1039	1120	1312.333333	1221
316131615	966.69	1274.333333	1273.333333	1273.333333	1273.333333	1251	1250	1214.333333	1287.666667	1221	1180	1201	1200	986.6666667	980	934.3333333	965.6666667	1052.333333	1241	1132.333333
316131620	951.21	1304.333333	1347.666667	1302.333333	1260	1225.666667	1225.666667	1194.333333	1259	1241	1186.666667	1214.333333	1213.333333	967.6666667	952.3333333	912.3333333	945.6666667	974.3333333	1139	1033.333333
316131625	939.63	1252.333333	1253.333333	1252.333333	1253.333333	1226.666667	1227.666667	1194.333333	1261	1185.666667	1146.666667	1166.666667	1167.666667	953.3333333	934.3333333	899	927.8888889	906.6666667	1066.666667	945.6666667
316131630	913.2	1276.666667	1320	1277.666667	1233.333333	1154.333333	1153.333333	1126.666667	1179	1201	1153.333333	1176.666667	1176.666667	999	992.3333333	953.3333333	987.6666667	893.3333333	1059	941
316131635	895.79	1271	1306.666667	1270	1233.333333	1106.666667	1107.666667	1081	1134.333333	1125.666667	1101	1114.333333	1113.333333	1105.666667	1101	1045.666667	1087.666667	1079	1265.666667	1160
316131640	974.98	1213.333333	1245.666667	1213.333333	1181	1103.333333	1104.333333	1080	1126.666667	1179	1140	1160	1160	1181	1174.333333	1125.666667	1172.333333	1139	1334.333333	1234.333333
316131645	991.06	1239	1281	1239	1199	1164.333333	1164.333333	1133.333333	1193.333333	1201	1152.333333	1177.666667	1176.666667	1212.333333	1214.333333	1161	1196.555556	1092.333333	1285.666667	1181
316131650	905.59	1225.666667	1274.333333	1227.666667	1179	1143.333333	1142.333333	1114.333333	1174.333333	1152.333333	1120	1137.666667	1135.666667	1214.333333	1221	1172.333333	1221	1094.333333	1287.666667	1179
316131655	978.42	1281	1327.666667	1281	1232.333333	1104.333333	1104.333333	1079	1125.666667	1201	1154.333333	1176.666667	1177.666667	1132.333333	1134.333333	1080	1133.333333	1100	1287.666667	1186.666667
316131700	990.18	1284.333333	1325.666667	1282.333333	1240	1103.333333	1103.333333	1079	1126.666667	1187.666667	1152.333333	1171	1170	1113.333333	1105.666667	1061	1100	1054.333333	1247.666667	1125.666667
316131705	991.31	1259	1299	1259	1220	1060	1059	1041	1080	1180	1147.666667	1163.333333	1162.333333	1053.333333	1047.666667	1001	1046.666667	987.6666667	1152.333333	1046.666667
316131710	968.16	1170	1214.333333	1170	1126.666667	1209	1210	1179	1241	1167.666667	1132.333333	1151	1149	1085.666667	1094.333333	1039	1092.333333	966.6666667	1147.666667	1019
316131715	884.43	1199	1253.333333	1200	1147.666667	1134.333333	1133.333333	1107.666667	1160	1199	1154.333333	1177.666667	1177.666667	1192.333333	1192.333333	1139	1194.333333	1039	1240	1121
316131720	855.74	1262.333333	1306.666667	1262.333333	1219	1106.666667	1107.666667	1080	1134.333333	1100	1065.666667	1082.333333	1084.333333	1119	1119	1066.666667	1106.666667	1094.333333	1287.666667	1179
316131725	891.75	1206.666667	1247.666667	1207.666667	1166.666667	1147.666667	1145.666667	1121	1173.333333	1106.666667	1080	1093.333333	1093.333333	1113.333333	1099	1060	1100	1052.333333	1245.666667	1134.333333
316131730	924.85	1192.333333	1241	1193.333333	1146.666667	1093.333333	1093.333333	1073.333333	1113.333333	1139	1100	1120	1120	1072.333333	1066.666667	1021	1059	1032.333333	1225.666667	1113.333333
316131735	915.27	1253.333333	1287.666667	1253.333333	1220	1111	1111	1086.666667	1132.333333	1119	1081	1100	1099	1014.333333	999	959	994.3333333	993.3333333	1166.666667	1052.333333
316131740	877.07	1204.333333	1247.666667	1203.333333	1160	1061	1059	1040	1079	1174.333333	1133.333333	1153.333333	1152.333333	1006.666667	999	960	985.6666667	954.3333333	1134.333333	1014.333333
316131745	837.54	1200	1239	1200	1159	1024.333333	1023.333333	1007.666667	1039	1121	1085.666667	1102.333333	1102.333333	1000	979	945.6666667	979	939	1112.333333	992.3333333
316131750	908.41	1184.333333	1219	1182.333333	1145.666667	1083.333333	1084.333333	1060	1107.666667	1086.666667	1060	1073.333333	1074.333333	827.6666667	805.6666667	786.6666667	814.3333333	752.3333333	901	780
316131755	927.71	1162.333333	1201	1164.333333	1127.666667	924.3333333	924.3333333	905.6666667	940	1081	1054.333333	1066.666667	1065.666667	694.3333333	674.3333333	667.6666667	693.3333333	694.3333333	825.6666667	712.3333333
316131800	891.14	1166.666667	1207.666667	1167.666667	1126.666667	733.3333333	733.3333333	727.6666667	739	1080	1047.666667	1062.333333	1063.333333	872.3333333	847.6666667	826.6666667	861	761	906.6666667	780
316131805	918.3	1175.666667	1213.333333	1176.666667	1139	753.3333333	754.3333333	745.6666667	759	986.6666667	959	972.3333333	973.3333333	785.6666667	754.3333333	747.6666667	772.3333333	745.6666667	886.6666667	765.6666667
316131810	888.46	1022.333333	1053.333333	1022.333333	993.3333333	826.6666667	826.6666667	813.3333333	840	765.6666667	753.3333333	760	761	785.6666667	761	741	774.3333333	740	881	760
316131815	870.77	836.6666667	865.6666667	837.6666667	807.6666667	805.6666667	805.6666667	794.3333333	821	765.6666667	754.3333333	759	761	754.3333333	732.3333333	714.3333333	754.3333333	732.3333333	873.3333333	754.3333333
316131820	875.11	885.6666667	921	887.6666667	854.3333333	831	830	821	839	825.6666667	805.6666667	816.6666667	817.6666667	739	712.3333333	707.6666667	733.3333333	720	865.6666667	740
316131825	786.74	901	927.6666667	900	872.3333333	885.6666667	887.6666667	872.3333333	899	834.3333333	826.6666667	831	831	833.3333333	819	792.3333333	814.5555556	765.6666667	919	799
316131830	804.14	900	927.6666667	900	873.3333333	873.3333333	874.3333333	859	886.6666667	805.6666667	785.6666667	796.6666667	795.6666667	892.3333333	879	845.6666667	874.3333333	820	965.6666667	853.3333333
316131835	785.97	873.3333333	900	874.3333333	846.6666667	770	769	759	781	766.6666667	766.6666667	765.6666667	765.6666667	866.6666667	845.6666667	825.6666667	852.3333333	881	1045.666667	912.3333333
316131840	568.39	911	939	909	881	751	750	741	761	812.3333333	806.6666667	811	809	914.3333333	907.6666667	865.6666667	892.3333333	961	1134.333333	1014.333333
316131845	532.82	835.6666667	860	835.6666667	814.3333333	722.3333333	724.3333333	712.3333333	734.3333333	741	734.3333333	737.6666667	737.6666667	873.3333333	847.6666667	814.3333333	841	905.6666667	1066.666667	946.6666667
316131850	566.06	776.6666667	799	777.6666667	753.3333333	675.6666667	675.6666667	666.6666667	687.6666667	686.6666667	680	682.3333333	684.3333333	839	826.6666667	806.6666667	826.6666667	887.6666667	1045.666667	925.6666667
316131855	560.5	747.6666667	774.3333333	747.6666667	720	692.3333333	694.3333333	687.6666667	701	645.6666667	647.6666667	646.6666667	645.6666667	834.3333333	805.6666667	793.3333333	820	819	972.3333333	852.3333333
316131900	568.65	715.6666667	739	716.6666667	692.3333333	719	720	712.3333333	725.6666667	645.6666667	632.3333333	639	640	827.6666667	807.6666667	787.6666667	813.3333333	786.6666667	945.6666667	812.3333333
316131905	625.17	722.3333333	752.3333333	722.3333333	692.3333333	771	769	760	781	687.6666667	673.3333333	680	679	873.3333333	847.6666667	826.6666667	861	819	979	852.3333333
316131910	649.74	779	813.3333333	781	745.6666667	847.6666667	846.6666667	834.3333333	861	759	752.3333333	755.6666667	756.6666667	853.3333333	821	807.6666667	825.6666667	813.3333333	973.3333333	847.6666667
316131915	605.87	867.6666667	899	867.6666667	833.3333333	847.6666667	845.6666667	833.3333333	859	893.3333333	885.6666667	890	889	893.3333333	865.6666667	840	866.6666667	899	1067.666667	939
316131920	544.25	994.3333333	1027.666667	994.3333333	960	814.3333333	814.3333333	806.6666667	819	966.6666667	946.6666667	955.6666667	955.6666667	893.3333333	879	852.3333333	880	887.6666667	1052.333333	925.6666667
316131925	541.78	1021	1061	1020	980	877.6666667	876.6666667	867.6666667	886.6666667	1026.666667	1006.666667	1015.666667	1017.666667	987.6666667	973.3333333	933.3333333	974.3333333	867.6666667	1041	914.3333333
316131930	512.85	984.3333333	1020	983.3333333	946.6666667	954.3333333	954.3333333	940	965.6666667	965.6666667	954.3333333	959	960	954.3333333	939	907.6666667	941	941	1106.666667	974.3333333
316131935	483.22	964.3333333	1001	964.3333333	926.6666667	1065.666667	1067.666667	1046.666667	1086.666667	926.6666667	905.6666667	917.6666667	917.6666667	1033.333333	1019	985.6666667	1021	1012.333333	1205.666667	1079
316131940	487.37	1010	1053.333333	1011	967.6666667	1103.333333	1102.333333	1081	1127.666667	1061	1033.333333	1047.666667	1047.666667	1133.333333	1119	1081	1119	1080	1280	1161
316131945	518.48	1149	1193.333333	1149	1105.666667	1121	1120	1094.333333	1147.666667	1120	1085.666667	1102.333333	1103.333333	1159	1159	1105.666667	1154.333333	1113.333333	1314.333333	1201
316131950	562.89	1207.666667	1254.333333	1205.666667	1160	1104.333333	1102.333333	1080	1126.666667	1105.666667	1080	1094.333333	1094.333333	1219	1226.666667	1181	1225.666667	1161	1374.333333	1261
316131955	619.04	1160	1194.333333	1161	1125.666667	1060	1061	1040	1080	1127.666667	1100	1112.333333	1112.333333	1259	1260	1219	1267.666667	1181	1399	1293.333333
316132000	597.78	1169	1212.333333	1170	1127.666667	1020	1019	1020	1019	1120	1080	1099	1099	1239	1246.666667	1199	1234.333333	1172.333333	1385.666667	1281
316132005	599.08	1147.666667	1186.666667	1145.666667	1106.666667	994.3333333	994.3333333	972.3333333	1013.333333	1079	1052.333333	1065.666667	1065.666667	1200	1214.333333	1160	1201	1145.666667	1360	1254.333333
316132010	672.3	1139	1192.333333	1141	1086.666667	1062.333333	1064.333333	1039	1087.666667	1079	1046.666667	1063.333333	1064.333333	1186.666667	1185.666667	1140	1179	1145.666667	1359	1246.666667
316132015	748.33	1127.666667	1167.666667	1127.666667	1085.666667	1107.666667	1105.666667	1079	1133.333333	1121	1085.666667	1102.333333	1103.333333	1139	1139	1092.333333	1140	1141	1361	1246.666667
316132020	835.66	1159	1206.666667	1161	1112.333333	1002.333333	1002.333333	986.6666667	1021	1127.666667	1100	1114.333333	1112.333333	1166.666667	1165.666667	1120	1159	1106.666667	1313.333333	1199
316132025	869.87	1190	1232.333333	1191	1145.666667	1103.333333	1102.333333	1079	1125.666667	1085.666667	1060	1074.333333	1073.333333	1159	1160	1113.333333	1161	1074.333333	1287.666667	1160
316132030	879.54	1131	1173.333333	1130	1087.666667	1080	1080	1060	1101	1100	1067.666667	1084.333333	1082.333333	1140	1141	1099	1139	1074.333333	1272.333333	1160
316132035	884.05	1187.666667	1226.666667	1186.666667	1146.666667	1090	1091	1066.666667	1114.333333	1079	1054.333333	1065.666667	1066.666667	1121	1120	1072.333333	1119	1060	1252.333333	1139
316132040	839.35	1169	1213.333333	1171	1127.666667	1081	1079	1061	1100	1093.333333	1066.666667	1081	1081	1080	1072.333333	1025.666667	1066.666667	1039	1246.666667	1121
316132045	826.3	1170	1214.333333	1170	1127.666667	1061	1060	1041	1080	1080	1045.666667	1062.333333	1062.333333	1074.333333	1073.333333	1027.666667	1065.666667	985.6666667	1185.666667	1053.333333
316132050	792.23	1149	1192.333333	1150	1106.666667	1029	1029	1012.333333	1046.666667	1105.666667	1081	1094.333333	1093.333333	1054.333333	1039	1006.666667	1040	987.6666667	1174.333333	1040
316132055	840.68	1169	1212.333333	1169	1125.666667	1096.666667	1097.666667	1072.333333	1121	1106.666667	1086.666667	1095.666667	1095.666667	1020	1005.666667	966.6666667	1006.666667	952.3333333	1141	1013.333333
316132100	846	1167.666667	1205.666667	1166.666667	1126.666667	1051	1051	1025.666667	1074.333333	1072.333333	1047.666667	1059	1059	1027.666667	1000	965.6666667	1014.333333	953.3333333	1134.333333	1007.666667
316132105	815.93	1165.666667	1205.666667	1166.666667	1127.666667	969	970	952.3333333	987.6666667	1052.333333	1032.333333	1043.333333	1043.333333	986.6666667	973.3333333	947.6666667	972.3333333	926.6666667	1107.666667	974.3333333
316132110	875.07	1130	1172.333333	1129	1086.666667	960	961	946.6666667	973.3333333	1007.666667	993.3333333	1001	1001	932.3333333	913.3333333	886.6666667	921	925.6666667	1105.666667	972.3333333
316132115	869.42	1054.333333	1093.333333	1052.333333	1013.333333	962.3333333	962.3333333	946.6666667	979	1006.666667	994.3333333	1001	999	932.3333333	913.3333333	894.3333333	920	886.6666667	1065.666667	926.6666667
316132120	866.31	1054.333333	1093.333333	1054.333333	1012.333333	944.3333333	943.3333333	925.6666667	961	1025.666667	1000	1013.333333	1014.333333	967.6666667	946.6666667	921	953.3333333	892.3333333	1065.666667	932.3333333
316132125	838.94	1076.666667	1120	1077.666667	1033.333333	923.3333333	924.3333333	906.6666667	941	986.6666667	972.3333333	980	981	954.3333333	940	907.6666667	941	907.6666667	1087.666667	952.3333333
316132130	807.96	1034.333333	1066.666667	1032.333333	1000	953.3333333	953.3333333	939	966.6666667	967.6666667	953.3333333	959	960	932.3333333	927.6666667	885.6666667	927.6666667	900	1072.333333	934.3333333
316132135	788.57	1034.333333	1073.333333	1034.333333	994.3333333	907.6666667	906.6666667	892.3333333	919	960	946.6666667	952.3333333	954.3333333	941	927.6666667	885.6666667	919	887.6666667	1067.666667	925.6666667
316132140	805.91	1023.333333	1060	1023.333333	986.6666667	912.3333333	913.3333333	900	925.6666667	947.6666667	926.6666667	936.6666667	935.6666667	901	886.6666667	859	885.6666667	874.3333333	1054.333333	913.3333333
316132145	760.75	1006.666667	1047.666667	1005.666667	966.6666667	922.3333333	923.3333333	906.6666667	941	987.6666667	966.6666667	976.6666667	976.6666667	934.3333333	927.6666667	886.6666667	926.6666667	845.6666667	1026.666667	885.6666667
316132150	733.85	1043.333333	1080	1042.333333	1007.666667	934.3333333	934.3333333	920	946.6666667	986.6666667	965.6666667	976.6666667	975.6666667	974.3333333	966.6666667	925.6666667	974.3333333	845.6666667	1026.666667	894.3333333
316132155	721.82	1022.333333	1061	1023.333333	986.6666667	904.3333333	902.3333333	885.6666667	919	940	927.6666667	933.3333333	933.3333333	985.6666667	979	941	973.3333333	905.6666667	1092.333333	954.3333333
316132200	706.29	991	1027.666667	989	952.3333333	894.3333333	892.3333333	887.6666667	900	921	907.6666667	912.3333333	914.3333333	985.6666667	980	940	979	939	1126.666667	992.3333333
316132205	676.63	974.3333333	1007.666667	974.3333333	939	922.3333333	924.3333333	906.6666667	940	881	865.6666667	873.3333333	874.3333333	973.3333333	946.6666667	925.6666667	954.3333333	945.6666667	1140	1001
316132210	674.67	963.3333333	1001	964.3333333	926.6666667	953.3333333	953.3333333	940	965.6666667	933.3333333	912.3333333	922.3333333	923.3333333	986.6666667	966.6666667	932.3333333	974.3333333	934.3333333	1119	979
316132215	662.32	1001	1039	1000	961	963.3333333	963.3333333	947.6666667	981	927.6666667	905.6666667	915.6666667	916.6666667	987.6666667	985.6666667	946.6666667	972.3333333	921	1107.666667	973.3333333
316132220	657.67	1014.333333	1052.333333	1012.333333	974.3333333	1007.666667	1007.666667	986.6666667	1027.666667	966.6666667	946.6666667	957.6666667	957.6666667	973.3333333	961	926.6666667	972.3333333	926.6666667	1113.333333	972.3333333
316132225	648.51	1057.666667	1099	1057.666667	1013.333333	990	989	973.3333333	1006.666667	1006.666667	987.6666667	997.6666667	997.6666667	959	940	906.6666667	945.6666667	925.6666667	1105.666667	974.3333333
316132230	652.52	1084.333333	1121	1084.333333	1047.666667	966.6666667	966.6666667	947.6666667	985.6666667	1025.666667	1000	1014.333333	1013.333333	965.6666667	953.3333333	925.6666667	953.3333333	945.6666667	1125.666667	1001
316132235	652.48	1074.333333	1112.333333	1072.333333	1032.333333	990	990	974.3333333	1005.666667	1005.666667	985.6666667	996.6666667	995.6666667	999	985.6666667	945.6666667	985.6666667	932.3333333	1127.666667	986.6666667
316132240	643.96	1067.666667	1106.666667	1066.666667	1025.666667	994.3333333	993.3333333	981	1007.666667	1014.333333	992.3333333	1002.333333	1004.333333	1014.333333	1000	965.6666667	1005.666667	947.6666667	1146.666667	1001
316132245	663.69	1074.333333	1112.333333	1072.333333	1034.333333	1020	1019	1000	1041	1026.666667	999	1012.333333	1014.333333	1040	1032.333333	985.6666667	1033.333333	974.3333333	1166.666667	1034.333333
316132250	681.14	1085.666667	1125.666667	1087.666667	1045.666667	1059	1061	1039	1081	1041	1013.333333	1025.666667	1027.666667	1065.666667	1061	1026.666667	1059	994.3333333	1186.666667	1061
316132255	679.25	1117.666667	1161	1115.666667	1073.333333	1074.333333	1072.333333	1054.333333	1092.333333	1080	1046.666667	1062.333333	1062.333333	1074.333333	1066.666667	1025.666667	1066.666667	981	1173.333333	1040
316132300	713.95	1150	1192.333333	1151	1105.666667	1054.333333	1052.333333	1034.333333	1072.333333	1100	1066.666667	1083.333333	1084.333333	1053.333333	1039	1006.666667	1045.666667	967.6666667	1167.666667	1021
316132305	725.85	1167.666667	1214.333333	1166.666667	1120	1049	1051	1032.333333	1066.666667	1100	1066.666667	1082.333333	1082.333333	1047.666667	1032.333333	987.6666667	1032.333333	967.6666667	1161	1020
316132310	712.93	1143.333333	1186.666667	1143.333333	1100	1129	1131	1107.666667	1152.333333	1081	1054.333333	1067.666667	1066.666667	1045.666667	1040	1006.666667	1034.333333	1005.666667	1206.666667	1081
316132315	708.75	1164.333333	1205.666667	1162.333333	1119	1090	1091	1065.666667	1112.333333	1073.333333	1039	1057.666667	1055.666667	1074.333333	1059	1026.666667	1065.666667	979	1187.666667	1054.333333
316132320	709.43	1171	1214.333333	1169	1127.666667	1120	1120	1099	1141	1079	1054.333333	1066.666667	1066.666667	1113.333333	1105.666667	1067.666667	1106.666667	985.6666667	1187.666667	1054.333333
316132325	733.01	1169	1213.333333	1171	1127.666667	1144.333333	1142.333333	1119	1165.666667	1074.333333	1047.666667	1059	1059	1120	1121	1081	1120	992.3333333	1187.666667	1060
316132330	757.63	1191	1234.333333	1191	1147.666667	1201	1199	1172.333333	1226.666667	1099	1072.333333	1085.666667	1087.666667	1119	1112.333333	1066.666667	1119	987.6666667	1187.666667	1054.333333
316132335	781.29	1224.333333	1272.333333	1222.333333	1173.333333	1159	1161	1133.333333	1186.666667	1153.333333	1121	1136.666667	1136.666667	1093.333333	1085.666667	1047.666667	1085.666667	1013.333333	1214.333333	1081
316132340	779.55	1249	1294.333333	1250	1207.666667	1129	1129	1106.666667	1154.333333	1146.666667	1106.666667	1125.666667	1127.666667	1085.666667	1081	1040	1081	1013.333333	1213.333333	1080
316132345	775.25	1209	1254.333333	1209	1165.666667	1105.666667	1106.666667	1080	1133.333333	1099	1072.333333	1087.666667	1087.666667	1066.666667	1059	1027.666667	1060	987.6666667	1185.666667	1054.333333
316132350	829.11	1190	1232.333333	1189	1146.666667	1086.666667	1086.666667	1060	1112.333333	1106.666667	1080	1093.333333	1092.333333	1086.666667	1074.333333	1032.333333	1081	979	1179	1040
316132355	828.67	1142.333333	1187.666667	1144.333333	1101	1107.666667	1106.666667	1081	1134.333333	1046.666667	1027.666667	1035.666667	1035.666667	1073.333333	1052.333333	1014.333333	1054.333333	965.6666667	1152.333333	1021
316132400	827.54	1154.333333	1192.333333	1153.333333	1112.333333	1112.333333	1112.333333	1087.666667	1141	1059	1032.333333	1046.666667	1045.666667	1087.666667	1074.333333	1033.333333	1081	986.6666667	1181	1039
316132405	864.18	1186.666667	1226.666667	1185.666667	1146.666667	1141	1141	1112.333333	1167.666667	1081	1052.333333	1065.666667	1065.666667	1114.333333	1105.666667	1060	1099	992.3333333	1186.666667	1059
316132410	918.05	1175.666667	1213.333333	1176.666667	1139	1100	1101	1080	1119	1059	1033.333333	1045.666667	1046.666667	1086.666667	1094.333333	1046.666667	1079	1013.333333	1206.666667	1079
316132415	899.85	1169	1212.333333	1171	1127.666667	1060	1061	1041	1080	1045.666667	1014.333333	1031	1029	1073.333333	1060	1026.666667	1066.666667	993.3333333	1185.666667	1060
316132420	856.77	1142.333333	1186.666667	1142.333333	1100	1041	1039	1020	1061	1059	1032.333333	1047.666667	1045.666667	1052.333333	1032.333333	1006.666667	1040	985.6666667	1187.666667	1041
316132425	828.14	1149	1194.333333	1149	1105.666667	1011	1010	994.3333333	1025.666667	1026.666667	1013.333333	1020	1020	1045.666667	1040	1041	1032.333333	985.6666667	1185.666667	1040
316132430	799.56	1099	1140	1099	1060	1027.666667	1025.666667	1007.666667	1047.666667	1005.666667	994.3333333	1000	999	1052.333333	1053.333333	1005.666667	1045.666667	959	1146.666667	1012.333333
316132435	813.51	1089	1132.333333	1089	1047.666667	1026.666667	1027.666667	1006.666667	1046.666667	1039	1014.333333	1027.666667	1025.666667	1039	1032.333333	985.6666667	1034.333333	947.6666667	1146.666667	1007.666667
316132440	841.48	1107.666667	1154.333333	1105.666667	1060	982.3333333	982.3333333	966.6666667	1000	1025.666667	1012.333333	1021	1020	1045.666667	1041	999	1033.333333	960	1147.666667	1014.333333
316132445	830.4	1072.333333	1114.333333	1074.333333	1033.333333	969	969	953.3333333	986.6666667	987.6666667	966.6666667	975.6666667	975.6666667	1012.333333	1006.666667	966.6666667	1000	920	1106.666667	967.6666667
316132450	859.72	1060	1100	1060	1019	964.3333333	964.3333333	945.6666667	980	985.6666667	967.6666667	975.6666667	977.6666667	966.6666667	952.3333333	921	952.3333333	905.6666667	1092.333333	954.3333333
316132455	813.89	1044.333333	1081	1043.333333	1006.666667	936.6666667	937.6666667	921	953.3333333	933.3333333	921	926.6666667	925.6666667	961	947.6666667	905.6666667	954.3333333	906.6666667	1087.666667	954.3333333
316132500	781.05	1006.666667	1046.666667	1005.666667	967.6666667	936.6666667	937.6666667	920	954.3333333	933.3333333	927.6666667	929	931	965.6666667	965.6666667	926.6666667	952.3333333	906.6666667	1094.333333	961
316132505	749.44	994.3333333	1025.666667	993.3333333	959	916.6666667	915.6666667	907.6666667	926.6666667	906.6666667	886.6666667	897.6666667	896.6666667	993.3333333	979	947.6666667	992.3333333	927.6666667	1113.333333	973.3333333
316132510	756.96	975.6666667	1014.333333	977.6666667	939	891	890	881	900	893.3333333	872.3333333	882.3333333	883.3333333	965.6666667	959	912.3333333	954.3333333	920	1101	959
316132515	760.37	962.3333333	999	963.3333333	927.6666667	883.3333333	884.3333333	874.3333333	893.3333333	872.3333333	859	867.6666667	867.6666667	954.3333333	940	901	925.6666667	880	1053.333333	921
316132520	739.24	946.6666667	980	945.6666667	912.3333333	877.6666667	877.6666667	859	892.3333333	852.3333333	847.6666667	849	850	914.3333333	907.6666667	867.6666667	900	847.6666667	1013.333333	874.3333333
316132525	706.01	930	966.6666667	931	894.3333333	876.6666667	877.6666667	866.6666667	887.6666667	832.3333333	826.6666667	831	829	893.3333333	887.6666667	847.6666667	885.6666667	792.3333333	967.6666667	827.6666667
316132530	699.23	910	945.6666667	910	873.3333333	872.3333333	873.3333333	861	885.6666667	826.6666667	812.3333333	821	819	865.6666667	846.6666667	819	847.6666667	793.3333333	959	826.6666667
316132535	677.04	929	965.6666667	931	893.3333333	884.3333333	882.3333333	874.3333333	894.3333333	833.3333333	826.6666667	829	829	845.6666667	825.6666667	801	826.6666667	793.3333333	953.3333333	827.6666667
316132540	673.32	927.6666667	960	925.6666667	893.3333333	852.3333333	853.3333333	839	866.6666667	819	814.3333333	816.6666667	815.6666667	860	840	806.6666667	846.6666667	826.6666667	994.3333333	852.3333333
316132545	656.31	907.6666667	939	905.6666667	873.3333333	832.3333333	834.3333333	819	846.6666667	833.3333333	827.6666667	829	829	852.3333333	839	806.6666667	834.3333333	846.6666667	1020	879
316132550	634.63	914.3333333	953.3333333	913.3333333	873.3333333	826.6666667	825.6666667	812.3333333	841	839	827.6666667	832.3333333	832.3333333	861	846.6666667	805.6666667	845.6666667	826.6666667	999	867.6666667
316132555	619.86	907.6666667	940	906.6666667	872.3333333	816.6666667	815.6666667	805.6666667	825.6666667	812.3333333	800	807.6666667	805.6666667	854.3333333	847.6666667	813.3333333	847.6666667	807.6666667	965.6666667	833.3333333
316132600	614.88	865.6666667	899	867.6666667	834.3333333	816.6666667	815.6666667	805.6666667	827.6666667	787.6666667	772.3333333	781	781	874.3333333	852.3333333	827.6666667	866.6666667	801	974.3333333	833.3333333
316132605	603.48	862.3333333	894.3333333	864.3333333	834.3333333	821	820	812.3333333	826.6666667	773.3333333	766.6666667	770	769	854.3333333	840	805.6666667	840	774.3333333	946.6666667	806.6666667
316132610	614.08	851	885.6666667	851	813.3333333	822.3333333	824.3333333	812.3333333	833.3333333	774.3333333	759	767.6666667	767.6666667	833.3333333	821	787.6666667	821	747.6666667	893.3333333	765.6666667
316132615	607.12	861	894.3333333	861	826.6666667	812.3333333	814.3333333	801	825.6666667	801	792.3333333	797.6666667	796.6666667	825.6666667	806.6666667	780	812.3333333	734.3333333	892.3333333	766.6666667
316132620	591.84	874.3333333	913.3333333	873.3333333	834.3333333	776.6666667	776.6666667	765.6666667	785.6666667	794.3333333	794.3333333	792.3333333	794.3333333	820	800	772.3333333	805.6666667	754.3333333	914.3333333	772.3333333
316132625	570.17	864.3333333	893.3333333	864.3333333	834.3333333	772.3333333	773.3333333	765.6666667	779	772.3333333	772.3333333	772.3333333	773.3333333	792.3333333	780	746.6666667	773.3333333	752.3333333	913.3333333	774.3333333
316132630	565.04	833.3333333	872.3333333	832.3333333	792.3333333	760	761	753.3333333	765.6666667	760	753.3333333	755.6666667	755.6666667	793.3333333	779	746.6666667	773.3333333	746.6666667	905.6666667	774.3333333
316132635	555.91	830	867.6666667	829	794.3333333	756.6666667	757.6666667	746.6666667	765.6666667	745.6666667	741	742.3333333	743.3333333	794.3333333	772.3333333	747.6666667	774.3333333	767.6666667	927.6666667	785.6666667
316132640	555.74	811	847.6666667	811	774.3333333	757.6666667	756.6666667	745.6666667	767.6666667	733.3333333	734.3333333	734.3333333	734.3333333	793.3333333	781	745.6666667	773.3333333	754.3333333	914.3333333	772.3333333
316132645	551.77	799	834.3333333	800	765.6666667	744.3333333	744.3333333	732.3333333	754.3333333	733.3333333	734.3333333	732.3333333	733.3333333	787.6666667	773.3333333	740	774.3333333	746.6666667	905.6666667	772.3333333
316132650	554.04	803.3333333	834.3333333	803.3333333	772.3333333	739	740	732.3333333	747.6666667	727.6666667	719	724.3333333	724.3333333	774.3333333	759	734.3333333	759	745.6666667	905.6666667	767.6666667
316132655	550.51	795.6666667	833.3333333	796.6666667	760	737.6666667	737.6666667	727.6666667	747.6666667	727.6666667	714.3333333	720	720	772.3333333	759	732.3333333	754.3333333	747.6666667	906.6666667	765.6666667
316132700	529.2	787.6666667	820	785.6666667	753.3333333	737.6666667	735.6666667	725.6666667	747.6666667	712.3333333	714.3333333	713.3333333	713.3333333	772.3333333	759	732.3333333	759	745.6666667	894.3333333	766.6666667
316132705	508.64	782.3333333	813.3333333	783.3333333	752.3333333	742.3333333	742.3333333	734.3333333	754.3333333	707.6666667	706.6666667	707.6666667	706.6666667	792.3333333	766.6666667	740	766.6666667	747.6666667	906.6666667	766.6666667
316132710	508.8	777.6666667	814.3333333	775.6666667	740	741	739	734.3333333	747.6666667	714.3333333	714.3333333	712.3333333	712.3333333	772.3333333	765.6666667	727.6666667	753.3333333	740	894.3333333	766.6666667
316132715	500.66	784.3333333	813.3333333	784.3333333	753.3333333	735.6666667	736.6666667	733.3333333	739	725.6666667	714.3333333	721	720	767.6666667	760	725.6666667	753.3333333	727.6666667	874.3333333	746.6666667
316132720	503.61	794.3333333	825.6666667	793.3333333	759	740	739	734.3333333	747.6666667	726.6666667	712.3333333	720	719	773.3333333	760	726.6666667	753.3333333	712.3333333	865.6666667	740
316132725	498.98	785.6666667	820	786.6666667	754.3333333	749	751	741	760	733.3333333	733.3333333	732.3333333	732.3333333	773.3333333	760	727.6666667	753.3333333	714.3333333	865.6666667	739
316132730	490.22	802.3333333	833.3333333	803.3333333	774.3333333	742.3333333	742.3333333	732.3333333	752.3333333	732.3333333	725.6666667	730	731	772.3333333	760	727.6666667	753.3333333	714.3333333	866.6666667	733.3333333
316132735	486.02	801	833.3333333	799	766.6666667	743.3333333	742.3333333	734.3333333	752.3333333	727.6666667	712.3333333	720	720	773.3333333	753.3333333	721	753.3333333	707.6666667	867.6666667	733.3333333
316132740	479.27	784.3333333	812.3333333	782.3333333	754.3333333	735.6666667	735.6666667	727.6666667	746.6666667	727.6666667	712.3333333	719	720	752.3333333	740	705.6666667	732.3333333	713.3333333	867.6666667	727.6666667
316132745	485.57	794.3333333	825.6666667	792.3333333	760	733.3333333	734.3333333	726.6666667	741	727.6666667	721	724.3333333	723.3333333	745.6666667	734.3333333	701	732.3333333	714.3333333	866.6666667	727.6666667
316132750	487.21	794.3333333	826.6666667	792.3333333	759	733.3333333	733.3333333	727.6666667	740	727.6666667	713.3333333	720	720	747.6666667	734.3333333	706.6666667	732.3333333	714.3333333	867.6666667	734.3333333
316132755	485.08	782.3333333	814.3333333	783.3333333	754.3333333	716.6666667	716.6666667	712.3333333	720	720	714.3333333	717.6666667	717.6666667	752.3333333	741	706.6666667	734.3333333	712.3333333	866.6666667	734.3333333
316132800	486.42	782.3333333	812.3333333	782.3333333	752.3333333	715.6666667	716.6666667	706.6666667	727.6666667	720	714.3333333	716.6666667	717.6666667	753.3333333	739	701	732.3333333	705.6666667	866.6666667	734.3333333
316132805	492.29	780	812.3333333	779	747.6666667	723.3333333	722.3333333	712.3333333	732.3333333	713.3333333	714.3333333	712.3333333	713.3333333	752.3333333	741	707.6666667	732.3333333	713.3333333	853.3333333	727.6666667
316132810	492.71	770	801	769	739	732.3333333	733.3333333	725.6666667	739	713.3333333	707.6666667	710	710	753.3333333	739	705.6666667	732.3333333	692.3333333	846.6666667	719
316132815	491.01	777.6666667	813.3333333	776.6666667	741	712.3333333	713.3333333	707.6666667	720	705.6666667	699	703.3333333	703.3333333	733.3333333	707.6666667	685.6666667	714.3333333	685.6666667	832.3333333	706.6666667
316132820	491.2	772.3333333	807.6666667	774.3333333	740	720	720	712.3333333	727.6666667	713.3333333	712.3333333	712.3333333	712.3333333	712.3333333	693.3333333	667.6666667	693.3333333	672.3333333	812.3333333	686.6666667
316132825	477.85	775.6666667	813.3333333	777.6666667	739	712.3333333	714.3333333	705.6666667	719	714.3333333	712.3333333	712.3333333	714.3333333	692.3333333	692.3333333	659	686.6666667	653.3333333	793.3333333	673.3333333
316132830	478.67	786.6666667	814.3333333	787.6666667	761	709	709	699	721	721	714.3333333	715.6666667	716.6666667	699	686.6666667	660	686.6666667	652.3333333	786.6666667	661
316132835	477.09	783.3333333	812.3333333	782.3333333	752.3333333	717.6666667	717.6666667	705.6666667	727.6666667	701	693.3333333	695.6666667	697.6666667	693.3333333	685.6666667	659	693.3333333	654.3333333	793.3333333	666.6666667
316132840	464.46	761	792.3333333	760	725.6666667	730	731	720	740	685.6666667	687.6666667	687.6666667	687.6666667	692.3333333	687.6666667	660	680	665.6666667	807.6666667	679
316132845	466.31	764.3333333	792.3333333	762.3333333	732.3333333	690	689	680	700	706.6666667	693.3333333	699	699	687.6666667	679	645.6666667	674.3333333	652.3333333	793.3333333	665.6666667
316132850	472.32	780	812.3333333	779	746.6666667	672.3333333	672.3333333	667.6666667	680	701	692.3333333	697.6666667	697.6666667	692.3333333	680	645.6666667	672.3333333	654.3333333	794.3333333	665.6666667
316132855	475.89	745.6666667	773.3333333	747.6666667	719	673.3333333	672.3333333	665.6666667	681	672.3333333	672.3333333	673.3333333	674.3333333	694.3333333	667.6666667	646.6666667	667.6666667	652.3333333	785.6666667	661
316132900	467.85	727.6666667	754.3333333	727.6666667	700	664.3333333	662.3333333	659	666.6666667	666.6666667	652.3333333	661	660	693.3333333	674.3333333	645.6666667	666.6666667	645.6666667	787.6666667	661
316132905	467.05	719	754.3333333	719	686.6666667	666.6666667	666.6666667	659	673.3333333	654.3333333	654.3333333	653.3333333	653.3333333	681	673.3333333	640	667.6666667	640	786.6666667	661
316132910	465	709	740	711	679	654.3333333	654.3333333	647.6666667	661	646.6666667	653.3333333	650	651	681	666.6666667	640	666.6666667	633.3333333	772.3333333	653.3333333
316132915	466.24	712.3333333	747.6666667	713.3333333	681	652.3333333	653.3333333	646.6666667	661	647.6666667	645.6666667	647.6666667	647.6666667	672.3333333	652.3333333	627.6666667	654.3333333	639	772.3333333	654.3333333
316132920	477.68	706.6666667	732.3333333	706.6666667	680	650	650	641	661	641	640	639	640	652.3333333	647.6666667	619	645.6666667	625.6666667	753.3333333	639
316132925	459.23	707.6666667	732.3333333	706.6666667	679	647.6666667	645.6666667	639	654.3333333	647.6666667	641	644.3333333	642.3333333	653.3333333	646.6666667	614.3333333	632.3333333	613.3333333	746.6666667	633.3333333
316132930	440.23	699	733.3333333	699	665.6666667	644.3333333	643.3333333	640	647.6666667	639	634.3333333	635.6666667	637.6666667	654.3333333	646.6666667	612.3333333	633.3333333	619	745.6666667	627.6666667
316132935	431.98	694.3333333	720	693.3333333	666.6666667	644.3333333	644.3333333	634.3333333	654.3333333	633.3333333	634.3333333	632.3333333	634.3333333	661	647.6666667	614.3333333	641	612.3333333	745.6666667	619
316132940	430.83	693.3333333	725.6666667	693.3333333	661	644.3333333	644.3333333	640	646.6666667	626.6666667	633.3333333	629	631	645.6666667	633.3333333	606.6666667	625.6666667	614.3333333	739	620
316132945	429.16	689	720	689	661	634.3333333	632.3333333	627.6666667	641	627.6666667	626.6666667	626.6666667	626.6666667	645.6666667	627.6666667	634.3333333	626.6666667	612.3333333	739	619
316132950	423.17	687.6666667	712.3333333	687.6666667	660	637.6666667	635.6666667	633.3333333	639	625.6666667	625.6666667	626.6666667	625.6666667	653.3333333	641	605.6666667	626.6666667	613.3333333	746.6666667	621
316132955	420.1	686.6666667	714.3333333	685.6666667	661	634.3333333	632.3333333	627.6666667	640	625.6666667	621	623.3333333	623.3333333	646.6666667	639	607.6666667	625.6666667	612.3333333	747.6666667	626.6666667
316133000	417.42	687.6666667	714.3333333	687.6666667	661	643.3333333	644.3333333	640	647.6666667	620	625.6666667	624.3333333	624.3333333	665.6666667	652.3333333	619	646.6666667	613.3333333	745.6666667	627.6666667
316133005	412.6	686.6666667	713.3333333	686.6666667	660	645.6666667	645.6666667	641	652.3333333	627.6666667	626.6666667	625.6666667	627.6666667	667.6666667	659	625.6666667	645.6666667	621	745.6666667	634.3333333
316133010	411.82	693.3333333	726.6666667	693.3333333	659	654.3333333	652.3333333	647.6666667	661	634.3333333	634.3333333	634.3333333	633.3333333	687.6666667	667.6666667	639	667.6666667	640	774.3333333	660
316133015	409.13	696.6666667	725.6666667	696.6666667	666.6666667	654.3333333	654.3333333	646.6666667	660	639	640	640	640	705.6666667	687.6666667	652.3333333	679	667.6666667	807.6666667	687.6666667
316133020	408.45	704.3333333	734.3333333	704.3333333	673.3333333	674.3333333	672.3333333	665.6666667	681	646.6666667	640	642.3333333	642.3333333	714.3333333	699	665.6666667	693.3333333	686.6666667	819	699
316133025	409.45	707.6666667	733.3333333	707.6666667	679	714.3333333	712.3333333	705.6666667	721	653.3333333	653.3333333	654.3333333	652.3333333	734.3333333	721	681	714.3333333	694.3333333	841	713.3333333
316133030	405.86	726.6666667	753.3333333	726.6666667	699	721	719	720	721	674.3333333	673.3333333	674.3333333	674.3333333	739	727.6666667	686.6666667	712.3333333	719	852.3333333	727.6666667
316133035	405.81	755.6666667	794.3333333	757.6666667	720	730	730	720	739	699	692.3333333	697.6666667	695.6666667	766.6666667	759	721	739	734.3333333	873.3333333	752.3333333
316133040	407.89	784.3333333	813.3333333	784.3333333	752.3333333	733.3333333	733.3333333	726.6666667	739	701	694.3333333	696.6666667	696.6666667	774.3333333	760	720	750.1111111	732.3333333	874.3333333	747.6666667
316133045	412.76	767.6666667	794.3333333	766.6666667	739	720	720	714.3333333	726.6666667	687.6666667	673.3333333	679	681	780	759	720	746.6666667	732.3333333	880	754.3333333
316133050	417.37	765.6666667	792.3333333	765.6666667	739	720	721	712.3333333	727.6666667	687.6666667	680	683.3333333	684.3333333	765.6666667	760	720	739	714.3333333	854.3333333	732.3333333
316133055	421.36	767.6666667	794.3333333	765.6666667	741	710	710	699	721	685.6666667	692.3333333	691	691	740	727.6666667	685.6666667	712.3333333	706.6666667	845.6666667	719
316133100	423.62	767.6666667	792.3333333	765.6666667	741	697.6666667	696.6666667	686.6666667	706.6666667	686.6666667	680	682.3333333	683.3333333	714.3333333	700	659	687.6666667	673.3333333	813.3333333	701
316133105	449.82	749	774.3333333	751	725.6666667	689	691	680	701	679	673.3333333	675.6666667	676.6666667	719	706.6666667	667.6666667	693.3333333	653.3333333	787.6666667	667.6666667
316133110	472.32	745.6666667	774.3333333	745.6666667	719	683.3333333	683.3333333	681	687.6666667	679	674.3333333	676.6666667	675.6666667	699	687.6666667	652.3333333	672.3333333	674.3333333	794.3333333	681
316133115	485.5	745.6666667	773.3333333	746.6666667	720	684.3333333	682.3333333	680	686.6666667	680	672.3333333	677.6666667	677.6666667	687.6666667	674.3333333	639	660	653.3333333	787.6666667	659
316133120	491.73	742.3333333	767.6666667	742.3333333	720	672.3333333	672.3333333	667.6666667	680	661	652.3333333	656.6666667	657.6666667	681	661	619	645.6666667	652.3333333	773.3333333	661
316133125	499.42	726.6666667	753.3333333	726.6666667	700	670	671	659	679	659	652.3333333	656.6666667	655.6666667	674.3333333	666.6666667	627.6666667	646.6666667	654.3333333	765.6666667	659
316133130	494.49	726.6666667	753.3333333	726.6666667	701	672.3333333	672.3333333	667.6666667	680	666.6666667	660	662.3333333	663.3333333	681	674.3333333	639	654.3333333	653.3333333	772.3333333	659
316133135	488.5	727.6666667	752.3333333	727.6666667	701	673.3333333	673.3333333	665.6666667	679	646.6666667	647.6666667	645.6666667	646.6666667	681	674.3333333	640	661	667.6666667	793.3333333	681
316133140	479.6	726.6666667	752.3333333	726.6666667	700	663.3333333	663.3333333	659	665.6666667	645.6666667	654.3333333	650	649	679	680	641	665.6666667	672.3333333	787.6666667	681
316133145	470.36	725.6666667	753.3333333	726.6666667	699	641	639	632.3333333	647.6666667	645.6666667	654.3333333	650	651	681	666.6666667	625.6666667	653.3333333	666.6666667	793.3333333	679
316133150	462.55	713.3333333	732.3333333	713.3333333	694.3333333	625.6666667	627.6666667	620	632.3333333	627.6666667	626.6666667	627.6666667	627.6666667	680	666.6666667	627.6666667	652.3333333	653.3333333	773.3333333	661
316133155	459.56	691	714.3333333	691	665.6666667	629	629	620	639	605.6666667	605.6666667	607.6666667	607.6666667	666.6666667	661	620	647.6666667	646.6666667	773.3333333	660
316133200	454.5	673.3333333	699	672.3333333	647.6666667	619	621	620	619	599	599	601	601	661	645.6666667	607.6666667	632.3333333	632.3333333	752.3333333	639
316133205	452.03	665.6666667	692.3333333	667.6666667	639	611	610	600	621	601	599	599	601	640	645.6666667	600	626.6666667	620	745.6666667	625.6666667
316133210	445.88	659	679	661	639	594.3333333	592.3333333	585.6666667	601	585.6666667	580	582.3333333	582.3333333	646.6666667	646.6666667	599	625.6666667	634.3333333	745.6666667	641
316133215	447.04	643.3333333	666.6666667	642.3333333	621	582.3333333	584.3333333	580	585.6666667	567.6666667	572.3333333	570	570	652.3333333	647.6666667	605.6666667	626.6666667	633.3333333	746.6666667	639
316133220	451.5	637.6666667	661	635.6666667	613.3333333	585.6666667	587.6666667	579	594.3333333	566.6666667	559	562.3333333	564.3333333	659	646.6666667	606.6666667	632.3333333	614.3333333	732.3333333	620
316133225	442.52	623.3333333	646.6666667	624.3333333	600	585.6666667	585.6666667	580	594.3333333	561	559	560	560	641	625.6666667	594.3333333	614.3333333	619	745.6666667	640
316133230	428.22	620	640	620	601	590	589	581	599	561	561	561	560	621	625.6666667	587.6666667	607.6666667	613.3333333	725.6666667	620
316133235	424.4	624.3333333	647.6666667	624.3333333	601	585.6666667	586.6666667	579	592.3333333	561	560	559	560	612.3333333	606.6666667	565.6666667	587.6666667	592.3333333	707.6666667	599
316133240	422.08	625.6666667	653.3333333	626.6666667	600	581	579	581	579	560	561	560	560	594.3333333	586.6666667	559	579	573.3333333	686.6666667	581
316133245	416.81	627.6666667	653.3333333	625.6666667	599	575.6666667	575.6666667	572.3333333	581	559	561	561	560	579	586.6666667	539	553.3333333	546.6666667	660	561
316133250	406.43	619	639	620	601	571	570	559	579	561	552.3333333	555.6666667	555.6666667	574.3333333	559	526.6666667	554.3333333	540	647.6666667	539
316133255	396.91	617.6666667	640	617.6666667	593.3333333	569	569	561	579	552.3333333	552.3333333	553.3333333	552.3333333	574.3333333	567.6666667	527.6666667	545.6666667	534.3333333	647.6666667	539
316133300	387.15	615.6666667	641	617.6666667	594.3333333	566.6666667	567.6666667	560	572.3333333	561	553.3333333	557.6666667	557.6666667	565.6666667	560	526.6666667	539	532.3333333	646.6666667	540
316133305	389.8	615.6666667	640	616.6666667	592.3333333	561	561	560	560	546.6666667	554.3333333	551	550	545.6666667	546.6666667	520	533.3333333	533.3333333	627.6666667	533.3333333
316133310	393.39	616.6666667	639	616.6666667	594.3333333	552.3333333	553.3333333	545.6666667	559	561	552.3333333	555.6666667	556.6666667	554.3333333	540	505.6666667	533.3333333	525.6666667	626.6666667	527.6666667
316133315	395.2	616.6666667	640	615.6666667	592.3333333	547.6666667	545.6666667	540	552.3333333	547.6666667	553.3333333	551	549	553.3333333	552.3333333	506.6666667	534.3333333	527.6666667	627.6666667	519
316133320	391.42	609	632.3333333	611	585.6666667	549	549	539	561	546.6666667	553.3333333	549	549	552.3333333	545.6666667	505.6666667	525.6666667	521	620	526.6666667
316133325	391.54	603.3333333	625.6666667	604.3333333	580	560	560	560	561	547.6666667	541	543.3333333	543.3333333	552.3333333	547.6666667	506.6666667	534.3333333	525.6666667	626.6666667	525.6666667
316133330	385.52	599	621	601	579	569	571	560	579	561	552.3333333	557.6666667	556.6666667	559	545.6666667	520	532.3333333	534.3333333	626.6666667	532.3333333
316133335	382.99	617.6666667	640	615.6666667	594.3333333	569	571	561	580	579	581	579	581	553.3333333	547.6666667	507.6666667	533.3333333	527.6666667	626.6666667	519
316133340	381.88	646.6666667	672.3333333	645.6666667	620	556.6666667	557.6666667	553.3333333	561	586.6666667	594.3333333	591	590	546.6666667	545.6666667	506.6666667	533.3333333	520	625.6666667	534.3333333
316133345	376.72	632.3333333	652.3333333	633.3333333	613.3333333	550	549	540	559	565.6666667	567.6666667	566.6666667	565.6666667	541	540	507.6666667	521	519	621	520
316133350	371.41	612.3333333	634.3333333	614.3333333	593.3333333	535.6666667	535.6666667	534.3333333	541	541	539	541	541	545.6666667	534.3333333	506.6666667	521	525.6666667	626.6666667	520
316133355	365.57	595.6666667	619	596.6666667	574.3333333	530	530	521	541	525.6666667	534.3333333	530	531	539	545.6666667	506.6666667	526.6666667	533.3333333	627.6666667	533.3333333
316133400	363.04	579	599	579	560	534.3333333	534.3333333	527.6666667	540	519	521	521	521	566.6666667	561	526.6666667	545.6666667	546.6666667	647.6666667	545.6666667
316133405	365.55	581	599	580	559	537.6666667	536.6666667	534.3333333	539	527.6666667	521	524.3333333	522.3333333	599	585.6666667	546.6666667	567.6666667	585.6666667	694.3333333	585.6666667
316133410	379.98	580	600	580	561	544.3333333	543.3333333	541	547.6666667	521	521	519	521	612.3333333	607.6666667	565.6666667	585.6666667	572.3333333	672.3333333	579
316133415	386.13	587.6666667	605.6666667	585.6666667	566.6666667	570	571	560	581	525.6666667	525.6666667	526.6666667	525.6666667	601	601	561	579	573.3333333	674.3333333	566.6666667
316133420	377.31	586.6666667	605.6666667	587.6666667	566.6666667	590	591	580	601	526.6666667	519	523.3333333	522.3333333	600	605.6666667	566.6666667	587.6666667	559	667.6666667	560
316133425	369.79	595.6666667	619	596.6666667	573.3333333	605.6666667	607.6666667	599	613.3333333	547.6666667	540	544.3333333	542.3333333	605.6666667	607.6666667	567.6666667	585.6666667	552.3333333	660	559
316133430	364.65	631	654.3333333	630	605.6666667	627.6666667	625.6666667	620	632.3333333	581	579	581	580	600	599	566.6666667	587.6666667	541	640	547.6666667
316133435	357.89	673.3333333	694.3333333	674.3333333	653.3333333	627.6666667	625.6666667	620	633.3333333	592.3333333	594.3333333	594.3333333	592.3333333	594.3333333	585.6666667	545.6666667	567.6666667	533.3333333	626.6666667	534.3333333
316133440	355.61	673.3333333	694.3333333	674.3333333	654.3333333	627.6666667	626.6666667	620	633.3333333	600	600	599	601	553.3333333	560	520	541	512.3333333	605.6666667	513.3333333
316133445	357.35	706.6666667	734.3333333	707.6666667	681	607.6666667	605.6666667	601	612.3333333	641	633.3333333	635.6666667	636.6666667	541	546.6666667	506.6666667	521	506.6666667	600	499
316133450	361.52	689	713.3333333	690	665.6666667	589	591	580	599	641	632.3333333	636.6666667	635.6666667	532.3333333	526.6666667	493.3333333	513.3333333	494.3333333	594.3333333	501
316133455	367.65	711	734.3333333	709	686.6666667	570	569	559	580	667.6666667	674.3333333	671	670	525.6666667	525.6666667	487.6666667	514.3333333	494.3333333	587.6666667	501
316133500	387.37	695.6666667	713.3333333	695.6666667	680	549	551	540	560	646.6666667	647.6666667	647.6666667	646.6666667	519	519	479	501	493.3333333	587.6666667	501
316133505	404	654.3333333	672.3333333	654.3333333	633.3333333	543.3333333	544.3333333	541	547.6666667	599	601	600	599	519	525.6666667	487.6666667	501	500	586.6666667	501
316133510	415.41	625.6666667	646.6666667	626.6666667	607.6666667	537.6666667	537.6666667	534.3333333	539	565.6666667	574.3333333	569	571	525.6666667	525.6666667	485.6666667	512.3333333	506.6666667	593.3333333	501
316133515	442.3	609	625.6666667	610	593.3333333	534.3333333	532.3333333	527.6666667	540	545.6666667	554.3333333	551	549	540	547.6666667	506.6666667	526.6666667	512.3333333	606.6666667	513.3333333
316133520	440.17	607.6666667	627.6666667	607.6666667	587.6666667	540	541	541	539	539	541	539	540	552.3333333	547.6666667	507.6666667	527.6666667	514.3333333	607.6666667	513.3333333
316133525	435.83	591	605.6666667	589	573.3333333	534.3333333	532.3333333	525.6666667	541	521	520	521	521	553.3333333	546.6666667	514.3333333	532.3333333	519	613.3333333	520
316133530	411.53	580	601	579	560	547.6666667	546.6666667	541	553.3333333	520	520	521	519	554.3333333	547.6666667	514.3333333	533.3333333	533.3333333	633.3333333	540
316133535	394.97	582.3333333	599	582.3333333	566.6666667	561	559	559	559	527.6666667	519	524.3333333	524.3333333	594.3333333	593.3333333	545.6666667	573.3333333	554.3333333	654.3333333	553.3333333
316133540	381.01	592.3333333	614.3333333	594.3333333	574.3333333	607.6666667	606.6666667	601	614.3333333	540	539	539	541	625.6666667	627.6666667	585.6666667	607.6666667	574.3333333	666.6666667	574.3333333
316133545	371.55	613.3333333	632.3333333	612.3333333	594.3333333	677.6666667	676.6666667	666.6666667	686.6666667	566.6666667	567.6666667	566.6666667	565.6666667	665.6666667	665.6666667	627.6666667	652.3333333	601	699	599
316133550	366.41	662.3333333	685.6666667	664.3333333	639	685.6666667	686.6666667	680	693.3333333	634.3333333	632.3333333	634.3333333	634.3333333	693.3333333	687.6666667	647.6666667	672.3333333	592.3333333	700	600
316133555	365.52	744.3333333	767.6666667	743.3333333	720	759	759	746.6666667	772.3333333	700	693.3333333	696.6666667	695.6666667	812.3333333	813.3333333	754.3333333	786.6666667	652.3333333	767.6666667	667.6666667
316133600	364.78	761	781	761	739	753.3333333	752.3333333	746.6666667	759	699	692.3333333	695.6666667	696.6666667	834.3333333	833.3333333	772.3333333	800	733.3333333	853.3333333	740
316133605	368.96	824.3333333	847.6666667	822.3333333	800	843.3333333	842.3333333	833.3333333	854.3333333	741	734.3333333	735.6666667	736.6666667	812.3333333	820	754.3333333	787.6666667	746.6666667	860	760
316133610	371.89	813.3333333	832.3333333	813.3333333	793.3333333	887.6666667	887.6666667	872.3333333	899	779	774.3333333	776.6666667	775.6666667	859	854.3333333	793.3333333	827.6666667	793.3333333	919	813.3333333
316133615	382.08	836.6666667	853.3333333	837.6666667	821	882.3333333	883.3333333	872.3333333	892.3333333	760	753.3333333	757.6666667	756.6666667	859	853.3333333	805.6666667	832.3333333	821	953.3333333	841
316133620	398.6	962.3333333	987.6666667	962.3333333	939	880	879	865.6666667	894.3333333	866.6666667	860	864.3333333	864.3333333	886.6666667	886.6666667	833.3333333	866.6666667	840	979	861
316133625	439.43	946.6666667	966.6666667	947.6666667	925.6666667	880	879	867.6666667	894.3333333	879	874.3333333	875.6666667	876.6666667	874.3333333	865.6666667	805.6666667	841	867.6666667	1000	885.6666667
316133630	490.28	1005.666667	1034.333333	1006.666667	981	954.3333333	953.3333333	940	965.6666667	941	927.6666667	933.3333333	932.3333333	893.3333333	887.6666667	826.6666667	861	881	1021	899
316133635	527.4	1011	1032.333333	1010	985.6666667	977.6666667	977.6666667	959	992.3333333	934.3333333	927.6666667	931	929	892.3333333	893.3333333	832.3333333	866.6666667	892.3333333	1027.666667	921
316133640	570.64	1022.333333	1052.333333	1024.333333	993.3333333	962.3333333	963.3333333	945.6666667	980	979	967.6666667	972.3333333	972.3333333	912.3333333	919	860	887.6666667	893.3333333	1025.666667	913.3333333
316133645	603.98	1109	1140	1110	1081	953.3333333	953.3333333	941	966.6666667	1026.666667	1007.666667	1015.666667	1017.666667	946.6666667	945.6666667	892.3333333	925.6666667	925.6666667	1067.666667	960
316133650	654.4	1072.333333	1092.333333	1073.333333	1053.333333	1017.666667	1016.666667	1001	1034.333333	987.6666667	974.3333333	981	981	981	981	914.3333333	947.6666667	927.6666667	1066.666667	959
316133655	667.67	1040	1067.666667	1041	1013.333333	1050	1049	1025.666667	1073.333333	981	965.6666667	972.3333333	974.3333333	972.3333333	979	905.6666667	934.3333333	952.3333333	1099	981
316133700	662.28	1086.666667	1112.333333	1086.666667	1061	1015.666667	1015.666667	1000	1034.333333	1014.333333	999	1005.666667	1007.666667	994.3333333	1007.666667	934.3333333	973.3333333	986.6666667	1141	1020
316133705	680.15	1126.666667	1153.333333	1125.666667	1100	956.6666667	957.6666667	940	972.3333333	1012.333333	994.3333333	1004.333333	1004.333333	1014.333333	1007.666667	939	974.3333333	986.6666667	1141	1021
316133710	690.35	1074.333333	1094.333333	1073.333333	1052.333333	973.3333333	974.3333333	961	985.6666667	952.3333333	946.6666667	951	949	992.3333333	993.3333333	932.3333333	972.3333333	967.6666667	1114.333333	999
316133715	705.83	1081	1106.666667	1081	1052.333333	949	949	932.3333333	967.6666667	1025.666667	1007.666667	1017.666667	1017.666667	954.3333333	953.3333333	893.3333333	932.3333333	992.3333333	1145.666667	1026.666667
316133720	712.79	1137.666667	1174.333333	1135.666667	1100	966.6666667	965.6666667	952.3333333	980	1025.666667	1007.666667	1015.666667	1016.666667	945.6666667	945.6666667	887.6666667	912.3333333	1000	1159	1040
316133725	743.66	1107.666667	1134.333333	1106.666667	1079	982.3333333	982.3333333	967.6666667	999	1012.333333	1006.666667	1010	1010	953.3333333	959	894.3333333	927.6666667	999	1145.666667	1041
316133730	803.76	1087.666667	1112.333333	1085.666667	1061	971	970	953.3333333	986.6666667	1034.333333	1019	1025.666667	1027.666667	973.3333333	965.6666667	906.6666667	934.3333333	1040	1205.666667	1081
316133735	829.64	1100	1125.666667	1101	1072.333333	1011	1009	994.3333333	1026.666667	1067.666667	1047.666667	1055.666667	1057.666667	987.6666667	985.6666667	925.6666667	953.3333333	1020	1181	1060
316133740	825.16	1114.333333	1140	1113.333333	1086.666667	1082.333333	1084.333333	1066.666667	1099	1054.333333	1032.333333	1043.333333	1044.333333	1006.666667	1005.666667	947.6666667	985.6666667	961	1107.666667	980
316133745	817.43	1135.666667	1167.666667	1137.666667	1106.666667	1057.666667	1056.666667	1041	1072.333333	1045.666667	1026.666667	1036.666667	1037.666667	973.3333333	987.6666667	919	953.3333333	919	1052.333333	941
316133750	794.61	1131	1161	1129	1101	972.3333333	972.3333333	952.3333333	993.3333333	1047.666667	1027.666667	1035.666667	1036.666667	974.3333333	972.3333333	913.3333333	945.6666667	905.6666667	1039	919
316133755	784.04	1153.333333	1173.333333	1154.333333	1133.333333	989	989	973.3333333	1007.666667	1014.333333	992.3333333	1003.333333	1003.333333	973.3333333	979	912.3333333	947.6666667	900	1034.333333	920
316133800	770	1105.666667	1132.333333	1105.666667	1079	980	979	961	1001	994.3333333	972.3333333	984.3333333	983.3333333	953.3333333	961	893.3333333	932.3333333	940	1079	959
316133805	787.62	1084.333333	1099	1082.333333	1066.666667	990	990	972.3333333	1006.666667	953.3333333	933.3333333	944.3333333	942.3333333	939	934.3333333	881	907.6666667	947.6666667	1085.666667	981
316133810	816.63	1051	1067.666667	1050	1034.333333	1015.666667	1017.666667	999	1033.333333	921	907.6666667	912.3333333	914.3333333	933.3333333	933.3333333	874.3333333	899	960	1105.666667	980
316133815	802.62	1024.333333	1040	1022.333333	1007.666667	1023.333333	1022.333333	1007.666667	1041	901	886.6666667	894.3333333	893.3333333	894.3333333	892.3333333	825.6666667	860	940	1086.666667	959
316133820	805.4	1061	1080	1060	1040	992.3333333	992.3333333	974.3333333	1014.333333	921	901	910	909	854.3333333	853.3333333	793.3333333	821	967.6666667	1107.666667	992.3333333
316133825	820.29	1105.666667	1133.333333	1105.666667	1080	1012.333333	1014.333333	994.3333333	1032.333333	960	946.6666667	953.3333333	953.3333333	872.3333333	872.3333333	814.3333333	840	954.3333333	1087.666667	980
316133830	821.84	1134.333333	1154.333333	1133.333333	1112.333333	973.3333333	974.3333333	954.3333333	993.3333333	920	885.6666667	903.3333333	903.3333333	932.3333333	926.6666667	866.6666667	894.3333333	865.6666667	1007.666667	894.3333333
316133835	817.25	1116.666667	1134.333333	1115.666667	1101	995.6666667	995.6666667	979	1012.333333	860	846.6666667	854.3333333	854.3333333	932.3333333	933.3333333	874.3333333	900	885.6666667	1007.666667	899
316133840	823.65	1081	1093.333333	1081	1067.666667	930	929	914.3333333	947.6666667	865.6666667	853.3333333	859	861	952.3333333	953.3333333	893.3333333	919	880	1005.666667	899
316133845	819.66	1019	1034.333333	1021	1007.666667	927.6666667	925.6666667	907.6666667	947.6666667	840	826.6666667	832.3333333	832.3333333	940	939	872.3333333	900	965.6666667	1107.666667	1000
316133850	802.94	953.3333333	967.6666667	953.3333333	939	864.3333333	864.3333333	846.6666667	879	801	787.6666667	792.3333333	794.3333333	933.3333333	940	874.3333333	901	981	1126.666667	1012.333333
316133855	806.52	906.6666667	912.3333333	907.6666667	899	877.6666667	876.6666667	866.6666667	887.6666667	819	813.3333333	815.6666667	817.6666667	939	945.6666667	880	913.3333333	894.3333333	1026.666667	912.3333333
316133900	807.76	925.6666667	947.6666667	926.6666667	907.6666667	877.6666667	876.6666667	867.6666667	887.6666667	880	865.6666667	872.3333333	872.3333333	854.3333333	853.3333333	794.3333333	821	779	886.6666667	792.3333333
316133905	797.74	977.6666667	993.3333333	977.6666667	961	873.3333333	873.3333333	861	886.6666667	867.6666667	852.3333333	859	860	801	794.3333333	745.6666667	772.3333333	674.3333333	759	673.3333333
316133910	800.73	969	994.3333333	969	947.6666667	765.6666667	765.6666667	761	772.3333333	913.3333333	906.6666667	910	910	833.3333333	834.3333333	772.3333333	805.6666667	674.3333333	759	672.3333333
316133915	769.13	975.6666667	992.3333333	975.6666667	959	714.3333333	714.3333333	699	725.6666667	859	847.6666667	852.3333333	852.3333333	692.3333333	692.3333333	639	667.6666667	692.3333333	781	693.3333333
316133920	747.24	853.3333333	866.6666667	854.3333333	841	742.3333333	744.3333333	734.3333333	752.3333333	853.3333333	847.6666667	849	850	687.6666667	685.6666667	633.3333333	665.6666667	654.3333333	734.3333333	646.6666667
316133925	715.4	890	921	890	861	815.6666667	816.6666667	807.6666667	826.6666667	920	907.6666667	913.3333333	914.3333333	707.6666667	699	660	685.6666667	640	732.3333333	640
316133930	700.02	891	907.6666667	889	874.3333333	779	781	767.6666667	793.3333333	845.6666667	847.6666667	846.6666667	847.6666667	666.6666667	667.6666667	614.3333333	621	805.6666667	925.6666667	820
316133935	695.26	916.6666667	932.3333333	916.6666667	899	780	779	765.6666667	792.3333333	866.6666667	861	864.3333333	863.3333333	806.6666667	801	734.3333333	760	880	1006.666667	893.3333333
316133940	710.52	925.6666667	947.6666667	926.6666667	905.6666667	812.3333333	814.3333333	801	826.6666667	841	833.3333333	836.6666667	836.6666667	852.3333333	853.3333333	793.3333333	820	859	979	874.3333333
316133945	714.77	883.3333333	905.6666667	884.3333333	860	739	740	725.6666667	753.3333333	825.6666667	813.3333333	820	821	854.3333333	860	800	820	801	906.6666667	814.3333333
316133950	690.68	892.3333333	905.6666667	894.3333333	879	705.6666667	705.6666667	699	714.3333333	787.6666667	785.6666667	785.6666667	787.6666667	813.3333333	814.3333333	753.3333333	772.3333333	874.3333333	999	887.6666667
316133955	629.9	823.3333333	827.6666667	824.3333333	821	711	711	700	720	705.6666667	706.6666667	705.6666667	707.6666667	853.3333333	860	801	820	992.3333333	1145.666667	1026.666667
316134000	591.28	759	774.3333333	760	745.6666667	759	759	745.6666667	772.3333333	734.3333333	727.6666667	730	729	772.3333333	772.3333333	713.3333333	732.3333333	980	1119	1000
316134005	584.1	773.3333333	785.6666667	772.3333333	760	795.6666667	796.6666667	787.6666667	805.6666667	767.6666667	766.6666667	766.6666667	765.6666667	801	799	733.3333333	759	906.6666667	1033.333333	933.3333333
316134010	631.9	846.6666667	867.6666667	847.6666667	825.6666667	721	720	707.6666667	733.3333333	847.6666667	845.6666667	847.6666667	846.6666667	894.3333333	885.6666667	819	847.6666667	881	999	899
316134015	634.25	950	972.3333333	951	926.6666667	721	719	707.6666667	734.3333333	900	886.6666667	893.3333333	894.3333333	873.3333333	872.3333333	807.6666667	826.6666667	953.3333333	1086.666667	974.3333333
316134020	632.07	984.3333333	1007.666667	984.3333333	959	685.6666667	686.6666667	679	692.3333333	887.6666667	880	882.3333333	883.3333333	859	859	794.3333333	819	992.3333333	1145.666667	1034.333333
316134025	635.12	877.6666667	893.3333333	877.6666667	859	740	741	726.6666667	752.3333333	880	865.6666667	873.3333333	872.3333333	934.3333333	920	853.3333333	879	1019	1180	1067.666667
316134030	595.75	863.3333333	887.6666667	864.3333333	841	897.6666667	895.6666667	886.6666667	905.6666667	839	826.6666667	833.3333333	833.3333333	952.3333333	946.6666667	881	912.3333333	1039	1205.666667	1086.666667
316134035	546.71	857.6666667	887.6666667	857.6666667	826.6666667	927.6666667	926.6666667	913.3333333	941	885.6666667	879	884.3333333	883.3333333	972.3333333	966.6666667	906.6666667	934.3333333	1014.333333	1146.666667	1041
316134040	554.86	961	981	961	940	914.3333333	913.3333333	901	927.6666667	959	946.6666667	952.3333333	952.3333333	934.3333333	925.6666667	861	893.3333333	994.3333333	1139	1019
316134045	582.13	1044.333333	1059	1042.333333	1026.666667	921	921	906.6666667	933.3333333	966.6666667	952.3333333	959	959	934.3333333	926.6666667	861	894.3333333	980	1126.666667	1012.333333
316134050	573.58	1043.333333	1059	1044.333333	1026.666667	899	900	885.6666667	912.3333333	1020	999	1009	1011	941	947.6666667	881	912.3333333	959	1107.666667	1001
316134055	539.4	1051	1072.333333	1051	1026.666667	893.3333333	893.3333333	880	906.6666667	1014.333333	1000	1006.666667	1005.666667	947.6666667	947.6666667	879	912.3333333	946.6666667	1086.666667	972.3333333
316134100	548.61	1069	1093.333333	1071	1045.666667	920	921	906.6666667	934.3333333	1001	985.6666667	993.3333333	992.3333333	972.3333333	981	919	954.3333333	940	1061	961
316134105	558.87	1032.333333	1054.333333	1034.333333	1012.333333	935.6666667	935.6666667	921	953.3333333	1020	999	1011	1009	966.6666667	965.6666667	901	933.3333333	940	1081	966.6666667
316134110	598.95	1067.666667	1092.333333	1067.666667	1040	997.6666667	995.6666667	979	1012.333333	1033.333333	1012.333333	1024.333333	1023.333333	993.3333333	987.6666667	934.3333333	961	940	1072.333333	961
316134115	696.93	1063.333333	1094.333333	1062.333333	1034.333333	1041	1040	1021	1061	1032.333333	1013.333333	1024.333333	1024.333333	1013.333333	1005.666667	953.3333333	992.3333333	959	1085.666667	979
316134120	742.45	1140	1165.666667	1140	1113.333333	1027.666667	1026.666667	1005.666667	1047.666667	1099	1072.333333	1086.666667	1086.666667	1032.333333	1019	974.3333333	1006.666667	954.3333333	1085.666667	981
316134125	749.32	1165.666667	1192.333333	1167.666667	1139	1045.666667	1047.666667	1025.666667	1067.666667	1087.666667	1061	1072.333333	1072.333333	1013.333333	1005.666667	961	992.3333333	961	1106.666667	987.6666667
316134130	748.21	1164.333333	1185.666667	1163.333333	1139	996.6666667	995.6666667	981	1013.333333	1106.666667	1086.666667	1095.666667	1097.666667	1046.666667	1054.333333	993.3333333	1034.333333	961	1094.333333	987.6666667
316134135	747.53	1187.666667	1214.333333	1186.666667	1160	1025.666667	1026.666667	1007.666667	1045.666667	1112.333333	1086.666667	1100	1101	1072.333333	1079	1021	1053.333333	952.3333333	1085.666667	979
316134140	737.15	1200	1227.666667	1199	1173.333333	1046.666667	1046.666667	1027.666667	1066.666667	1119	1092.333333	1107.666667	1105.666667	1093.333333	1099	1039	1074.333333	980	1127.666667	1021
316134145	762.98	1203.333333	1225.666667	1203.333333	1180	1060	1060	1039	1079	1121	1093.333333	1106.666667	1107.666667	1099	1101	1040	1080	994.3333333	1141	1019
316134150	775.43	1206.666667	1232.333333	1205.666667	1181	1076.666667	1076.666667	1060	1093.333333	1139	1114.333333	1127.666667	1125.666667	1106.666667	1113.333333	1061	1094.333333	1014.333333	1159	1046.666667
316134155	796.74	1204.333333	1226.666667	1202.333333	1181	1075.666667	1075.666667	1054.333333	1100	1120	1100	1111	1109	1107.666667	1112.333333	1045.666667	1086.666667	1013.333333	1165.666667	1052.333333
316134200	830.14	1220	1246.666667	1219	1192.333333	1081	1081	1059	1099	1113.333333	1094.333333	1104.333333	1102.333333	1146.666667	1153.333333	1080	1119	1021	1186.666667	1061
316134205	867.25	1213.333333	1240	1212.333333	1185.666667	1081	1081	1059	1100	1121	1087.666667	1103.333333	1104.333333	1133.333333	1146.666667	1079	1120	1027.666667	1174.333333	1059
316134210	870.44	1194.333333	1219	1194.333333	1166.666667	1093.333333	1094.333333	1072.333333	1114.333333	1113.333333	1093.333333	1104.333333	1103.333333	1107.666667	1114.333333	1046.666667	1093.333333	1032.333333	1187.666667	1079
316134215	874.19	1199	1227.666667	1199	1172.333333	1114.333333	1112.333333	1094.333333	1133.333333	1119	1093.333333	1107.666667	1106.666667	1107.666667	1105.666667	1041	1081	1039	1187.666667	1081
316134220	868.67	1215.666667	1246.666667	1215.666667	1187.666667	1117.666667	1116.666667	1093.333333	1139	1139	1113.333333	1126.666667	1126.666667	1106.666667	1107.666667	1039	1081	1053.333333	1207.666667	1100
316134225	879.32	1223.333333	1253.333333	1223.333333	1193.333333	1125.666667	1126.666667	1106.666667	1146.666667	1140	1105.666667	1123.333333	1124.333333	1126.666667	1127.666667	1072.333333	1112.333333	1072.333333	1225.666667	1121
316134230	876.33	1236.666667	1267.666667	1237.666667	1207.666667	1134.333333	1133.333333	1112.333333	1154.333333	1152.333333	1125.666667	1141	1141	1145.666667	1161	1099	1139	1092.333333	1245.666667	1139
316134235	895.63	1231	1260	1229	1201	1126.666667	1125.666667	1107.666667	1145.666667	1160	1126.666667	1144.333333	1142.333333	1161	1165.666667	1101	1140	1092.333333	1267.666667	1146.666667
316134240	911.07	1222.333333	1254.333333	1224.333333	1192.333333	1143.333333	1142.333333	1120	1165.666667	1139	1113.333333	1125.666667	1127.666667	1160	1167.666667	1099	1140	1112.333333	1266.666667	1166.666667
316134245	920.78	1240	1266.666667	1239	1212.333333	1112.333333	1113.333333	1092.333333	1132.333333	1139	1107.666667	1124.333333	1123.333333	1153.333333	1147.666667	1100	1139	1106.666667	1267.666667	1161
316134250	920.1	1223.333333	1252.333333	1223.333333	1192.333333	1116.666667	1115.666667	1092.333333	1141	1153.333333	1126.666667	1140	1139	1167.666667	1174.333333	1107.666667	1141	1105.666667	1273.333333	1165.666667
316134255	930.82	1215.666667	1240	1217.666667	1194.333333	1115.666667	1117.666667	1092.333333	1141	1101	1074.333333	1085.666667	1087.666667	1159	1167.666667	1100	1140	1094.333333	1260	1147.666667
316134300	930.1	1201	1225.666667	1201	1173.333333	1115.666667	1115.666667	1092.333333	1140	1120	1085.666667	1102.333333	1103.333333	1165.666667	1165.666667	1100	1141	1093.333333	1265.666667	1152.333333
316134305	934.5	1216.666667	1240	1217.666667	1192.333333	1120	1119	1100	1141	1139	1107.666667	1123.333333	1123.333333	1165.666667	1179	1120	1161	1093.333333	1261	1145.666667
316134310	937.2	1225.666667	1254.333333	1225.666667	1199	1129	1131	1107.666667	1153.333333	1133.333333	1107.666667	1120	1119	1187.666667	1186.666667	1120	1161	1106.666667	1265.666667	1161
316134315	942.15	1206.666667	1234.333333	1205.666667	1179	1130	1129	1107.666667	1154.333333	1126.666667	1105.666667	1117.666667	1117.666667	1187.666667	1187.666667	1133.333333	1165.666667	1112.333333	1292.333333	1186.666667
316134320	951.54	1219	1247.666667	1220	1192.333333	1140	1139	1114.333333	1166.666667	1120	1085.666667	1103.333333	1103.333333	1180	1187.666667	1120	1161	1114.333333	1286.666667	1180
316134325	963.36	1221	1246.666667	1220	1192.333333	1134.333333	1134.333333	1114.333333	1152.333333	1125.666667	1086.666667	1107.666667	1106.666667	1185.666667	1206.666667	1139	1180	1133.333333	1320	1207.666667
316134330	953.59	1223.333333	1252.333333	1222.333333	1193.333333	1131	1129	1106.666667	1154.333333	1161	1126.666667	1142.333333	1143.333333	1185.666667	1207.666667	1141	1180	1132.333333	1312.333333	1200
316134335	933.82	1239	1267.666667	1240	1212.333333	1131	1129	1107.666667	1152.333333	1152.333333	1126.666667	1140	1139	1185.666667	1192.333333	1134.333333	1173.333333	1132.333333	1313.333333	1213.333333
316134340	964.82	1245.666667	1281	1246.666667	1214.333333	1139	1140	1121	1159	1160	1127.666667	1142.333333	1142.333333	1187.666667	1194.333333	1140	1181	1134.333333	1312.333333	1201
316134345	966.85	1246.666667	1279	1246.666667	1212.333333	1142.333333	1142.333333	1119	1167.666667	1159	1126.666667	1144.333333	1143.333333	1187.666667	1192.333333	1140	1173.333333	1152.333333	1326.666667	1221
316134350	962.13	1245.666667	1280	1247.666667	1212.333333	1142.333333	1142.333333	1120	1167.666667	1167.666667	1125.666667	1146.666667	1145.666667	1201	1180	1141	1179	1154.333333	1327.666667	1214.333333
316134355	958.68	1247.666667	1280	1246.666667	1214.333333	1144.333333	1142.333333	1121	1165.666667	1165.666667	1140	1152.333333	1153.333333	1201	1200	1139	1185.666667	1153.333333	1325.666667	1212.333333
316134400	959.68	1250	1286.666667	1249	1212.333333	1146.666667	1145.666667	1120	1174.333333	1165.666667	1132.333333	1151	1149	1199	1205.666667	1141	1187.666667	1152.333333	1325.666667	1212.333333
316134405	964.23	1251	1286.666667	1250	1213.333333	1149	1150	1127.666667	1173.333333	1172.333333	1139	1156.666667	1155.666667	1193.333333	1207.666667	1140	1185.666667	1154.333333	1325.666667	1213.333333
316134410	965.32	1246.666667	1281	1245.666667	1214.333333	1152.333333	1152.333333	1132.333333	1172.333333	1173.333333	1140	1156.666667	1156.666667	1200	1205.666667	1141	1187.666667	1153.333333	1325.666667	1213.333333
316134415	965.3	1260	1286.666667	1260	1233.333333	1154.333333	1154.333333	1133.333333	1172.333333	1173.333333	1141	1155.666667	1157.666667	1199	1200	1154.333333	1186.666667	1154.333333	1326.666667	1212.333333
316134420	962	1261	1287.666667	1259	1232.333333	1154.333333	1154.333333	1132.333333	1172.333333	1174.333333	1140	1157.666667	1156.666667	1201	1167.666667	1145.666667	1193.333333	1152.333333	1327.666667	1212.333333
316134425	964.2	1260	1286.666667	1260	1234.333333	1155.666667	1157.666667	1134.333333	1180	1166.666667	1141	1152.333333	1152.333333	1200	1201	1154.333333	1199	1152.333333	1334.333333	1220
316134430	972.57	1259	1286.666667	1260	1234.333333	1159	1159	1141	1181	1174.333333	1140	1156.666667	1156.666667	1207.666667	1167.666667	1160	1200	1152.333333	1333.333333	1221
316134435	976.12	1260	1285.666667	1259	1232.333333	1153.333333	1154.333333	1133.333333	1174.333333	1172.333333	1133.333333	1152.333333	1154.333333	1199	1212.333333	1161	1200	1154.333333	1334.333333	1225.666667
316134440	974.36	1261	1285.666667	1261	1233.333333	1154.333333	1153.333333	1132.333333	1174.333333	1161	1127.666667	1144.333333	1144.333333	1199	1206.666667	1159	1201	1154.333333	1334.333333	1226.666667
316134445	978.82	1261	1287.666667	1261	1233.333333	1154.333333	1153.333333	1132.333333	1172.333333	1173.333333	1147.666667	1160	1159	1207.666667	1207.666667	1161	1200	1152.333333	1334.333333	1221
316134450	981.89	1261	1285.666667	1261	1234.333333	1153.333333	1153.333333	1133.333333	1174.333333	1172.333333	1139	1155.666667	1155.666667	1219	1205.666667	1161	1200	1153.333333	1326.666667	1212.333333
316134455	982.11	1260	1285.666667	1259	1232.333333	1156.666667	1156.666667	1139	1172.333333	1165.666667	1141	1153.333333	1153.333333	1213.333333	1206.666667	1159	1199	1153.333333	1332.333333	1212.333333
316134500	984.55	1256.666667	1279	1256.666667	1233.333333	1152.333333	1154.333333	1132.333333	1173.333333	1174.333333	1139	1157.666667	1155.666667	1207.666667	1207.666667	1159	1205.666667	1147.666667	1326.666667	1213.333333
316134505	988.46	1259	1287.666667	1260	1234.333333	1154.333333	1152.333333	1134.333333	1173.333333	1173.333333	1147.666667	1160	1161	1206.666667	1206.666667	1159	1200	1152.333333	1333.333333	1220
316134510	988.96	1259	1286.666667	1260	1234.333333	1164.333333	1164.333333	1139	1185.666667	1172.333333	1139	1155.666667	1157.666667	1207.666667	1213.333333	1159	1201	1154.333333	1333.333333	1214.333333
316134515	990.81	1259	1286.666667	1261	1234.333333	1165.666667	1165.666667	1139	1193.333333	1172.333333	1141	1157.666667	1157.666667	1200	1212.333333	1152.333333	1199	1153.333333	1325.666667	1214.333333
316134520	989.81	1260	1286.666667	1260	1233.333333	1159	1161	1141	1179	1173.333333	1139	1157.666667	1156.666667	1205.666667	1200	1159	1199	1152.333333	1326.666667	1213.333333
316134525	990.78	1259	1286.666667	1261	1233.333333	1167.666667	1167.666667	1140	1193.333333	1174.333333	1141	1156.666667	1155.666667	1200	1213.333333	1160	1201	1139	1325.666667	1214.333333
316134530	989.87	1264.333333	1294.333333	1262.333333	1232.333333	1166.666667	1165.666667	1140	1193.333333	1173.333333	1146.666667	1161	1159	1201	1207.666667	1160	1192.333333	1154.333333	1327.666667	1212.333333
316134535	989.22	1263.333333	1293.333333	1263.333333	1232.333333	12.33333333	783.2222222	1139	1194.333333	1173.333333	1145.666667	1159	1161	1206.666667	1199	1152.333333	1199	1154.333333	1325.666667	1212.333333
316134540	990.41	1263.333333	1292.333333	1263.333333	1234.333333	14.33333333	781.2222222	1139	1193.333333	1172.333333	1146.666667	1161	1159	1201	1199	1152.333333	1200	1145.666667	1326.666667	1213.333333
316134545	990.9	1263.333333	1294.333333	1264.333333	1232.333333	14.33333333	782.2222222	1140	1192.333333	1172.333333	1147.666667	1161	1160	1201	1201	1154.333333	1200	1152.333333	1325.666667	1214.333333
316134550	989.63	1267.666667	1299	1266.666667	1234.333333	1165.666667	1165.666667	1141	1192.333333	1174.333333	1145.666667	1159	1161	1200	1206.666667	1152.333333	1187.666667	1141	1327.666667	1213.333333
316134555	988.24	1267.666667	1300	1266.666667	1232.333333	14.33333333	782.2222222	1141	1193.333333	1173.333333	1141	1157.666667	1156.666667	1200	1200	1152.333333	1187.666667	1140	1325.666667	1214.333333
316134600	989.17	1267.666667	1301	1265.666667	1234.333333	1167.666667	1167.666667	1140	1194.333333	1181	1145.666667	1163.333333	1164.333333	1201	1207.666667	1154.333333	1185.666667	1146.666667	1321	1213.333333
316134605	990.69	1266.666667	1301	1265.666667	1234.333333	1165.666667	1166.666667	1141	1192.333333	1173.333333	1146.666667	1160	1161	1199	1200	1146.666667	1187.666667	1140	1320	1212.333333
316134610	990.04	1266.666667	1299	1267.666667	1234.333333	1159	1160	1141	1179	1174.333333	1147.666667	1161	1160	1201	1192.333333	1154.333333	1187.666667	1141	1327.666667	1213.333333
316134615	990.99	1264.333333	1292.333333	1264.333333	1234.333333	1160	1160	1141	1180	1181	1145.666667	1162.333333	1164.333333	1199	1201	1153.333333	1192.333333	1134.333333	1319	1212.333333
316134620	989.13	1265.666667	1301	1265.666667	1234.333333	1161	1159	1141	1179	1173.333333	1145.666667	1160	1161	1199	1194.333333	1140	1185.666667	1134.333333	1321	1212.333333
316134625	991.23	1265.666667	1301	1267.666667	1234.333333	1153.333333	1152.333333	1133.333333	1174.333333	1173.333333	1146.666667	1159	1159	1199	1201	1146.666667	1185.666667	1133.333333	1320	1206.666667
316134630	989.67	1259	1285.666667	1261	1233.333333	1157.666667	1156.666667	1141	1173.333333	1173.333333	1145.666667	1159	1161	1193.333333	1199	1147.666667	1185.666667	1133.333333	1320	1214.333333
316134635	988.83	1263.333333	1294.333333	1263.333333	1232.333333	1161	1161	1139	1179	1174.333333	1147.666667	1160	1160	1200	1194.333333	1145.666667	1187.666667	1133.333333	1321	1212.333333
316134640	983.19	1264.333333	1293.333333	1264.333333	1232.333333	1155.666667	1157.666667	1141	1174.333333	1172.333333	1146.666667	1161	1159	1186.666667	1193.333333	1140	1185.666667	1134.333333	1320	1213.333333
316134645	988.46	1264.333333	1293.333333	1263.333333	1232.333333	1154.333333	1153.333333	1134.333333	1172.333333	1173.333333	1145.666667	1159	1160	1201	1193.333333	1139	1187.666667	1132.333333	1321	1206.666667
316134650	988.3	1260	1286.666667	1261	1233.333333	1153.333333	1153.333333	1134.333333	1173.333333	1172.333333	1147.666667	1161	1159	1201	1194.333333	1140	1180	1134.333333	1319	1205.666667
316134655	988.66	1259	1286.666667	1259	1232.333333	1154.333333	1154.333333	1134.333333	1174.333333	1173.333333	1147.666667	1159	1159	1201	1192.333333	1140	1185.666667	1134.333333	1321	1213.333333
316134700	987.68	1257.666667	1285.666667	1256.666667	1226.666667	1153.333333	1152.333333	1134.333333	1174.333333	1173.333333	1145.666667	1159	1160	1201	1186.666667	1141	1187.666667	1133.333333	1313.333333	1207.666667
316134705	989.2	1256.666667	1287.666667	1257.666667	1227.666667	1152.333333	1152.333333	1132.333333	1172.333333	1173.333333	1145.666667	1160	1161	1186.666667	1200	1140	1185.666667	1134.333333	1321	1207.666667
316134710	986.7	1259	1287.666667	1260	1234.333333	1154.333333	1152.333333	1132.333333	1174.333333	1172.333333	1147.666667	1160	1159	1200	1186.666667	1147.666667	1187.666667	1134.333333	1313.333333	1201
316134715	987.64	1256.666667	1287.666667	1257.666667	1227.666667	1154.333333	1154.333333	1132.333333	1174.333333	1173.333333	1132.333333	1153.333333	1153.333333	1194.333333	1185.666667	1140	1181	1127.666667	1319	1205.666667
316134720	988.15	1256.666667	1286.666667	1256.666667	1227.666667	1152.333333	1152.333333	1134.333333	1173.333333	1172.333333	1140	1155.666667	1157.666667	1181	1187.666667	1141	1186.666667	1132.333333	1320	1199
316134725	952.64	1256.666667	1286.666667	1256.666667	1227.666667	1153.333333	1152.333333	1132.333333	1174.333333	1174.333333	1140	1156.666667	1156.666667	1201	1193.333333	1139	1180	1132.333333	1307.666667	1205.666667
316134730	952.08	1256.666667	1287.666667	1257.666667	1225.666667	1149	1149	1127.666667	1172.333333	1174.333333	1139	1157.666667	1155.666667	1199	1193.333333	1140	1180	1134.333333	1319	1201
316134735	951.96	1255.666667	1287.666667	1257.666667	1226.666667	21	773.3333333	1125.666667	1174.333333	1172.333333	1141	1157.666667	1155.666667	1193.333333	1187.666667	1141	1181	1127.666667	1312.333333	1194.333333
316134740	952.56	1257.666667	1286.666667	1257.666667	1227.666667	12.33333333	773.3333333	1133.333333	1172.333333	1174.333333	1139	1156.666667	1156.666667	1194.333333	1193.333333	1139	1180	1132.333333	1314.333333	1205.666667
316134745	953.48	1255.666667	1285.666667	1255.666667	1227.666667	12.33333333	768.8888889	1120	1172.333333	1172.333333	1133.333333	1153.333333	1153.333333	1193.333333	1185.666667	1140	1180	1132.333333	1312.333333	1200
316134750	953.29	1252.333333	1286.666667	1252.333333	1219	21	773.3333333	1125.666667	1172.333333	1172.333333	1141	1155.666667	1156.666667	1192.333333	1185.666667	1139	1185.666667	1133.333333	1306.666667	1194.333333
316134755	952.24	1257.666667	1285.666667	1255.666667	1226.666667	21	776.5555556	1134.333333	1174.333333	1173.333333	1133.333333	1153.333333	1153.333333	1186.666667	1185.666667	1141	1187.666667	1134.333333	1307.666667	1200
316134800	952.19	1255.666667	1286.666667	1255.666667	1226.666667	12.33333333	772.3333333	1132.333333	1173.333333	1173.333333	1139	1156.666667	1155.666667	1192.333333	1181	1140	1185.666667	1134.333333	1307.666667	1192.333333
316134805	951.24	1254.333333	1286.666667	1253.333333	1220	1151	1149	1127.666667	1172.333333	1173.333333	1140	1155.666667	1155.666667	1187.666667	1193.333333	1141	1179	1133.333333	1307.666667	1192.333333
316134810	950.54	1249	1280	1250	1221	14.33333333	772.3333333	1134.333333	1172.333333	1174.333333	1134.333333	1153.333333	1154.333333	1187.666667	1193.333333	1139	1181	1133.333333	1307.666667	1192.333333
316134815	952.14	1249	1281	1249	1220	1153.333333	1153.333333	1132.333333	1174.333333	1172.333333	1140	1157.666667	1157.666667	1192.333333	1185.666667	1141	1179	1127.666667	1305.666667	1193.333333
316134820	949.78	1249	1280	1249	1219	1152.333333	1154.333333	1134.333333	1172.333333	1173.333333	1133.333333	1152.333333	1153.333333	1185.666667	1186.666667	1139	1179	1132.333333	1313.333333	1194.333333
316134825	950.87	1252.333333	1287.666667	1254.333333	1220	1154.333333	1153.333333	1132.333333	1174.333333	1174.333333	1134.333333	1152.333333	1153.333333	1192.333333	1194.333333	1140	1185.666667	1133.333333	1305.666667	1193.333333
316134830	951.44	1253.333333	1285.666667	1254.333333	1219	1150	1149	1125.666667	1172.333333	1173.333333	1134.333333	1153.333333	1153.333333	1185.666667	1194.333333	1140	1181	1125.666667	1306.666667	1193.333333
316134835	950.18	1250	1279	1250	1220	1147.666667	1146.666667	1119	1174.333333	1174.333333	1134.333333	1154.333333	1154.333333	1179	1179	1140	1186.666667	1132.333333	1306.666667	1194.333333
316134840	949.87	1249	1279	1251	1221	1145.666667	1147.666667	1119	1172.333333	1173.333333	1127.666667	1149	1150	1194.333333	1187.666667	1141	1179	1127.666667	1306.666667	1192.333333
316134845	950.76	1250	1280	1251	1219	1151	1151	1125.666667	1172.333333	1174.333333	1139	1156.666667	1157.666667	1180	1194.333333	1141	1180	1120	1306.666667	1194.333333
316134850	949.84	1250	1280	1249	1220	1146.666667	1145.666667	1120	1173.333333	1172.333333	1140	1156.666667	1155.666667	1179	1185.666667	1139	1179	1121	1305.666667	1194.333333
316134855	948.55	1251	1281	1251	1221	1149	1151	1126.666667	1174.333333	1172.333333	1132.333333	1153.333333	1154.333333	1186.666667	1159	1141	1180	1127.666667	1307.666667	1194.333333
316134900	948.37	1250	1279	1250	1220	1146.666667	1147.666667	1119	1173.333333	1173.333333	1132.333333	1153.333333	1152.333333	1180	1180	1139	1180	1119	1307.666667	1194.333333
316134905	949.34	1249	1280	1249	1221	1145.666667	1145.666667	1121	1172.333333	1173.333333	1133.333333	1152.333333	1154.333333	1181	1186.666667	1139	1180	1120	1307.666667	1194.333333
316134910	949.19	1252.333333	1285.666667	1254.333333	1219	1147.666667	1146.666667	1119	1172.333333	1172.333333	1134.333333	1154.333333	1153.333333	1180	1185.666667	1141	1180	1127.666667	1300	1194.333333
316134915	950.23	1250	1279	1250	1220	1147.666667	1145.666667	1119	1172.333333	1172.333333	1133.333333	1152.333333	1154.333333	1179	1185.666667	1139	1180	1125.666667	1307.666667	1193.333333
316134920	950.25	1245.666667	1281	1247.666667	1214.333333	12.33333333	768.8888889	1121	1174.333333	1173.333333	1133.333333	1154.333333	1153.333333	1180	1186.666667	1139	1180	1121	1301	1194.333333
316134925	949.67	1251	1279	1251	1220	14.33333333	768.8888889	1121	1174.333333	1172.333333	1133.333333	1152.333333	1154.333333	1180	1172.333333	1139	1180	1126.666667	1299	1193.333333
316134930	948.79	1251	1281	1251	1220	1146.666667	1147.666667	1121	1173.333333	1173.333333	1132.333333	1154.333333	1153.333333	1179	1186.666667	1140	1180	1126.666667	1305.666667	1193.333333
316134935	949.42	1250	1279	1250	1220	1146.666667	1147.666667	1120	1174.333333	1172.333333	1141	1155.666667	1157.666667	1181	1180	1141	1179	1112.333333	1301	1193.333333
316134940	949.53	1250	1280	1251	1220	1147.666667	1147.666667	1120	1174.333333	1173.333333	1140	1156.666667	1155.666667	1185.666667	1179	1141	1181	1120	1299	1193.333333
316134945	948.41	1245.666667	1279	1245.666667	1213.333333	13.33333333	767.8888889	1120	1173.333333	1173.333333	1134.333333	1153.333333	1153.333333	1179	1180	1139	1181	1119	1299	1193.333333
316134950	947.51	1250	1281	1251	1221	1147.666667	1146.666667	1120	1174.333333	1172.333333	1134.333333	1153.333333	1154.333333	1187.666667	1179	1139	1179	1112.333333	1301	1194.333333
316134955	948.15	1246.666667	1281	1247.666667	1212.333333	13.33333333	767.8888889	1121	1174.333333	1172.333333	1133.333333	1154.333333	1153.333333	1187.666667	1187.666667	1141	1181	1119	1299	1193.333333
316135000	948.61	1247.666667	1279	1245.666667	1213.333333	1149	1149	1127.666667	1173.333333	1172.333333	1134.333333	1154.333333	1154.333333	1185.666667	1185.666667	1141	1180	1105.666667	1301	1194.333333
316135005	947.38	1249	1279	1249	1220	13.33333333	772.1111111	1125.666667	1173.333333	1174.333333	1139	1156.666667	1155.666667	1185.666667	1181	1139	1180	1121	1299	1192.333333
316135010	947.68	1245.666667	1281	1245.666667	1214.333333	13.33333333	770.1111111	1126.666667	1174.333333	1173.333333	1134.333333	1153.333333	1153.333333	1181	1186.666667	1140	1180	1127.666667	1299	1193.333333
316135015	950.98	1249	1281	1249	1220	1151	1151	1127.666667	1174.333333	1174.333333	1132.333333	1154.333333	1153.333333	1186.666667	1185.666667	1141	1180	1114.333333	1301	1194.333333
316135020	951.04	1247.666667	1280	1246.666667	1212.333333	1149	1150	1126.666667	1173.333333	1174.333333	1134.333333	1153.333333	1154.333333	1186.666667	1180	1140	1187.666667	1121	1300	1192.333333
316135025	950.8	1249	1281	1251	1221	1150	1149	1125.666667	1174.333333	1172.333333	1133.333333	1152.333333	1153.333333	1194.333333	1179	1139	1187.666667	1112.333333	1301	1193.333333
316135030	950.61	1247.666667	1280	1245.666667	1214.333333	1151	1150	1125.666667	1173.333333	1172.333333	1133.333333	1154.333333	1152.333333	1180	1181	1141	1186.666667	1121	1300	1193.333333
316135035	953.01	1245.666667	1280	1245.666667	1213.333333	19	773.3333333	1125.666667	1172.333333	1173.333333	1132.333333	1152.333333	1154.333333	1187.666667	1185.666667	1140	1179	1121	1301	1194.333333
316135040	977.84	1247.666667	1280	1245.666667	1213.333333	1150	1150	1125.666667	1172.333333	1173.333333	1134.333333	1152.333333	1152.333333	1186.666667	1187.666667	1141	1179	1121	1305.666667	1194.333333
316135045	976.74	1250	1279	1250	1221	1154.333333	1154.333333	1134.333333	1174.333333	1174.333333	1133.333333	1154.333333	1154.333333	1181	1186.666667	1139	1179	1121	1300	1192.333333
316135050	978.29	1249	1281	1251	1221	1150	1151	1126.666667	1173.333333	1174.333333	1133.333333	1154.333333	1152.333333	1179	1181	1139	1181	1120	1301	1192.333333
316135055	979.42	1249	1281	1251	1221	1152.333333	1153.333333	1133.333333	1172.333333	1174.333333	1141	1156.666667	1156.666667	1187.666667	1186.666667	1140	1181	1119	1301	1194.333333
316135100	977.74	1252.333333	1286.666667	1252.333333	1219	1154.333333	1154.333333	1133.333333	1174.333333	1174.333333	1139	1156.666667	1155.666667	1185.666667	1180	1141	1181	1120	1299	1194.333333
316135105	979.03	1254.333333	1287.666667	1252.333333	1221	1161	1159	1140	1180	1172.333333	1141	1155.666667	1155.666667	1186.666667	1181	1141	1186.666667	1121	1300	1192.333333
316135110	978.26	1251	1279	1249	1219	13.33333333	778.7777778	1139	1179	1174.333333	1139	1155.666667	1157.666667	1186.666667	1181	1140	1187.666667	1121	1299	1194.333333
316135115	980.11	1254.333333	1285.666667	1253.333333	1221	14.33333333	776.7777778	1139	1181	1174.333333	1133.333333	1152.333333	1152.333333	1185.666667	1181	1140	1185.666667	1120	1301	1194.333333
316135120	979.36	1251	1280	1251	1221	12.33333333	776.7777778	1141	1180	1174.333333	1139	1157.666667	1155.666667	1185.666667	1181	1141	1186.666667	1120	1299	1193.333333
316135125	981.01	1251	1281	1249	1220	14.33333333	776.7777778	1141	1181	1173.333333	1140	1157.666667	1155.666667	1186.666667	1185.666667	1140	1187.666667	1119	1299	1193.333333
316135130	980.21	1251	1281	1249	1220	14.33333333	776.7777778	1141	1180	1174.333333	1139	1157.666667	1156.666667	1187.666667	1180	1140	1185.666667	1119	1299	1192.333333
316135135	980.56	1253.333333	1287.666667	1254.333333	1221	1161	1161	1140	1181	1180	1140	1160	1160	1186.666667	1186.666667	1146.666667	1186.666667	1120	1305.666667	1194.333333
316135140	980.84	1253.333333	1286.666667	1254.333333	1219	14.33333333	778.7777778	1139	1180	1181	1140	1161	1161	1185.666667	1194.333333	1139	1186.666667	1127.666667	1314.333333	1193.333333
316135145	981.86	1254.333333	1286.666667	1252.333333	1220	1159	1159	1140	1180	1173.333333	1139	1155.666667	1155.666667	1181	1185.666667	1147.666667	1185.666667	1120	1301	1192.333333
316135150	981.21	1253.333333	1286.666667	1252.333333	1220	1161	1161	1140	1179	1181	1139	1161	1160	1186.666667	1185.666667	1139	1187.666667	1125.666667	1314.333333	1194.333333
316135155	983.1	1253.333333	1287.666667	1254.333333	1220	1160	1159	1141	1179	1180	1141	1160	1159	1186.666667	1185.666667	1139	1186.666667	1120	1307.666667	1193.333333
316135200	983.45	1252.333333	1286.666667	1254.333333	1220	1160	1161	1140	1179	1180	1132.333333	1156.666667	1156.666667	1194.333333	1186.666667	1141	1186.666667	1121	1307.666667	1194.333333
316135205	983.54	1253.333333	1286.666667	1254.333333	1221	1163.333333	1163.333333	1140	1187.666667	1180	1140	1160	1161	1192.333333	1193.333333	1153.333333	1192.333333	1125.666667	1314.333333	1193.333333
316135210	983.57	1254.333333	1286.666667	1254.333333	1220	1164.333333	1164.333333	1140	1185.666667	1181	1139	1159	1159	1186.666667	1186.666667	1154.333333	1193.333333	1119	1300	1193.333333
316135215	983.48	1252.333333	1286.666667	1252.333333	1220	1163.333333	1164.333333	1139	1185.666667	1172.333333	1139	1156.666667	1156.666667	1192.333333	1180	1152.333333	1194.333333	1120	1314.333333	1194.333333
316135220	982.82	1257.666667	1286.666667	1256.666667	1225.666667	1166.666667	1167.666667	1141	1193.333333	1180	1139	1159	1161	1194.333333	1187.666667	1154.333333	1193.333333	1125.666667	1321	1192.333333
316135225	984.05	1260	1294.333333	1259	1227.666667	1145.666667	1145.666667	1119	1172.333333	1180	1141	1161	1160	1186.666667	1193.333333	1146.666667	1192.333333	1127.666667	1319	1199
316135230	985.44	1249	1281	1251	1221	1139	1140	1121	1161	1172.333333	1134.333333	1152.333333	1153.333333	1193.333333	1194.333333	1153.333333	1193.333333	1132.333333	1320	1192.333333
316135235	987.26	1247.666667	1279	1245.666667	1214.333333	1147.666667	1146.666667	1119	1173.333333	1181	1146.666667	1162.333333	1164.333333	1193.333333	1186.666667	1147.666667	1194.333333	1127.666667	1312.333333	1192.333333
316135240	986.68	1252.333333	1287.666667	1253.333333	1219	1145.666667	1147.666667	1121	1174.333333	1172.333333	1132.333333	1154.333333	1153.333333	1192.333333	1193.333333	1154.333333	1192.333333	1119	1307.666667	1192.333333
316135245	985.93	1244.333333	1281	1242.333333	1206.666667	1146.666667	1147.666667	1120	1173.333333	1172.333333	1132.333333	1154.333333	1154.333333	1194.333333	1194.333333	1152.333333	1194.333333	1113.333333	1301	1194.333333
316135250	986.15	1244.333333	1281	1244.333333	1207.666667	1134.333333	1134.333333	1113.333333	1152.333333	1174.333333	1139	1155.666667	1155.666667	1187.666667	1187.666667	1141	1192.333333	1112.333333	1300	1194.333333
316135255	986.36	1234.333333	1267.666667	1233.333333	1200	1117.666667	1117.666667	1101	1134.333333	1166.666667	1134.333333	1151	1151	1172.333333	1159	1134.333333	1173.333333	1113.333333	1299	1179
316135300	987.42	1225.666667	1260	1226.666667	1192.333333	1081	1079	1061	1100	1141	1105.666667	1122.333333	1122.333333	1145.666667	1146.666667	1100	1139	1094.333333	1267.666667	1152.333333
316135305	985.82	1205.666667	1239	1205.666667	1174.333333	1089	1091	1065.666667	1113.333333	1133.333333	1105.666667	1121	1120	1092.333333	1100	1059	1101	1074.333333	1239	1132.333333
316135310	978.33	1195.666667	1225.666667	1195.666667	1167.666667	989	990	973.3333333	1005.666667	1147.666667	1107.666667	1126.666667	1126.666667	1094.333333	1087.666667	1041	1081	1079	1260	1147.666667
316135315	975.09	1129	1146.666667	1129	1114.333333	1036.666667	1036.666667	1019	1052.333333	1025.666667	1006.666667	1017.666667	1015.666667	1061	1052.333333	1012.333333	1047.666667	1033.333333	1200	1085.666667
316135320	978.14	1124.333333	1154.333333	1122.333333	1092.333333	931	931	920	941	1073.333333	1045.666667	1061	1061	939	925.6666667	901	927.6666667	953.3333333	1105.666667	1005.666667
316135325	980.75	1161	1187.666667	1159	1132.333333	941	939	927.6666667	952.3333333	1072.333333	1047.666667	1059	1060	941	920	892.3333333	926.6666667	900	1040	925.6666667
316135330	977.58	1083.333333	1105.666667	1084.333333	1060	983.3333333	982.3333333	966.6666667	1001	993.3333333	967.6666667	979	979	966.6666667	960	925.6666667	966.6666667	932.3333333	1080	967.6666667
316135335	965.11	1026.666667	1053.333333	1026.666667	999	976.6666667	976.6666667	961	994.3333333	981	953.3333333	966.6666667	965.6666667	1025.666667	1020	979	1012.333333	999	1161	1046.666667
316135340	943.81	1087.666667	1113.333333	1085.666667	1061	956.6666667	955.6666667	939	972.3333333	1033.333333	1007.666667	1019	1021	1005.666667	993.3333333	960	992.3333333	966.6666667	1125.666667	1005.666667
316135345	924.58	1101	1126.666667	1100	1073.333333	941	940	926.6666667	952.3333333	1021	992.3333333	1006.666667	1005.666667	987.6666667	973.3333333	939	973.3333333	973.3333333	1134.333333	1021
316135350	904.38	1047.666667	1073.333333	1046.666667	1021	980	979	967.6666667	993.3333333	979	959	970	971	1034.333333	1027.666667	985.6666667	1027.666667	992.3333333	1161	1046.666667
316135355	847.74	1026.666667	1053.333333	1026.666667	999	941	941	925.6666667	953.3333333	1033.333333	1006.666667	1019	1021	1094.333333	1094.333333	1054.333333	1085.666667	994.3333333	1160	1041
316135400	862.46	1080	1106.666667	1081	1054.333333	906.6666667	906.6666667	901	913.3333333	992.3333333	974.3333333	984.3333333	984.3333333	1132.333333	1134.333333	1085.666667	1134.333333	1053.333333	1219	1106.666667
316135405	788.45	1087.666667	1114.333333	1085.666667	1059	1053.333333	1053.333333	1041	1065.666667	994.3333333	972.3333333	983.3333333	984.3333333	1132.333333	1127.666667	1093.333333	1133.333333	1019	1187.666667	1065.666667
316135410	761.45	1036.666667	1053.333333	1036.666667	1019	1080	1079	1059	1101	941	933.3333333	936.6666667	935.6666667	1139	1127.666667	1100	1141	1053.333333	1227.666667	1112.333333
316135415	801.25	1032.333333	1067.666667	1034.333333	1000	1080	1080	1060	1101	1013.333333	992.3333333	1003.333333	1004.333333	1140	1125.666667	1100	1141	1047.666667	1219	1106.666667
316135420	804.64	1165.666667	1200	1167.666667	1134.333333	1044.333333	1043.333333	1025.666667	1059	1086.666667	1059	1074.333333	1072.333333	1141	1125.666667	1100	1139	1033.333333	1207.666667	1085.666667
316135425	786.17	1166.666667	1201	1166.666667	1132.333333	1062.333333	1062.333333	1046.666667	1080	1072.333333	1047.666667	1060	1061	1141	1132.333333	1100	1139	1074.333333	1253.333333	1146.666667
316135430	783.76	1124.333333	1154.333333	1124.333333	1092.333333	1060	1059	1041	1081	1067.666667	1032.333333	1049	1049	1139	1134.333333	1099	1139	1087.666667	1259	1146.666667
316135435	802.16	1141	1167.666667	1140	1114.333333	1081	1080	1061	1100	1073.333333	1045.666667	1060	1061	1139	1132.333333	1099	1141	1053.333333	1232.333333	1112.333333
316135440	788.79	1139	1167.666667	1139	1114.333333	1083.333333	1082.333333	1066.666667	1100	1073.333333	1045.666667	1059	1059	1161	1147.666667	1113.333333	1152.333333	1072.333333	1240	1125.666667
316135445	747	1145.666667	1181	1146.666667	1112.333333	1085.666667	1087.666667	1065.666667	1107.666667	1074.333333	1045.666667	1060	1060	1154.333333	1139	1120	1159	1093.333333	1265.666667	1152.333333
316135450	841.57	1155.666667	1187.666667	1157.666667	1127.666667	1087.666667	1085.666667	1065.666667	1105.666667	1085.666667	1052.333333	1070	1070	1139	1127.666667	1101	1140	1093.333333	1260	1152.333333
316135455	907.1	1170	1199	1170	1140	1081	1079	1061	1101	1085.666667	1046.666667	1065.666667	1066.666667	1134.333333	1127.666667	1094.333333	1133.333333	1094.333333	1274.333333	1154.333333
316135500	913.12	1165.666667	1200	1165.666667	1134.333333	1053.333333	1054.333333	1033.333333	1074.333333	1093.333333	1067.666667	1080	1081	1154.333333	1152.333333	1114.333333	1154.333333	1092.333333	1279	1167.666667
316135505	881.31	1173.333333	1201	1173.333333	1147.666667	1095.666667	1097.666667	1079	1113.333333	1073.333333	1046.666667	1061	1059	1152.333333	1154.333333	1113.333333	1160	1113.333333	1300	1179
316135510	880.4	1146.666667	1180	1146.666667	1114.333333	1116.666667	1115.666667	1099	1134.333333	1072.333333	1047.666667	1060	1061	1174.333333	1140	1133.333333	1166.666667	1112.333333	1299	1194.333333
316135515	892.23	1186.666667	1219	1187.666667	1153.333333	1127.666667	1126.666667	1100	1153.333333	1126.666667	1085.666667	1106.666667	1107.666667	1153.333333	1152.333333	1119	1161	1112.333333	1301	1192.333333
316135520	900.98	1207.666667	1240	1206.666667	1173.333333	1114.333333	1114.333333	1092.333333	1132.333333	1133.333333	1100	1117.666667	1117.666667	1160	1152.333333	1121	1160	1107.666667	1300	1187.666667
316135525	916.75	1214.333333	1247.666667	1213.333333	1180	1091	1091	1067.666667	1114.333333	1145.666667	1106.666667	1125.666667	1127.666667	1133.333333	1127.666667	1094.333333	1134.333333	1080	1259	1154.333333
316135530	919.56	1207.666667	1240	1206.666667	1173.333333	1079	1081	1061	1101	1132.333333	1099	1115.666667	1115.666667	1166.666667	1152.333333	1119	1167.666667	1114.333333	1305.666667	1193.333333
316135535	920.72	1186.666667	1221	1185.666667	1153.333333	1141	1141	1121	1161	1127.666667	1099	1114.333333	1114.333333	1160	1159	1120	1161	1119	1301	1193.333333
316135540	923.38	1206.666667	1241	1205.666667	1173.333333	1136.666667	1137.666667	1120	1153.333333	1172.333333	1139	1157.666667	1156.666667	1187.666667	1174.333333	1140	1185.666667	1114.333333	1300	1193.333333
316135545	897.42	1231	1261	1229	1200	1144.333333	1144.333333	1121	1166.666667	1165.666667	1134.333333	1151	1150	1179	1166.666667	1134.333333	1181	1113.333333	1300	1192.333333
316135550	925.58	1241	1273.333333	1240	1207.666667	1150	1149	1126.666667	1172.333333	1161	1134.333333	1146.666667	1147.666667	1180	1133.333333	1140	1179	1114.333333	1300	1193.333333
316135555	946.89	1243.333333	1280	1243.333333	1205.666667	1147.666667	1147.666667	1120	1173.333333	1165.666667	1132.333333	1151	1149	1174.333333	1166.666667	1139	1180	1113.333333	1301	1193.333333
316135600	961.09	1242.333333	1281	1243.333333	1205.666667	1146.666667	1145.666667	1121	1174.333333	1172.333333	1134.333333	1153.333333	1154.333333	1181	1173.333333	1141	1180	1113.333333	1300	1193.333333
316135605	952.29	1242.333333	1279	1244.333333	1205.666667	1147.666667	1145.666667	1121	1172.333333	1172.333333	1132.333333	1154.333333	1154.333333	1174.333333	1165.666667	1140	1179	1114.333333	1300	1194.333333
316135610	931.83	1244.333333	1280	1244.333333	1207.666667	1146.666667	1145.666667	1120	1174.333333	1174.333333	1134.333333	1152.333333	1153.333333	1174.333333	1159	1140	1180	1114.333333	1301	1192.333333
316135615	917.96	1244.333333	1279	1242.333333	1207.666667	1146.666667	1146.666667	1119	1172.333333	1174.333333	1133.333333	1153.333333	1152.333333	1173.333333	1167.666667	1140	1179	1114.333333	1301	1192.333333
316135620	960.03	1236.666667	1267.666667	1237.666667	1205.666667	1146.666667	1147.666667	1121	1174.333333	1172.333333	1133.333333	1154.333333	1152.333333	1180	1166.666667	1141	1179	1113.333333	1299	1193.333333
316135625	974.93	1244.333333	1279	1244.333333	1206.666667	1145.666667	1147.666667	1120	1172.333333	1172.333333	1133.333333	1153.333333	1153.333333	1167.666667	1165.666667	1141	1180	1113.333333	1301	1192.333333
316135630	975.96	1236.666667	1267.666667	1236.666667	1207.666667	1145.666667	1145.666667	1119	1173.333333	1173.333333	1132.333333	1154.333333	1154.333333	1180	1166.666667	1139	1180	1114.333333	1301	1192.333333
316135635	983.07	1240	1279	1241	1200	1146.666667	1146.666667	1120	1174.333333	1174.333333	1133.333333	1154.333333	1152.333333	1179	1160	1139	1180	1114.333333	1299	1181
316135640	981.92	1233.333333	1266.666667	1234.333333	1201	1145.666667	1147.666667	1120	1172.333333	1173.333333	1134.333333	1152.333333	1154.333333	1172.333333	1173.333333	1133.333333	1179	1114.333333	1301	1186.666667
316135645	983.19	1233.333333	1265.666667	1234.333333	1200	1144.333333	1142.333333	1120	1167.666667	1173.333333	1133.333333	1154.333333	1153.333333	1172.333333	1166.666667	1134.333333	1181	1114.333333	1300	1180
316135650	982.62	1233.333333	1267.666667	1232.333333	1199	1144.333333	1144.333333	1120	1167.666667	1166.666667	1133.333333	1149	1149	1172.333333	1173.333333	1133.333333	1181	1106.666667	1301	1181
316135655	979.75	1233.333333	1267.666667	1232.333333	1200	1147.666667	1147.666667	1119	1173.333333	1174.333333	1133.333333	1154.333333	1153.333333	1167.666667	1165.666667	1132.333333	1181	1114.333333	1299	1180
316135700	978.34	1234.333333	1265.666667	1234.333333	1200	1144.333333	1144.333333	1119	1167.666667	1167.666667	1132.333333	1151	1150	1173.333333	1166.666667	1132.333333	1180	1112.333333	1300	1180
316135705	980.8	1233.333333	1267.666667	1233.333333	1201	1142.333333	1144.333333	1121	1167.666667	1167.666667	1133.333333	1151	1151	1172.333333	1161	1132.333333	1173.333333	1107.666667	1301	1180
316135710	979.71	1234.333333	1267.666667	1233.333333	1199	1142.333333	1143.333333	1121	1165.666667	1165.666667	1134.333333	1151	1149	1173.333333	1161	1133.333333	1173.333333	1113.333333	1301	1181
316135715	977.88	1231	1261	1229	1201	1143.333333	1144.333333	1121	1166.666667	1173.333333	1134.333333	1152.333333	1153.333333	1167.666667	1159	1125.666667	1174.333333	1106.666667	1301	1179
316135720	979	1232.333333	1265.666667	1234.333333	1200	1144.333333	1143.333333	1120	1165.666667	1172.333333	1134.333333	1152.333333	1153.333333	1167.666667	1159	1133.333333	1172.333333	1107.666667	1300	1180
316135725	977.75	1234.333333	1267.666667	1232.333333	1199	1139	1139	1121	1161	1173.333333	1132.333333	1153.333333	1154.333333	1165.666667	1154.333333	1133.333333	1172.333333	1113.333333	1300	1187.666667
316135730	978.98	1232.333333	1265.666667	1232.333333	1199	1141	1140	1119	1161	1159	1134.333333	1146.666667	1146.666667	1167.666667	1154.333333	1125.666667	1174.333333	1113.333333	1301	1181
316135735	978.6	1232.333333	1267.666667	1233.333333	1200	1142.333333	1144.333333	1121	1166.666667	1167.666667	1132.333333	1149	1151	1165.666667	1166.666667	1134.333333	1172.333333	1112.333333	1299	1172.333333
316135740	976.8	1230	1260	1229	1201	1142.333333	1142.333333	1120	1167.666667	1167.666667	1134.333333	1151	1149	1167.666667	1165.666667	1134.333333	1172.333333	1112.333333	1294.333333	1173.333333
316135745	976.38	1230	1260	1229	1199	13.33333333	766.6666667	1120	1166.666667	1167.666667	1132.333333	1150	1151	1167.666667	1159	1120	1174.333333	1114.333333	1292.333333	1173.333333
316135750	977.36	1232.333333	1265.666667	1233.333333	1201	12.33333333	764.4444444	1121	1161	1167.666667	1126.666667	1145.666667	1147.666667	1173.333333	1161	1133.333333	1174.333333	1107.666667	1294.333333	1179
316135755	976.8	1230	1261	1231	1201	19	766.6666667	1120	1161	1166.666667	1134.333333	1150	1149	1174.333333	1127.666667	1119	1166.666667	1107.666667	1301	1179
316135800	977.36	1232.333333	1267.666667	1233.333333	1199	21	764.4444444	1121	1152.333333	1161	1132.333333	1145.666667	1147.666667	1167.666667	1161	1119	1174.333333	1105.666667	1300	1173.333333
316135805	976.05	1234.333333	1267.666667	1233.333333	1200	21	766.6666667	1121	1161	1167.666667	1125.666667	1147.666667	1146.666667	1165.666667	1152.333333	1127.666667	1172.333333	1106.666667	1292.333333	1180
316135810	974.74	1232.333333	1266.666667	1234.333333	1201	13.33333333	761.2222222	1121	1154.333333	1160	1127.666667	1142.333333	1144.333333	1167.666667	1153.333333	1119	1172.333333	1114.333333	1301	1174.333333
316135815	974.56	1229	1267.666667	1231	1192.333333	12.33333333	765.4444444	1119	1161	1160	1125.666667	1142.333333	1143.333333	1167.666667	1154.333333	1119	1172.333333	1101	1294.333333	1173.333333
316135820	974.23	1231	1267.666667	1231	1193.333333	19	765.6666667	1119	1159	1161	1120	1140	1140	1167.666667	1161	1120	1174.333333	1106.666667	1287.666667	1172.333333
316135825	972.72	1231	1259	1231	1200	12.33333333	762.2222222	1119	1153.333333	1159	1127.666667	1144.333333	1142.333333	1167.666667	1153.333333	1125.666667	1166.666667	1114.333333	1286.666667	1172.333333
316135830	974.23	1227.666667	1259	1225.666667	1194.333333	19	765.6666667	1121	1159	1161	1127.666667	1144.333333	1143.333333	1167.666667	1105.666667	1120	1166.666667	1100	1286.666667	1174.333333
316135835	971.09	1224.333333	1261	1222.333333	1187.666667	14.33333333	765.4444444	1121	1159	1161	1126.666667	1142.333333	1144.333333	1166.666667	1153.333333	1127.666667	1174.333333	1094.333333	1280	1172.333333
316135840	971.18	1227.666667	1260	1225.666667	1193.333333	20	765.4444444	1119	1154.333333	1161	1127.666667	1142.333333	1143.333333	1165.666667	1152.333333	1121	1173.333333	1099	1287.666667	1172.333333
316135845	971.15	1230	1261	1231	1200	1136.666667	1136.666667	1120	1154.333333	1160	1125.666667	1143.333333	1143.333333	1165.666667	1167.666667	1120	1172.333333	1105.666667	1286.666667	1172.333333
316135850	971.09	1227.666667	1260	1226.666667	1192.333333	1137.666667	1135.666667	1119	1153.333333	1159	1125.666667	1142.333333	1144.333333	1165.666667	1152.333333	1120	1173.333333	1106.666667	1287.666667	1173.333333
316135855	972.74	1230	1260	1231	1199	12.33333333	760	1112.333333	1152.333333	1161	1126.666667	1142.333333	1142.333333	1166.666667	1147.666667	1120	1165.666667	1101	1294.333333	1174.333333
316135900	971.56	1225.666667	1261	1227.666667	1194.333333	12.33333333	763.2222222	1119	1154.333333	1161	1127.666667	1143.333333	1142.333333	1166.666667	1153.333333	1119	1165.666667	1099	1294.333333	1173.333333
316135905	972.44	1229	1259	1230	1200	1134.333333	1132.333333	1114.333333	1153.333333	1159	1119	1140	1139	1167.666667	1154.333333	1121	1165.666667	1106.666667	1299	1174.333333
316135910	971.73	1226.666667	1260	1226.666667	1193.333333	1132.333333	1132.333333	1107.666667	1161	1153.333333	1121	1137.666667	1135.666667	1166.666667	1154.333333	1121	1167.666667	1100	1285.666667	1173.333333
316135915	973.45	1227.666667	1260	1226.666667	1192.333333	1134.333333	1133.333333	1114.333333	1153.333333	1161	1120	1141	1139	1160	1154.333333	1119	1165.666667	1107.666667	1294.333333	1172.333333
316135920	972.85	1225.666667	1261	1227.666667	1192.333333	21	761	1105.666667	1153.333333	1161	1120	1141	1139	1167.666667	1152.333333	1121	1165.666667	1100	1285.666667	1172.333333
316135925	972.83	1222.333333	1261	1223.333333	1187.666667	13.33333333	758.7777778	1106.666667	1153.333333	1160	1119	1141	1140	1165.666667	1154.333333	1121	1165.666667	1100	1293.333333	1172.333333
316135930	972.18	1224.333333	1259	1224.333333	1186.666667	1131	1131	1106.666667	1154.333333	1159	1125.666667	1143.333333	1143.333333	1165.666667	1152.333333	1120	1167.666667	1100	1286.666667	1174.333333
316135935	969.35	1222.333333	1259	1223.333333	1186.666667	1133.333333	1133.333333	1114.333333	1153.333333	1152.333333	1120	1136.666667	1137.666667	1166.666667	1152.333333	1120	1165.666667	1099	1279	1174.333333
316135940	970.91	1224.333333	1261	1224.333333	1185.666667	14.33333333	756.7777778	1106.666667	1154.333333	1154.333333	1119	1135.666667	1136.666667	1159	1153.333333	1121	1167.666667	1100	1287.666667	1172.333333
316135945	970.14	1223.333333	1261	1223.333333	1185.666667	20	758.7777778	1099	1152.333333	1152.333333	1119	1135.666667	1136.666667	1160	1147.666667	1121	1165.666667	1100	1281	1173.333333
316135950	970.99	1226.666667	1267.666667	1225.666667	1187.666667	1126.666667	1126.666667	1099	1153.333333	1154.333333	1120	1137.666667	1137.666667	1165.666667	1152.333333	1119	1165.666667	1100	1281	1174.333333
316135955	971.3	1220	1252.333333	1219	1186.666667	21	758.7777778	1099	1153.333333	1154.333333	1112.333333	1134.333333	1133.333333	1159	1145.666667	1119	1167.666667	1093.333333	1279	1174.333333
316140000	970.15	1222.333333	1259	1222.333333	1187.666667	21	758.7777778	1101	1152.333333	1154.333333	1114.333333	1132.333333	1132.333333	1161	1154.333333	1121	1165.666667	1100	1281	1174.333333
316140005	969.65	1222.333333	1260	1222.333333	1187.666667	20	758.7777778	1100	1154.333333	1154.333333	1112.333333	1133.333333	1132.333333	1160	1152.333333	1119	1160	1099	1281	1174.333333
316140010	968.61	1222.333333	1261	1223.333333	1187.666667	1122.333333	1124.333333	1101	1146.666667	1153.333333	1113.333333	1133.333333	1134.333333	1161	1153.333333	1121	1160	1100	1292.333333	1174.333333
316140015	969.45	1223.333333	1260	1223.333333	1186.666667	1125.666667	1125.666667	1101	1154.333333	1152.333333	1113.333333	1134.333333	1132.333333	1161	1154.333333	1121	1159	1100	1294.333333	1174.333333
316140020	970.94	1215.666667	1246.666667	1216.666667	1187.666667	1123.333333	1124.333333	1100	1145.666667	1153.333333	1114.333333	1134.333333	1134.333333	1160	1147.666667	1119	1159	1100	1285.666667	1172.333333
316140025	969.27	1217.666667	1246.666667	1216.666667	1186.666667	1123.333333	1122.333333	1101	1145.666667	1152.333333	1113.333333	1133.333333	1134.333333	1160	1146.666667	1119	1160	1101	1285.666667	1174.333333
316140030	969.78	1215.666667	1246.666667	1215.666667	1186.666667	1123.333333	1122.333333	1099	1147.666667	1152.333333	1113.333333	1132.333333	1132.333333	1160	1146.666667	1120	1161	1100	1280	1173.333333
316140035	970.13	1214.333333	1246.666667	1213.333333	1180	1123.333333	1123.333333	1101	1145.666667	1153.333333	1112.333333	1133.333333	1134.333333	1153.333333	1147.666667	1120	1161	1099	1280	1173.333333
316140040	969.52	1212.333333	1247.666667	1213.333333	1179	1123.333333	1124.333333	1100	1146.666667	1152.333333	1114.333333	1132.333333	1133.333333	1160	1153.333333	1120	1161	1094.333333	1279	1174.333333
316140045	968.04	1212.333333	1246.666667	1212.333333	1179	1122.333333	1123.333333	1099	1145.666667	1153.333333	1114.333333	1132.333333	1133.333333	1154.333333	1147.666667	1121	1160	1099	1280	1174.333333
316140050	968.8	1213.333333	1247.666667	1212.333333	1179	1121	1121	1100	1141	1153.333333	1113.333333	1133.333333	1134.333333	1145.666667	1133.333333	1120	1161	1094.333333	1281	1174.333333
316140055	967.85	1212.333333	1245.666667	1213.333333	1179	1119	1120	1100	1141	1147.666667	1114.333333	1129	1129	1154.333333	1145.666667	1119	1161	1094.333333	1280	1173.333333
316140100	966.52	1213.333333	1247.666667	1212.333333	1180	1116.666667	1117.666667	1099	1134.333333	1145.666667	1112.333333	1129	1130	1159	1146.666667	1121	1161	1093.333333	1280	1167.666667
316140105	968.15	1212.333333	1247.666667	1214.333333	1181	1120	1121	1100	1140	1147.666667	1114.333333	1131	1129	1154.333333	1145.666667	1121	1160	1093.333333	1281	1167.666667
316140110	967.62	1212.333333	1245.666667	1212.333333	1181	1117.666667	1116.666667	1099	1133.333333	1153.333333	1114.333333	1133.333333	1134.333333	1154.333333	1147.666667	1121	1161	1094.333333	1281	1173.333333
316140115	968.12	1214.333333	1246.666667	1214.333333	1179	1113.333333	1112.333333	1093.333333	1132.333333	1145.666667	1113.333333	1129	1130	1154.333333	1147.666667	1119	1161	1094.333333	1273.333333	1160
316140120	967.15	1212.333333	1247.666667	1213.333333	1179	1116.666667	1116.666667	1099	1133.333333	1152.333333	1119	1135.666667	1137.666667	1161	1145.666667	1119	1159	1094.333333	1281	1167.666667
316140125	968.06	1213.333333	1247.666667	1212.333333	1180	1121	1121	1100	1139	1145.666667	1112.333333	1131	1131	1145.666667	1145.666667	1120	1160	1093.333333	1274.333333	1167.666667
316140130	965.86	1212.333333	1246.666667	1212.333333	1181	1116.666667	1117.666667	1100	1134.333333	1145.666667	1114.333333	1129	1130	1159	1146.666667	1121	1160	1093.333333	1274.333333	1167.666667
316140135	965.32	1212.333333	1245.666667	1212.333333	1179	1117.666667	1116.666667	1101	1134.333333	1154.333333	1113.333333	1133.333333	1134.333333	1159	1147.666667	1119	1160	1093.333333	1279	1165.666667
316140140	965.39	1212.333333	1245.666667	1212.333333	1180	1117.666667	1116.666667	1101	1134.333333	1147.666667	1112.333333	1129	1129	1154.333333	1139	1119	1159	1094.333333	1274.333333	1166.666667
316140145	966.9	1212.333333	1246.666667	1212.333333	1179	1117.666667	1115.666667	1100	1133.333333	1147.666667	1114.333333	1130	1130	1159	1147.666667	1121	1159	1094.333333	1280	1172.333333
316140150	966.11	1214.333333	1245.666667	1212.333333	1180	1116.666667	1117.666667	1099	1133.333333	1146.666667	1113.333333	1130	1130	1152.333333	1146.666667	1121	1160	1094.333333	1281	1165.666667
316140155	966.8	1210	1241	1211	1180	1112.333333	1113.333333	1092.333333	1134.333333	1147.666667	1113.333333	1130	1129	1145.666667	1140	1112.333333	1154.333333	1093.333333	1280	1165.666667
316140200	964.4	1209	1241	1209	1181	1117.666667	1116.666667	1100	1132.333333	1154.333333	1113.333333	1132.333333	1132.333333	1152.333333	1145.666667	1114.333333	1160	1094.333333	1279	1160
316140205	964.23	1209	1241	1210	1179	20	748.8888889	1094.333333	1133.333333	1147.666667	1114.333333	1129	1129	1154.333333	1146.666667	1153.333333	1160	1093.333333	1279	1160
316140210	965.8	1209	1239	1209	1181	1117.666667	1115.666667	1099	1134.333333	1146.666667	1112.333333	1131	1131	1160	1146.666667	1120	1161	1093.333333	1280	1167.666667
316140215	965.71	1213.333333	1247.666667	1214.333333	1179	20	752.1111111	1101	1134.333333	1146.666667	1113.333333	1131	1130	1147.666667	1140	1107.666667	1152.333333	1094.333333	1272.333333	1165.666667
316140220	964.99	1211	1239	1210	1179	1113.333333	1113.333333	1092.333333	1134.333333	1145.666667	1114.333333	1130	1130	1147.666667	1132.333333	1112.333333	1159	1092.333333	1279	1167.666667
316140225	965.28	1209	1241	1209	1180	1114.333333	1112.333333	1092.333333	1134.333333	1147.666667	1114.333333	1131	1130	1147.666667	1134.333333	1114.333333	1160	1094.333333	1280	1167.666667
316140230	963.56	1210	1239	1211	1180	1112.333333	1113.333333	1092.333333	1134.333333	1147.666667	1113.333333	1130	1131	1147.666667	1132.333333	1107.666667	1153.333333	1092.333333	1281	1160
316140235	965.79	1211	1240	1211	1179	1111	1110	1085.666667	1132.333333	1146.666667	1113.333333	1129	1131	1146.666667	1134.333333	1145.444444	1152.333333	1094.333333	1281	1167.666667
316140240	965.7	1209	1239	1210	1180	1113.333333	1112.333333	1092.333333	1132.333333	1146.666667	1112.333333	1130	1131	1146.666667	1134.333333	1114.333333	1152.333333	1093.333333	1280	1161
316140245	964.63	1210	1240	1210	1179	1110	1110	1086.666667	1134.333333	1147.666667	1113.333333	1130	1131	1145.666667	1134.333333	1099	1152.333333	1092.333333	1272.333333	1160
316140250	965.49	1206.666667	1241	1206.666667	1172.333333	1113.333333	1112.333333	1092.333333	1132.333333	1147.666667	1106.666667	1125.666667	1127.666667	1146.666667	1134.333333	1113.333333	1153.333333	1092.333333	1273.333333	1154.333333
316140255	962.29	1202.333333	1239	1204.333333	1166.666667	1109	1110	1087.666667	1134.333333	1146.666667	1106.666667	1127.666667	1127.666667	1145.666667	1140	1113.333333	1154.333333	1094.333333	1273.333333	1154.333333
316140300	964.13	1207.666667	1240	1207.666667	1173.333333	1111	1111	1086.666667	1133.333333	1145.666667	1114.333333	1130	1129	1147.666667	1134.333333	1107.666667	1152.333333	1086.666667	1274.333333	1152.333333
316140305	961.57	1205.666667	1241	1207.666667	1172.333333	19	746.6666667	1085.666667	1133.333333	1146.666667	1114.333333	1131	1130	1147.666667	1141	1113.333333	1153.333333	1086.666667	1280	1152.333333
316140310	963.46	1205.666667	1239	1205.666667	1173.333333	20	747.8888889	1093.333333	1132.333333	1146.666667	1105.666667	1126.666667	1125.666667	1147.666667	1125.666667	1099	1154.333333	1080	1265.666667	1154.333333
316140315	961.98	1206.666667	1239	1205.666667	1172.333333	1111	1110	1086.666667	1134.333333	1134.333333	1105.666667	1119	1121	1140	1134.333333	1100	1152.333333	1086.666667	1267.666667	1153.333333
316140320	963.5	1207.666667	1240	1207.666667	1173.333333	1111	1109	1086.666667	1133.333333	1147.666667	1105.666667	1125.666667	1126.666667	1139	1127.666667	1101	1147.666667	1086.666667	1280	1153.333333
316140325	962.02	1205.666667	1241	1207.666667	1173.333333	1112.333333	1112.333333	1092.333333	1134.333333	1141	1105.666667	1123.333333	1123.333333	1145.666667	1125.666667	1099	1153.333333	1080	1266.666667	1153.333333
316140330	963.89	1207.666667	1240	1207.666667	1174.333333	1109	1110	1085.666667	1134.333333	1139	1105.666667	1122.333333	1124.333333	1139	1126.666667	1100	1147.666667	1085.666667	1274.333333	1152.333333
316140335	963.15	1205.666667	1240	1205.666667	1174.333333	1112.333333	1113.333333	1092.333333	1134.333333	1139	1105.666667	1123.333333	1122.333333	1145.666667	1126.666667	1099	1147.666667	1080	1267.666667	1152.333333
316140340	963.63	1207.666667	1239	1207.666667	1174.333333	1110	1109	1087.666667	1133.333333	1146.666667	1106.666667	1125.666667	1125.666667	1140	1127.666667	1099	1146.666667	1080	1274.333333	1153.333333
316140345	963.63	1207.666667	1239	1207.666667	1174.333333	1109	1110	1087.666667	1133.333333	1147.666667	1105.666667	1127.666667	1126.666667	1140	1125.666667	1100	1140	1085.666667	1267.666667	1153.333333
316140350	962.02	1207.666667	1239	1207.666667	1173.333333	1110	1111	1086.666667	1133.333333	1147.666667	1107.666667	1125.666667	1126.666667	1140	1127.666667	1099	1141	1087.666667	1266.666667	1154.333333
316140355	963.4	1207.666667	1239	1206.666667	1172.333333	1111	1110	1085.666667	1132.333333	1146.666667	1113.333333	1130	1131	1134.333333	1127.666667	1100	1139	1081	1265.666667	1154.333333
316140400	963.79	1207.666667	1241	1207.666667	1174.333333	1111	1109	1086.666667	1134.333333	1139	1107.666667	1124.333333	1124.333333	1134.333333	1119	1101	1140	1074.333333	1265.666667	1153.333333
316140405	965.34	1206.666667	1240	1207.666667	1172.333333	1110	1110	1086.666667	1132.333333	1145.666667	1113.333333	1131	1131	1141	1127.666667	1101	1140	1081	1267.666667	1154.333333
316140410	963.52	1174.333333	1174.333333	1172.333333	1174.333333	1111	1111	1085.666667	1134.333333	1146.666667	1106.666667	1126.666667	1125.666667	1139	1121	1100	1140	1080	1261	1154.333333
316140415	966.38	1206.666667	1240	1207.666667	1172.333333	1110	1109	1085.666667	1133.333333	1140	1105.666667	1124.333333	1122.333333	1141	1125.666667	1100	1146.666667	1080	1260	1152.333333
316140420	964.7	1205.666667	1241	1207.666667	1174.333333	1109	1110	1086.666667	1134.333333	1145.666667	1107.666667	1125.666667	1127.666667	1139	1125.666667	1100	1139	1079	1266.666667	1152.333333
316140425	965.59	1205.666667	1239	1205.666667	1172.333333	1111	1109	1087.666667	1133.333333	1146.666667	1106.666667	1126.666667	1127.666667	1139	1121	1100	1139	1080	1260	1152.333333
316140430	963.01	1205.666667	1240	1205.666667	1173.333333	1107.666667	1107.666667	1080	1134.333333	1147.666667	1105.666667	1125.666667	1126.666667	1134.333333	1121	1100	1140	1080	1267.666667	1153.333333
316140435	964.59	1205.666667	1241	1207.666667	1174.333333	1105.666667	1106.666667	1081	1133.333333	1146.666667	1107.666667	1127.666667	1126.666667	1139	1121	1101	1139	1073.333333	1261	1154.333333
316140440	963.82	1206.666667	1239	1206.666667	1173.333333	1104.333333	1102.333333	1081	1125.666667	1140	1106.666667	1124.333333	1123.333333	1140	1120	1100	1139	1080	1261	1146.666667
316140445	963.83	1173.333333	1172.333333	1173.333333	1173.333333	1099	1099	1079	1121	1146.666667	1112.333333	1129	1129	1140	1132.333333	1099	1153.333333	1080	1259	1153.333333
316140450	963.96	1172.333333	1172.333333	1174.333333	1172.333333	1097.666667	1095.666667	1080	1113.333333	1139	1105.666667	1124.333333	1123.333333	1141	1127.666667	1100	1147.666667	1081	1259	1152.333333
316140455	963.98	1165.666667	1165.666667	1166.666667	1166.666667	1097.666667	1095.666667	1081	1114.333333	1145.666667	1105.666667	1126.666667	1127.666667	1139	1125.666667	1100	1140	1079	1259	1154.333333
316140500	964.34	1173.333333	1173.333333	1174.333333	1174.333333	1101	1099	1079	1120	1141	1100	1121	1119	1141	1126.666667	1101	1146.666667	1079	1267.666667	1153.333333
316140505	962.14	1166.666667	1166.666667	1166.666667	1165.666667	1095.666667	1096.666667	1080	1113.333333	1146.666667	1105.666667	1125.666667	1127.666667	1140	1127.666667	1100	1147.666667	1081	1260	1153.333333
316140510	963.09	1165.666667	1167.666667	1166.666667	1167.666667	1097.666667	1097.666667	1080	1114.333333	1141	1105.666667	1123.333333	1124.333333	1141	1127.666667	1101	1147.666667	1085.666667	1274.333333	1152.333333
316140515	962.39	1159	1159	1161	1161	1095.666667	1097.666667	1079	1113.333333	1139	1105.666667	1123.333333	1124.333333	1126.666667	1127.666667	1100	1139	1087.666667	1281	1153.333333
316140520	962.73	1161	1159	1161	1161	1100	1101	1081	1119	1140	1106.666667	1123.333333	1124.333333	1132.333333	1125.666667	1099	1139	1085.666667	1274.333333	1154.333333
316140525	963.26	1160	1160	1160	1161	1097.666667	1096.666667	1081	1113.333333	1141	1106.666667	1123.333333	1124.333333	1126.666667	1127.666667	1101	1139	1081	1265.666667	1154.333333
316140530	963.94	1160	1161	1161	1161	1096.666667	1096.666667	1080	1112.333333	1141	1100	1119	1121	1132.333333	1125.666667	1101	1141	1087.666667	1266.666667	1154.333333
316140535	963.12	1167.666667	1167.666667	1167.666667	1166.666667	1096.666667	1096.666667	1081	1114.333333	1139	1105.666667	1124.333333	1123.333333	1132.333333	1126.666667	1100	1141	1081	1265.666667	1153.333333
316140540	964.92	1160	1159	1160	1160	1096.666667	1097.666667	1079	1112.333333	1141	1106.666667	1124.333333	1123.333333	1141	1125.666667	1100	1139	1081	1267.666667	1154.333333
316140545	963.47	1161	1159	1159	1161	1096.666667	1097.666667	1080	1112.333333	1140	1107.666667	1122.333333	1123.333333	1141	1127.666667	1100	1146.666667	1080	1267.666667	1154.333333
316140550	964.07	1161	1160	1159	1159	1099	1101	1081	1119	1134.333333	1105.666667	1121	1119	1140	1126.666667	1099	1154.333333	1081	1266.666667	1152.333333
316140555	965.54	1172.333333	1172.333333	1174.333333	1172.333333	1103.333333	1104.333333	1080	1126.666667	1134.333333	1106.666667	1121	1119	1146.666667	1119	1099	1140	1086.666667	1267.666667	1154.333333
316140600	965.17	1174.333333	1172.333333	1174.333333	1173.333333	20	743.2222222	1081	1127.666667	1134.333333	1106.666667	1121	1120	1140	1127.666667	1099	1140	1085.666667	1261	1153.333333
316140605	964.77	1167.666667	1167.666667	1167.666667	1166.666667	20	741	1079	1121	1140	1105.666667	1123.333333	1124.333333	1140	1126.666667	1101	1139	1086.666667	1265.666667	1153.333333
316140610	963.06	1160	1160	1159	1160	19	737.7777778	1080	1112.333333	1133.333333	1105.666667	1121	1121	1141	1121	1099	1141	1081	1272.333333	1154.333333
316140615	963.71	1159	1159	1161	1161	20	736.7777778	1080	1112.333333	1132.333333	1100	1116.666667	1116.666667	1147.666667	1125.666667	1099	1141	1080	1267.666667	1154.333333
316140620	964.49	1159	1159	1159	1161	19	736.7777778	1081	1114.333333	1134.333333	1100	1116.666667	1117.666667	1139	1127.666667	1101	1139	1079	1265.666667	1153.333333
316140625	964.66	1159	1159	1159	1159	1100	1101	1079	1120	1133.333333	1106.666667	1120	1120	1139	1126.666667	1101	1140	1079	1274.333333	1153.333333
316140630	965.42	1192.333333	1226.666667	1193.333333	1159	19	738.7777778	1079	1114.333333	1134.333333	1105.666667	1121	1119	1141	1125.666667	1100	1145.666667	1086.666667	1267.666667	1154.333333
316140635	964.55	1159	1161	1161	1160	20	735.5555556	1074.333333	1112.333333	1134.333333	1107.666667	1121	1120	1140	1126.666667	1101	1139	1087.666667	1267.666667	1152.333333
316140640	965.99	1192.333333	1226.666667	1193.333333	1159	19	741	1081	1121	1134.333333	1107.666667	1120	1121	1133.333333	1119	1100	1140	1081	1274.333333	1153.333333
316140645	965.58	1192.333333	1225.666667	1193.333333	1159	21	736.7777778	1079	1112.333333	1133.333333	1100	1117.666667	1117.666667	1146.666667	1113.333333	1099	1140	1081	1272.333333	1152.333333
316140650	965.36	1195.666667	1226.666667	1197.666667	1167.666667	19	738.7777778	1081	1113.333333	1132.333333	1100	1117.666667	1117.666667	1141	1126.666667	1100	1140	1081	1265.666667	1153.333333
316140655	964.09	1194.333333	1227.666667	1193.333333	1159	21	736.7777778	1080	1112.333333	1133.333333	1105.666667	1121	1120	1140	1120	1101	1141	1079	1274.333333	1154.333333
316140700	964.71	1192.333333	1225.666667	1193.333333	1161	19	737.7777778	1079	1114.333333	1133.333333	1105.666667	1121	1121	1139	1121	1101	1140	1079	1265.666667	1153.333333
316140705	966.51	1192.333333	1227.666667	1192.333333	1161	20	738.7777778	1080	1114.333333	1141	1105.666667	1122.333333	1123.333333	1141	1121	1100	1141	1087.666667	1273.333333	1152.333333
316140710	964.77	1193.333333	1227.666667	1193.333333	1161	21	739	1081	1120	1133.333333	1105.666667	1121	1120	1146.666667	1119	1107.666667	1141	1081	1266.666667	1154.333333
316140715	964.99	1161	1160	1160	1161	19	737.7777778	1080	1113.333333	1133.333333	1099	1117.666667	1116.666667	1139	1119	1099	1139	1079	1266.666667	1154.333333
316140720	965.11	1161	1159	1159	1161	19	741	1079	1121	1133.333333	1100	1115.666667	1115.666667	1134.333333	1121	1101	1139	1079	1265.666667	1152.333333
316140725	966.29	1160	1159	1161	1161	19	738.7777778	1079	1113.333333	1134.333333	1100	1115.666667	1117.666667	1133.333333	1114.333333	1100	1140	1079	1266.666667	1153.333333
316140730	965.92	1161	1159	1160	1160	21	737.7777778	1081	1113.333333	1133.333333	1106.666667	1120	1121	1127.666667	1121	1100	1139	1085.666667	1272.333333	1152.333333
316140735	966.16	1161	1161	1160	1160	19	736.7777778	1080	1112.333333	1133.333333	1100	1115.666667	1116.666667	1139	1121	1099	1140	1087.666667	1265.666667	1153.333333
316140740	967.48	1160	1161	1160	1161	20	739	1081	1121	1133.333333	1105.666667	1119	1121	1140	1121	1101	1141	1081	1273.333333	1154.333333
316140745	965.07	1160	1159	1160	1160	19	738.7777778	1081	1114.333333	1134.333333	1107.666667	1121	1119	1134.333333	1114.333333	1099	1141	1085.666667	1267.666667	1154.333333
316140750	967.02	1194.333333	1227.666667	1193.333333	1159	21	738.7777778	1080	1114.333333	1133.333333	1107.666667	1121	1121	1141	1112.333333	1100	1141	1081	1281	1154.333333
316140755	965.22	1194.333333	1226.666667	1193.333333	1159	19	738.7777778	1079	1112.333333	1141	1105.666667	1122.333333	1124.333333	1134.333333	1120	1099	1141	1079	1267.666667	1152.333333
316140800	965.93	1192.333333	1226.666667	1192.333333	1159	19	736.7777778	1080	1114.333333	1132.333333	1106.666667	1120	1120	1133.333333	1121	1100	1140	1080	1273.333333	1154.333333
316140805	963.5	1192.333333	1226.666667	1192.333333	1161	20	736.5555556	1072.333333	1113.333333	1134.333333	1101	1116.666667	1116.666667	1134.333333	1121	1099	1145.666667	1086.666667	1267.666667	1152.333333
316140810	963.91	1193.333333	1227.666667	1193.333333	1159	21	738.7777778	1080	1114.333333	1134.333333	1100	1117.666667	1116.666667	1134.333333	1121	1100	1140	1080	1273.333333	1154.333333
316140815	964.17	1193.333333	1226.666667	1194.333333	1161	19	734.5555556	1072.333333	1112.333333	1132.333333	1094.333333	1114.333333	1112.333333	1132.333333	1119	1100	1139	1080	1272.333333	1153.333333
316140820	963.24	1195.666667	1225.666667	1197.666667	1166.666667	21	565.6666667	565.6666667	1114.333333	1134.333333	1101	1117.666667	1116.666667	1141	1113.333333	1099	1139	1080	1274.333333	1153.333333
316140825	963.71	1192.333333	1227.666667	1194.333333	1161	20	738.7777778	1081	1112.333333	1132.333333	1092.333333	1114.333333	1112.333333	1141	1114.333333	1099	1140	1080	1260	1154.333333
316140830	962.59	1193.333333	1225.666667	1192.333333	1161	21	734.5555556	1073.333333	1114.333333	1132.333333	1101	1115.666667	1116.666667	1134.333333	1121	1101	1141	1081	1266.666667	1154.333333
316140835	963.32	1193.333333	1227.666667	1192.333333	1161	19	565.6666667	567.6666667	1113.333333	1132.333333	1101	1115.666667	1116.666667	1125.666667	1113.333333	1100	1139	1080	1272.333333	1153.333333
316140840	963.56	1194.333333	1227.666667	1192.333333	1160	20	738.7777778	1081	1113.333333	1132.333333	1100	1117.666667	1117.666667	1134.333333	1114.333333	1099	1141	1081	1265.666667	1153.333333
316140845	965.81	1194.333333	1226.666667	1194.333333	1159	20	739	1079	1119	1134.333333	1093.333333	1113.333333	1114.333333	1141	1114.333333	1101	1141	1081	1265.666667	1152.333333
316140850	965.47	1192.333333	1227.666667	1194.333333	1161	21	741	1081	1119	1132.333333	1100	1116.666667	1117.666667	1127.666667	1114.333333	1101	1141	1080	1260	1152.333333
316140855	963.44	1194.333333	1227.666667	1193.333333	1160	14.33333333	735.5555556	1081	1114.333333	1133.333333	1093.333333	1112.333333	1114.333333	1126.666667	1113.333333	1099	1140	1081	1267.666667	1154.333333
316140900	964.78	1193.333333	1225.666667	1192.333333	1161	19	736.7777778	1080	1114.333333	1132.333333	1101	1116.666667	1115.666667	1141	1119	1101	1141	1081	1266.666667	1152.333333
316140905	963	1193.333333	1225.666667	1194.333333	1160	19	737.7777778	1081	1114.333333	1134.333333	1093.333333	1113.333333	1112.333333	1141	1120	1101	1139	1080	1267.666667	1146.666667
316140910	963.68	1194.333333	1227.666667	1192.333333	1159	19	738.7777778	1081	1114.333333	1134.333333	1101	1117.666667	1117.666667	1127.666667	1112.333333	1101	1140	1080	1267.666667	1152.333333
316140915	964.61	1194.333333	1226.666667	1193.333333	1160	20	737.7777778	1081	1113.333333	1134.333333	1093.333333	1112.333333	1112.333333	1125.666667	1120	1101	1139	1080	1265.666667	1154.333333
316140920	965.24	1193.333333	1227.666667	1193.333333	1160	19	736.7777778	1081	1114.333333	1132.333333	1100	1117.666667	1116.666667	1125.666667	1120	1101	1139	1081	1261	1145.666667
316140925	966	1192.333333	1226.666667	1193.333333	1159	19	736.7777778	1081	1112.333333	1134.333333	1092.333333	1112.333333	1114.333333	1132.333333	1106.666667	1099	1139	1074.333333	1259	1145.666667
316140930	963.26	1161	1160	1161	1161	21	736.7777778	1080	1113.333333	1132.333333	1093.333333	1112.333333	1114.333333	1134.333333	1112.333333	1100	1140	1080	1267.666667	1153.333333
316140935	964.4	1194.333333	1226.666667	1193.333333	1160	19	738.7777778	1081	1114.333333	1133.333333	1101	1117.666667	1117.666667	1127.666667	1114.333333	1101	1139	1080	1266.666667	1153.333333
316140940	964.02	1161	1159	1161	1160	19	736.7777778	1079	1112.333333	1133.333333	1092.333333	1113.333333	1113.333333	1125.666667	1112.333333	1101	1139	1074.333333	1261	1146.666667
316140945	963.77	1190	1220	1189	1160	21	566.6666667	566.6666667	1113.333333	1134.333333	1100	1116.666667	1116.666667	1125.666667	1105.666667	1101	1140	1081	1261	1145.666667
316140950	962.39	1160	1161	1160	1160	19	736.5555556	1074.333333	1113.333333	1132.333333	1094.333333	1112.333333	1113.333333	1127.666667	1121	1100	1141	1072.333333	1260	1147.666667
316140955	964.38	1161	1161	1160	1161	19	737.7777778	1081	1114.333333	1134.333333	1099	1115.666667	1116.666667	1127.666667	1112.333333	1100	1141	1074.333333	1261	1145.666667
316141000	965.43	1193.333333	1225.666667	1194.333333	1159	21	735.5555556	1072.333333	1112.333333	1134.333333	1099	1115.666667	1117.666667	1127.666667	1112.333333	1099	1139	1079	1261	1147.666667
316141005	964.87	1192.333333	1226.666667	1193.333333	1159	21	738.7777778	1080	1114.333333	1132.333333	1100	1115.666667	1115.666667	1132.333333	1114.333333	1101	1139	1079	1266.666667	1146.666667
316141010	965.18	1160	1159	1160	1159	21	734.5555556	1074.333333	1114.333333	1133.333333	1099	1115.666667	1117.666667	1127.666667	1113.333333	1101	1141	1080	1267.666667	1153.333333
316141015	964.03	1191	1220	1191	1159	21	735.5555556	1073.333333	1113.333333	1134.333333	1093.333333	1114.333333	1114.333333	1127.666667	1113.333333	1101	1139	1079	1260	1147.666667
316141020	963.48	1193.333333	1227.666667	1194.333333	1161	19	737.7777778	1079	1112.333333	1133.333333	1093.333333	1113.333333	1114.333333	1125.666667	1121	1099	1139	1081	1261	1153.333333
316141025	964.53	1159	1160	1159	1160	21	736.7777778	1081	1112.333333	1133.333333	1094.333333	1112.333333	1114.333333	1126.666667	1119	1099	1141	1080	1266.666667	1147.666667
316141030	963.68	1161	1159	1161	1161	19	736.7777778	1079	1114.333333	1133.333333	1092.333333	1114.333333	1113.333333	1127.666667	1113.333333	1099	1141	1073.333333	1266.666667	1153.333333
316141035	963.54	1167.666667	1167.666667	1165.666667	1167.666667	20	738.7777778	1079	1114.333333	1133.333333	1094.333333	1114.333333	1114.333333	1125.666667	1127.666667	1101	1141	1074.333333	1266.666667	1145.666667
316141040	963.3	1193.333333	1226.666667	1192.333333	1161	20	737.7777778	1079	1113.333333	1134.333333	1093.333333	1112.333333	1113.333333	1139	1119	1100	1139	1081	1272.333333	1152.333333
316141045	964.11	1193.333333	1225.666667	1193.333333	1160	21	737.7777778	1079	1114.333333	1134.333333	1092.333333	1112.333333	1114.333333	1133.333333	1120	1100	1139	1080	1272.333333	1154.333333
316141050	963.74	1193.333333	1225.666667	1194.333333	1160	19	736.7777778	1080	1114.333333	1133.333333	1099	1117.666667	1115.666667	1125.666667	1112.333333	1101	1141	1081	1266.666667	1152.333333
316141055	964.39	1193.333333	1226.666667	1192.333333	1161	20	736.7777778	1079	1114.333333	1133.333333	1093.333333	1113.333333	1113.333333	1125.666667	1113.333333	1100	1139	1080	1261	1153.333333
316141100	963.62	1192.333333	1226.666667	1192.333333	1161	20	736.7777778	1081	1112.333333	1133.333333	1094.333333	1114.333333	1114.333333	1125.666667	1114.333333	1100	1140	1080	1272.333333	1152.333333
316141105	964.44	1193.333333	1225.666667	1192.333333	1159	20	738.7777778	1081	1112.333333	1141	1100	1119	1120	1125.666667	1120	1101	1147.666667	1080	1273.333333	1154.333333
316141110	963.7	1193.333333	1225.666667	1192.333333	1159	20	736.7777778	1081	1112.333333	1132.333333	1092.333333	1112.333333	1113.333333	1133.333333	1119	1099	1139	1072.333333	1266.666667	1153.333333
316141115	964.32	1193.333333	1225.666667	1194.333333	1161	21	735.5555556	1073.333333	1114.333333	1133.333333	1093.333333	1113.333333	1113.333333	1133.333333	1119	1101	1140	1081	1266.666667	1147.666667
316141120	962.29	1190	1220	1190	1160	21	736.7777778	1079	1114.333333	1133.333333	1094.333333	1114.333333	1114.333333	1126.666667	1121	1100	1140	1079	1265.666667	1154.333333
316141125	962.92	1190	1220	1189	1161	21	734.5555556	1072.333333	1112.333333	1139	1093.333333	1117.666667	1116.666667	1126.666667	1114.333333	1099	1140	1080	1266.666667	1147.666667
316141130	965.23	1189	1220	1191	1161	19	738.7777778	1079	1114.333333	1132.333333	1093.333333	1113.333333	1114.333333	1125.666667	1113.333333	1100	1140	1081	1272.333333	1159
316141135	964.05	1191	1220	1189	1161	19	735.5555556	1072.333333	1112.333333	1132.333333	1100	1117.666667	1115.666667	1134.333333	1112.333333	1100	1139	1081	1266.666667	1154.333333
316141140	964.84	1189	1220	1189	1159	20	735.5555556	1074.333333	1114.333333	1133.333333	1093.333333	1113.333333	1113.333333	1127.666667	1121	1099	1141	1080	1266.666667	1152.333333
316141145	965.2	1191	1220	1189	1159	19	736.7777778	1081	1114.333333	1132.333333	1101	1117.666667	1116.666667	1134.333333	1114.333333	1099	1139	1073.333333	1273.333333	1146.666667
316141150	965.36	1194.333333	1227.666667	1193.333333	1160	19	736.5555556	1072.333333	1113.333333	1134.333333	1101	1115.666667	1116.666667	1125.666667	1105.666667	1101	1140	1086.666667	1273.333333	1147.666667
316141155	962.59	1192.333333	1225.666667	1194.333333	1160	20	736.5555556	1074.333333	1114.333333	1134.333333	1099	1117.666667	1116.666667	1132.333333	1105.666667	1101	1140	1074.333333	1273.333333	1152.333333
316141200	961.97	1194.333333	1225.666667	1193.333333	1161	20	738.7777778	1081	1112.333333	1139	1094.333333	1116.666667	1116.666667	1134.333333	1120	1100	1139	1073.333333	1266.666667	1152.333333
316141205	962.46	1194.333333	1225.666667	1192.333333	1161	20	737.7777778	1081	1113.333333	1132.333333	1093.333333	1114.333333	1112.333333	1127.666667	1119	1099	1140	1073.333333	1265.666667	1152.333333
316141210	964.82	1194.333333	1227.666667	1194.333333	1160	20	734.5555556	1072.333333	1112.333333	1134.333333	1094.333333	1112.333333	1112.333333	1127.666667	1106.666667	1099	1139	1073.333333	1273.333333	1154.333333
316141215	964.81	1193.333333	1227.666667	1194.333333	1160	20	736.5555556	1074.333333	1113.333333	1132.333333	1107.666667	1120	1119	1125.666667	1105.666667	1101	1139	1081	1272.333333	1154.333333
316141220	964.05	1161	1161	1161	1161	20	738.7777778	1081	1113.333333	1133.333333	1100	1116.666667	1115.666667	1125.666667	1106.666667	1100	1141	1072.333333	1265.666667	1145.666667
316141225	966.66	1193.333333	1227.666667	1192.333333	1160	21	736.5555556	1073.333333	1114.333333	1140	1105.666667	1122.333333	1123.333333	1127.666667	1105.666667	1099	1139	1072.333333	1265.666667	1147.666667
316141230	968.12	1193.333333	1226.666667	1192.333333	1161	19	738.7777778	1081	1114.333333	1139	1106.666667	1124.333333	1122.333333	1120	1114.333333	1093.333333	1139	1074.333333	1259	1146.666667
316141235	966.65	1159	1161	1160	1159	19	736.5555556	1072.333333	1112.333333	1134.333333	1107.666667	1121	1121	1125.666667	1107.666667	1101	1140	1073.333333	1260	1146.666667
316141240	967.33	1161	1159	1160	1161	20	734.5555556	1072.333333	1114.333333	1133.333333	1093.333333	1114.333333	1114.333333	1125.666667	1105.666667	1099	1140	1080	1260	1147.666667
316141245	966.65	1161	1160	1159	1159	20	736.5555556	1072.333333	1114.333333	1133.333333	1099	1115.666667	1117.666667	1126.666667	1106.666667	1101	1140	1074.333333	1267.666667	1145.666667
316141250	968.01	1159	1161	1159	1161	20	734.5555556	1072.333333	1112.333333	1133.333333	1092.333333	1112.333333	1112.333333	1127.666667	1105.666667	1099	1141	1073.333333	1266.666667	1147.666667
316141255	966.64	1160	1161	1161	1161	20	735.5555556	1072.333333	1113.333333	1132.333333	1092.333333	1114.333333	1114.333333	1125.666667	1106.666667	1101	1140	1080	1266.666667	1140
316141300	966.28	1159	1160	1161	1159	19	734.3333333	1067.666667	1112.333333	1133.333333	1094.333333	1112.333333	1113.333333	1126.666667	1107.666667	1099	1140	1074.333333	1259	1147.666667
316141305	967.39	1159	1160	1161	1159	1085.666667	1086.666667	1065.666667	1107.666667	1126.666667	1092.333333	1111	1109	1132.333333	1099	1100	1141	1072.333333	1265.666667	1147.666667
316141310	965.56	1161	1159	1160	1160	21	564.3333333	563.3333333	1105.666667	1132.333333	1092.333333	1114.333333	1112.333333	1126.666667	1107.666667	1100	1140	1074.333333	1265.666667	1141
316141315	965.3	1154.333333	1154.333333	1153.333333	1154.333333	19	728.8888889	1066.666667	1099	1125.666667	1093.333333	1109	1111	1125.666667	1099	1101	1140	1072.333333	1259	1141
316141320	963.93	1145.666667	1147.666667	1145.666667	1146.666667	19	727.8888889	1067.666667	1101	1125.666667	1094.333333	1110	1110	1119	1100	1093.333333	1140	1074.333333	1261	1146.666667
316141325	963.73	1152.333333	1153.333333	1152.333333	1153.333333	21	730.1111111	1065.666667	1105.666667	1127.666667	1093.333333	1110	1110	1120	1106.666667	1093.333333	1140	1074.333333	1273.333333	1147.666667
316141330	962.94	1147.666667	1147.666667	1147.666667	1145.666667	20	731.1111111	1067.666667	1107.666667	1120	1094.333333	1105.666667	1105.666667	1126.666667	1105.666667	1092.333333	1141	1072.333333	1259	1139
316141335	964.33	1140	1139	1140	1140	1085.666667	1085.666667	1067.666667	1105.666667	1119	1086.666667	1104.333333	1104.333333	1127.666667	1100	1081	1141	1073.333333	1260	1140
316141340	963.94	1160	1159	1161	1159	19	730.1111111	1065.666667	1106.666667	1126.666667	1101	1112.333333	1113.333333	1119	1099	1086.666667	1139	1074.333333	1260	1145.666667
316141350	964.42	1159	1159	1159	1161	21	728.8888889	1066.666667	1099	1134.333333	1085.666667	1109	1109	1125.666667	1106.666667	1086.666667	1141	1072.333333	1259	1134.333333
316141355	964.01	1159	1161	1159	1160	20	730.1111111	1067.666667	1107.666667	1125.666667	1094.333333	1110	1111	1121	1099	1080	1132.333333	1073.333333	1261	1140
316141400	964.56	1194.333333	1225.666667	1194.333333	1160	1085.666667	1087.666667	1066.666667	1107.666667	1127.666667	1099	1114.333333	1112.333333	1120	1101	1081	1140	1072.333333	1260	1134.333333
316141405	963.42	1190	1221	1189	1160	21	732.1111111	1067.666667	1105.666667	1127.666667	1092.333333	1111	1111	1113.333333	1106.666667	1081	1133.333333	1066.666667	1260	1134.333333
316141410	965.97	1192.333333	1225.666667	1192.333333	1161	20	731.1111111	1065.666667	1105.666667	1134.333333	1092.333333	1114.333333	1113.333333	1125.666667	1099	1080	1133.333333	1073.333333	1253.333333	1132.333333
316141415	966.66	1185.666667	1220	1186.666667	1152.333333	19	728.8888889	1067.666667	1099	1125.666667	1092.333333	1110	1111	1126.666667	1101	1080	1139	1065.666667	1261	1133.333333
316141420	967.75	1187.666667	1219	1187.666667	1154.333333	21	730.1111111	1067.666667	1106.666667	1125.666667	1093.333333	1110	1110	1105.666667	1099	1080	1126.666667	1074.333333	1261	1134.333333
316141425	965.89	1189	1219	1190	1160	19	732.1111111	1066.666667	1105.666667	1125.666667	1092.333333	1111	1110	1114.333333	1101	1079	1125.666667	1072.333333	1259	1133.333333
316141430	966.88	1182.333333	1221	1184.333333	1147.666667	19	730.1111111	1067.666667	1106.666667	1121	1085.666667	1102.333333	1104.333333	1125.666667	1100	1079	1127.666667	1072.333333	1261	1134.333333
316141435	965.56	1175.666667	1205.666667	1177.666667	1147.666667	20	724.4444444	1059	1092.333333	1125.666667	1101	1114.333333	1112.333333	1113.333333	1099	1081	1126.666667	1073.333333	1259	1134.333333
316141440	964.48	1175.666667	1207.666667	1176.666667	1147.666667	20	723.4444444	1059	1093.333333	1125.666667	1086.666667	1107.666667	1107.666667	1119	1101	1080	1139	1067.666667	1260	1140
316141445	966.08	1177.666667	1205.666667	1176.666667	1147.666667	20	729.8888889	1065.666667	1101	1127.666667	1087.666667	1106.666667	1107.666667	1107.666667	1092.333333	1080	1127.666667	1073.333333	1260	1133.333333
316141450	966.14	1175.666667	1205.666667	1175.666667	1146.666667	21	725.4444444	1059	1092.333333	1127.666667	1092.333333	1110	1111	1121	1099	1086.666667	1141	1074.333333	1260	1132.333333
316141455	967.03	1177.666667	1207.666667	1176.666667	1145.666667	21	731.1111111	1065.666667	1105.666667	1127.666667	1079	1104.333333	1103.333333	1119	1099	1081	1133.333333	1073.333333	1259	1132.333333
316141500	964.81	1175.666667	1206.666667	1176.666667	1146.666667	21	727.8888889	1067.666667	1100	1126.666667	1086.666667	1107.666667	1105.666667	1120	1100	1080	1127.666667	1065.666667	1261	1133.333333
316141505	964.46	1179	1212.333333	1181	1145.666667	20	728.8888889	1067.666667	1100	1126.666667	1092.333333	1110	1110	1126.666667	1101	1087.666667	1133.333333	1074.333333	1261	1132.333333
316141510	965.57	1176.666667	1205.666667	1177.666667	1147.666667	19	727.8888889	1067.666667	1101	1125.666667	1092.333333	1111	1111	1120	1094.333333	1085.666667	1133.333333	1074.333333	1261	1134.333333
316141515	964.69	1181	1214.333333	1179	1146.666667	19	731.1111111	1065.666667	1107.666667	1125.666667	1094.333333	1111	1109	1112.333333	1092.333333	1079	1125.666667	1073.333333	1259	1132.333333
316141520	965.71	1184.333333	1219	1184.333333	1146.666667	20	728.8888889	1067.666667	1101	1125.666667	1093.333333	1111	1111	1120	1099	1079	1139	1072.333333	1261	1134.333333
316141525	965.39	1184.333333	1221	1182.333333	1147.666667	19	728.8888889	1066.666667	1099	1126.666667	1092.333333	1109	1109	1112.333333	1099	1079	1126.666667	1073.333333	1260	1134.333333
316141530	963.8	1175.666667	1207.666667	1175.666667	1147.666667	19	725.4444444	1061	1092.333333	1125.666667	1093.333333	1110	1111	1112.333333	1099	1080	1125.666667	1072.333333	1261	1133.333333
316141535	964.17	1177.666667	1206.666667	1177.666667	1146.666667	20	724.4444444	1059	1094.333333	1126.666667	1093.333333	1111	1111	1112.333333	1101	1081	1127.666667	1074.333333	1260	1134.333333
316141540	964.52	1177.666667	1205.666667	1175.666667	1147.666667	20	723.4444444	1061	1093.333333	1125.666667	1092.333333	1111	1110	1106.666667	1087.666667	1081	1126.666667	1067.666667	1261	1133.333333
316141545	965.9	1175.666667	1207.666667	1175.666667	1146.666667	21	725.4444444	1059	1094.333333	1126.666667	1087.666667	1106.666667	1106.666667	1105.666667	1086.666667	1081	1121	1066.666667	1261	1132.333333
316141550	965.77	1175.666667	1205.666667	1175.666667	1147.666667	19	724.4444444	1059	1094.333333	1126.666667	1085.666667	1105.666667	1106.666667	1106.666667	1086.666667	1081	1120	1059	1254.333333	1134.333333
316141555	964.52	1177.666667	1206.666667	1176.666667	1145.666667	20	555.6666667	555.6666667	1094.333333	1127.666667	1085.666667	1105.666667	1107.666667	1106.666667	1092.333333	1080	1121	1065.666667	1261	1134.333333
316141600	961.98	1177.666667	1206.666667	1177.666667	1146.666667	21	721.2222222	1053.333333	1093.333333	1125.666667	1094.333333	1109	1111	1106.666667	1101	1081	1120	1067.666667	1245.666667	1133.333333
316141605	962.93	1175.666667	1207.666667	1176.666667	1145.666667	20	723.2222222	1054.333333	1092.333333	1127.666667	1087.666667	1105.666667	1105.666667	1107.666667	1101	1081	1125.666667	1065.666667	1261	1133.333333
316141610	961.43	1172.333333	1207.666667	1173.333333	1141	19	725.4444444	1059	1093.333333	1126.666667	1087.666667	1107.666667	1105.666667	1105.666667	1093.333333	1080	1119	1066.666667	1261	1134.333333
316141615	959.32	1173.333333	1205.666667	1174.333333	1140	1075.666667	1076.666667	1060	1094.333333	1125.666667	1085.666667	1106.666667	1107.666667	1106.666667	1094.333333	1079	1121	1067.666667	1259	1132.333333
316141620	958.25	1175.666667	1207.666667	1175.666667	1146.666667	21	724.4444444	1059	1093.333333	1127.666667	1087.666667	1106.666667	1107.666667	1106.666667	1087.666667	1081	1127.666667	1059	1261	1134.333333
316141625	958.07	1174.333333	1207.666667	1174.333333	1141	21	724.4444444	1059	1093.333333	1112.333333	1086.666667	1101	1100	1107.666667	1100	1079	1127.666667	1061	1253.333333	1132.333333
316141630	956.05	1172.333333	1206.666667	1172.333333	1140	21	723.4444444	1059	1093.333333	1112.333333	1085.666667	1099	1101	1105.666667	1100	1080	1126.666667	1061	1253.333333	1133.333333
316141635	957.29	1172.333333	1207.666667	1172.333333	1141	21	723.2222222	1053.333333	1094.333333	1112.333333	1086.666667	1100	1101	1106.666667	1101	1079	1127.666667	1061	1254.333333	1132.333333
316141640	956.87	1177.666667	1206.666667	1175.666667	1147.666667	19	723.4444444	1060	1092.333333	1113.333333	1087.666667	1100	1100	1113.333333	1085.666667	1085.666667	1119	1061	1247.666667	1126.666667
316141645	957.83	1175.666667	1207.666667	1176.666667	1147.666667	19	725.4444444	1059	1092.333333	1112.333333	1087.666667	1099	1100	1112.333333	1093.333333	1080	1126.666667	1060	1252.333333	1126.666667
316141650	956.72	1175.666667	1207.666667	1175.666667	1145.666667	1075.666667	1077.666667	1059	1093.333333	1120	1085.666667	1104.333333	1104.333333	1107.666667	1099	1081	1127.666667	1060	1247.666667	1132.333333
316141655	959.92	1174.333333	1205.666667	1173.333333	1140	21	725.4444444	1061	1094.333333	1112.333333	1087.666667	1099	1100	1112.333333	1093.333333	1079	1127.666667	1060	1241	1134.333333
316141700	962.58	1175.666667	1207.666667	1175.666667	1146.666667	20	723.4444444	1060	1094.333333	1121	1087.666667	1104.333333	1102.333333	1114.333333	1086.666667	1086.666667	1120	1066.666667	1252.333333	1134.333333
316141705	961.35	1177.666667	1206.666667	1177.666667	1147.666667	20	724.4444444	1060	1093.333333	1126.666667	1087.666667	1105.666667	1105.666667	1107.666667	1094.333333	1081	1120	1061	1253.333333	1134.333333
316141710	961.96	1175.666667	1207.666667	1177.666667	1146.666667	21	724.4444444	1059	1094.333333	1125.666667	1085.666667	1106.666667	1105.666667	1106.666667	1094.333333	1080	1120	1065.666667	1252.333333	1132.333333
316141715	959.77	1176.666667	1206.666667	1177.666667	1147.666667	20	723.2222222	1052.333333	1092.333333	1127.666667	1085.666667	1106.666667	1107.666667	1114.333333	1094.333333	1085.666667	1125.666667	1059	1254.333333	1133.333333
316141720	960.05	1146.666667	1145.666667	1145.666667	1147.666667	1077.666667	1077.666667	1060	1094.333333	1126.666667	1085.666667	1105.666667	1105.666667	1107.666667	1099	1080	1127.666667	1059	1252.333333	1126.666667
316141725	961.41	1145.666667	1147.666667	1146.666667	1145.666667	1077.666667	1075.666667	1059	1092.333333	1126.666667	1087.666667	1106.666667	1106.666667	1112.333333	1099	1087.666667	1132.333333	1061	1259	1134.333333
316141730	958.79	1147.666667	1146.666667	1147.666667	1147.666667	1077.666667	1076.666667	1060	1092.333333	1126.666667	1085.666667	1105.666667	1105.666667	1113.333333	1101	1080	1125.666667	1074.333333	1252.333333	1133.333333
316141735	961.1	1145.666667	1147.666667	1146.666667	1146.666667	1074.333333	1072.333333	1054.333333	1093.333333	1126.666667	1086.666667	1105.666667	1105.666667	1107.666667	1092.333333	1081	1126.666667	1072.333333	1261	1132.333333
316141740	959.51	1146.666667	1147.666667	1145.666667	1147.666667	20	721.2222222	1052.333333	1093.333333	1125.666667	1086.666667	1105.666667	1106.666667	1105.666667	1086.666667	1081	1126.666667	1065.666667	1254.333333	1133.333333
316141745	961.45	1145.666667	1146.666667	1145.666667	1145.666667	1075.666667	1076.666667	1061	1092.333333	1127.666667	1087.666667	1105.666667	1105.666667	1106.666667	1085.666667	1079	1120	1065.666667	1259	1133.333333
316141750	961.48	1146.666667	1147.666667	1146.666667	1146.666667	21	725.6666667	1061	1100	1127.666667	1085.666667	1106.666667	1105.666667	1106.666667	1086.666667	1080	1125.666667	1061	1254.333333	1132.333333
316141755	961.87	1145.666667	1146.666667	1147.666667	1146.666667	19	724.4444444	1059	1094.333333	1125.666667	1085.666667	1107.666667	1105.666667	1105.666667	1086.666667	1080	1126.666667	1067.666667	1254.333333	1132.333333
316141800	961.41	1145.666667	1146.666667	1145.666667	1146.666667	19	724.4444444	1059	1093.333333	1125.666667	1087.666667	1105.666667	1107.666667	1107.666667	1087.666667	1080	1127.666667	1066.666667	1261	1132.333333
316141805	960.52	1147.666667	1146.666667	1145.666667	1147.666667	1077.666667	1076.666667	1061	1093.333333	1127.666667	1086.666667	1106.666667	1107.666667	1106.666667	1093.333333	1080	1126.666667	1066.666667	1254.333333	1125.666667
316141810	959.84	1146.666667	1146.666667	1146.666667	1147.666667	1075.666667	1075.666667	1061	1093.333333	1126.666667	1087.666667	1105.666667	1105.666667	1107.666667	1087.666667	1085.666667	1126.666667	1066.666667	1259	1134.333333
316141815	960.95	1145.666667	1146.666667	1145.666667	1146.666667	1077.666667	1075.666667	1061	1093.333333	1125.666667	1085.666667	1106.666667	1107.666667	1106.666667	1086.666667	1085.666667	1126.666667	1067.666667	1259	1132.333333
316141820	959.55	1147.666667	1146.666667	1146.666667	1145.666667	1076.666667	1076.666667	1059	1093.333333	1126.666667	1087.666667	1105.666667	1107.666667	1107.666667	1087.666667	1079	1127.666667	1061	1252.333333	1133.333333
316141825	961.71	1145.666667	1147.666667	1146.666667	1147.666667	1075.666667	1076.666667	1061	1093.333333	1126.666667	1086.666667	1106.666667	1106.666667	1105.666667	1081	1079	1125.666667	1061	1254.333333	1127.666667
316141830	961.39	1145.666667	1147.666667	1146.666667	1147.666667	19	725.4444444	1060	1093.333333	1126.666667	1085.666667	1105.666667	1106.666667	1105.666667	1086.666667	1080	1125.666667	1059	1254.333333	1126.666667
316141835	960.96	1145.666667	1147.666667	1146.666667	1145.666667	20	724.4444444	1060	1092.333333	1126.666667	1085.666667	1106.666667	1106.666667	1106.666667	1086.666667	1081	1127.666667	1060	1253.333333	1132.333333
316141840	961.35	1146.666667	1146.666667	1145.666667	1145.666667	1075.666667	1076.666667	1059	1094.333333	1125.666667	1085.666667	1105.666667	1107.666667	1105.666667	1085.666667	1080	1125.666667	1059	1253.333333	1126.666667
316141845	960.31	1141	1139	1140	1139	19	725.4444444	1059	1093.333333	1126.666667	1085.666667	1106.666667	1105.666667	1105.666667	1087.666667	1079	1125.666667	1059	1253.333333	1126.666667
316141850	961.85	1147.666667	1147.666667	1146.666667	1147.666667	19	723.2222222	1054.333333	1094.333333	1127.666667	1085.666667	1106.666667	1106.666667	1107.666667	1086.666667	1080	1127.666667	1059	1252.333333	1126.666667
316141855	961.46	1146.666667	1146.666667	1147.666667	1147.666667	1075.666667	1075.666667	1061	1093.333333	1125.666667	1086.666667	1107.666667	1107.666667	1107.666667	1081	1080	1119	1061	1252.333333	1126.666667
316141900	962.45	1147.666667	1147.666667	1147.666667	1147.666667	20	725.4444444	1060	1094.333333	1126.666667	1085.666667	1106.666667	1106.666667	1107.666667	1081	1079	1121	1059	1247.666667	1119
316141905	960.3	1147.666667	1145.666667	1145.666667	1147.666667	1081	1080	1060	1101	1126.666667	1087.666667	1105.666667	1106.666667	1105.666667	1079	1081	1121	1052.333333	1245.666667	1126.666667
316141910	962.25	1145.666667	1145.666667	1147.666667	1147.666667	1075.666667	1076.666667	1060	1092.333333	1125.666667	1086.666667	1106.666667	1105.666667	1107.666667	1085.666667	1079	1119	1059	1247.666667	1127.666667
316141915	961.85	1145.666667	1147.666667	1145.666667	1147.666667	1073.333333	1073.333333	1054.333333	1093.333333	1125.666667	1086.666667	1105.666667	1106.666667	1105.666667	1079	1080	1120	1052.333333	1253.333333	1125.666667
316141920	960.12	1145.666667	1147.666667	1145.666667	1145.666667	1074.333333	1073.333333	1054.333333	1094.333333	1127.666667	1087.666667	1107.666667	1107.666667	1105.666667	1080	1081	1121	1060	1254.333333	1125.666667
316141925	962.17	1139	1139	1141	1140	1072.333333	1073.333333	1052.333333	1092.333333	1127.666667	1085.666667	1107.666667	1105.666667	1107.666667	1081	1079	1121	1059	1254.333333	1126.666667
316141930	961.66	1146.666667	1145.666667	1147.666667	1145.666667	1075.666667	1075.666667	1060	1093.333333	1114.333333	1087.666667	1101	1101	1106.666667	1087.666667	1081	1125.666667	1061	1246.666667	1126.666667
316141935	959.88	1146.666667	1145.666667	1145.666667	1145.666667	1075.666667	1076.666667	1061	1092.333333	1114.333333	1087.666667	1099	1101	1107.666667	1087.666667	1080	1120	1059	1245.666667	1125.666667
316141940	959.99	1145.666667	1147.666667	1145.666667	1145.666667	1074.333333	1074.333333	1052.333333	1094.333333	1126.666667	1085.666667	1107.666667	1105.666667	1106.666667	1080	1081	1121	1059	1245.666667	1126.666667
316141945	962.18	1145.666667	1145.666667	1147.666667	1147.666667	1074.333333	1072.333333	1054.333333	1092.333333	1127.666667	1086.666667	1105.666667	1105.666667	1112.333333	1086.666667	1079	1120	1061	1247.666667	1125.666667
316141950	961.9	1145.666667	1147.666667	1146.666667	1146.666667	1071	1071	1053.333333	1087.666667	1127.666667	1087.666667	1106.666667	1106.666667	1106.666667	1085.666667	1079	1120	1059	1253.333333	1126.666667
316141955	960.04	1145.666667	1147.666667	1147.666667	1145.666667	20	723.2222222	1059	1087.666667	1126.666667	1085.666667	1106.666667	1107.666667	1105.666667	1087.666667	1081	1121	1061	1252.333333	1126.666667
316142000	959.19	1146.666667	1146.666667	1145.666667	1145.666667	20	725.4444444	1059	1092.333333	1125.666667	1087.666667	1107.666667	1107.666667	1105.666667	1087.666667	1080	1125.666667	1054.333333	1254.333333	1126.666667
316142005	958.91	1147.666667	1145.666667	1145.666667	1145.666667	19	725.4444444	1061	1093.333333	1126.666667	1086.666667	1106.666667	1107.666667	1107.666667	1086.666667	1079	1126.666667	1059	1252.333333	1127.666667
316142010	959.73	1146.666667	1145.666667	1145.666667	1147.666667	21	722.2222222	1053.333333	1093.333333	1125.666667	1086.666667	1106.666667	1107.666667	1107.666667	1087.666667	1079	1120	1061	1253.333333	1126.666667
316142015	959.7	1147.666667	1146.666667	1146.666667	1145.666667	19	725.4444444	1060	1092.333333	1125.666667	1087.666667	1105.666667	1105.666667	1105.666667	1086.666667	1080	1120	1059	1252.333333	1126.666667
316142020	960.38	1140	1141	1140	1141	20	722.2222222	1054.333333	1093.333333	1126.666667	1087.666667	1105.666667	1107.666667	1105.666667	1085.666667	1081	1120	1061	1245.666667	1133.333333
316142025	962.03	1140	1139	1140	1140	21	725.4444444	1061	1092.333333	1125.666667	1086.666667	1106.666667	1106.666667	1106.666667	1080	1080	1119	1060	1260	1126.666667
316142030	962.7	1146.666667	1147.666667	1147.666667	1146.666667	19	725.4444444	1061	1092.333333	1125.666667	1086.666667	1105.666667	1106.666667	1105.666667	1085.666667	1080	1121	1061	1254.333333	1126.666667
316142035	960.5	1147.666667	1147.666667	1146.666667	1147.666667	21	724.4444444	1060	1094.333333	1126.666667	1085.666667	1107.666667	1107.666667	1106.666667	1080	1079	1121	1059	1246.666667	1126.666667
316142040	962.39	1147.666667	1146.666667	1146.666667	1145.666667	19	724.4444444	1061	1094.333333	1127.666667	1086.666667	1105.666667	1107.666667	1107.666667	1081	1080	1120	1059	1246.666667	1125.666667
316142045	961.51	1147.666667	1146.666667	1147.666667	1147.666667	19	724.4444444	1061	1092.333333	1127.666667	1085.666667	1105.666667	1106.666667	1106.666667	1081	1081	1121	1059	1259	1126.666667
316142050	961.39	1147.666667	1146.666667	1147.666667	1145.666667	19	723.4444444	1060	1094.333333	1127.666667	1087.666667	1105.666667	1107.666667	1106.666667	1079	1079	1120	1061	1247.666667	1125.666667
316142055	960.94	1145.666667	1145.666667	1145.666667	1147.666667	1072.333333	1073.333333	1052.333333	1092.333333	1127.666667	1085.666667	1107.666667	1105.666667	1107.666667	1080	1081	1119	1053.333333	1245.666667	1126.666667
316142100	962.88	1145.666667	1146.666667	1145.666667	1147.666667	19	722.2222222	1052.333333	1092.333333	1126.666667	1087.666667	1107.666667	1107.666667	1107.666667	1081	1081	1119	1059	1247.666667	1121
316142105	962.74	1145.666667	1145.666667	1145.666667	1147.666667	21	721.2222222	1052.333333	1094.333333	1125.666667	1087.666667	1107.666667	1105.666667	1106.666667	1081	1079	1121	1061	1246.666667	1119
316142110	961.25	1145.666667	1146.666667	1146.666667	1146.666667	21	721	1045.666667	1092.333333	1125.666667	1086.666667	1105.666667	1106.666667	1107.666667	1085.666667	1081	1119	1061	1245.666667	1120
316142115	960.62	1145.666667	1147.666667	1146.666667	1145.666667	21	724.4444444	1061	1092.333333	1127.666667	1085.666667	1105.666667	1107.666667	1106.666667	1081	1079	1121	1052.333333	1245.666667	1121
316142120	962.87	1145.666667	1146.666667	1146.666667	1147.666667	19	725.4444444	1060	1094.333333	1125.666667	1085.666667	1107.666667	1105.666667	1105.666667	1086.666667	1081	1091.111111	1053.333333	1239	1121
316142125	961.81	1146.666667	1145.666667	1146.666667	1146.666667	21	723.2222222	1053.333333	1093.333333	1125.666667	1087.666667	1105.666667	1106.666667	1106.666667	1073.333333	1079	1119	1053.333333	1247.666667	1121
316142130	962.67	1141	1141	1140	1141	1069	1070	1052.333333	1085.666667	1125.666667	1087.666667	1106.666667	1107.666667	1105.666667	1079	1074.333333	1120	1054.333333	1253.333333	1119
316142135	962.35	1146.666667	1147.666667	1145.666667	1147.666667	19	719	1053.333333	1087.666667	1125.666667	1079	1102.333333	1104.333333	1105.666667	1079	1081	1120	1054.333333	1247.666667	1120
316142140	961.08	1145.666667	1145.666667	1145.666667	1145.666667	19	719	1054.333333	1087.666667	1127.666667	1087.666667	1106.666667	1107.666667	1105.666667	1086.666667	1081	1120	1054.333333	1240	1112.333333
316142145	962.55	1140	1141	1141	1141	19	723.2222222	1059	1085.666667	1126.666667	1086.666667	1107.666667	1107.666667	1105.666667	1079	1081	1121	1053.333333	1240	1121
316142150	961.88	1147.666667	1146.666667	1147.666667	1146.666667	19	720	1053.333333	1087.666667	1125.666667	1079	1103.333333	1102.333333	1106.666667	1081	1079	1120	1052.333333	1245.666667	1119
316142155	963.13	1145.666667	1147.666667	1146.666667	1147.666667	20	723.2222222	1054.333333	1094.333333	1127.666667	1085.666667	1106.666667	1105.666667	1107.666667	1079	1081	1120	1054.333333	1247.666667	1120
316142200	961.32	1140	1140	1140	1141	19	723.2222222	1061	1086.666667	1127.666667	1086.666667	1107.666667	1107.666667	1099	1074.333333	1080	1121	1054.333333	1246.666667	1121
316142205	962.98	1141	1140	1140	1139	20	722.2222222	1052.333333	1092.333333	1119	1087.666667	1102.333333	1102.333333	1106.666667	1080	1080	1120	1052.333333	1246.666667	1120
316142210	964.42	1139	1141	1139	1141	21	717.7777778	1045.666667	1085.666667	1125.666667	1086.666667	1107.666667	1106.666667	1100	1081	1079	1120	1053.333333	1241	1121
316142215	964.18	1146.666667	1146.666667	1147.666667	1145.666667	19	725.4444444	1060	1092.333333	1127.666667	1081	1104.333333	1104.333333	1106.666667	1081	1081	1120	1053.333333	1241	1119
316142220	962.91	1147.666667	1146.666667	1147.666667	1146.666667	19	721.2222222	1061	1085.666667	1126.666667	1086.666667	1105.666667	1107.666667	1099	1080	1079	1121	1052.333333	1240	1114.333333
316142225	961.32	1145.666667	1146.666667	1145.666667	1147.666667	19	723.2222222	1059	1085.666667	1127.666667	1087.666667	1106.666667	1107.666667	1107.666667	1081	1081	1120	1054.333333	1241	1112.333333
316142230	964.08	1146.666667	1145.666667	1147.666667	1145.666667	19	721	1054.333333	1086.666667	1126.666667	1086.666667	1105.666667	1105.666667	1100	1081	1079	1121	1052.333333	1247.666667	1119
316142235	964.19	1147.666667	1146.666667	1146.666667	1147.666667	20	721	1053.333333	1085.666667	1112.333333	1086.666667	1101	1099	1107.666667	1080	1080	1119	1053.333333	1240	1113.333333
316142240	961.91	1141	1140	1139	1141	21	722.2222222	1060	1086.666667	1114.333333	1086.666667	1099	1099	1105.666667	1080	1081	1120	1054.333333	1247.666667	1120
316142245	962.51	1141	1140	1140	1140	20	716.7777778	1052.333333	1081	1112.333333	1087.666667	1099	1100	1099	1080	1081	1120	1061	1245.666667	1120
316142250	963.34	1141	1141	1140	1141	21	721	1052.333333	1085.666667	1121	1085.666667	1103.333333	1102.333333	1107.666667	1081	1080	1120	1053.333333	1247.666667	1120
316142255	962.76	1140	1140	1140	1141	1069	1069	1052.333333	1087.666667	1121	1081	1100	1100	1099	1080	1079	1119	1053.333333	1246.666667	1120
316142300	961.9	1139	1139	1141	1139	19	721	1053.333333	1087.666667	1112.333333	1079	1095.666667	1096.666667	1106.666667	1080	1081	1121	1065.666667	1246.666667	1120
316142305	960.9	1139	1140	1141	1141	19	721.2222222	1061	1086.666667	1120	1081	1099	1100	1106.666667	1081	1080	1119	1060	1245.666667	1121
316142310	960.48	1140	1139	1139	1140	20	721	1054.333333	1086.666667	1112.333333	1080	1096.666667	1096.666667	1101	1066.666667	1081	1120	1053.333333	1245.666667	1125.666667
316142315	960.97	1140	1140	1139	1139	1074.333333	1073.333333	1060	1086.666667	1112.333333	1087.666667	1101	1099	1107.666667	1073.333333	1079	1120	1059	1245.666667	1119
316142320	960.71	1134.333333	1134.333333	1133.333333	1132.333333	19	714.5555556	1047.666667	1080	1120	1087.666667	1102.333333	1104.333333	1107.666667	1080	1080	1119	1061	1254.333333	1127.666667
316142325	960.16	1140	1141	1141	1141	20	719	1060	1079	1113.333333	1080	1097.666667	1095.666667	1107.666667	1079	1081	1120	1060	1252.333333	1126.666667
316142330	961.03	1125.666667	1126.666667	1125.666667	1126.666667	19	719	1059	1081	1106.666667	1086.666667	1096.666667	1096.666667	1099	1079	1081	1120	1061	1253.333333	1127.666667
316142335	961.76	1133.333333	1133.333333	1132.333333	1133.333333	19	721	1052.333333	1087.666667	1106.666667	1080	1092.333333	1094.333333	1099	1081	1081	1121	1059	1259	1126.666667
316142340	961.29	1134.333333	1134.333333	1134.333333	1133.333333	21	716.7777778	1045.666667	1087.666667	1113.333333	1086.666667	1099	1099	1100	1073.333333	1079	1121	1060	1254.333333	1126.666667
316142345	961.08	1141	1139	1141	1139	21	719	1060	1080	1119	1086.666667	1102.333333	1104.333333	1106.666667	1080	1081	1121	1059	1253.333333	1125.666667
316142350	961.31	1140	1140	1141	1140	21	716.7777778	1054.333333	1079	1121	1085.666667	1104.333333	1103.333333	1101	1067.666667	1079	1120	1052.333333	1245.666667	1119
316142355	961.86	1133.333333	1132.333333	1132.333333	1132.333333	20	717.7777778	1053.333333	1080	1114.333333	1086.666667	1099	1100	1107.666667	1081	1081	1120	1059	1253.333333	1125.666667
316142400	961.65	1132.333333	1132.333333	1132.333333	1132.333333	19	719	1054.333333	1086.666667	1121	1085.666667	1103.333333	1104.333333	1100	1065.666667	1072.333333	1119	1060	1252.333333	1121
316142405	961.37	1146.666667	1146.666667	1147.666667	1147.666667	21	721	1054.333333	1087.666667	1126.666667	1087.666667	1107.666667	1106.666667	1107.666667	1080	1080	1121	1060	1254.333333	1120
316142410	961.68	1145.666667	1146.666667	1146.666667	1147.666667	19	719	1052.333333	1085.666667	1126.666667	1086.666667	1107.666667	1107.666667	1101	1074.333333	1081	1121	1054.333333	1245.666667	1120
316142415	959.76	1145.666667	1145.666667	1147.666667	1145.666667	19	720	1052.333333	1085.666667	1120	1085.666667	1104.333333	1102.333333	1105.666667	1079	1080	1121	1053.333333	1245.666667	1119
316142420	960.57	1140	1140	1140	1140	20	721	1053.333333	1087.666667	1127.666667	1085.666667	1105.666667	1106.666667	1100	1072.333333	1079	1119	1054.333333	1246.666667	1127.666667
316142425	960.07	1147.666667	1147.666667	1145.666667	1145.666667	19	720	1054.333333	1086.666667	1127.666667	1086.666667	1107.666667	1106.666667	1105.666667	1080	1079	1121	1052.333333	1245.666667	1121
316142430	958.72	1140	1140	1141	1141	21	721	1053.333333	1085.666667	1125.666667	1085.666667	1107.666667	1107.666667	1101	1067.666667	1081	1121	1054.333333	1247.666667	1119
316142435	958.81	1147.666667	1146.666667	1145.666667	1146.666667	19	720	1052.333333	1086.666667	1125.666667	1086.666667	1105.666667	1105.666667	1100	1072.333333	1079	1120	1052.333333	1246.666667	1119
316142440	961.71	1145.666667	1147.666667	1147.666667	1145.666667	19	721	1053.333333	1086.666667	1126.666667	1087.666667	1106.666667	1107.666667	1099	1074.333333	1079	1120	1054.333333	1252.333333	1120
316142445	961.09	1146.666667	1145.666667	1147.666667	1146.666667	14.33333333	717.7777778	1052.333333	1087.666667	1127.666667	1085.666667	1106.666667	1107.666667	1100	1081	1079	1119	1053.333333	1247.666667	1119
316142450	959.6	1146.666667	1147.666667	1146.666667	1146.666667	19	715.5555556	1045.666667	1079	1126.666667	1087.666667	1107.666667	1107.666667	1101	1073.333333	1079	1120	1054.333333	1254.333333	1121
316142455	959.87	1147.666667	1146.666667	1146.666667	1145.666667	21	716.5555556	1047.666667	1079	1127.666667	1079	1102.333333	1102.333333	1094.333333	1073.333333	1079	1119	1054.333333	1246.666667	1120
316142500	961.6	1141	1141	1140	1139	13.33333333	712.3333333	1047.666667	1080	1120	1086.666667	1102.333333	1102.333333	1101	1073.333333	1080	1121	1054.333333	1247.666667	1120
316142505	961.4	1139	1141	1141	1140	12.33333333	713.3333333	1047.666667	1080	1126.666667	1085.666667	1105.666667	1105.666667	1092.333333	1080	1081	1120	1054.333333	1240	1121
316142510	961.18	1134.333333	1134.333333	1133.333333	1133.333333	1061	1059	1045.666667	1072.333333	1120	1085.666667	1104.333333	1102.333333	1101	1073.333333	1079	1120	1054.333333	1241	1120
316142515	961.57	1134.333333	1132.333333	1133.333333	1133.333333	1064.333333	1063.333333	1045.666667	1080	1127.666667	1085.666667	1105.666667	1106.666667	1100	1080	1081	1121	1054.333333	1245.666667	1119
316142520	959.43	1132.333333	1133.333333	1132.333333	1134.333333	1064.333333	1064.333333	1045.666667	1080	1126.666667	1085.666667	1105.666667	1107.666667	1106.666667	1079	1080	1113.333333	1052.333333	1246.666667	1121
316142525	961.28	1134.333333	1132.333333	1132.333333	1133.333333	19	716.5555556	1045.666667	1081	1121	1087.666667	1102.333333	1103.333333	1100	1081	1080	1120	1054.333333	1245.666667	1120
316142530	960.48	1132.333333	1133.333333	1132.333333	1134.333333	19	717.7777778	1047.666667	1085.666667	1119	1086.666667	1104.333333	1102.333333	1107.666667	1074.333333	1079	1120	1054.333333	1246.666667	1119
316142535	960.24	1134.333333	1134.333333	1132.333333	1133.333333	19	715.5555556	1045.666667	1081	1113.333333	1085.666667	1100	1100	1101	1080	1081	1120	1052.333333	1246.666667	1121
316142540	958.95	1132.333333	1132.333333	1133.333333	1134.333333	1065.666667	1065.666667	1045.666667	1087.666667	1112.333333	1085.666667	1101	1100	1101	1081	1079	1120	1054.333333	1246.666667	1121
316142545	960.6	1134.333333	1133.333333	1133.333333	1133.333333	19	716.5555556	1046.666667	1080	1114.333333	1085.666667	1101	1100	1099	1074.333333	1081	1121	1052.333333	1246.666667	1120
316142550	960.63	1134.333333	1132.333333	1134.333333	1134.333333	21	716.7777778	1053.333333	1079	1120	1086.666667	1103.333333	1104.333333	1101	1074.333333	1080	1120	1052.333333	1247.666667	1127.666667
316142555	960.43	1133.333333	1133.333333	1134.333333	1132.333333	21	715.5555556	1045.666667	1079	1113.333333	1087.666667	1099	1101	1093.333333	1079	1081	1121	1053.333333	1245.666667	1121
316142600	958.69	1133.333333	1133.333333	1133.333333	1132.333333	19	716.5555556	1047.666667	1081	1113.333333	1087.666667	1099	1099	1105.666667	1079	1079	1121	1053.333333	1246.666667	1121
316142605	958.68	1125.666667	1127.666667	1125.666667	1127.666667	19	713.3333333	1046.666667	1072.333333	1112.333333	1081	1096.666667	1095.666667	1099	1074.333333	1080	1121	1053.333333	1245.666667	1120
316142610	958.68	1126.666667	1127.666667	1125.666667	1126.666667	21	712.3333333	1045.666667	1073.333333	1113.333333	1087.666667	1100	1100	1092.333333	1080	1080	1119	1061	1245.666667	1119
316142615	962.11	1125.666667	1125.666667	1125.666667	1127.666667	20	712.3333333	1045.666667	1074.333333	1105.666667	1085.666667	1097.666667	1096.666667	1092.333333	1066.666667	1079	1121	1059	1246.666667	1121
316142620	960.08	1125.666667	1125.666667	1126.666667	1127.666667	19	712.3333333	1045.666667	1073.333333	1112.333333	1087.666667	1101	1100	1101	1073.333333	1079	1120	1061	1245.666667	1153.333333
316142625	960.12	1125.666667	1126.666667	1125.666667	1125.666667	20	716.5555556	1045.666667	1079	1113.333333	1081	1097.666667	1095.666667	1107.666667	1079	1079	1119	1052.333333	1252.333333	1121
316142630	962.73	1125.666667	1125.666667	1125.666667	1125.666667	20	716.5555556	1045.666667	1081	1113.333333	1079	1096.666667	1095.666667	1106.666667	1073.333333	1080	1119	1053.333333	1247.666667	1120
316142635	962.94	1127.666667	1126.666667	1127.666667	1127.666667	20	715.5555556	1046.666667	1080	1105.666667	1079	1094.333333	1092.333333	1107.666667	1067.666667	1081	1121	1053.333333	1246.666667	1119
316142640	960.31	1134.333333	1133.333333	1133.333333	1134.333333	21	715.5555556	1045.666667	1080	1112.333333	1085.666667	1100	1100	1107.666667	1073.333333	1081	1120	1054.333333	1245.666667	1121
316142645	962.58	1132.333333	1133.333333	1132.333333	1134.333333	21	716.5555556	1046.666667	1079	1112.333333	1086.666667	1101	1101	1094.333333	1072.333333	1081	1119	1054.333333	1245.666667	1121
316142650	962.83	1134.333333	1134.333333	1133.333333	1132.333333	21	716.5555556	1045.666667	1079	1119	1085.666667	1103.333333	1102.333333	1099	1074.333333	1080	1121	1054.333333	1246.666667	1113.333333
316142655	962.25	1133.333333	1133.333333	1134.333333	1134.333333	1070	1070	1052.333333	1085.666667	1119	1085.666667	1103.333333	1104.333333	1093.333333	1081	1080	1121	1053.333333	1247.666667	1119
316142700	961.71	1126.666667	1127.666667	1126.666667	1125.666667	21	716.5555556	1046.666667	1079	1119	1085.666667	1104.333333	1102.333333	1099	1072.333333	1080	1119	1053.333333	1247.666667	1119
316142705	961.76	1132.333333	1132.333333	1134.333333	1132.333333	19	714.5555556	1046.666667	1081	1113.333333	1085.666667	1101	1099	1107.666667	1073.333333	1080	1120	1052.333333	1247.666667	1119
316142710	961.49	1133.333333	1134.333333	1133.333333	1133.333333	19	714.5555556	1047.666667	1081	1119	1087.666667	1103.333333	1104.333333	1100	1073.333333	1080	1119	1052.333333	1245.666667	1119
316142715	961.79	1132.333333	1132.333333	1134.333333	1133.333333	21	717.7777778	1054.333333	1081	1120	1081	1100	1100	1094.333333	1067.666667	1080	1114.333333	1054.333333	1245.666667	1120
316142720	961.98	1134.333333	1132.333333	1133.333333	1133.333333	19	715.5555556	1047.666667	1080	1119	1085.666667	1102.333333	1103.333333	1101	1073.333333	1079	1121	1052.333333	1245.666667	1119
316142725	962.86	1134.333333	1133.333333	1133.333333	1132.333333	12.33333333	714.3333333	1045.666667	1080	1120	1086.666667	1102.333333	1103.333333	1092.333333	1074.333333	1080	1119	1054.333333	1246.666667	1119
316142730	962.79	1133.333333	1134.333333	1133.333333	1132.333333	26.66666667	717.7777778	1046.666667	1079	1119	1085.666667	1104.333333	1103.333333	1099	1081	1081	1119	1052.333333	1245.666667	1112.333333
316142735	961.11	1134.333333	1134.333333	1134.333333	1134.333333	19	715.5555556	1047.666667	1080	1119	1086.666667	1103.333333	1103.333333	1106.666667	1074.333333	1080	1120	1054.333333	1245.666667	1121
316142740	962.64	1133.333333	1133.333333	1132.333333	1133.333333	20	714.5555556	1045.666667	1081	1121	1086.666667	1104.333333	1103.333333	1100	1073.333333	1081	1120	1054.333333	1245.666667	1119
316142745	962.97	1126.666667	1127.666667	1126.666667	1125.666667	25.66666667	717.7777778	1045.666667	1080	1121	1086.666667	1103.333333	1102.333333	1105.666667	1074.333333	1072.333333	1121	1053.333333	1247.666667	1121
316142750	962.67	1134.333333	1134.333333	1133.333333	1132.333333	21	714.5555556	1047.666667	1081	1120	1087.666667	1104.333333	1103.333333	1099	1080	1081	1121	1054.333333	1247.666667	1113.333333
316142755	963.42	1126.666667	1126.666667	1125.666667	1125.666667	20	715.5555556	1046.666667	1079	1114.333333	1085.666667	1099	1099	1093.333333	1074.333333	1081	1120	1054.333333	1246.666667	1120
316142800	961.33	1127.666667	1127.666667	1126.666667	1125.666667	20	715.5555556	1045.666667	1079	1120	1087.666667	1102.333333	1104.333333	1105.666667	1065.666667	1081	1121	1053.333333	1246.666667	1112.333333
316142805	962.16	1125.666667	1126.666667	1126.666667	1126.666667	21	716.5555556	1046.666667	1081	1119	1080	1101	1099	1092.333333	1073.333333	1079	1120	1053.333333	1247.666667	1121
316142810	960.49	1134.333333	1133.333333	1132.333333	1133.333333	19	716.5555556	1046.666667	1080	1119	1086.666667	1103.333333	1104.333333	1092.333333	1073.333333	1087.666667	1119	1054.333333	1247.666667	1119
316142815	962.28	1132.333333	1132.333333	1133.333333	1132.333333	13.33333333	714.3333333	1047.666667	1081	1114.333333	1086.666667	1100	1100	1093.333333	1079	1080	1121	1054.333333	1247.666667	1120
316142820	959.76	1125.666667	1127.666667	1125.666667	1126.666667	20	715.5555556	1047.666667	1080	1125.666667	1087.666667	1107.666667	1106.666667	1099	1073.333333	1079	1121	1054.333333	1245.666667	1112.333333
316142825	959.26	1134.333333	1134.333333	1134.333333	1132.333333	19	714.5555556	1045.666667	1081	1120	1085.666667	1102.333333	1104.333333	1087.666667	1067.666667	1080	1121	1052.333333	1247.666667	1114.333333
316142830	961.61	1126.666667	1125.666667	1127.666667	1127.666667	21	714.5555556	1045.666667	1081	1121	1086.666667	1104.333333	1104.333333	1093.333333	1072.333333	1080	1121	1054.333333	1246.666667	1119
316142835	960.79	1133.333333	1133.333333	1133.333333	1132.333333	21	716.5555556	1045.666667	1081	1119	1087.666667	1104.333333	1104.333333	1093.333333	1074.333333	1079	1119	1052.333333	1246.666667	1112.333333
316142840	960.72	1134.333333	1133.333333	1133.333333	1132.333333	21	712.3333333	1047.666667	1074.333333	1113.333333	1086.666667	1100	1101	1092.333333	1065.666667	1081	1121	1041	1233.333333	1106.666667
316142845	960.99	1125.666667	1127.666667	1127.666667	1125.666667	21	713.3333333	1045.666667	1072.333333	1112.333333	1085.666667	1101	1099	1092.333333	1066.666667	1081	1120	1047.666667	1247.666667	1105.666667
316142850	959.37	1127.666667	1126.666667	1127.666667	1127.666667	20	713.3333333	1045.666667	1074.333333	1119	1086.666667	1102.333333	1103.333333	1092.333333	1072.333333	1079	1120	1052.333333	1246.666667	1120
316142855	961.21	1126.666667	1127.666667	1127.666667	1125.666667	21	716.5555556	1047.666667	1081	1106.666667	1080	1092.333333	1094.333333	1093.333333	1072.333333	1080	1121	1053.333333	1246.666667	1112.333333
316142900	962.22	1125.666667	1126.666667	1127.666667	1126.666667	21	714.3333333	1045.666667	1072.333333	1107.666667	1086.666667	1097.666667	1097.666667	1101	1065.666667	1080	1121	1053.333333	1246.666667	1112.333333
316142905	960.39	1125.666667	1126.666667	1127.666667	1127.666667	21	717.7777778	1046.666667	1087.666667	1112.333333	1087.666667	1101	1101	1100	1072.333333	1081	1119	1053.333333	1247.666667	1114.333333
316142910	960.09	1127.666667	1127.666667	1125.666667	1125.666667	20	714.3333333	1046.666667	1072.333333	1114.333333	1087.666667	1101	1100	1094.333333	1074.333333	1080	1120	1053.333333	1247.666667	1119
316142915	961.39	1126.666667	1127.666667	1127.666667	1125.666667	1060	1061	1046.666667	1072.333333	1120	1086.666667	1103.333333	1104.333333	1094.333333	1059	1079	1121	1053.333333	1245.666667	1105.666667
316142920	960.72	1125.666667	1127.666667	1127.666667	1126.666667	21	716.5555556	1046.666667	1080	1105.666667	1086.666667	1096.666667	1095.666667	1086.666667	1065.666667	1080	1121	1052.333333	1246.666667	1112.333333
316142925	961.16	1125.666667	1127.666667	1126.666667	1125.666667	20	713.3333333	1045.666667	1073.333333	1113.333333	1081	1095.666667	1095.666667	1100	1073.333333	1080	1119	1053.333333	1247.666667	1113.333333
316142930	960.32	1125.666667	1125.666667	1127.666667	1126.666667	19	712.3333333	1046.666667	1073.333333	1113.333333	1085.666667	1101	1099	1100	1059	1080	1119	1053.333333	1247.666667	1114.333333
316142935	961.01	1127.666667	1126.666667	1127.666667	1127.666667	1059	1060	1047.666667	1074.333333	1112.333333	1086.666667	1101	1099	1100	1074.333333	1079	1119	1045.666667	1247.666667	1112.333333
316142940	962.44	1126.666667	1125.666667	1126.666667	1127.666667	19	714.3333333	1046.666667	1073.333333	1114.333333	1087.666667	1099	1101	1094.333333	1061	1081	1119	1052.333333	1247.666667	1112.333333
316142945	961.94	1125.666667	1127.666667	1127.666667	1125.666667	1059	1060	1045.666667	1073.333333	1113.333333	1085.666667	1101	1100	1092.333333	1067.666667	1080	1119	1054.333333	1247.666667	1113.333333
316142950	959.81	1125.666667	1125.666667	1125.666667	1126.666667	1060	1061	1047.666667	1074.333333	1105.666667	1086.666667	1097.666667	1096.666667	1093.333333	1072.333333	1081	1121	1053.333333	1245.666667	1112.333333
316142955	961.23	1126.666667	1126.666667	1126.666667	1127.666667	1060	1060	1045.666667	1072.333333	1114.333333	1085.666667	1100	1100	1094.333333	1067.666667	1079	1119	1052.333333	1247.666667	1114.333333
316143000	962.28	1127.666667	1127.666667	1126.666667	1125.666667	20	714.3333333	1047.666667	1073.333333	1105.666667	1080	1093.333333	1094.333333	1099	1067.666667	1079	1119	1046.666667	1247.666667	1121
316143005	960.78	1125.666667	1127.666667	1126.666667	1125.666667	1061	1060	1047.666667	1072.333333	1114.333333	1080	1095.666667	1097.666667	1093.333333	1073.333333	1081	1120	1052.333333	1246.666667	1114.333333
316143010	960.96	1125.666667	1125.666667	1126.666667	1125.666667	19	707.8888889	1040	1067.666667	1107.666667	1085.666667	1097.666667	1097.666667	1093.333333	1067.666667	1080	1121	1052.333333	1246.666667	1113.333333
316143015	961.86	1127.666667	1127.666667	1126.666667	1126.666667	21	707.6666667	1034.333333	1067.666667	1105.666667	1080	1092.333333	1093.333333	1094.333333	1065.666667	1079	1113.333333	1047.666667	1247.666667	1112.333333
316143020	962.3	1125.666667	1127.666667	1125.666667	1125.666667	1047.666667	1047.666667	1033.333333	1059	1106.666667	1073.333333	1090	1090	1094.333333	1066.666667	1079	1121	1045.666667	1246.666667	1114.333333
316143025	962.29	1105.666667	1105.666667	1107.666667	1106.666667	19	704.4444444	1034.333333	1059	1105.666667	1067.666667	1087.666667	1086.666667	1092.333333	1054.333333	1072.333333	1120	1052.333333	1247.666667	1112.333333
316143030	962.69	1105.666667	1107.666667	1106.666667	1107.666667	1047.666667	1047.666667	1032.333333	1061	1107.666667	1066.666667	1085.666667	1085.666667	1092.333333	1072.333333	1079	1119	1046.666667	1247.666667	1112.333333
316143035	963.09	1107.666667	1105.666667	1105.666667	1107.666667	21	705.4444444	1033.333333	1061	1107.666667	1067.666667	1085.666667	1086.666667	1092.333333	1065.666667	1081	1119	1052.333333	1239	1105.666667
316143040	961.14	1120	1120	1121	1121	1054.333333	1052.333333	1041	1066.666667	1105.666667	1065.666667	1087.666667	1087.666667	1085.666667	1066.666667	1079	1078.777778	1054.333333	1240	1112.333333
316143045	961.62	1126.666667	1127.666667	1125.666667	1127.666667	21	713.3333333	1047.666667	1072.333333	1107.666667	1067.666667	1087.666667	1086.666667	1094.333333	1072.333333	1080	1121	1045.666667	1247.666667	1114.333333
316143050	959.62	1112.333333	1113.333333	1113.333333	1112.333333	21	713.3333333	1047.666667	1072.333333	1107.666667	1067.666667	1085.666667	1086.666667	1093.333333	1060	1080	1120	1047.666667	1240	1106.666667
316143055	957.3	1125.666667	1126.666667	1125.666667	1125.666667	21	712.3333333	1046.666667	1073.333333	1107.666667	1072.333333	1090	1091	1092.333333	1065.666667	1081	1120	1052.333333	1239	1114.333333
316143100	953.76	1127.666667	1127.666667	1125.666667	1127.666667	19	710.1111111	1039	1073.333333	1106.666667	1073.333333	1089	1089	1085.666667	1061	1079	1119	1046.666667	1247.666667	1105.666667
316143105	951.43	1127.666667	1126.666667	1125.666667	1126.666667	19	710.1111111	1041	1074.333333	1106.666667	1079	1094.333333	1092.333333	1094.333333	1060	1079	1113.333333	1052.333333	1247.666667	1112.333333
316143110	948.03	1125.666667	1126.666667	1127.666667	1126.666667	21	714.3333333	1045.666667	1074.333333	1106.666667	1085.666667	1095.666667	1096.666667	1092.333333	1061	1079	1112.333333	1053.333333	1245.666667	1113.333333
316143115	948.29	1126.666667	1127.666667	1126.666667	1125.666667	21	713.3333333	1045.666667	1073.333333	1105.666667	1081	1092.333333	1092.333333	1093.333333	1060	1072.333333	1113.333333	1053.333333	1246.666667	1113.333333
316143120	954.99	1126.666667	1125.666667	1127.666667	1127.666667	20	712.1111111	1039	1074.333333	1107.666667	1086.666667	1095.666667	1095.666667	1094.333333	1065.666667	1080	1114.333333	1045.666667	1246.666667	1113.333333
316143125	954.07	1127.666667	1125.666667	1127.666667	1126.666667	19	707.8888889	1040	1067.666667	1106.666667	1079	1092.333333	1093.333333	1092.333333	1060	1081	1120	1052.333333	1247.666667	1107.666667
316143130	962.71	1127.666667	1127.666667	1126.666667	1127.666667	20	707.6666667	1034.333333	1067.666667	1112.333333	1085.666667	1099	1100	1087.666667	1074.333333	1080	1120	1054.333333	1245.666667	1114.333333
316143135	963.32	1126.666667	1127.666667	1125.666667	1127.666667	20	709.8888889	1040	1066.666667	1113.333333	1085.666667	1101	1099	1087.666667	1061	1081	1119	1045.666667	1246.666667	1113.333333
316143140	963.54	1127.666667	1125.666667	1127.666667	1126.666667	19	709.8888889	1040	1067.666667	1107.666667	1086.666667	1095.666667	1096.666667	1092.333333	1060	1080	1113.333333	1047.666667	1246.666667	1113.333333
316143145	962.16	1127.666667	1127.666667	1126.666667	1125.666667	20	707.8888889	1033.333333	1074.333333	1107.666667	1080	1093.333333	1093.333333	1092.333333	1067.666667	1079	1113.333333	1045.666667	1247.666667	1114.333333
316143150	962.32	1125.666667	1125.666667	1127.666667	1125.666667	19	714.3333333	1047.666667	1073.333333	1120	1085.666667	1102.333333	1104.333333	1094.333333	1066.666667	1079	1081	1052.333333	1245.666667	1112.333333
316143155	964.51	1125.666667	1126.666667	1127.666667	1126.666667	19	713.3333333	1046.666667	1072.333333	1125.666667	1085.666667	1107.666667	1105.666667	1086.666667	1061	1079	1119	1052.333333	1247.666667	1114.333333
316143300	972.3	1126.666667	1126.666667	1127.666667	1125.666667	20	711.1111111	1046.666667	1065.666667	1107.666667	1081	1093.333333	1094.333333	1092.333333	1061	1081	1112.333333	1045.666667	1245.666667	1114.333333
316143305	972.94	1126.666667	1126.666667	1125.666667	1125.666667	20	705.6666667	1040	1060	1107.666667	1072.333333	1090	1090	1094.333333	1065.666667	1081	1121	1052.333333	1247.666667	1113.333333
316143310	970.46	1125.666667	1125.666667	1127.666667	1126.666667	21	706.6666667	1032.333333	1067.666667	1107.666667	1080	1093.333333	1093.333333	1100	1060	1081	1113.333333	1053.333333	1245.666667	1114.333333
316143315	969.93	1127.666667	1125.666667	1125.666667	1126.666667	20	707.6666667	1033.333333	1066.666667	1106.666667	1081	1094.333333	1092.333333	1093.333333	1067.666667	1079	1121	1040	1247.666667	1114.333333
316143320	971.91	1126.666667	1125.666667	1126.666667	1127.666667	20	708.8888889	1039	1065.666667	1106.666667	1081	1093.333333	1094.333333	1093.333333	1061	1081	1121	1047.666667	1245.666667	1114.333333
316143325	971.46	1127.666667	1125.666667	1125.666667	1126.666667	20	709.8888889	1033.333333	1072.333333	1105.666667	1080	1092.333333	1092.333333	1094.333333	1074.333333	1081	1113.333333	1045.666667	1247.666667	1114.333333
316143330	970.42	1125.666667	1125.666667	1127.666667	1125.666667	21	707.8888889	1039	1067.666667	1106.666667	1080	1094.333333	1093.333333	1086.666667	1061	1073.333333	1114.333333	1047.666667	1246.666667	1113.333333
316143335	971.12	1127.666667	1127.666667	1127.666667	1126.666667	19	707.8888889	1040	1066.666667	1112.333333	1079	1096.666667	1097.666667	1087.666667	1053.333333	1061	1112.333333	1039	1239	1099
316143340	971.71	1126.666667	1127.666667	1127.666667	1126.666667	20	709.8888889	1039	1066.666667	1114.333333	1079	1096.666667	1096.666667	1067.666667	1033.333333	1040	1080	1027.666667	1225.666667	1087.666667
316143345	974.24	1126.666667	1125.666667	1125.666667	1127.666667	19	707.6666667	1032.333333	1067.666667	1106.666667	1086.666667	1097.666667	1097.666667	1025.666667	985.6666667	999	1034.333333	987.6666667	1172.333333	1047.666667
316143350	973.77	1125.666667	1127.666667	1125.666667	1126.666667	20	707.8888889	1040	1066.666667	1106.666667	1085.666667	1096.666667	1097.666667	1013.333333	973.3333333	981	1025.666667	993.3333333	1186.666667	1045.666667
316143355	974.18	1125.666667	1125.666667	1126.666667	1126.666667	20	709.8888889	1039	1067.666667	1106.666667	1079	1093.333333	1092.333333	1012.333333	980	985.6666667	1033.333333	1027.666667	1212.333333	1079
316143400	972.61	1125.666667	1127.666667	1127.666667	1127.666667	21	705.4444444	1032.333333	1060	1106.666667	1079	1094.333333	1094.333333	1032.333333	1006.666667	1013.333333	1053.333333	1012.333333	1206.666667	1079
316143405	971.63	1125.666667	1126.666667	1125.666667	1126.666667	21	701	1025.666667	1054.333333	1105.666667	1072.333333	1090	1090	1040	1006.666667	1012.333333	1052.333333	1013.333333	1206.666667	1072.333333
316143410	973.22	1126.666667	1125.666667	1126.666667	1125.666667	21	690.1111111	1012.333333	1041	1106.666667	1079	1092.333333	1093.333333	1025.666667	994.3333333	1000	1034.333333	1014.333333	1207.666667	1079
316143415	971.63	1121	1121	1119	1121	19	704.4444444	1033.333333	1060	1105.666667	1072.333333	1090	1091	1027.666667	1000	1013.333333	1052.333333	1012.333333	1207.666667	1072.333333
316143420	971.13	1125.666667	1126.666667	1126.666667	1127.666667	21	701.2222222	1025.666667	1061	1105.666667	1067.666667	1086.666667	1085.666667	1034.333333	1005.666667	1019	1054.333333	1025.666667	1221	1086.666667
316143425	971.91	1125.666667	1126.666667	1125.666667	1125.666667	20	700	1027.666667	1054.333333	1105.666667	1065.666667	1087.666667	1087.666667	1047.666667	1007.666667	1021	1052.333333	1027.666667	1219	1079
316143430	971.22	1126.666667	1127.666667	1125.666667	1127.666667	21	690.1111111	1012.333333	1041	1081	1045.666667	1063.333333	1063.333333	1052.333333	1020	1040	1073.333333	1027.666667	1227.666667	1086.666667
316143435	973.88	1126.666667	1125.666667	1126.666667	1125.666667	26.66666667	675.5555556	992.3333333	1005.666667	1087.666667	1047.666667	1066.666667	1066.666667	1053.333333	1019	1040	1074.333333	1025.666667	1220	1080
316143440	973.95	1107.666667	1105.666667	1106.666667	1105.666667	26.66666667	679	994.3333333	1020	1074.333333	1047.666667	1060	1061	1059	1034.333333	1041	1085.666667	1025.666667	1221	1085.666667
316143445	971.24	1094.333333	1093.333333	1092.333333	1092.333333	26.66666667	500	972.3333333	499	1085.666667	1045.666667	1066.666667	1066.666667	1060	1025.666667	1040	1093.333333	1026.666667	1225.666667	1094.333333
316143450	965.96	1106.666667	1105.666667	1105.666667	1105.666667	25.66666667	652.3333333	954.3333333	981	1094.333333	1060	1075.666667	1077.666667	1072.333333	1046.666667	1052.333333	1092.333333	1046.666667	1233.333333	1100
316143455	953.82	1107.666667	1105.666667	1106.666667	1106.666667	27.66666667	666.6666667	974.3333333	1001	1105.666667	1067.666667	1087.666667	1087.666667	1073.333333	1039	1059	1094.333333	1039	1241	1100
316143500	926.14	1085.666667	1085.666667	1085.666667	1086.666667	26.66666667	665.6666667	972.3333333	999	1087.666667	1065.666667	1075.666667	1077.666667	1086.666667	1054.333333	1059	1113.333333	1041	1232.333333	1100
316143505	920.85	1072.333333	1073.333333	1072.333333	1074.333333	19	687.6666667	1005.666667	1033.333333	1086.666667	1047.666667	1065.666667	1065.666667	1072.333333	1047.666667	1059	1092.333333	1041	1240	1099
316143510	917.48	1085.666667	1085.666667	1085.666667	1085.666667	26.66666667	692.3333333	1014.333333	1039	1072.333333	1047.666667	1060	1059	1081	1039	1060	1093.333333	1040	1240	1101
316143515	912.43	1106.666667	1107.666667	1106.666667	1106.666667	19	690.1111111	1013.333333	1039	1087.666667	1066.666667	1076.666667	1075.666667	1074.333333	1045.666667	1061	1106.666667	1040	1233.333333	1100
316143520	901.28	1106.666667	1107.666667	1105.666667	1106.666667	26.66666667	679	994.3333333	1021	1092.333333	1065.666667	1081	1079	1072.333333	1039	1061	1099	1025.666667	1234.333333	1101
316143525	884.93	1107.666667	1106.666667	1106.666667	1107.666667	19	692.1111111	1014.333333	1041	1086.666667	1047.666667	1066.666667	1066.666667	1074.333333	1041	1052.333333	1092.333333	1027.666667	1225.666667	1093.333333
316143530	889.78	1107.666667	1107.666667	1105.666667	1106.666667	19	692.1111111	1014.333333	1039	1080	1047.666667	1064.333333	1064.333333	1067.666667	1033.333333	1046.666667	1092.333333	1027.666667	1212.333333	1081
316143535	907.23	1087.666667	1087.666667	1085.666667	1087.666667	21	691.1111111	1014.333333	1041	1086.666667	1047.666667	1067.666667	1067.666667	1052.333333	1020	1041	1093.333333	1000	1187.666667	1061
316143540	905.05	1085.666667	1085.666667	1085.666667	1086.666667	21	692.1111111	1013.333333	1040	1086.666667	1045.666667	1066.666667	1067.666667	1072.333333	1040	1053.333333	1099	1006.666667	1186.666667	1054.333333
316143545	909.81	1107.666667	1105.666667	1105.666667	1105.666667	19	691.1111111	1014.333333	1041	1085.666667	1066.666667	1076.666667	1077.666667	1067.666667	1026.666667	1041	1086.666667	1000	1185.666667	1045.666667
316143550	914.08	1094.333333	1092.333333	1094.333333	1094.333333	20	692.1111111	1014.333333	1039	1085.666667	1067.666667	1076.666667	1076.666667	1052.333333	1013.333333	1033.333333	1074.333333	1007.666667	1186.666667	1046.666667
316143555	926.69	1107.666667	1107.666667	1106.666667	1107.666667	20	692.1111111	1013.333333	1040	1087.666667	1066.666667	1076.666667	1075.666667	1047.666667	1013.333333	1026.666667	1074.333333	1005.666667	1201	1060
316143600	923.99	1105.666667	1106.666667	1105.666667	1105.666667	20	691.1111111	1014.333333	1040	1087.666667	1065.666667	1077.666667	1076.666667	1053.333333	1019	1039	1073.333333	1014.333333	1205.666667	1066.666667
316143605	928.64	1114.333333	1113.333333	1114.333333	1114.333333	25.66666667	682.2222222	993.3333333	1027.666667	1092.333333	1065.666667	1081	1081	1052.333333	1034.333333	1039	1085.666667	1020	1206.666667	1065.666667
316143610	938.47	1105.666667	1107.666667	1106.666667	1105.666667	20	676.7777778	994.3333333	1019	1107.666667	1066.666667	1087.666667	1087.666667	1073.333333	1046.666667	1060	1101	1025.666667	1214.333333	1081
316143615	944.23	1086.666667	1086.666667	1087.666667	1086.666667	21	677.7777778	993.3333333	1019	1087.666667	1045.666667	1066.666667	1065.666667	1080	1054.333333	1059	1113.333333	1027.666667	1219	1085.666667
316143620	951.44	1087.666667	1086.666667	1087.666667	1085.666667	25.66666667	678.7777778	992.3333333	1014.333333	1072.333333	1047.666667	1061	1059	1087.666667	1046.666667	1067.666667	1113.333333	1040	1234.333333	1094.333333
316143625	955.32	1079	1081	1080	1081	19	676.7777778	994.3333333	1019	1085.666667	1047.666667	1066.666667	1065.666667	1080	1046.666667	1059	1112.333333	1040	1239	1100
316143630	948.74	1080	1081	1079	1079	21	692.1111111	1014.333333	1039	1081	1045.666667	1063.333333	1063.333333	1080	1052.333333	1074.333333	1113.333333	1040	1239	1100
316143635	947.72	1094.333333	1094.333333	1093.333333	1092.333333	19	689.8888889	1014.333333	1032.333333	1085.666667	1046.666667	1065.666667	1065.666667	1080	1046.666667	1065.666667	1113.333333	1047.666667	1239	1099
316143640	944.37	1093.333333	1093.333333	1093.333333	1092.333333	21	691.1111111	1013.333333	1040	1086.666667	1067.666667	1077.666667	1076.666667	1072.333333	1039	1061	1056.777778	1026.666667	1225.666667	1086.666667
316143645	940.7	1105.666667	1107.666667	1106.666667	1106.666667	21	700	1027.666667	1053.333333	1085.666667	1061	1072.333333	1073.333333	1039	1007.666667	1025.666667	1066.666667	1013.333333	1205.666667	1059
316143650	922.27	1120	1119	1119	1119	21	700	1026.666667	1052.333333	1100	1060	1080	1080	1053.333333	1006.666667	1032.333333	1074.333333	987.6666667	1165.666667	1027.666667
316143655	906.11	1119	1121	1121	1120	1026.666667	1026.666667	1014.333333	1040	1107.666667	1065.666667	1087.666667	1085.666667	1053.333333	1014.333333	1039	1081	946.6666667	1119	987.6666667
316143700	923	1106.666667	1107.666667	1106.666667	1105.666667	1020	1021	1012.333333	1025.666667	1094.333333	1065.666667	1080	1080	1059	1033.333333	1046.666667	1093.333333	979	1166.666667	1026.666667
316143705	922.6	1099	1101	1100	1099	1027.666667	1025.666667	1012.333333	1041	1087.666667	1045.666667	1066.666667	1067.666667	1074.333333	1033.333333	1053.333333	1094.333333	1007.666667	1192.333333	1059
316143710	926.41	1107.666667	1107.666667	1106.666667	1106.666667	1027.666667	1027.666667	1014.333333	1040	1087.666667	1047.666667	1066.666667	1066.666667	1054.333333	1020	1040	1092.333333	1014.333333	1206.666667	1065.666667
316143715	945.73	1105.666667	1105.666667	1107.666667	1106.666667	1007.666667	1005.666667	992.3333333	1019	1092.333333	1061	1075.666667	1075.666667	1053.333333	1013.333333	1040	1081	1006.666667	1199	1061
316143720	953.85	1087.666667	1086.666667	1085.666667	1087.666667	943.3333333	942.3333333	932.3333333	953.3333333	1087.666667	1045.666667	1067.666667	1066.666667	1045.666667	1007.666667	1025.666667	1072.333333	986.6666667	1181	1039
316143725	956.68	1072.333333	1073.333333	1073.333333	1072.333333	926.6666667	926.6666667	920	934.3333333	1052.333333	1021	1037.666667	1036.666667	1054.333333	1026.666667	1041	1085.666667	1012.333333	1205.666667	1072.333333
316143730	964.17	1040	1039	1041	1041	945.6666667	945.6666667	934.3333333	960	1039	1007.666667	1023.333333	1023.333333	1067.666667	1034.333333	1054.333333	1092.333333	1026.666667	1226.666667	1085.666667
316143735	964.93	1025.666667	1027.666667	1026.666667	1027.666667	995.6666667	995.6666667	994.3333333	1001	994.3333333	966.6666667	979	981	1054.333333	1026.666667	1045.666667	1093.333333	1033.333333	1226.666667	1094.333333
316143740	953.39	1014.333333	1012.333333	1013.333333	1013.333333	27.66666667	667.6666667	972.3333333	1000	985.6666667	961	972.3333333	973.3333333	1072.333333	1047.666667	1059	1112.333333	1041	1233.333333	1101
316143745	938.87	1061	1060	1059	1059	27.66666667	669.8888889	981	999	1014.333333	987.6666667	1001	999	1085.666667	1047.666667	1072.333333	1112.333333	1040	1241	1100
316143750	938.25	1081	1080	1079	1080	19	676.7777778	993.3333333	1021	1032.333333	1000	1016.666667	1015.666667	1074.333333	1041	1060	1114.333333	1039	1239	1100
316143755	948.66	1074.333333	1072.333333	1073.333333	1073.333333	27.66666667	667.6666667	972.3333333	999	1039	1007.666667	1022.333333	1023.333333	1074.333333	1040	1059	1093.333333	1033.333333	1233.333333	1101
316143800	944.78	1087.666667	1086.666667	1087.666667	1087.666667	25.66666667	680	992.3333333	1020	1074.333333	1047.666667	1059	1061	1086.666667	1054.333333	1072.333333	1112.333333	1047.666667	1245.666667	1106.666667
316143805	902.21	1074.333333	1073.333333	1074.333333	1074.333333	25.66666667	674.3333333	993.3333333	1000	1065.666667	1040	1053.333333	1053.333333	1086.666667	1053.333333	1065.666667	1114.333333	1045.666667	1247.666667	1105.666667
316143810	889.15	1072.333333	1074.333333	1074.333333	1072.333333	21	515.6666667	1012.333333	517.6666667	1052.333333	1026.666667	1039	1039	1086.666667	1046.666667	1065.666667	1112.333333	1047.666667	1245.666667	1099
316143815	903.36	1092.333333	1092.333333	1093.333333	1092.333333	19	527.6666667	1033.333333	526.6666667	1072.333333	1047.666667	1060	1060	1085.666667	1047.666667	1066.666667	1113.333333	1047.666667	1246.666667	1105.666667
316143820	912.76	1113.333333	1113.333333	1114.333333	1114.333333	21	524.3333333	1026.666667	522.3333333	1080	1046.666667	1064.333333	1062.333333	1073.333333	1039	1061	1112.333333	1039	1239	1100
316143825	919.64	1114.333333	1112.333333	1112.333333	1113.333333	21	704.4444444	1033.333333	1059	1087.666667	1054.333333	1070	1070	1073.333333	1033.333333	1061	1093.333333	1027.666667	1226.666667	1087.666667
316143830	914.33	1112.333333	1113.333333	1112.333333	1113.333333	21	527.6666667	1033.333333	526.6666667	1105.666667	1067.666667	1086.666667	1086.666667	1060	1027.666667	1047.666667	1092.333333	1033.333333	1227.666667	1086.666667
316143835	923.01	1119	1121	1121	1121	20	527.6666667	1032.333333	527.6666667	1107.666667	1066.666667	1085.666667	1087.666667	1072.333333	1040	1059	1105.666667	1046.666667	1241	1100
316143840	943.04	1127.666667	1126.666667	1127.666667	1125.666667	1039	1040	1027.666667	1054.333333	1106.666667	1067.666667	1086.666667	1086.666667	1072.333333	1053.333333	1061	1114.333333	1034.333333	1239	1100
316143845	947.8	1112.333333	1112.333333	1114.333333	1114.333333	19	690.1111111	1012.333333	1039	1106.666667	1066.666667	1087.666667	1085.666667	1073.333333	1041	1061	1113.333333	1040	1245.666667	1100
316143850	948.14	1114.333333	1112.333333	1112.333333	1114.333333	19	690.1111111	1012.333333	1039	1105.666667	1065.666667	1087.666667	1087.666667	1079	1046.666667	1061	1105.666667	1033.333333	1233.333333	1101
316143855	947.5	1114.333333	1112.333333	1114.333333	1112.333333	21	696.7777778	1025.666667	1046.666667	1106.666667	1065.666667	1087.666667	1085.666667	1074.333333	1040	1061	1101	1040	1234.333333	1100
316143900	970.06	1107.666667	1105.666667	1107.666667	1105.666667	21	697.7777778	1026.666667	1047.666667	1099	1067.666667	1082.333333	1082.333333	1073.333333	1039	1060	1113.333333	1041	1246.666667	1100
316143905	971.41	1106.666667	1105.666667	1106.666667	1105.666667	20	697.7777778	1026.666667	1045.666667	1092.333333	1067.666667	1079	1080	1087.666667	1054.333333	1067.666667	1113.333333	1034.333333	1240	1099
316143910	967.72	1100	1100	1100	1099	19	691.1111111	1013.333333	1039	1100	1065.666667	1084.333333	1082.333333	1087.666667	1045.666667	1074.333333	1112.333333	1046.666667	1246.666667	1100
316143915	969.59	1093.333333	1092.333333	1092.333333	1093.333333	1013.333333	1013.333333	1013.333333	1014.333333	1079	1045.666667	1062.333333	1064.333333	1081	1052.333333	1066.666667	1114.333333	1041	1241	1099
316143920	965.78	1094.333333	1094.333333	1094.333333	1092.333333	21	515.6666667	1013.333333	517.6666667	1087.666667	1046.666667	1066.666667	1067.666667	1087.666667	1054.333333	1072.333333	1114.333333	1041	1240	1099
316143925	961.87	1073.333333	1073.333333	1072.333333	1074.333333	19	520	1021	519	1073.333333	1045.666667	1060	1061	1079	1046.666667	1067.666667	1112.333333	1041	1245.666667	1099
316143930	955.24	1092.333333	1094.333333	1092.333333	1094.333333	20	694.3333333	1020	1040	1054.333333	1025.666667	1039	1040	1073.333333	1039	1061	1107.666667	1041	1241	1092.333333
316143935	958.44	1107.666667	1105.666667	1106.666667	1107.666667	19	703.2222222	1034.333333	1052.333333	1074.333333	1047.666667	1061	1061	1053.333333	1019	1040	1073.333333	1027.666667	1225.666667	1086.666667
316143940	965.09	1106.666667	1105.666667	1106.666667	1106.666667	19	704.4444444	1034.333333	1060	1085.666667	1046.666667	1067.666667	1066.666667	1065.666667	1047.666667	1060	1094.333333	1039	1241	1101
316143945	967.63	1119	1121	1119	1120	21	704.4444444	1034.333333	1059	1106.666667	1065.666667	1085.666667	1085.666667	1085.666667	1053.333333	1073.333333	1114.333333	1040	1239	1101
316143950	963.69	1120	1119	1121	1120	20	708.8888889	1041	1067.666667	1106.666667	1079	1094.333333	1094.333333	1080	1052.333333	1067.666667	1113.333333	1040	1241	1099
316143955	958.37	1127.666667	1126.666667	1126.666667	1125.666667	20	704.4444444	1032.333333	1059	1113.333333	1085.666667	1101	1101	1079	1054.333333	1066.666667	1113.333333	1040	1240	1106.666667
316144000	953.18	1126.666667	1125.666667	1125.666667	1125.666667	19	707.6666667	1033.333333	1065.666667	1107.666667	1081	1093.333333	1092.333333	1087.666667	1040	1065.666667	1112.333333	1046.666667	1239	1099
316144005	962.78	1126.666667	1126.666667	1125.666667	1127.666667	20	707.6666667	1033.333333	1067.666667	1126.666667	1085.666667	1105.666667	1107.666667	1081	1045.666667	1072.333333	1113.333333	1039	1240	1101
316144010	971.17	1125.666667	1127.666667	1126.666667	1126.666667	20	707.8888889	1040	1065.666667	1127.666667	1087.666667	1106.666667	1106.666667	1073.333333	1040	1059	1113.333333	1047.666667	1234.333333	1100
316144015	973.74	1126.666667	1127.666667	1126.666667	1125.666667	19	705.6666667	1032.333333	1065.666667	1126.666667	1085.666667	1106.666667	1106.666667	1033.333333	1005.666667	1025.666667	1074.333333	1007.666667	1200	1061
316144020	972.28	1125.666667	1127.666667	1127.666667	1126.666667	21	707.6666667	1041	1061	1125.666667	1074.333333	1099	1100	1059	1041	1053.333333	1092.333333	1006.666667	1200	1059
316144025	976.29	1125.666667	1127.666667	1126.666667	1127.666667	19	705.6666667	1032.333333	1065.666667	1127.666667	1087.666667	1106.666667	1105.666667	1072.333333	1039	1061	1113.333333	1019	1207.666667	1073.333333
316144030	976.45	1127.666667	1125.666667	1125.666667	1125.666667	20	705.6666667	1034.333333	1067.666667	1120	1087.666667	1103.333333	1104.333333	1072.333333	1039	1060	1112.333333	1026.666667	1225.666667	1086.666667
316144035	979.02	1126.666667	1127.666667	1127.666667	1125.666667	21	705.4444444	1032.333333	1060	1107.666667	1085.666667	1095.666667	1096.666667	1072.333333	1040	1052.333333	1092.333333	1032.333333	1241	1099
316144040	975.85	1112.333333	1113.333333	1114.333333	1113.333333	21	707.6666667	1034.333333	1066.666667	1106.666667	1067.666667	1085.666667	1087.666667	1072.333333	1040	1060	1105.666667	1039	1232.333333	1092.333333
316144045	974.76	1120	1121	1121	1120	20	705.4444444	1032.333333	1060	1106.666667	1065.666667	1085.666667	1085.666667	1072.333333	1041	1061	1105.666667	1025.666667	1227.666667	1093.333333
316144050	977.12	1121	1120	1119	1120	20	705.4444444	1027.666667	1067.666667	1105.666667	1066.666667	1087.666667	1086.666667	1073.333333	1039	1060	1105.666667	1033.333333	1227.666667	1094.333333
316144055	979.32	1121	1119	1121	1120	21	707.6666667	1033.333333	1066.666667	1105.666667	1067.666667	1086.666667	1087.666667	1060	1025.666667	1047.666667	1094.333333	1025.666667	1226.666667	1085.666667
316144100	978.17	1119	1120	1120	1121	20	526.6666667	1032.333333	527.6666667	1106.666667	1066.666667	1086.666667	1085.666667	1074.333333	1032.333333	1066.666667	1092.333333	1034.333333	1226.666667	1092.333333
316144105	977.99	1126.666667	1125.666667	1127.666667	1125.666667	19	701.2222222	1026.666667	1061	1106.666667	1080	1093.333333	1093.333333	1073.333333	1034.333333	1061	1114.333333	1039	1232.333333	1100
316144110	977.42	1126.666667	1127.666667	1125.666667	1125.666667	20	690.1111111	1013.333333	1040	1107.666667	1079	1093.333333	1094.333333	1080	1040	1060	1113.333333	1033.333333	1227.666667	1094.333333
316144115	976.2	1127.666667	1127.666667	1126.666667	1125.666667	21	703.2222222	1027.666667	1060	1105.666667	1080	1093.333333	1094.333333	1080	1046.666667	1066.666667	1113.333333	1032.333333	1234.333333	1093.333333
316144120	973.38	1121	1120	1119	1119	21	703.4444444	1033.333333	1059	1105.666667	1081	1092.333333	1092.333333	1073.333333	1045.666667	1065.666667	1113.333333	1039	1232.333333	1094.333333
316144125	970.76	1119	1119	1120	1121	21	703.4444444	1034.333333	1059	1107.666667	1080	1092.333333	1092.333333	1073.333333	1034.333333	1061	1113.333333	1027.666667	1227.666667	1079
316144130	967.71	1127.666667	1126.666667	1125.666667	1127.666667	21	704.4444444	1032.333333	1061	1106.666667	1086.666667	1097.666667	1096.666667	1072.333333	1041	1059	1107.666667	1027.666667	1225.666667	1085.666667
316144135	968.98	1127.666667	1126.666667	1125.666667	1127.666667	20	704.4444444	1033.333333	1059	1121	1085.666667	1104.333333	1103.333333	1072.333333	1040	1059	1114.333333	1027.666667	1225.666667	1086.666667
316144140	973.6	1127.666667	1127.666667	1126.666667	1125.666667	21	705.4444444	1034.333333	1060	1107.666667	1080	1092.333333	1093.333333	1080	1046.666667	1065.666667	1112.333333	1033.333333	1233.333333	1100
316144145	976.94	1125.666667	1125.666667	1125.666667	1125.666667	21	704.4444444	1033.333333	1061	1119	1085.666667	1104.333333	1103.333333	1081	1046.666667	1067.666667	1112.333333	1032.333333	1232.333333	1093.333333
316144150	972.93	1126.666667	1125.666667	1126.666667	1125.666667	19	706.6666667	1034.333333	1065.666667	1112.333333	1087.666667	1101	1101	1074.333333	1046.666667	1067.666667	1114.333333	1032.333333	1234.333333	1101
316144155	957.63	1127.666667	1127.666667	1127.666667	1125.666667	20	703.4444444	1032.333333	1060	1114.333333	1085.666667	1099	1100	1079	1041	1066.666667	1113.333333	1026.666667	1241	1100
316144200	960.97	1125.666667	1125.666667	1125.666667	1127.666667	21	704.4444444	1032.333333	1059	1120	1086.666667	1102.333333	1104.333333	1079	1047.666667	1066.666667	1112.333333	1034.333333	1240	1101
316144205	970.24	1126.666667	1125.666667	1126.666667	1127.666667	20	704.4444444	1033.333333	1059	1113.333333	1085.666667	1099	1100	1080	1052.333333	1065.666667	1114.333333	1032.333333	1239	1099
316144210	971.72	1125.666667	1127.666667	1126.666667	1127.666667	19	707.6666667	1032.333333	1065.666667	1113.333333	1085.666667	1099	1101	1079	1039	1067.666667	1112.333333	1039	1239	1099
316144215	972.48	1125.666667	1125.666667	1127.666667	1125.666667	20	705.6666667	1033.333333	1065.666667	1114.333333	1081	1095.666667	1097.666667	1079	1039	1065.666667	1106.666667	1034.333333	1239	1101
316144220	973.99	1125.666667	1126.666667	1126.666667	1127.666667	1051	1049	1033.333333	1066.666667	1126.666667	1086.666667	1106.666667	1106.666667	1087.666667	1040	1073.333333	1112.333333	1041	1239	1101
316144225	974.58	1127.666667	1125.666667	1125.666667	1125.666667	19	707.6666667	1033.333333	1067.666667	1127.666667	1085.666667	1106.666667	1107.666667	1074.333333	1047.666667	1060	1113.333333	1033.333333	1241	1093.333333
316144230	975.79	1125.666667	1126.666667	1126.666667	1127.666667	1047.666667	1046.666667	1034.333333	1061	1127.666667	1087.666667	1106.666667	1105.666667	1074.333333	1047.666667	1059	1113.333333	1027.666667	1233.333333	1094.333333
316144235	976.22	1127.666667	1126.666667	1126.666667	1127.666667	19	704.4444444	1032.333333	1061	1126.666667	1087.666667	1107.666667	1105.666667	1079	1046.666667	1065.666667	1113.333333	1034.333333	1233.333333	1092.333333
316144240	977.72	1126.666667	1125.666667	1126.666667	1127.666667	19	706.6666667	1033.333333	1066.666667	1114.333333	1085.666667	1099	1099	1073.333333	1041	1066.666667	1113.333333	1039	1240	1100
316144245	977.51	1125.666667	1126.666667	1125.666667	1127.666667	21	704.4444444	1033.333333	1060	1107.666667	1087.666667	1097.666667	1097.666667	1079	1041	1065.666667	1114.333333	1032.333333	1241	1094.333333
316144250	979.49	1125.666667	1127.666667	1126.666667	1126.666667	19	696.7777778	1026.666667	1046.666667	1105.666667	1081	1093.333333	1092.333333	1079	1041	1067.666667	1114.333333	1025.666667	1225.666667	1092.333333
316144255	978.79	1121	1119	1121	1120	19	691.1111111	1013.333333	1041	1107.666667	1065.666667	1086.666667	1085.666667	1079	1041	1074.333333	1114.333333	1027.666667	1233.333333	1092.333333
316144300	978.38	1105.666667	1105.666667	1106.666667	1107.666667	21	705.4444444	1033.333333	1060	1094.333333	1060	1077.666667	1077.666667	1074.333333	1040	1067.666667	1113.333333	1026.666667	1232.333333	1092.333333
316144305	980.62	1113.333333	1114.333333	1113.333333	1112.333333	20	704.4444444	1033.333333	1059	1106.666667	1066.666667	1085.666667	1085.666667	1066.666667	1027.666667	1052.333333	1092.333333	1026.666667	1226.666667	1080
316144310	979.54	1120	1120	1120	1121	20	703.4444444	1033.333333	1061	1106.666667	1072.333333	1089	1089	1061	1026.666667	1052.333333	1092.333333	1026.666667	1227.666667	1081
316144315	978.8	1126.666667	1126.666667	1125.666667	1126.666667	19	527.6666667	1034.333333	525.6666667	1107.666667	1072.333333	1090	1091	1074.333333	1034.333333	1059	1114.333333	1020	1221	1080
316144320	979.23	1125.666667	1127.666667	1127.666667	1126.666667	20	704.4444444	1033.333333	1059	1106.666667	1072.333333	1089	1089	1073.333333	1034.333333	1061	1113.333333	1019	1225.666667	1080
316144325	979.68	1120	1120	1120	1121	21	704.4444444	1032.333333	1060	1106.666667	1079	1092.333333	1094.333333	1074.333333	1027.666667	1061	1106.666667	1020	1221	1080
316144330	973.34	1113.333333	1114.333333	1114.333333	1114.333333	19	705.4444444	1033.333333	1060	1105.666667	1065.666667	1085.666667	1086.666667	1065.666667	1032.333333	1061	1101	1019	1221	1079
316144335	965.94	1121	1120	1119	1120	19	702.2222222	1025.666667	1061	1107.666667	1067.666667	1086.666667	1085.666667	1065.666667	1032.333333	1061	1100	1026.666667	1226.666667	1085.666667
316144340	961.12	1112.333333	1112.333333	1114.333333	1113.333333	19	701	1025.666667	1054.333333	1105.666667	1066.666667	1085.666667	1085.666667	1060	1025.666667	1060	1092.333333	1026.666667	1234.333333	1086.666667
316144345	962.48	1121	1119	1120	1119	21	697.7777778	1027.666667	1045.666667	1107.666667	1072.333333	1089	1089	1066.666667	1033.333333	1059	1099	1027.666667	1226.666667	1087.666667
316144350	974.61	1120	1119	1121	1120	19	701.2222222	1027.666667	1059	1107.666667	1065.666667	1087.666667	1087.666667	1066.666667	1027.666667	1052.333333	1094.333333	1027.666667	1226.666667	1081
316144355	979.69	1112.333333	1114.333333	1113.333333	1112.333333	21	697.7777778	1027.666667	1046.666667	1107.666667	1065.666667	1087.666667	1086.666667	1074.333333	1032.333333	1060	1114.333333	1025.666667	1226.666667	1087.666667
316144400	977.6	1120	1119	1120	1121	19	700	1026.666667	1054.333333	1107.666667	1065.666667	1087.666667	1086.666667	1066.666667	1025.666667	1052.333333	1094.333333	1032.333333	1232.333333	1093.333333
316144405	977.48	1120	1120	1120	1120	21	700	1026.666667	1054.333333	1105.666667	1080	1094.333333	1093.333333	1067.666667	1021	1045.666667	1092.333333	1026.666667	1233.333333	1093.333333
316144410	977.98	1120	1119	1121	1121	19	702.2222222	1026.666667	1059	1107.666667	1073.333333	1089	1090	1052.333333	1021	1047.666667	1094.333333	1026.666667	1225.666667	1085.666667
316144415	976.42	1119	1120	1120	1121	21	703.4444444	1033.333333	1060	1105.666667	1073.333333	1091	1089	1066.666667	1025.666667	1060	1101	1025.666667	1225.666667	1080
316144420	969.52	1127.666667	1125.666667	1126.666667	1125.666667	19	707.6666667	1033.333333	1066.666667	1107.666667	1081	1092.333333	1092.333333	1072.333333	1039	1061	1113.333333	1025.666667	1225.666667	1079
316144425	965.42	1125.666667	1127.666667	1127.666667	1125.666667	20	703.4444444	1034.333333	1061	1105.666667	1087.666667	1096.666667	1096.666667	1065.666667	1034.333333	1061	1101	1025.666667	1226.666667	1092.333333
316144430	966.01	1127.666667	1125.666667	1127.666667	1127.666667	21	703.4444444	1032.333333	1061	1125.666667	1087.666667	1107.666667	1106.666667	1067.666667	1032.333333	1059	1106.666667	1026.666667	1227.666667	1087.666667
316144435	964.53	1125.666667	1127.666667	1125.666667	1127.666667	20	694.5555556	1027.666667	1040	1105.666667	1080	1092.333333	1093.333333	1073.333333	1027.666667	1061	1100	1027.666667	1226.666667	1081
316144440	963.51	1126.666667	1127.666667	1127.666667	1125.666667	19	698.7777778	1026.666667	1045.666667	1107.666667	1073.333333	1089	1090	1066.666667	1027.666667	1060	1101	1034.333333	1226.666667	1080
316144445	966.25	1106.666667	1105.666667	1105.666667	1105.666667	20	699	1027.666667	1052.333333	1107.666667	1067.666667	1087.666667	1087.666667	1061	1020	1052.333333	1094.333333	1025.666667	1226.666667	1085.666667
316144450	966.64	1100	1100	1099	1101	20	696.5555556	1025.666667	1040	1106.666667	1067.666667	1086.666667	1085.666667	1065.666667	1027.666667	1054.333333	1093.333333	1027.666667	1220	1079
316144455	964.24	1105.666667	1105.666667	1105.666667	1107.666667	21	692.1111111	1012.333333	1039	1105.666667	1066.666667	1087.666667	1087.666667	1074.333333	1034.333333	1067.666667	1114.333333	1019	1221	1080
316144500	965.47	1113.333333	1112.333333	1112.333333	1114.333333	21	687.6666667	1007.666667	1034.333333	1105.666667	1065.666667	1086.666667	1086.666667	1080	1032.333333	1066.666667	1114.333333	1026.666667	1226.666667	1085.666667
316144505	970.34	1107.666667	1106.666667	1106.666667	1107.666667	19	690.1111111	1014.333333	1041	1105.666667	1066.666667	1085.666667	1086.666667	1066.666667	1025.666667	1053.333333	1092.333333	1025.666667	1233.333333	1094.333333
316144510	974.45	1112.333333	1113.333333	1114.333333	1112.333333	19	688.8888889	1005.666667	1039	1100	1066.666667	1082.333333	1083.333333	1080	1041	1059	1112.333333	1025.666667	1221	1081
316144515	971.33	1106.666667	1105.666667	1105.666667	1106.666667	21	692.1111111	1014.333333	1040	1106.666667	1066.666667	1085.666667	1085.666667	1074.333333	1032.333333	1066.666667	1112.333333	1026.666667	1221	1079
316144520	970.66	1101	1099	1101	1099	19	696.7777778	1026.666667	1045.666667	1100	1065.666667	1082.333333	1083.333333	1074.333333	1041	1067.666667	1112.333333	1025.666667	1234.333333	1094.333333
316144525	966.44	1107.666667	1106.666667	1107.666667	1106.666667	21	700	1025.666667	1052.333333	1099	1067.666667	1082.333333	1084.333333	1067.666667	1027.666667	1061	1099	1026.666667	1227.666667	1085.666667
316144530	968.61	1112.333333	1114.333333	1113.333333	1112.333333	21	692.1111111	1014.333333	1041	1106.666667	1067.666667	1087.666667	1085.666667	1067.666667	1033.333333	1060	1113.333333	1026.666667	1227.666667	1086.666667
316144535	965.38	1112.333333	1113.333333	1112.333333	1113.333333	21	699	1027.666667	1053.333333	1105.666667	1066.666667	1085.666667	1085.666667	1060	1027.666667	1061	1100	1026.666667	1225.666667	1081
316144540	959.08	1114.333333	1114.333333	1114.333333	1113.333333	19	697.7777778	1027.666667	1046.666667	1107.666667	1065.666667	1086.666667	1085.666667	1060	1032.333333	1061	1101	993.3333333	1194.333333	1045.666667
316144545	952.35	1121	1120	1120	1120	21	701	1027.666667	1053.333333	1105.666667	1066.666667	1085.666667	1087.666667	1060	1027.666667	1060	1100	999	1193.333333	1047.666667
316144550	948.44	1121	1120	1121	1119	20	524.3333333	1027.666667	523.3333333	1105.666667	1066.666667	1085.666667	1086.666667	1054.333333	1014.333333	1047.666667	1087.666667	1007.666667	1207.666667	1060
316144555	952.98	1112.333333	1112.333333	1112.333333	1114.333333	19	699	1025.666667	1054.333333	1106.666667	1067.666667	1086.666667	1087.666667	1054.333333	1019	1047.666667	1092.333333	1020	1219	1079
316144600	952.81	1105.666667	1107.666667	1106.666667	1105.666667	20	701	1027.666667	1054.333333	1093.333333	1067.666667	1079	1081	1059	1027.666667	1052.333333	1092.333333	1026.666667	1226.666667	1086.666667
316144605	964.63	1107.666667	1107.666667	1105.666667	1107.666667	19	698.7777778	1027.666667	1046.666667	1085.666667	1046.666667	1067.666667	1066.666667	1052.333333	1021	1053.333333	1092.333333	1034.333333	1241	1100
316144610	971.16	1105.666667	1106.666667	1105.666667	1105.666667	21	690.1111111	1012.333333	1039	1086.666667	1059	1074.333333	1072.333333	1052.333333	1020	1046.666667	1092.333333	1034.333333	1239	1092.333333
316144615	971.51	1112.333333	1112.333333	1114.333333	1112.333333	20	692.1111111	1012.333333	1039	1087.666667	1067.666667	1077.666667	1075.666667	1065.666667	1021	1052.333333	1086.666667	1026.666667	1227.666667	1087.666667
316144620	965.16	1105.666667	1106.666667	1107.666667	1107.666667	19	686.6666667	1005.666667	1032.333333	1086.666667	1059	1072.333333	1072.333333	1053.333333	1012.333333	1047.666667	1093.333333	1026.666667	1220	1081
316144625	970.76	1099	1100	1100	1099	20	686.6666667	1006.666667	1032.333333	1086.666667	1046.666667	1065.666667	1065.666667	1046.666667	1006.666667	1040	1081	1005.666667	1201	1061
316144630	972.72	1092.333333	1094.333333	1094.333333	1092.333333	19	687.8888889	1013.333333	1033.333333	1072.333333	1045.666667	1061	1059	1034.333333	985.6666667	1019	1065.666667	1005.666667	1201	1054.333333
316144635	976.97	1085.666667	1087.666667	1086.666667	1086.666667	20	691.1111111	1012.333333	1039	1079	1045.666667	1064.333333	1062.333333	1020	986.6666667	1012.333333	1053.333333	994.3333333	1192.333333	1046.666667
316144640	972.85	1093.333333	1092.333333	1093.333333	1094.333333	19	682.2222222	1006.666667	1020	1081	1045.666667	1064.333333	1063.333333	1033.333333	985.6666667	1021	1059	999	1187.666667	1046.666667
316144645	968.22	1092.333333	1093.333333	1093.333333	1094.333333	21	677.7777778	994.3333333	1021	1072.333333	1047.666667	1059	1060	1033.333333	993.3333333	1020	1067.666667	985.6666667	1186.666667	1039
316144650	967.15	1094.333333	1092.333333	1093.333333	1093.333333	21	664.4444444	974.3333333	999	1073.333333	1045.666667	1060	1061	1032.333333	993.3333333	1021	1060	985.6666667	1186.666667	1040
316144655	964.74	1093.333333	1093.333333	1093.333333	1093.333333	26.66666667	660	972.3333333	979	1066.666667	1040	1054.333333	1053.333333	1032.333333	993.3333333	1021	1066.666667	986.6666667	1186.666667	1045.666667
316144700	958.01	1081	1080	1081	1081	21	662.2222222	972.3333333	993.3333333	1072.333333	1047.666667	1059	1061	1033.333333	994.3333333	1019	1067.666667	1005.666667	1199	1053.333333
316144705	956.45	1072.333333	1074.333333	1072.333333	1074.333333	21	665.4444444	973.3333333	1001	1065.666667	1033.333333	1050	1049	1025.666667	985.6666667	1025.666667	1066.666667	1005.666667	1206.666667	1054.333333
316144710	954.23	1061	1059	1060	1059	21	507.6666667	994.3333333	505.6666667	1061	1026.666667	1042.333333	1043.333333	1033.333333	1007.666667	1027.666667	1073.333333	992.3333333	1199	1046.666667
316144715	956.45	1059	1059	1061	1059	19	501	980	501	1053.333333	1027.666667	1040	1040	1054.333333	1006.666667	1039	1080	992.3333333	1187.666667	1045.666667
316144720	962.26	1052.333333	1052.333333	1053.333333	1053.333333	19	667.8888889	986.6666667	999	1059	1027.666667	1042.333333	1044.333333	1027.666667	994.3333333	1027.666667	1061	987.6666667	1186.666667	1040
316144725	954.21	1053.333333	1052.333333	1052.333333	1052.333333	20	663.4444444	972.3333333	1001	1053.333333	1025.666667	1040	1040	1013.333333	980	1014.333333	1053.333333	1006.666667	1200	1060
316144730	946.14	1052.333333	1054.333333	1052.333333	1053.333333	19	665.4444444	974.3333333	1000	1059	1025.666667	1043.333333	1042.333333	1041	1001	1025.666667	1074.333333	1014.333333	1220	1074.333333
316144735	931.71	1059	1061	1060	1059	19	678.7777778	993.3333333	1019	1066.666667	1047.666667	1056.666667	1055.666667	1041	1006.666667	1033.333333	1074.333333	1007.666667	1207.666667	1067.666667
316144740	911.72	1072.333333	1073.333333	1072.333333	1073.333333	25.66666667	642.2222222	940	960	1073.333333	1046.666667	1061	1060	1034.333333	993.3333333	1027.666667	1067.666667	1021	1214.333333	1072.333333
316144745	916.27	1054.333333	1052.333333	1053.333333	1052.333333	21	664.4444444	972.3333333	1001	1060	1025.666667	1044.333333	1044.333333	1034.333333	993.3333333	1026.666667	1066.666667	1014.333333	1219	1072.333333
316144750	924.26	1025.666667	1027.666667	1026.666667	1025.666667	20	674.3333333	993.3333333	1006.666667	1066.666667	1032.333333	1051	1049	1034.333333	1007.666667	1033.333333	1072.333333	1005.666667	1205.666667	1059
316144755	922.74	1066.666667	1067.666667	1067.666667	1066.666667	21	665.4444444	972.3333333	999	1053.333333	1021	1037.666667	1036.666667	1032.333333	1000	1026.666667	1065.666667	1005.666667	1207.666667	1059
316144800	930.84	1073.333333	1074.333333	1073.333333	1074.333333	21	659	973.3333333	985.6666667	1041	1006.666667	1022.333333	1024.333333	1032.333333	993.3333333	1027.666667	1067.666667	993.3333333	1185.666667	1047.666667
316144805	931.97	1041	1041	1039	1039	25.66666667	641	933.3333333	961	1053.333333	1020	1037.666667	1036.666667	1020	980	1013.333333	1054.333333	986.6666667	1185.666667	1040
316144810	936.13	1026.666667	1025.666667	1026.666667	1026.666667	21	665.4444444	973.3333333	999	1019	992.3333333	1006.666667	1005.666667	1021	979	1007.666667	1047.666667	985.6666667	1187.666667	1047.666667
316144815	927.99	1032.333333	1034.333333	1033.333333	1033.333333	21	651.1111111	954.3333333	980	1019	994.3333333	1007.666667	1005.666667	1025.666667	985.6666667	1021	1053.333333	993.3333333	1181	1045.666667
316144820	936.86	1046.666667	1047.666667	1047.666667	1047.666667	21	657.7777778	965.6666667	987.6666667	1040	1007.666667	1022.333333	1022.333333	1021	981	1012.333333	1053.333333	985.6666667	1180	1041
316144825	930.46	1053.333333	1052.333333	1053.333333	1054.333333	26.66666667	635.5555556	932.3333333	945.6666667	1041	1001	1019	1020	993.3333333	960	986.6666667	1026.666667	965.6666667	1167.666667	1021
316144830	905.08	1046.666667	1047.666667	1045.666667	1045.666667	26.66666667	640	934.3333333	959	1053.333333	1014.333333	1034.333333	1032.333333	947.6666667	905.6666667	926.6666667	966.6666667	925.6666667	1107.666667	967.6666667
316144835	922.63	1052.333333	1054.333333	1052.333333	1052.333333	25.66666667	652.3333333	954.3333333	980	1060	1019	1039	1040	1014.333333	973.3333333	1007.666667	1045.666667	885.6666667	1066.666667	919
316144840	933.21	1059	1061	1059	1060	27.66666667	636.5555556	932.3333333	946.6666667	1052.333333	1026.666667	1041	1039	1005.666667	967.6666667	994.3333333	1033.333333	973.3333333	1165.666667	1020
316144845	923.2	1053.333333	1053.333333	1054.333333	1053.333333	26.66666667	625.6666667	920	932.3333333	1059	1025.666667	1042.333333	1042.333333	1013.333333	972.3333333	1006.666667	1047.666667	967.6666667	1165.666667	1021
316144850	905.99	1039	1041	1039	1041	20	662.2222222	972.3333333	992.3333333	1052.333333	1026.666667	1040	1041	992.3333333	954.3333333	985.6666667	1025.666667	947.6666667	1147.666667	993.3333333
316144855	916.62	1046.666667	1045.666667	1045.666667	1045.666667	20	674.5555556	992.3333333	1012.333333	1052.333333	1025.666667	1040	1039	994.3333333	945.6666667	980	1021	953.3333333	1146.666667	994.3333333
316144900	908.06	1046.666667	1045.666667	1046.666667	1046.666667	20	665.4444444	973.3333333	1001	1060	1027.666667	1042.333333	1043.333333	992.3333333	954.3333333	985.6666667	1027.666667	907.6666667	1079	940
316144905	904.18	1053.333333	1052.333333	1053.333333	1054.333333	21	679	1001	1020	1060	1026.666667	1044.333333	1043.333333	980	941	966.6666667	1007.666667	920	1105.666667	947.6666667
316144910	897.72	1072.333333	1074.333333	1073.333333	1072.333333	21	677.7777778	994.3333333	1021	1060	1025.666667	1043.333333	1043.333333	961	920	947.6666667	986.6666667	952.3333333	1147.666667	1001
316144915	878.5	1074.333333	1074.333333	1074.333333	1073.333333	20	670.1111111	987.6666667	1006.666667	1072.333333	1026.666667	1050	1051	986.6666667	946.6666667	980	1021	926.6666667	1120	967.6666667
316144920	879.05	1081	1080	1080	1080	21	487.6666667	954.3333333	487.6666667	1054.333333	1025.666667	1039	1041	992.3333333	959	985.6666667	1027.666667	925.6666667	1119	966.6666667
316144925	890.41	1080	1079	1081	1080	25.66666667	641	933.3333333	959	1061	1025.666667	1044.333333	1042.333333	1014.333333	980	1006.666667	1045.666667	967.6666667	1161	1013.333333
316144930	885.89	1074.333333	1072.333333	1073.333333	1074.333333	25.66666667	647.6666667	945.6666667	966.6666667	1080	1045.666667	1063.333333	1062.333333	1012.333333	967.6666667	1007.666667	1046.666667	987.6666667	1173.333333	1025.666667
316144935	896.28	1067.666667	1065.666667	1067.666667	1065.666667	19	648.8888889	952.3333333	974.3333333	1072.333333	1040	1057.666667	1055.666667	1014.333333	986.6666667	1021	1060	986.6666667	1185.666667	1039
316144940	919.29	1060	1059	1059	1059	21	664.4444444	972.3333333	1000	1039	1006.666667	1022.333333	1022.333333	1013.333333	972.3333333	1006.666667	1045.666667	987.6666667	1192.333333	1041
316144945	929.6	1025.666667	1027.666667	1027.666667	1025.666667	27.66666667	647.8888889	953.3333333	966.6666667	1039	1005.666667	1024.333333	1022.333333	1013.333333	966.6666667	1006.666667	1045.666667	992.3333333	1185.666667	1045.666667
316144950	934.72	1052.333333	1053.333333	1053.333333	1052.333333	27.66666667	492.3333333	960	494.3333333	1041	1007.666667	1022.333333	1024.333333	992.3333333	960	986.6666667	1027.666667	987.6666667	1173.333333	1027.666667
316144955	937.43	1065.666667	1066.666667	1065.666667	1065.666667	21	495.6666667	973.3333333	496.6666667	1034.333333	1006.666667	1019	1020	1007.666667	974.3333333	985.6666667	1034.333333	946.6666667	1139	987.6666667
316145000	937.1	1052.333333	1054.333333	1053.333333	1053.333333	26.66666667	659	965.6666667	986.6666667	1034.333333	1005.666667	1021	1021	1001	961	985.6666667	1025.666667	966.6666667	1153.333333	1005.666667
316145005	914.1	1034.333333	1033.333333	1032.333333	1032.333333	20	647.8888889	953.3333333	974.3333333	1025.666667	999	1013.333333	1014.333333	972.3333333	921	966.6666667	1005.666667	926.6666667	1107.666667	966.6666667
316145010	882.28	1021	1021	1021	1019	27.66666667	634.3333333	925.6666667	946.6666667	1034.333333	999	1016.666667	1016.666667	993.3333333	945.6666667	985.6666667	1026.666667	914.3333333	1093.333333	947.6666667
316145015	888.97	1034.333333	1032.333333	1033.333333	1034.333333	27.66666667	623.4444444	913.3333333	932.3333333	1032.333333	1007.666667	1020	1020	999	961	987.6666667	1033.333333	933.3333333	1125.666667	974.3333333
316145020	897.73	1032.333333	1033.333333	1032.333333	1032.333333	20	650.1111111	954.3333333	980	1007.666667	980	993.3333333	994.3333333	1001	981	1006.666667	1040	947.6666667	1126.666667	986.6666667
316145025	911.66	1000	1000	1001	1000	19	660	974.3333333	987.6666667	1006.666667	981	992.3333333	993.3333333	992.3333333	954.3333333	986.6666667	1025.666667	966.6666667	1154.333333	1007.666667
316145030	911.84	1076.666667	1107.666667	1075.666667	1047.666667	20	656.5555556	961	986.6666667	1007.666667	981	994.3333333	994.3333333	993.3333333	939	979	1019	961	1147.666667	1001
316145035	908.98	1077.666667	1107.666667	1075.666667	1047.666667	26.66666667	495.6666667	497.6666667	965.6666667	1032.333333	1000	1016.666667	1017.666667	994.3333333	954.3333333	987.6666667	1027.666667	947.6666667	1127.666667	979
316145040	911.42	1084.333333	1114.333333	1083.333333	1053.333333	27.66666667	649.8888889	953.3333333	967.6666667	1034.333333	1005.666667	1019	1019	1007.666667	961	1001	1041	967.6666667	1166.666667	1014.333333
316145045	912.7	1084.333333	1114.333333	1083.333333	1053.333333	27.66666667	640	933.3333333	959	1054.333333	1025.666667	1039	1041	1014.333333	981	1007.666667	1053.333333	947.6666667	1139	986.6666667
316145050	893.3	1082.333333	1114.333333	1084.333333	1054.333333	32.33333333	621	900	927.6666667	1059	1025.666667	1044.333333	1042.333333	1033.333333	992.3333333	1025.666667	1067.666667	966.6666667	1159	1013.333333
316145055	878.55	1067.666667	1099	1066.666667	1033.333333	25.66666667	607.8888889	894.3333333	906.6666667	1033.333333	1007.666667	1021	1021	1039	1006.666667	1040	1079	986.6666667	1185.666667	1039
316145100	861.51	1076.666667	1105.666667	1075.666667	1045.666667	25.66666667	633.3333333	926.6666667	945.6666667	1047.666667	1019	1033.333333	1033.333333	1034.333333	994.3333333	1026.666667	1065.666667	1007.666667	1207.666667	1061
316145105	894.15	1027.666667	1053.333333	1027.666667	1001	26.66666667	632.3333333	925.6666667	945.6666667	1006.666667	981	992.3333333	994.3333333	1054.333333	1000	1033.333333	1072.333333	1006.666667	1206.666667	1059
316145110	908.33	1026.666667	1054.333333	1025.666667	999	19	654.5555556	967.6666667	981	993.3333333	965.6666667	979	980	1066.666667	1026.666667	1061	1101	1025.666667	1240	1085.666667
316145115	907.63	1021	1052.333333	1021	987.6666667	21	653.3333333	960	980	973.3333333	952.3333333	963.3333333	962.3333333	1080	1046.666667	1079	1119	1032.333333	1245.666667	1101
316145120	885.84	1084.333333	1113.333333	1083.333333	1054.333333	19	510	509	1001	1014.333333	987.6666667	1001	999	1086.666667	1053.333333	1087.666667	1133.333333	1046.666667	1254.333333	1107.666667
316145125	875.91	1085.666667	1119	1087.666667	1054.333333	20	683.4444444	1005.666667	1026.666667	1033.333333	1005.666667	1020	1020	1085.666667	1045.666667	1085.666667	1133.333333	1046.666667	1261	1114.333333
316145130	885.83	1104.333333	1132.333333	1102.333333	1072.333333	19	696.7777778	1025.666667	1047.666667	1052.333333	1019	1036.666667	1037.666667	1080	1046.666667	1081	1125.666667	1039	1247.666667	1101
316145135	855.86	1130	1166.666667	1130	1093.333333	20	697.7777778	1027.666667	1047.666667	1066.666667	1026.666667	1046.666667	1046.666667	1081	1059	1085.666667	1125.666667	1027.666667	1239	1093.333333
316145140	833.84	1133.333333	1167.666667	1133.333333	1099	20	708.8888889	1041	1066.666667	1072.333333	1045.666667	1061	1060	1086.666667	1047.666667	1072.333333	1120	1025.666667	1227.666667	1079
316145145	861.43	1129	1166.666667	1130	1093.333333	19	704.4444444	1033.333333	1061	1081	1045.666667	1064.333333	1063.333333	1079	1045.666667	1081	1121	1027.666667	1226.666667	1073.333333
316145150	899.25	1134.333333	1166.666667	1134.333333	1100	1021	1019	1019	1019	1074.333333	1046.666667	1060	1060	1066.666667	1034.333333	1065.666667	1113.333333	1006.666667	1207.666667	1066.666667
316145155	901.17	1133.333333	1166.666667	1133.333333	1101	20	691.1111111	1014.333333	1040	1085.666667	1061	1072.333333	1073.333333	1060	1027.666667	1061	1100	1019	1219	1079
316145200	911.21	1119	1145.666667	1120	1093.333333	21	687.6666667	1006.666667	1034.333333	1079	1041	1059	1061	1067.666667	1025.666667	1061	1101	1020	1221	1073.333333
316145205	921.33	1122.333333	1153.333333	1123.333333	1092.333333	20	687.6666667	1005.666667	1033.333333	1066.666667	1026.666667	1047.666667	1046.666667	1053.333333	1007.666667	1047.666667	1093.333333	1013.333333	1220	1061
316145210	933.99	1131	1166.666667	1129	1092.333333	19	672.1111111	985.6666667	1005.666667	1081	1040	1061	1061	1001	959	1000	1040	1007.666667	1206.666667	1061
316145215	950.89	1125.666667	1161	1125.666667	1094.333333	20	670.1111111	987.6666667	1007.666667	1074.333333	1041	1055.666667	1056.666667	1027.666667	980	1013.333333	1060	993.3333333	1201	1045.666667
316145220	966.54	1133.333333	1167.666667	1132.333333	1100	21	664.4444444	973.3333333	1000	1087.666667	1046.666667	1066.666667	1066.666667	1032.333333	992.3333333	1033.333333	1072.333333	966.6666667	1165.666667	1013.333333
316145225	979.2	1112.333333	1146.666667	1112.333333	1081	965.6666667	967.6666667	954.3333333	980	1073.333333	1046.666667	1060	1061	1039	1005.666667	1039	1079	967.6666667	1161	1014.333333
316145230	986.35	1102.333333	1133.333333	1104.333333	1073.333333	20	652.1111111	954.3333333	981	1080	1046.666667	1063.333333	1062.333333	1032.333333	993.3333333	1026.666667	1066.666667	966.6666667	1165.666667	1021
316145235	986.1	1076.666667	1107.666667	1077.666667	1047.666667	21	650.1111111	954.3333333	980	1067.666667	1025.666667	1046.666667	1047.666667	1032.333333	992.3333333	1027.666667	1065.666667	987.6666667	1181	1027.666667
316145240	977.49	1082.333333	1113.333333	1084.333333	1053.333333	27.66666667	647.6666667	946.6666667	966.6666667	1053.333333	1026.666667	1039	1039	1026.666667	961	1013.333333	1061	985.6666667	1187.666667	1039
316145245	971.45	1073.333333	1107.666667	1073.333333	1040	26.66666667	639	934.3333333	959	1067.666667	1034.333333	1050	1050	1013.333333	974.3333333	1006.666667	1053.333333	1007.666667	1200	1054.333333
316145250	953.16	1075.666667	1107.666667	1076.666667	1046.666667	19	663.2222222	972.3333333	993.3333333	1053.333333	1027.666667	1041	1040	1034.333333	987.6666667	1025.666667	1067.666667	1006.666667	1205.666667	1059
316145255	944.87	1055.666667	1085.666667	1055.666667	1026.666667	21	672.1111111	986.6666667	1007.666667	1059	1026.666667	1044.333333	1043.333333	1047.666667	1005.666667	1045.666667	1080	1007.666667	1205.666667	1052.333333
316145300	941.67	1063.333333	1093.333333	1064.333333	1033.333333	21	660	973.3333333	987.6666667	1045.666667	1020	1034.333333	1034.333333	1052.333333	1012.333333	1045.666667	1085.666667	1007.666667	1206.666667	1052.333333
316145305	938.41	1069	1094.333333	1069	1045.666667	20	650.1111111	952.3333333	980	1032.333333	1000	1017.666667	1017.666667	1045.666667	1007.666667	1039	1081	994.3333333	1201	1045.666667
316145310	934.29	1044.333333	1073.333333	1044.333333	1014.333333	14.33333333	659	973.3333333	992.3333333	1034.333333	1007.666667	1020	1019	1014.333333	980	1014.333333	1052.333333	1005.666667	1201	1045.666667
316145315	923.85	1064.333333	1094.333333	1062.333333	1032.333333	20	675.5555556	992.3333333	1014.333333	1025.666667	999	1014.333333	1012.333333	1014.333333	965.6666667	1005.666667	1045.666667	992.3333333	1185.666667	1047.666667
316145320	916.88	1084.333333	1112.333333	1084.333333	1053.333333	21	676.5555556	994.3333333	1012.333333	1027.666667	999	1012.333333	1012.333333	992.3333333	959	993.3333333	1033.333333	987.6666667	1185.666667	1040
316145325	895.37	1104.333333	1132.333333	1102.333333	1074.333333	21	678.7777778	994.3333333	1020	1040	1006.666667	1024.333333	1022.333333	986.6666667	953.3333333	986.6666667	1027.666667	965.6666667	1167.666667	1012.333333
316145330	903.37	1103.333333	1132.333333	1103.333333	1073.333333	19	682.2222222	1006.666667	1021	1065.666667	1041	1054.333333	1054.333333	986.6666667	940	987.6666667	1020	946.6666667	1140	986.6666667
316145335	908.03	1106.666667	1140	1106.666667	1073.333333	20	663.4444444	974.3333333	1001	1067.666667	1026.666667	1046.666667	1045.666667	1012.333333	965.6666667	1006.666667	1047.666667	947.6666667	1139	986.6666667
316145340	915.61	1102.333333	1133.333333	1104.333333	1073.333333	21	652.3333333	960	981	1053.333333	1026.666667	1041	1039	1012.333333	980	1013.333333	1053.333333	981	1165.666667	1019
316145345	933.99	1085.666667	1112.333333	1087.666667	1061	962.3333333	963.3333333	954.3333333	973.3333333	1032.333333	1001	1017.666667	1017.666667	1033.333333	1000	1027.666667	1066.666667	987.6666667	1187.666667	1041
316145350	928.35	1060	1085.666667	1059	1034.333333	20	650.1111111	953.3333333	980	1034.333333	1006.666667	1019	1020	1025.666667	987.6666667	1025.666667	1060	985.6666667	1187.666667	1039
316145355	931.1	1066.666667	1101	1067.666667	1032.333333	19	659	972.3333333	985.6666667	1032.333333	1006.666667	1021	1020	1013.333333	972.3333333	1007.666667	1045.666667	987.6666667	1187.666667	1033.333333
316145400	936.62	1086.666667	1121	1085.666667	1054.333333	20	676.5555556	992.3333333	1012.333333	1052.333333	1020	1035.666667	1037.666667	993.3333333	961	985.6666667	1032.333333	959	1161	1007.666667
316145405	940.13	1094.333333	1125.666667	1093.333333	1061	21	685.4444444	1006.666667	1026.666667	1053.333333	1019	1036.666667	1035.666667	981	941	972.3333333	1019	967.6666667	1166.666667	1012.333333
316145410	924.75	1104.333333	1134.333333	1104.333333	1073.333333	21	674.5555556	993.3333333	1013.333333	1065.666667	1039	1053.333333	1052.333333	961	920	945.6666667	986.6666667	959	1167.666667	1006.666667
316145415	938.7	1120	1147.666667	1121	1092.333333	19	685.4444444	1005.666667	1025.666667	1074.333333	1047.666667	1059	1061	972.3333333	925.6666667	960	1006.666667	966.6666667	1146.666667	1005.666667
316145420	945.97	1096.666667	1126.666667	1096.666667	1067.666667	20	675.5555556	992.3333333	1013.333333	1066.666667	1039	1053.333333	1054.333333	985.6666667	946.6666667	987.6666667	1019	959	1147.666667	1001
316145425	944.85	1117.666667	1147.666667	1115.666667	1087.666667	21	663.4444444	974.3333333	1001	1061	1027.666667	1044.333333	1043.333333	1013.333333	980	1005.666667	1000	972.3333333	1165.666667	1021
316145430	933.6	1102.333333	1133.333333	1104.333333	1072.333333	20	655.5555556	960	987.6666667	1053.333333	1026.666667	1041	1040	1033.333333	985.6666667	1025.666667	1059	967.6666667	1152.333333	1005.666667
316145435	925.09	1106.666667	1139	1106.666667	1074.333333	20	507.6666667	507.6666667	994.3333333	1065.666667	1041	1054.333333	1053.333333	1007.666667	966.6666667	1006.666667	1039	945.6666667	1147.666667	994.3333333
316145440	931.69	1107.666667	1140	1105.666667	1072.333333	20	659	972.3333333	985.6666667	1052.333333	1027.666667	1039	1041	986.6666667	941	986.6666667	1026.666667	952.3333333	1126.666667	987.6666667
316145445	942.69	1093.333333	1127.666667	1093.333333	1061	21	661	972.3333333	985.6666667	1053.333333	1025.666667	1039	1039	972.3333333	940	965.6666667	1007.666667	926.6666667	1106.666667	965.6666667
316145450	954.55	1101	1126.666667	1101	1073.333333	19	652.1111111	952.3333333	980	1039	1006.666667	1024.333333	1024.333333	959	921	953.3333333	985.6666667	905.6666667	1085.666667	946.6666667
316145455	954.29	1099	1127.666667	1101	1073.333333	20	636.7777778	933.3333333	959	1065.666667	1033.333333	1051	1051	960	919	945.6666667	985.6666667	921	1105.666667	961
316145500	957.72	1096.666667	1126.666667	1095.666667	1065.666667	19	641	940	960	1054.333333	1019	1035.666667	1037.666667	961	921	952.3333333	986.6666667	945.6666667	1141	986.6666667
316145505	949.1	1061	1087.666667	1061	1034.333333	21	637.7777778	933.3333333	959	1032.333333	1007.666667	1019	1019	987.6666667	940	981	1019	945.6666667	1146.666667	994.3333333
316145510	938.29	1052.333333	1080	1054.333333	1027.666667	21	645.6666667	952.3333333	967.6666667	1007.666667	980	992.3333333	992.3333333	999	953.3333333	987.6666667	1026.666667	954.3333333	1147.666667	1000
316145515	935.17	1076.666667	1106.666667	1075.666667	1045.666667	19	652.1111111	953.3333333	980	1027.666667	992.3333333	1011	1010	1007.666667	961	1001	1040	967.6666667	1160	1005.666667
316145520	922.55	1065.666667	1093.333333	1065.666667	1039	20	647.8888889	954.3333333	972.3333333	1039	1012.333333	1025.666667	1026.666667	985.6666667	945.6666667	985.6666667	1026.666667	965.6666667	1145.666667	1000
316145525	921.01	1055.666667	1079	1056.666667	1032.333333	19	647.8888889	953.3333333	974.3333333	1019	993.3333333	1007.666667	1005.666667	965.6666667	934.3333333	966.6666667	1005.666667	965.6666667	1147.666667	1005.666667
316145530	919.73	1062.333333	1093.333333	1064.333333	1032.333333	25.66666667	647.8888889	954.3333333	965.6666667	1006.666667	980	993.3333333	994.3333333	940	901	927.6666667	967.6666667	946.6666667	1125.666667	987.6666667
316145535	906.48	1056.666667	1081	1056.666667	1032.333333	936.6666667	935.6666667	927.6666667	947.6666667	1007.666667	972.3333333	989	991	920	879	920	952.3333333	913.3333333	1106.666667	947.6666667
316145540	897.78	1052.333333	1079	1054.333333	1025.666667	945.6666667	947.6666667	933.3333333	961	965.6666667	941	952.3333333	953.3333333	927.6666667	886.6666667	926.6666667	952.3333333	885.6666667	1065.666667	927.6666667
316145545	904.17	1049	1073.333333	1049	1027.666667	33.33333333	636.7777778	932.3333333	947.6666667	1014.333333	986.6666667	1001	1000	934.3333333	892.3333333	925.6666667	918.7777778	907.6666667	1085.666667	932.3333333
316145550	896.74	1057.666667	1086.666667	1056.666667	1027.666667	893.3333333	892.3333333	885.6666667	900	1040	1020	1031	1031	939	887.6666667	927.6666667	967.6666667	921	1107.666667	947.6666667
316145555	896.21	1062.333333	1092.333333	1062.333333	1034.333333	26.66666667	606.6666667	886.6666667	905.6666667	1054.333333	1025.666667	1040	1040	947.6666667	899	947.6666667	973.3333333	947.6666667	1125.666667	980
316145600	895.03	1034.333333	1059	1033.333333	1006.666667	25.66666667	621.2222222	914.3333333	925.6666667	1032.333333	1007.666667	1019	1019	941	899	927.6666667	965.6666667	946.6666667	1125.666667	987.6666667
316145605	894.12	1025.666667	1052.333333	1027.666667	1000	20	642.2222222	946.6666667	960	1014.333333	986.6666667	1001	999	939	899	934.3333333	965.6666667	945.6666667	1145.666667	985.6666667
316145610	900.78	1052.333333	1079	1052.333333	1026.666667	19	647.6666667	953.3333333	967.6666667	1012.333333	986.6666667	999	1000	934.3333333	887.6666667	926.6666667	966.6666667	945.6666667	1147.666667	987.6666667
316145615	897.15	1077.666667	1107.666667	1075.666667	1045.666667	21	646.6666667	952.3333333	966.6666667	1041	1006.666667	1022.333333	1024.333333	899	860	893.3333333	925.6666667	926.6666667	1106.666667	954.3333333
316145620	904.1	1081	1107.666667	1079	1054.333333	19	637.7777778	933.3333333	961	1041	1006.666667	1024.333333	1024.333333	926.6666667	886.6666667	912.3333333	953.3333333	885.6666667	1046.666667	905.6666667
316145625	902.76	1083.333333	1112.333333	1084.333333	1053.333333	935.6666667	937.6666667	925.6666667	947.6666667	1053.333333	1019	1035.666667	1035.666667	952.3333333	919	946.6666667	987.6666667	867.6666667	1047.666667	894.3333333
316145630	908.09	1082.333333	1112.333333	1083.333333	1053.333333	905.6666667	906.6666667	901	913.3333333	1060	1026.666667	1042.333333	1042.333333	965.6666667	921	966.6666667	1007.666667	901	1066.666667	925.6666667
316145635	882.8	1034.333333	1059	1032.333333	1005.666667	27.66666667	600	881	893.3333333	1040	1007.666667	1023.333333	1024.333333	981	939	972.3333333	1006.666667	926.6666667	1125.666667	965.6666667
316145640	855.37	992.3333333	1019	992.3333333	967.6666667	27.66666667	609.8888889	893.3333333	905.6666667	966.6666667	947.6666667	955.6666667	956.6666667	967.6666667	919	960	993.3333333	946.6666667	1127.666667	985.6666667
316145645	831.93	986.6666667	1013.333333	986.6666667	960	25.66666667	620	906.6666667	926.6666667	967.6666667	941	952.3333333	952.3333333	960	906.6666667	945.6666667	986.6666667	973.3333333	1145.666667	1007.666667
316145650	858.4	1042.333333	1079	1042.333333	1005.666667	20	634.3333333	932.3333333	947.6666667	992.3333333	960	975.6666667	977.6666667	981	941	967.6666667	1006.666667	966.6666667	1165.666667	1006.666667
316145655	883.3	1077.666667	1107.666667	1076.666667	1047.666667	21	647.6666667	954.3333333	965.6666667	1034.333333	1001	1015.666667	1016.666667	987.6666667	946.6666667	987.6666667	1027.666667	947.6666667	1146.666667	987.6666667
316145700	907.37	1075.666667	1107.666667	1076.666667	1047.666667	20	650.1111111	954.3333333	981	1039	1005.666667	1022.333333	1023.333333	994.3333333	961	986.6666667	1027.666667	940	1125.666667	981
316145705	909.76	1079	1105.666667	1079	1054.333333	963.3333333	963.3333333	954.3333333	974.3333333	1061	1027.666667	1043.333333	1044.333333	981	940	987.6666667	1020	925.6666667	1125.666667	966.6666667
316145710	898.37	1054.333333	1079	1054.333333	1026.666667	21	648.8888889	953.3333333	972.3333333	1040	1013.333333	1025.666667	1026.666667	1027.666667	979	1027.666667	1066.666667	940	1125.666667	972.3333333
316145715	869.55	1060	1087.666667	1060	1034.333333	19	647.8888889	952.3333333	972.3333333	1027.666667	1000	1014.333333	1014.333333	1012.333333	959	1005.666667	1047.666667	933.3333333	1127.666667	973.3333333
316145720	833.17	1074.333333	1100	1073.333333	1045.666667	19	652.3333333	961	981	1026.666667	1001	1014.333333	1014.333333	985.6666667	945.6666667	986.6666667	1027.666667	947.6666667	1147.666667	986.6666667
316145725	830.35	1082.333333	1114.333333	1083.333333	1053.333333	21	643.2222222	947.6666667	961	1039	1012.333333	1027.666667	1027.666667	1006.666667	959	1007.666667	1041	966.6666667	1153.333333	1007.666667
316145730	816.69	1095.666667	1126.666667	1095.666667	1065.666667	19	641	941	961	1061	1025.666667	1042.333333	1044.333333	1021	979	1021	1059	965.6666667	1167.666667	1021
316145735	845.24	1071	1092.333333	1071	1046.666667	27.66666667	627.6666667	921	932.3333333	1053.333333	1019	1037.666667	1036.666667	1012.333333	979	1020	1061	985.6666667	1185.666667	1026.666667
316145740	869.52	1030	1052.333333	1029	1007.666667	20	632.3333333	932.3333333	945.6666667	1005.666667	981	993.3333333	993.3333333	1032.333333	987.6666667	1027.666667	1066.666667	973.3333333	1165.666667	1021
316145745	888.68	1023.333333	1046.666667	1023.333333	1000	20	645.6666667	954.3333333	966.6666667	967.6666667	939	953.3333333	954.3333333	1034.333333	987.6666667	1034.333333	1079	985.6666667	1187.666667	1027.666667
316145750	894.16	1052.333333	1081	1053.333333	1027.666667	970	970	960	980	1005.666667	979	994.3333333	994.3333333	1013.333333	966.6666667	1014.333333	1061	1005.666667	1205.666667	1052.333333
316145755	900.26	1073.333333	1101	1073.333333	1047.666667	27.66666667	512.3333333	513.3333333	999	1026.666667	994.3333333	1009	1009	1012.333333	959	1005.666667	1047.666667	985.6666667	1187.666667	1040
316145800	901.32	1083.333333	1114.333333	1084.333333	1053.333333	995.6666667	996.6666667	986.6666667	1007.666667	1027.666667	999	1012.333333	1014.333333	1001	954.3333333	993.3333333	1033.333333	967.6666667	1165.666667	1020
316145805	903.02	1114.333333	1145.666667	1112.333333	1080	20	673.3333333	986.6666667	1012.333333	1053.333333	1021	1037.666667	1035.666667	972.3333333	932.3333333	981	1019	967.6666667	1167.666667	1007.666667
316145810	901.36	1106.666667	1141	1105.666667	1072.333333	20	663.4444444	972.3333333	1001	1061	1026.666667	1043.333333	1043.333333	993.3333333	953.3333333	992.3333333	1026.666667	987.6666667	1174.333333	1026.666667
316145815	916.26	1101	1127.666667	1099	1073.333333	20	654.3333333	961	979	1073.333333	1039	1056.666667	1056.666667	992.3333333	952.3333333	985.6666667	1027.666667	967.6666667	1165.666667	1007.666667
316145820	918.27	1104.333333	1132.333333	1102.333333	1072.333333	961	961	952.3333333	967.6666667	1072.333333	1046.666667	1061	1061	1006.666667	959	1007.666667	1045.666667	953.3333333	1146.666667	1007.666667
316145825	908.57	1095.666667	1126.666667	1095.666667	1067.666667	25.66666667	635.5555556	933.3333333	947.6666667	1039	1007.666667	1023.333333	1024.333333	1006.666667	965.6666667	1007.666667	1047.666667	965.6666667	1160	1006.666667
316145830	898.94	1064.333333	1093.333333	1063.333333	1032.333333	945.6666667	945.6666667	934.3333333	960	1034.333333	999	1015.666667	1016.666667	993.3333333	954.3333333	992.3333333	1032.333333	967.6666667	1165.666667	1013.333333
316145835	916.71	1054.333333	1081	1054.333333	1026.666667	19	661.2222222	974.3333333	993.3333333	1027.666667	1001	1012.333333	1012.333333	1007.666667	960	1006.666667	1045.666667	954.3333333	1145.666667	1001
316145840	924.87	1065.666667	1093.333333	1066.666667	1039	20	647.6666667	952.3333333	967.6666667	1014.333333	986.6666667	1001	1001	979	940	987.6666667	1020	954.3333333	1145.666667	999
316145845	939.15	1075.666667	1105.666667	1075.666667	1046.666667	21	641	941	961	1040	1005.666667	1024.333333	1022.333333	967.6666667	919	954.3333333	993.3333333	966.6666667	1145.666667	999
316145850	953.6	1062.333333	1094.333333	1062.333333	1033.333333	27.66666667	623.2222222	913.3333333	925.6666667	1040	1005.666667	1024.333333	1022.333333	994.3333333	947.6666667	987.6666667	1026.666667	965.6666667	1165.666667	1007.666667
316145855	961.09	1045.666667	1072.333333	1045.666667	1021	25.66666667	463.3333333	900	464.3333333	1012.333333	981	997.6666667	995.6666667	1001	959	1006.666667	1041	966.6666667	1165.666667	1013.333333
316145900	949.99	1027.666667	1053.333333	1025.666667	999	26.66666667	630.1111111	926.6666667	939	986.6666667	961	973.3333333	972.3333333	980	941	979	1021	980	1165.666667	1021
316145905	934.24	1055.666667	1086.666667	1055.666667	1026.666667	21	647.8888889	954.3333333	974.3333333	985.6666667	961	974.3333333	973.3333333	981	939	985.6666667	1019	986.6666667	1179	1039
316145910	918.3	1085.666667	1120	1086.666667	1053.333333	965.6666667	967.6666667	952.3333333	980	1034.333333	1000	1015.666667	1016.666667	992.3333333	960	987.6666667	1026.666667	966.6666667	1166.666667	1020
316145915	907.02	1096.666667	1127.666667	1095.666667	1066.666667	20	654.5555556	965.6666667	980	1052.333333	1027.666667	1040	1041	999	961	1007.666667	1039	987.6666667	1165.666667	1027.666667
316145920	914.78	1093.333333	1121	1092.333333	1067.666667	21	638.7777778	932.3333333	961	1052.333333	1025.666667	1041	1039	1014.333333	961	1005.666667	1041	985.6666667	1187.666667	1025.666667
316145925	930.71	1064.333333	1085.666667	1064.333333	1040	26.66666667	624.4444444	914.3333333	932.3333333	1032.333333	1007.666667	1020	1019	1019	980	1021	1059	986.6666667	1185.666667	1025.666667
316145930	922.65	1033.333333	1061	1032.333333	1007.666667	27.66666667	632.1111111	926.6666667	941	1014.333333	981	995.6666667	997.6666667	1027.666667	979	1025.666667	1067.666667	1006.666667	1207.666667	1060
316145935	898.09	1006.666667	1033.333333	1005.666667	981	27.66666667	605.4444444	887.6666667	899	1005.666667	981	993.3333333	993.3333333	1006.666667	966.6666667	1005.666667	1045.666667	1007.666667	1199	1045.666667
316145940	887.13	1052.333333	1080	1053.333333	1025.666667	27.66666667	598.7777778	881	886.6666667	985.6666667	961	973.3333333	973.3333333	1007.666667	965.6666667	1007.666667	1040	986.6666667	1166.666667	1025.666667
316145945	882.26	1032.333333	1059	1032.333333	1006.666667	27.66666667	600	880	892.3333333	993.3333333	965.6666667	980	980	980	926.6666667	967.6666667	1005.666667	954.3333333	1147.666667	986.6666667
316145950	898.62	1037.666667	1067.666667	1035.666667	1007.666667	27.66666667	619	906.6666667	926.6666667	1026.666667	1000	1013.333333	1013.333333	945.6666667	907.6666667	952.3333333	985.6666667	934.3333333	1125.666667	974.3333333
316145955	916.79	1067.666667	1099	1066.666667	1034.333333	21	630.1111111	927.6666667	945.6666667	1059	1020	1040	1039	952.3333333	901	945.6666667	986.6666667	927.6666667	1106.666667	967.6666667
316150000	927.93	1077.666667	1107.666667	1077.666667	1045.666667	21	632.3333333	934.3333333	947.6666667	1059	1026.666667	1042.333333	1044.333333	960	913.3333333	946.6666667	986.6666667	945.6666667	1133.333333	987.6666667
316150005	931.77	1080	1107.666667	1080	1054.333333	20	639	940	959	1045.666667	1020	1033.333333	1032.333333	934.3333333	899	945.6666667	972.3333333	966.6666667	1160	1006.666667
316150010	924.29	1076.666667	1105.666667	1075.666667	1046.666667	21	634.3333333	934.3333333	946.6666667	1041	1007.666667	1022.333333	1023.333333	959	919	952.3333333	985.6666667	966.6666667	1145.666667	1006.666667
316150015	910.78	1076.666667	1106.666667	1077.666667	1046.666667	19	627.8888889	927.6666667	939	1027.666667	987.6666667	1005.666667	1005.666667	960	912.3333333	967.6666667	994.3333333	945.6666667	1140	986.6666667
316150020	902.52	1076.666667	1107.666667	1077.666667	1045.666667	19	634.3333333	932.3333333	946.6666667	1032.333333	1005.666667	1021	1019	959	921	959	993.3333333	961	1145.666667	994.3333333
316150025	879.52	1087.666667	1119	1086.666667	1054.333333	19	647.8888889	953.3333333	972.3333333	1039	1005.666667	1024.333333	1022.333333	939	886.6666667	926.6666667	967.6666667	925.6666667	1107.666667	961
316150030	867.96	1096.666667	1125.666667	1095.666667	1066.666667	19	658.7777778	974.3333333	980	1040	1005.666667	1024.333333	1024.333333	934.3333333	894.3333333	927.6666667	967.6666667	927.6666667	1106.666667	953.3333333
316150035	875.93	1086.666667	1119	1085.666667	1053.333333	20	662.2222222	973.3333333	993.3333333	1040	1014.333333	1025.666667	1026.666667	932.3333333	881	927.6666667	967.6666667	932.3333333	1125.666667	966.6666667
316150040	893.25	1096.666667	1126.666667	1096.666667	1067.666667	25.66666667	661	966.6666667	986.6666667	1059	1025.666667	1042.333333	1043.333333	932.3333333	887.6666667	927.6666667	961	920	1106.666667	965.6666667
316150045	894.97	1104.333333	1134.333333	1103.333333	1074.333333	19	662.2222222	972.3333333	993.3333333	1065.666667	1033.333333	1050	1051	941	892.3333333	945.6666667	985.6666667	926.6666667	1107.666667	966.6666667
316150050	902.95	1107.666667	1140	1105.666667	1072.333333	21	648.8888889	954.3333333	972.3333333	1059	1027.666667	1042.333333	1044.333333	973.3333333	941	987.6666667	1020	914.3333333	1086.666667	945.6666667
316150055	901.31	1103.333333	1132.333333	1103.333333	1073.333333	21	634.5555556	932.3333333	953.3333333	1060	1026.666667	1042.333333	1043.333333	1000	961	1006.666667	1047.666667	906.6666667	1079	925.6666667
316150100	878.81	1083.333333	1114.333333	1083.333333	1054.333333	20	632.3333333	932.3333333	946.6666667	1074.333333	1041	1055.666667	1057.666667	1034.333333	987.6666667	1027.666667	1067.666667	926.6666667	1114.333333	961
316150105	877.32	1087.666667	1120	1085.666667	1052.333333	20	635.5555556	934.3333333	952.3333333	1074.333333	1039	1057.666667	1057.666667	1012.333333	965.6666667	1006.666667	1047.666667	972.3333333	1165.666667	1021
316150110	884.13	1093.333333	1120	1093.333333	1065.666667	25.66666667	635.5555556	933.3333333	947.6666667	1060	1025.666667	1044.333333	1043.333333	1027.666667	979	1020	1061	965.6666667	1165.666667	1019
316150115	899.7	1084.333333	1114.333333	1083.333333	1054.333333	21	634.5555556	934.3333333	952.3333333	1052.333333	1021	1037.666667	1035.666667	1032.333333	1001	1032.333333	1079	966.6666667	1165.666667	1005.666667
316150120	914.24	1083.333333	1113.333333	1083.333333	1052.333333	20	645.6666667	953.3333333	966.6666667	1045.666667	1013.333333	1029	1031	974.3333333	932.3333333	972.3333333	1007.666667	967.6666667	1166.666667	1007.666667
316150125	922.43	1059	1087.666667	1060	1034.333333	20	649.8888889	953.3333333	974.3333333	1041	1007.666667	1024.333333	1024.333333	966.6666667	926.6666667	966.6666667	1000	927.6666667	1106.666667	953.3333333
316150130	935.63	1062.333333	1093.333333	1062.333333	1033.333333	20	655.5555556	965.6666667	979	1012.333333	979	996.6666667	996.6666667	986.6666667	940	987.6666667	1019	880	1054.333333	906.6666667
316150135	949.03	1095.666667	1127.666667	1095.666667	1066.666667	21	661	974.3333333	987.6666667	1026.666667	1001	1012.333333	1012.333333	985.6666667	952.3333333	994.3333333	1032.333333	926.6666667	1119	966.6666667
316150140	947.8	1091	1119	1090	1061	21	654.3333333	960	980	1054.333333	1027.666667	1041	1041	987.6666667	941	985.6666667	1019	947.6666667	1145.666667	993.3333333
316150145	927.84	1082.333333	1112.333333	1084.333333	1054.333333	963.3333333	963.3333333	953.3333333	974.3333333	1054.333333	1021	1036.666667	1036.666667	980	927.6666667	967.6666667	1006.666667	926.6666667	1112.333333	966.6666667
316150150	908.84	1079	1105.666667	1079	1054.333333	25.66666667	593.3333333	867.6666667	886.6666667	1039	1005.666667	1024.333333	1024.333333	947.6666667	900	946.6666667	972.3333333	906.6666667	1066.666667	934.3333333
316150155	901.96	1049	1072.333333	1051	1025.666667	25.66666667	582.2222222	854.3333333	865.6666667	1034.333333	1006.666667	1021	1019	939	881	927.6666667	966.6666667	940	1126.666667	981
316150200	905.03	1003.333333	1025.666667	1002.333333	981	27.66666667	586.6666667	859	873.3333333	987.6666667	960	972.3333333	973.3333333	927.6666667	881	927.6666667	953.3333333	945.6666667	1141	986.6666667
316150205	915.21	1016.666667	1045.666667	1016.666667	987.6666667	27.66666667	584.4444444	860	865.6666667	1007.666667	979	994.3333333	992.3333333	932.3333333	879	926.6666667	912.3333333	967.6666667	1167.666667	1006.666667
316150210	941.83	1014.333333	1040	1014.333333	986.6666667	27.66666667	572.1111111	840	845.6666667	1006.666667	979	992.3333333	993.3333333	925.6666667	880	925.6666667	953.3333333	967.6666667	1165.666667	1006.666667
316150215	951.93	1013.333333	1039	1013.333333	985.6666667	26.66666667	556.5555556	821	819	1013.333333	992.3333333	1003.333333	1004.333333	906.6666667	860	905.6666667	934.3333333	965.6666667	1147.666667	1001
316150220	948.34	991	1013.333333	990	965.6666667	25.66666667	565.4444444	827.6666667	839	1005.666667	981	994.3333333	993.3333333	892.3333333	847.6666667	886.6666667	920	953.3333333	1147.666667	994.3333333
316150225	947.23	975.6666667	999	977.6666667	953.3333333	27.66666667	576.5555556	845.6666667	854.3333333	986.6666667	959	972.3333333	974.3333333	879	826.6666667	885.6666667	913.3333333	913.3333333	1092.333333	945.6666667
316150230	941.47	976.6666667	999	977.6666667	952.3333333	25.66666667	567.8888889	833.3333333	846.6666667	974.3333333	954.3333333	962.3333333	964.3333333	887.6666667	841	887.6666667	919	907.6666667	1087.666667	945.6666667
316150235	897.55	986.6666667	1013.333333	987.6666667	961	27.66666667	565.4444444	826.6666667	840	979	960	969	971	894.3333333	846.6666667	886.6666667	927.6666667	894.3333333	1066.666667	927.6666667
316150240	864.87	964.3333333	987.6666667	963.3333333	940	27.66666667	585.4444444	861	867.6666667	967.6666667	940	952.3333333	953.3333333	900	847.6666667	906.6666667	934.3333333	861	1027.666667	886.6666667
316150245	852.7	971	992.3333333	970	946.6666667	25.66666667	588.8888889	865.6666667	872.3333333	947.6666667	925.6666667	935.6666667	935.6666667	913.3333333	865.6666667	907.6666667	946.6666667	852.3333333	1027.666667	886.6666667
316150250	860.75	966.6666667	994.3333333	967.6666667	940	26.66666667	597.7777778	880	886.6666667	945.6666667	919	933.3333333	933.3333333	899	859	906.6666667	940	846.6666667	1005.666667	866.6666667
316150255	839.17	989	1012.333333	990	966.6666667	25.66666667	460	892.3333333	460	947.6666667	921	933.3333333	933.3333333	880	833.3333333	887.6666667	919	827.6666667	987.6666667	839
316150300	797.8	971	994.3333333	969	945.6666667	27.66666667	592.3333333	867.6666667	886.6666667	925.6666667	899	914.3333333	912.3333333	874.3333333	820	867.6666667	901	839	1007.666667	859
316150305	798.52	959	981	961	939	27.66666667	596.7777778	881	887.6666667	894.3333333	872.3333333	884.3333333	884.3333333	879	827.6666667	881	905.6666667	840	1005.666667	866.6666667
316150310	802.4	980	1000	981	960	25.66666667	616.7777778	906.6666667	919	919	901	910	909	885.6666667	826.6666667	885.6666667	921	867.6666667	1047.666667	885.6666667
316150315	797.93	1014.333333	1041	1013.333333	986.6666667	27.66666667	609.8888889	893.3333333	905.6666667	960	933.3333333	946.6666667	947.6666667	880	825.6666667	886.6666667	914.3333333	894.3333333	1080	925.6666667
316150320	815.1	1007.666667	1032.333333	1006.666667	981	27.66666667	596.5555556	872.3333333	887.6666667	965.6666667	939	953.3333333	954.3333333	872.3333333	820	866.6666667	899	905.6666667	1086.666667	933.3333333
316150325	822.34	1014.333333	1039	1014.333333	985.6666667	32.33333333	604.4444444	886.6666667	894.3333333	967.6666667	939	953.3333333	952.3333333	879	834.3333333	886.6666667	919	905.6666667	1087.666667	940
316150330	818.52	983.3333333	1005.666667	983.3333333	961	25.66666667	607.8888889	893.3333333	907.6666667	967.6666667	940	954.3333333	952.3333333	887.6666667	840	886.6666667	919	905.6666667	1086.666667	940
316150335	827.63	1006.666667	1034.333333	1005.666667	979	27.66666667	607.6666667	886.6666667	906.6666667	961	940	949	951	899	860	906.6666667	947.6666667	927.6666667	1107.666667	961
316150340	831.84	1015.666667	1039	1016.666667	993.3333333	27.66666667	605.4444444	885.6666667	899	967.6666667	940	952.3333333	952.3333333	939	887.6666667	926.6666667	965.6666667	945.6666667	1139	987.6666667
316150345	849.72	1004.333333	1026.666667	1002.333333	980	26.66666667	616.7777778	906.6666667	920	980	960	971	970	960	913.3333333	966.6666667	1000	952.3333333	1145.666667	993.3333333
316150350	865.19	996.6666667	1021	997.6666667	974.3333333	25.66666667	604.4444444	886.6666667	900	965.6666667	940	953.3333333	952.3333333	972.3333333	932.3333333	985.6666667	1013.333333	965.6666667	1165.666667	1005.666667
316150355	885.31	1015.666667	1041	1015.666667	994.3333333	21	616.5555556	905.6666667	920	960	940	950	950	941	894.3333333	933.3333333	973.3333333	947.6666667	1134.333333	979
316150400	884.43	1003.333333	1025.666667	1004.333333	980	27.66666667	601	881	894.3333333	946.6666667	921	933.3333333	934.3333333	961	913.3333333	967.6666667	1005.666667	965.6666667	1154.333333	1006.666667
316150405	894.97	1020	1047.666667	1020	993.3333333	25.66666667	605.6666667	886.6666667	905.6666667	965.6666667	940	954.3333333	952.3333333	985.6666667	941	985.6666667	1020	947.6666667	1139	986.6666667
316150410	889.29	1019	1045.666667	1021	994.3333333	19	616.7777778	906.6666667	925.6666667	992.3333333	965.6666667	981	980	981	933.3333333	967.6666667	1006.666667	946.6666667	1134.333333	985.6666667
316150415	886.64	1031	1061	1030	1001	25.66666667	617.7777778	907.6666667	920	1019	987.6666667	1004.333333	1004.333333	926.6666667	881	926.6666667	965.6666667	945.6666667	1133.333333	986.6666667
316150420	892.19	1052.333333	1087.666667	1053.333333	1020	25.66666667	622.2222222	913.3333333	926.6666667	1026.666667	1000	1013.333333	1012.333333	921	879	926.6666667	966.6666667	939	1127.666667	973.3333333
316150425	901.74	1051	1079	1051	1020	20	619	913.3333333	926.6666667	1040	1005.666667	1024.333333	1024.333333	953.3333333	914.3333333	959	994.3333333	927.6666667	1112.333333	965.6666667
316150430	890.21	1046.666667	1072.333333	1046.666667	1021	25.66666667	592.1111111	866.6666667	880	1033.333333	1000	1015.666667	1016.666667	961	900	945.6666667	980	919	1107.666667	946.6666667
316150435	889.77	991	1021	990	961	27.66666667	587.8888889	865.6666667	873.3333333	1025.666667	999	1012.333333	1013.333333	952.3333333	901	947.6666667	986.6666667	925.6666667	1126.666667	965.6666667
316150440	902.86	1022.333333	1053.333333	1022.333333	993.3333333	27.66666667	591.1111111	865.6666667	879	1027.666667	1001	1012.333333	1012.333333	941	885.6666667	946.6666667	974.3333333	913.3333333	1092.333333	945.6666667
316150445	905.55	1007.666667	1032.333333	1007.666667	980	27.66666667	578.7777778	847.6666667	861	1025.666667	994.3333333	1011	1010	946.6666667	901	947.6666667	981	927.6666667	1114.333333	967.6666667
316150450	917.47	1013.333333	1040	1012.333333	985.6666667	26.66666667	563.4444444	827.6666667	841	992.3333333	979	985.6666667	987.6666667	960	914.3333333	967.6666667	993.3333333	947.6666667	1126.666667	967.6666667
316150455	914.64	1007.666667	1034.333333	1007.666667	981	25.66666667	576.7777778	847.6666667	861	966.6666667	940	952.3333333	952.3333333	959	913.3333333	966.6666667	994.3333333	927.6666667	1107.666667	967.6666667
316150500	919.89	1005.666667	1033.333333	1007.666667	980	27.66666667	584.4444444	861	865.6666667	965.6666667	939	952.3333333	953.3333333	959	913.3333333	967.6666667	999	912.3333333	1092.333333	945.6666667
316150505	913.77	996.6666667	1019	997.6666667	972.3333333	25.66666667	579	846.6666667	867.6666667	986.6666667	959	974.3333333	973.3333333	953.3333333	914.3333333	967.6666667	993.3333333	932.3333333	1114.333333	967.6666667
316150510	913.92	1010	1032.333333	1010	985.6666667	26.66666667	585.4444444	859	866.6666667	965.6666667	939	952.3333333	953.3333333	972.3333333	921	974.3333333	1012.333333	934.3333333	1126.666667	967.6666667
316150515	905.53	997.6666667	1021	997.6666667	973.3333333	34.33333333	592.3333333	866.6666667	879	985.6666667	961	972.3333333	974.3333333	994.3333333	940	1007.666667	1041	932.3333333	1127.666667	966.6666667
316150520	877.03	992.3333333	1014.333333	994.3333333	972.3333333	27.66666667	596.7777778	881	886.6666667	965.6666667	940	952.3333333	954.3333333	980	933.3333333	987.6666667	1014.333333	926.6666667	1106.666667	954.3333333
316150525	848.59	997.6666667	1013.333333	996.6666667	980	25.66666667	618.7777778	906.6666667	920	967.6666667	939	952.3333333	952.3333333	952.3333333	900	945.6666667	992.3333333	912.3333333	1106.666667	946.6666667
316150530	842.93	1007.666667	1033.333333	1007.666667	981	21	615.5555556	907.6666667	919	967.6666667	940	952.3333333	954.3333333	961	914.3333333	967.6666667	1007.666667	934.3333333	1127.666667	974.3333333
316150535	825.07	1009	1039	1010	981	19	614.3333333	907.6666667	913.3333333	965.6666667	945.6666667	956.6666667	956.6666667	992.3333333	932.3333333	987.6666667	1033.333333	932.3333333	1125.666667	974.3333333
316150540	810.18	1031	1052.333333	1031	1005.666667	21	629.8888889	926.6666667	940	987.6666667	959	973.3333333	974.3333333	961	907.6666667	965.6666667	1000	925.6666667	1107.666667	965.6666667
316150545	819.54	1032.333333	1061	1032.333333	1007.666667	21	654.3333333	961	979	986.6666667	959	972.3333333	972.3333333	954.3333333	900	965.6666667	992.3333333	905.6666667	1099	945.6666667
316150550	834.69	1041	1067.666667	1040	1012.333333	944.3333333	943.3333333	933.3333333	952.3333333	1007.666667	981	993.3333333	994.3333333	961	914.3333333	966.6666667	999	885.6666667	1067.666667	907.6666667
316150555	836.41	1069	1101	1069	1039	21	634.5555556	933.3333333	953.3333333	1014.333333	980	996.6666667	996.6666667	965.6666667	925.6666667	980	1012.333333	914.3333333	1093.333333	946.6666667
316150600	845.65	1100	1125.666667	1100	1073.333333	20	649.8888889	953.3333333	973.3333333	1052.333333	1020	1036.666667	1035.666667	1000	945.6666667	1006.666667	1040	966.6666667	1161	1000
316150605	857.87	1089	1113.333333	1090	1066.666667	19	624.4444444	914.3333333	940	1072.333333	1046.666667	1061	1060	986.6666667	940	994.3333333	1034.333333	945.6666667	1145.666667	985.6666667
316150610	869.92	1052.333333	1080	1053.333333	1027.666667	932.3333333	933.3333333	926.6666667	939	1040	1006.666667	1023.333333	1022.333333	992.3333333	940	1007.666667	1033.333333	954.3333333	1147.666667	992.3333333
316150615	883.41	1101	1125.666667	1100	1074.333333	19	641.2222222	945.6666667	960	1061	1026.666667	1042.333333	1044.333333	1005.666667	952.3333333	1005.666667	1053.333333	945.6666667	1141	993.3333333
316150620	896.73	1073.333333	1100	1072.333333	1045.666667	19	627.8888889	926.6666667	939	1052.333333	1026.666667	1041	1041	1014.333333	974.3333333	1025.666667	1060	945.6666667	1125.666667	981
316150625	908.46	1062.333333	1087.666667	1063.333333	1040	920	919	914.3333333	925.6666667	1054.333333	1021	1036.666667	1036.666667	1014.333333	960	1005.666667	1053.333333	932.3333333	1107.666667	953.3333333
316150630	929.24	1074.333333	1101	1074.333333	1045.666667	20	629.8888889	927.6666667	941	1041	1006.666667	1024.333333	1024.333333	974.3333333	921	987.6666667	1019	934.3333333	1127.666667	974.3333333
316150635	944.2	1057.666667	1087.666667	1055.666667	1027.666667	20	641.2222222	947.6666667	959	1039	1005.666667	1022.333333	1023.333333	981	933.3333333	986.6666667	1013.333333	941	1126.666667	981
316150640	940.35	1050	1080	1050	1021	21	620	913.3333333	925.6666667	1039	1007.666667	1023.333333	1022.333333	926.6666667	880	925.6666667	974.3333333	945.6666667	1125.666667	972.3333333
316150645	940.36	1025.666667	1052.333333	1027.666667	1001	19	636.5555556	932.3333333	954.3333333	1014.333333	987.6666667	999	999	966.6666667	920	972.3333333	1012.333333	946.6666667	1127.666667	979
316150650	934.28	1046.666667	1073.333333	1046.666667	1019	21	634.5555556	934.3333333	954.3333333	1007.666667	980	994.3333333	993.3333333	980	934.3333333	985.6666667	1021	941	1125.666667	979
316150655	913.21	1033.333333	1061	1033.333333	1007.666667	19	616.5555556	907.6666667	919	1027.666667	1000	1014.333333	1013.333333	973.3333333	927.6666667	974.3333333	1005.666667	954.3333333	1147.666667	1001
316150700	925.09	1034.333333	1054.333333	1034.333333	1013.333333	20	621	913.3333333	927.6666667	1007.666667	979	992.3333333	992.3333333	946.6666667	887.6666667	945.6666667	973.3333333	965.6666667	1166.666667	1012.333333
316150705	960.03	1003.333333	1026.666667	1004.333333	980	21	627.8888889	926.6666667	941	981	961	970	969	921	865.6666667	925.6666667	953.3333333	947.6666667	1126.666667	981
316150710	949.12	1050	1079	1050	1021	21	617.7777778	906.6666667	926.6666667	987.6666667	959	974.3333333	973.3333333	919	867.6666667	927.6666667	953.3333333	966.6666667	1165.666667	1013.333333
316150715	927.16	1031	1053.333333	1030	1006.666667	21	606.6666667	893.3333333	906.6666667	1014.333333	980	997.6666667	996.6666667	932.3333333	881	927.6666667	973.3333333	913.3333333	1093.333333	946.6666667
316150720	949.88	1019	1039	1019	1001	27.66666667	604.4444444	886.6666667	900	987.6666667	960	974.3333333	974.3333333	920	865.6666667	925.6666667	953.3333333	912.3333333	1105.666667	945.6666667
316150725	970.28	986.6666667	1007.666667	987.6666667	966.6666667	20	606.6666667	894.3333333	905.6666667	953.3333333	941	947.6666667	945.6666667	861	805.6666667	866.6666667	901	906.6666667	1086.666667	933.3333333
316150730	943.92	975.6666667	999	977.6666667	954.3333333	20	616.5555556	907.6666667	921	965.6666667	939	954.3333333	954.3333333	899	845.6666667	907.6666667	933.3333333	912.3333333	1101	945.6666667
316150735	933.49	960	981	960	939	19	607.6666667	892.3333333	906.6666667	965.6666667	939	952.3333333	954.3333333	926.6666667	873.3333333	926.6666667	961	952.3333333	1146.666667	1001
316150740	935	953.3333333	974.3333333	952.3333333	932.3333333	25.66666667	581	847.6666667	865.6666667	947.6666667	921	932.3333333	933.3333333	939	893.3333333	945.6666667	973.3333333	967.6666667	1166.666667	1012.333333
316150745	932.49	969	1000	969	939	26.66666667	570.1111111	841	847.6666667	945.6666667	933.3333333	940	940	940	873.3333333	925.6666667	960	953.3333333	1147.666667	985.6666667
316150750	930.32	962.3333333	992.3333333	963.3333333	934.3333333	26.66666667	583.2222222	854.3333333	865.6666667	994.3333333	973.3333333	982.3333333	982.3333333	946.6666667	894.3333333	947.6666667	980	946.6666667	1127.666667	980
316150755	948.6	952.3333333	980	952.3333333	925.6666667	20	595.5555556	879	886.6666667	985.6666667	960	974.3333333	974.3333333	1005.666667	961	1021	1054.333333	960	1153.333333	999
316150800	940.46	967.6666667	994.3333333	965.6666667	939	21	619	912.3333333	926.6666667	1000	979	990	991	1020	973.3333333	1026.666667	1072.333333	965.6666667	1167.666667	1005.666667
316150805	907.01	980	1005.666667	980	954.3333333	19	632.3333333	934.3333333	947.6666667	986.6666667	961	974.3333333	972.3333333	1032.333333	985.6666667	1046.666667	1079	979	1187.666667	1020
316150810	888.78	1026.666667	1052.333333	1026.666667	1000	20	625.6666667	925.6666667	934.3333333	1005.666667	981	993.3333333	992.3333333	1046.666667	992.3333333	1059	1101	986.6666667	1185.666667	1026.666667
316150815	902.36	1046.666667	1072.333333	1045.666667	1020	26.66666667	634.5555556	932.3333333	947.6666667	1005.666667	980	992.3333333	992.3333333	1040	985.6666667	1047.666667	1086.666667	954.3333333	1147.666667	992.3333333
316150820	902.22	1064.333333	1087.666667	1064.333333	1041	26.66666667	657.7777778	967.6666667	981	1007.666667	979	993.3333333	993.3333333	1007.666667	952.3333333	1005.666667	1033.333333	953.3333333	1147.666667	986.6666667
316150825	897.88	1077.666667	1107.666667	1076.666667	1046.666667	20	655.5555556	966.6666667	979	1034.333333	999	1017.666667	1015.666667	1001	954.3333333	1006.666667	1053.333333	993.3333333	1193.333333	1047.666667
316150830	887.72	1092.333333	1125.666667	1093.333333	1060	21	643.2222222	947.6666667	960	1053.333333	1021	1036.666667	1035.666667	999	945.6666667	1005.666667	1040	927.6666667	1107.666667	960
316150835	897.93	1100	1125.666667	1099	1073.333333	25.66666667	651.1111111	952.3333333	973.3333333	1059	1025.666667	1042.333333	1043.333333	965.6666667	914.3333333	967.6666667	993.3333333	966.6666667	1166.666667	1013.333333
316150840	896.7	1073.333333	1099	1073.333333	1047.666667	21	456.6666667	892.3333333	456.6666667	1054.333333	1026.666667	1039	1039	940	893.3333333	946.6666667	981	939	1127.666667	973.3333333
316150845	899.21	1057.666667	1086.666667	1056.666667	1027.666667	20	467.6666667	914.3333333	466.6666667	1047.666667	1021	1033.333333	1033.333333	899	847.6666667	905.6666667	934.3333333	966.6666667	1147.666667	1000
316150850	909.44	1074.333333	1106.666667	1073.333333	1041	33.33333333	585.6666667	861	866.6666667	1041	1005.666667	1022.333333	1022.333333	826.6666667	765.6666667	826.6666667	859	940	1127.666667	973.3333333
316150855	930.68	1062.333333	1085.666667	1062.333333	1040	26.66666667	581	845.6666667	865.6666667	1045.666667	1019	1033.333333	1034.333333	921	859	920	954.3333333	927.6666667	1125.666667	973.3333333
316150900	960.95	944.3333333	974.3333333	943.3333333	912.3333333	25.66666667	599	887.6666667	886.6666667	993.3333333	980	985.6666667	986.6666667	893.3333333	846.6666667	901	934.3333333	879	1054.333333	907.6666667
316150905	968.88	1020	1046.666667	1021	993.3333333	20	491	961	489	985.6666667	960	972.3333333	972.3333333	894.3333333	832.3333333	887.6666667	921	874.3333333	1045.666667	905.6666667
316150910	974.57	977.6666667	992.3333333	977.6666667	960	20	472.3333333	927.6666667	474.3333333	979	961	971	971	860	806.6666667	865.6666667	894.3333333	887.6666667	1066.666667	907.6666667
316150915	941.75	960	980	961	941	20	627.8888889	927.6666667	939	926.6666667	906.6666667	916.6666667	915.6666667	920	860	906.6666667	933.3333333	932.3333333	1112.333333	966.6666667
316150920	956.51	1001	1019	999	981	19	594.3333333	874.3333333	887.6666667	973.3333333	960	965.6666667	966.6666667	907.6666667	867.6666667	921	954.3333333	947.6666667	1145.666667	987.6666667
316150925	981.44	1012.333333	1040	1013.333333	986.6666667	21	604.4444444	886.6666667	906.6666667	986.6666667	959	972.3333333	972.3333333	899	846.6666667	892.3333333	920	913.3333333	1106.666667	946.6666667
316150930	939.01	1005.666667	1032.333333	1006.666667	981	27.66666667	583.4444444	860	865.6666667	965.6666667	945.6666667	957.6666667	957.6666667	881	833.3333333	885.6666667	919	827.6666667	1005.666667	847.6666667
316150935	964.29	1013.333333	1039	1014.333333	985.6666667	20	592.1111111	865.6666667	885.6666667	1026.666667	1001	1013.333333	1013.333333	872.3333333	812.3333333	867.6666667	894.3333333	854.3333333	1027.666667	885.6666667
316150940	939.18	982.3333333	1007.666667	984.3333333	959	26.66666667	591.1111111	865.6666667	881	994.3333333	974.3333333	982.3333333	982.3333333	859	805.6666667	866.6666667	901	934.3333333	1121	965.6666667
316150945	917.61	986.6666667	1012.333333	987.6666667	959	25.66666667	572.1111111	840	846.6666667	967.6666667	941	952.3333333	954.3333333	901	845.6666667	907.6666667	932.3333333	966.6666667	1153.333333	1000
316150950	938.17	1024.333333	1045.666667	1024.333333	1000	19	442.3333333	867.6666667	443.3333333	1006.666667	981	993.3333333	993.3333333	954.3333333	899	967.6666667	994.3333333	932.3333333	1125.666667	967.6666667
316150955	930.48	1024.333333	1045.666667	1022.333333	999	27.66666667	576.7777778	847.6666667	861	979	960	969	969	939	892.3333333	945.6666667	994.3333333	934.3333333	1125.666667	973.3333333
316151000	913.37	1030	1052.333333	1029	1006.666667	26.66666667	569.8888889	833.3333333	847.6666667	986.6666667	959	973.3333333	973.3333333	940	885.6666667	945.6666667	981	906.6666667	1087.666667	933.3333333
316151005	872.91	1054.333333	1085.666667	1053.333333	1019	25.66666667	571.1111111	839	845.6666667	1040	1007.666667	1023.333333	1023.333333	974.3333333	912.3333333	967.6666667	1012.333333	907.6666667	1085.666667	939
316151010	826.19	1057.666667	1086.666667	1055.666667	1025.666667	25.66666667	574.3333333	847.6666667	845.6666667	1101	1060	1079	1079	940	886.6666667	947.6666667	979	892.3333333	1073.333333	927.6666667
316151015	823	1040	1066.666667	1039	1014.333333	27.66666667	573.3333333	846.6666667	847.6666667	1072.333333	1045.666667	1060	1060	900	847.6666667	907.6666667	933.3333333	826.6666667	986.6666667	846.6666667
316151020	831.99	986.6666667	1013.333333	985.6666667	961	25.66666667	593.3333333	865.6666667	885.6666667	1033.333333	1012.333333	1022.333333	1023.333333	893.3333333	845.6666667	893.3333333	919	853.3333333	1027.666667	867.6666667
316151025	802.45	983.3333333	1013.333333	983.3333333	954.3333333	21	596.5555556	881	887.6666667	986.6666667	959	972.3333333	973.3333333	881	825.6666667	865.6666667	901	819	985.6666667	845.6666667
316151030	761	1036.666667	1065.666667	1035.666667	1005.666667	27.66666667	578.7777778	846.6666667	859	986.6666667	961	972.3333333	974.3333333	860	813.3333333	866.6666667	901	833.3333333	999	845.6666667
316151035	758.88	1001	1021	1000	979	26.66666667	563.4444444	826.6666667	840	986.6666667	961	972.3333333	973.3333333	873.3333333	819	881	906.6666667	866.6666667	1047.666667	886.6666667
316151040	775.71	981	999	981	961	26.66666667	590.1111111	866.6666667	880	1007.666667	980	994.3333333	993.3333333	852.3333333	793.3333333	861	886.6666667	867.6666667	1047.666667	893.3333333
316151045	789.39	975.6666667	999	976.6666667	954.3333333	26.66666667	572.1111111	839	845.6666667	967.6666667	940	953.3333333	953.3333333	874.3333333	821	873.3333333	900	852.3333333	1025.666667	874.3333333
316151050	820.05	976.6666667	1000	975.6666667	952.3333333	25.66666667	565.4444444	826.6666667	841	980	960	970	971	833.3333333	780	825.6666667	860	774.3333333	925.6666667	785.6666667
316151055	848	981	1000	981	959	26.66666667	574.3333333	847.6666667	845.6666667	967.6666667	940	954.3333333	954.3333333	839	787.6666667	847.6666667	881	752.3333333	905.6666667	767.6666667
316151100	836.6	932.3333333	954.3333333	932.3333333	913.3333333	26.66666667	549.8888889	806.6666667	814.3333333	900	880	890	890	834.3333333	780	825.6666667	867.6666667	741	899	761
316151105	830.49	921	934.3333333	921	906.6666667	27.66666667	542.2222222	801	799	927.6666667	900	914.3333333	912.3333333	832.3333333	766.6666667	826.6666667	860	739	885.6666667	752.3333333
316151110	842.84	912.3333333	933.3333333	913.3333333	894.3333333	27.66666667	554.3333333	812.3333333	820	892.3333333	881	885.6666667	885.6666667	800	754.3333333	806.6666667	840	793.3333333	946.6666667	806.6666667
316151115	831.26	912.3333333	932.3333333	913.3333333	894.3333333	27.66666667	549.8888889	807.6666667	813.3333333	894.3333333	881	886.6666667	885.6666667	873.3333333	820	867.6666667	899	774.3333333	926.6666667	787.6666667
316151120	830.95	914.3333333	934.3333333	913.3333333	894.3333333	25.66666667	551.1111111	807.6666667	821	873.3333333	852.3333333	864.3333333	864.3333333	881	827.6666667	887.6666667	865.4444444	772.3333333	925.6666667	793.3333333
316151125	800.28	922.3333333	940	923.3333333	905.6666667	33.33333333	561	821	826.6666667	894.3333333	881	887.6666667	887.6666667	887.6666667	825.6666667	885.6666667	866.6666667	794.3333333	945.6666667	807.6666667
316151130	820.1	924.3333333	939	923.3333333	907.6666667	27.66666667	565.4444444	825.6666667	841	885.6666667	866.6666667	876.6666667	875.6666667	921	853.3333333	921	952.3333333	821	985.6666667	839
316151135	804.72	921	946.6666667	921	894.3333333	791	791	781	801	872.3333333	865.6666667	869	869	940	885.6666667	947.6666667	972.3333333	813.3333333	981	827.6666667
316151140	812.92	922.3333333	940	922.3333333	905.6666667	25.66666667	540	792.3333333	800	893.3333333	879	887.6666667	887.6666667	940	887.6666667	946.6666667	973.3333333	834.3333333	1005.666667	845.6666667
316151145	810.93	892.3333333	912.3333333	894.3333333	874.3333333	26.66666667	544.4444444	801	805.6666667	894.3333333	872.3333333	882.3333333	884.3333333	974.3333333	920	967.6666667	1000	885.6666667	1067.666667	914.3333333
316151150	790.81	952.3333333	974.3333333	954.3333333	933.3333333	26.66666667	550.1111111	805.6666667	820	945.6666667	920	934.3333333	934.3333333	913.3333333	845.6666667	905.6666667	940	892.3333333	1066.666667	914.3333333
316151155	766.63	949	973.3333333	949	927.6666667	27.66666667	573.3333333	845.6666667	845.6666667	912.3333333	893.3333333	902.3333333	903.3333333	934.3333333	880	946.6666667	974.3333333	887.6666667	1065.666667	907.6666667
316151200	764.68	914.3333333	933.3333333	913.3333333	894.3333333	27.66666667	556.7777778	819	826.6666667	913.3333333	900	905.6666667	907.6666667	919	859	907.6666667	941	885.6666667	1067.666667	913.3333333
316151205	764.59	941	960	940	920	26.66666667	566.6666667	825.6666667	846.6666667	886.6666667	867.6666667	877.6666667	875.6666667	941	887.6666667	947.6666667	972.3333333	894.3333333	1066.666667	913.3333333
316151210	795.21	909	925.6666667	909	892.3333333	27.66666667	558.7777778	820	827.6666667	905.6666667	886.6666667	897.6666667	895.6666667	960	907.6666667	965.6666667	993.3333333	920	1107.666667	953.3333333
316151215	818.82	899	926.6666667	901	873.3333333	26.66666667	570.1111111	839	846.6666667	907.6666667	879	893.3333333	894.3333333	980	913.3333333	980	1013.333333	919	1107.666667	953.3333333
316151220	817.89	912.3333333	934.3333333	913.3333333	893.3333333	25.66666667	558.7777778	819	827.6666667	894.3333333	881	886.6666667	885.6666667	960	893.3333333	961	994.3333333	932.3333333	1127.666667	965.6666667
316151225	821.06	950	973.3333333	949	927.6666667	26.66666667	585.4444444	859	867.6666667	886.6666667	867.6666667	876.6666667	875.6666667	979	921	985.6666667	1013.333333	914.3333333	1107.666667	945.6666667
316151230	814.22	987.6666667	1012.333333	985.6666667	960	19	594.3333333	873.3333333	885.6666667	919	899	910	910	921	881	927.6666667	961	927.6666667	1125.666667	966.6666667
316151235	805.03	926.6666667	945.6666667	926.6666667	905.6666667	20	626.6666667	927.6666667	932.3333333	926.6666667	905.6666667	917.6666667	917.6666667	933.3333333	886.6666667	946.6666667	973.3333333	933.3333333	1127.666667	966.6666667
316151240	843.91	954.3333333	973.3333333	953.3333333	934.3333333	19	612.1111111	905.6666667	906.6666667	894.3333333	879	885.6666667	885.6666667	947.6666667	900	961	992.3333333	926.6666667	1126.666667	967.6666667
316151245	870.55	1004.333333	1032.333333	1004.333333	974.3333333	19	603.4444444	885.6666667	905.6666667	926.6666667	899	913.3333333	914.3333333	954.3333333	899	961	992.3333333	940	1125.666667	973.3333333
316151250	873.72	1041	1067.666667	1041	1013.333333	901	899	892.3333333	906.6666667	965.6666667	939	953.3333333	952.3333333	953.3333333	893.3333333	959	994.3333333	932.3333333	1127.666667	967.6666667
316151255	870.96	1049	1079	1050	1019	26.66666667	592.3333333	866.6666667	886.6666667	987.6666667	960	972.3333333	973.3333333	939	881	947.6666667	973.3333333	901	1085.666667	925.6666667
316151300	847.25	1064.333333	1085.666667	1063.333333	1040	25.66666667	557.7777778	821	825.6666667	1005.666667	981	993.3333333	992.3333333	932.3333333	867.6666667	927.6666667	972.3333333	914.3333333	1085.666667	941
316151305	863.64	990	1006.666667	989	973.3333333	804.3333333	803.3333333	801	805.6666667	945.6666667	919	934.3333333	933.3333333	953.3333333	899	967.6666667	994.3333333	885.6666667	1067.666667	905.6666667
316151310	863.3	951	974.3333333	951	927.6666667	25.66666667	529.8888889	779	779	914.3333333	901	907.6666667	907.6666667	927.6666667	866.6666667	927.6666667	961	872.3333333	1047.666667	907.6666667
316151315	864.88	945.6666667	965.6666667	947.6666667	926.6666667	25.66666667	521.2222222	767.6666667	773.3333333	932.3333333	912.3333333	922.3333333	924.3333333	901	846.6666667	905.6666667	933.3333333	865.6666667	1046.666667	887.6666667
316151320	867.38	919	939	920	901	27.66666667	521.2222222	766.6666667	772.3333333	873.3333333	860	867.6666667	865.6666667	880	820	872.3333333	900	873.3333333	1045.666667	893.3333333
316151325	894.04	934.3333333	954.3333333	934.3333333	912.3333333	26.66666667	538.7777778	785.6666667	799	893.3333333	865.6666667	880	879	859	807.6666667	845.6666667	879	872.3333333	1047.666667	894.3333333
316151330	897.8	953.3333333	973.3333333	954.3333333	933.3333333	25.66666667	570.1111111	841	847.6666667	892.3333333	872.3333333	883.3333333	882.3333333	852.3333333	806.6666667	854.3333333	881	874.3333333	1047.666667	907.6666667
316151335	866.01	922.3333333	946.6666667	922.3333333	901	25.66666667	581.2222222	852.3333333	866.6666667	907.6666667	880	892.3333333	892.3333333	839	786.6666667	840	861	852.3333333	1025.666667	873.3333333
316151340	840.82	937.6666667	960	937.6666667	913.3333333	27.66666667	583.2222222	852.3333333	865.6666667	880	859	870	869	812.3333333	767.6666667	827.6666667	839	865.6666667	1047.666667	885.6666667
316151345	827.9	937.6666667	959	935.6666667	912.3333333	27.66666667	563.4444444	825.6666667	840	892.3333333	873.3333333	884.3333333	884.3333333	833.3333333	774.3333333	827.6666667	859	853.3333333	1033.333333	887.6666667
316151350	800.73	937.6666667	960	937.6666667	914.3333333	27.66666667	583.4444444	859	867.6666667	921	901	911	909	854.3333333	805.6666667	853.3333333	879	872.3333333	1054.333333	907.6666667
316151355	792.62	935.6666667	960	937.6666667	912.3333333	27.66666667	580	846.6666667	866.6666667	913.3333333	901	907.6666667	906.6666667	866.6666667	805.6666667	866.6666667	894.3333333	906.6666667	1085.666667	933.3333333
316151400	799.57	973.3333333	992.3333333	972.3333333	952.3333333	27.66666667	561	825.6666667	827.6666667	906.6666667	886.6666667	896.6666667	895.6666667	874.3333333	807.6666667	866.6666667	901	886.6666667	1065.666667	913.3333333
316151405	791.67	961	980	960	941	26.66666667	572.1111111	840	845.6666667	925.6666667	907.6666667	916.6666667	916.6666667	859	799	866.6666667	887.6666667	900	1085.666667	933.3333333
316151410	774.38	936.6666667	959	936.6666667	912.3333333	21	592.3333333	873.3333333	885.6666667	892.3333333	880	885.6666667	885.6666667	825.6666667	774.3333333	826.6666667	861	901	1087.666667	933.3333333
316151415	795.51	981	1001	981	961	27.66666667	567.6666667	827.6666667	847.6666667	927.6666667	905.6666667	917.6666667	916.6666667	860	799	861	881	873.3333333	1046.666667	892.3333333
316151420	816.24	985.6666667	1014.333333	987.6666667	960	33.33333333	574.3333333	840	846.6666667	947.6666667	919	932.3333333	933.3333333	879	820	886.6666667	912.3333333	893.3333333	1067.666667	905.6666667
316151425	825.18	970	993.3333333	970	946.6666667	859	860	854.3333333	865.6666667	946.6666667	925.6666667	935.6666667	936.6666667	881	825.6666667	885.6666667	912.3333333	919	1105.666667	946.6666667
316151430	816.76	941	961	941	920	21	584.4444444	866.6666667	867.6666667	912.3333333	899	905.6666667	906.6666667	826.6666667	767.6666667	825.6666667	861	906.6666667	1086.666667	926.6666667
316151435	809.75	954.3333333	974.3333333	952.3333333	933.3333333	27.66666667	576.7777778	846.6666667	861	892.3333333	879	885.6666667	887.6666667	861	805.6666667	867.6666667	894.3333333	873.3333333	1052.333333	906.6666667
316151440	817.5	934.3333333	952.3333333	932.3333333	912.3333333	19	591.1111111	865.6666667	885.6666667	905.6666667	879	894.3333333	894.3333333	894.3333333	832.3333333	886.6666667	920	812.3333333	986.6666667	832.3333333
316151445	825.58	989	1014.333333	990	967.6666667	25.66666667	605.6666667	886.6666667	906.6666667	926.6666667	901	913.3333333	912.3333333	913.3333333	847.6666667	907.6666667	932.3333333	853.3333333	1026.666667	879
316151450	816.74	1005.666667	1032.333333	1005.666667	981	21	590.1111111	865.6666667	886.6666667	967.6666667	939	952.3333333	952.3333333	934.3333333	865.6666667	926.6666667	960	885.6666667	1067.666667	912.3333333
316151455	815.3	1010	1027.666667	1009	993.3333333	882.3333333	882.3333333	879	887.6666667	945.6666667	919	932.3333333	934.3333333	934.3333333	881	932.3333333	973.3333333	913.3333333	1106.666667	946.6666667
316151500	804.88	983.3333333	1013.333333	984.3333333	953.3333333	27.66666667	594.3333333	867.6666667	887.6666667	946.6666667	920	932.3333333	933.3333333	840	787.6666667	833.3333333	861	906.6666667	1094.333333	947.6666667
316151505	789.32	995.6666667	1019	995.6666667	973.3333333	25.66666667	461	892.3333333	460	973.3333333	961	966.6666667	965.6666667	941	879	946.6666667	974.3333333	894.3333333	1079	926.6666667
316151510	796.94	970	1001	971	941	21	622.2222222	919	926.6666667	945.6666667	920	934.3333333	934.3333333	954.3333333	894.3333333	959	993.3333333	854.3333333	1027.666667	873.3333333
316151515	817.23	1046.666667	1067.666667	1045.666667	1027.666667	927.6666667	926.6666667	920	933.3333333	967.6666667	940	953.3333333	954.3333333	939	892.3333333	947.6666667	972.3333333	921	1105.666667	946.6666667
316151520	838.64	1023.333333	1047.666667	1022.333333	1001	21	621	914.3333333	925.6666667	985.6666667	959	973.3333333	973.3333333	986.6666667	941	986.6666667	1026.666667	934.3333333	1126.666667	973.3333333
316151525	867.4	1042.333333	1067.666667	1042.333333	1020	920	920	913.3333333	926.6666667	981	961	970	969	934.3333333	866.6666667	927.6666667	952.3333333	926.6666667	1112.333333	952.3333333
316151530	873.68	1044.333333	1066.666667	1043.333333	1021	21	603.2222222	885.6666667	899	1032.333333	999	1015.666667	1017.666667	913.3333333	845.6666667	914.3333333	952.3333333	925.6666667	1126.666667	965.6666667
316151535	875.11	1019	1047.666667	1021	994.3333333	875.6666667	875.6666667	867.6666667	885.6666667	1034.333333	1007.666667	1020	1020	985.6666667	934.3333333	999	1032.333333	852.3333333	1033.333333	886.6666667
316151540	883.6	1017.666667	1040	1015.666667	992.3333333	21	607.8888889	899	905.6666667	1012.333333	987.6666667	1001	999	1000	934.3333333	1005.666667	1033.333333	907.6666667	1094.333333	945.6666667
316151545	901.55	975.6666667	994.3333333	975.6666667	961	911	911	907.6666667	914.3333333	985.6666667	959	973.3333333	973.3333333	980	926.6666667	985.6666667	1020	925.6666667	1113.333333	954.3333333
316151550	890.2	996.6666667	1020	997.6666667	972.3333333	26.66666667	582.2222222	854.3333333	866.6666667	966.6666667	939	954.3333333	954.3333333	967.6666667	912.3333333	966.6666667	1013.333333	927.6666667	1113.333333	960
316151555	904.65	1007.666667	1027.666667	1005.666667	987.6666667	19	577.7777778	846.6666667	867.6666667	987.6666667	960	972.3333333	972.3333333	987.6666667	934.3333333	1001	1034.333333	933.3333333	1126.666667	966.6666667
316151600	905.84	972.3333333	999	973.3333333	947.6666667	893.3333333	892.3333333	887.6666667	900	925.6666667	900	912.3333333	914.3333333	961	899	967.6666667	1001	933.3333333	1125.666667	965.6666667
316151605	911.07	1012.333333	1032.333333	1013.333333	993.3333333	19	604.4444444	887.6666667	906.6666667	987.6666667	960	973.3333333	972.3333333	974.3333333	912.3333333	979	1014.333333	941	1132.333333	973.3333333
316151610	890.21	991	1001	990	979	20	607.6666667	893.3333333	906.6666667	952.3333333	939	945.6666667	947.6666667	979	914.3333333	980	1012.333333	934.3333333	1127.666667	967.6666667
316151615	884.11	940	966.6666667	939	912.3333333	19	614.3333333	906.6666667	914.3333333	874.3333333	861	865.6666667	865.6666667	967.6666667	907.6666667	974.3333333	1012.333333	953.3333333	1146.666667	987.6666667
316151620	869.31	1005.666667	1034.333333	1007.666667	979	894.3333333	893.3333333	892.3333333	893.3333333	952.3333333	939	947.6666667	945.6666667	939	887.6666667	946.6666667	985.6666667	960	1154.333333	1001
316151625	869.03	1016.666667	1041	1016.666667	994.3333333	27.66666667	447.6666667	866.6666667	446.6666667	987.6666667	961	972.3333333	974.3333333	961	906.6666667	966.6666667	1013.333333	939	1126.666667	966.6666667
316151630	914.25	999	1020	999	981	21	455.6666667	893.3333333	457.6666667	966.6666667	939	952.3333333	952.3333333	980	913.3333333	987.6666667	1013.333333	965.6666667	1167.666667	1000
316151635	895.34	1011	1041	1010	979	21	463.3333333	905.6666667	464.3333333	965.6666667	940	953.3333333	954.3333333	973.3333333	932.3333333	985.6666667	1020	967.6666667	1165.666667	1006.666667
316151640	842.47	1042.333333	1065.666667	1042.333333	1020	21	614.5555556	906.6666667	919	999	980	991	990	979	912.3333333	980	1013.333333	966.6666667	1161	1001
316151645	885.74	1037.666667	1059	1035.666667	1014.333333	19	616.7777778	907.6666667	925.6666667	986.6666667	961	974.3333333	974.3333333	960	907.6666667	965.6666667	999	980	1172.333333	1019
316151650	908.8	999	1020	1001	981	21	601	886.6666667	894.3333333	986.6666667	961	974.3333333	974.3333333	979	927.6666667	986.6666667	1012.333333	965.6666667	1161	1007.666667
316151655	905.59	1006.666667	1033.333333	1007.666667	981	19	450	880	450	967.6666667	941	954.3333333	953.3333333	986.6666667	925.6666667	987.6666667	1025.666667	953.3333333	1145.666667	986.6666667
316151700	927.54	1014.333333	1040	1012.333333	985.6666667	885.6666667	886.6666667	885.6666667	886.6666667	1005.666667	980	994.3333333	992.3333333	972.3333333	914.3333333	981	1005.666667	960	1152.333333	1001
316151705	931.48	1025.666667	1054.333333	1026.666667	1001	19	616.7777778	907.6666667	925.6666667	987.6666667	961	972.3333333	972.3333333	961	907.6666667	966.6666667	1007.666667	967.6666667	1167.666667	1012.333333
316151710	929.68	1022.333333	1045.666667	1022.333333	1000	20	616.5555556	905.6666667	919	1006.666667	979	992.3333333	992.3333333	961	900	967.6666667	992.3333333	954.3333333	1154.333333	994.3333333
316151715	923.04	1043.333333	1065.666667	1043.333333	1019	20	452.3333333	886.6666667	452.3333333	1007.666667	981	994.3333333	992.3333333	981	912.3333333	980	1013.333333	966.6666667	1167.666667	1007.666667
316151720	915.3	1022.333333	1046.666667	1023.333333	1000	19	467.6666667	913.3333333	466.6666667	987.6666667	960	972.3333333	972.3333333	974.3333333	920	979	1014.333333	961	1152.333333	994.3333333
316151725	916.23	1017.666667	1041	1015.666667	994.3333333	19	634.3333333	932.3333333	946.6666667	986.6666667	961	972.3333333	973.3333333	973.3333333	914.3333333	981	1014.333333	965.6666667	1166.666667	1001
316151730	909.7	1042.333333	1066.666667	1044.333333	1021	19	457.6666667	893.3333333	456.6666667	1005.666667	981	993.3333333	992.3333333	960	900	966.6666667	994.3333333	932.3333333	1125.666667	972.3333333
316151735	909.49	1042.333333	1067.666667	1044.333333	1021	885.6666667	886.6666667	887.6666667	887.6666667	986.6666667	961	972.3333333	972.3333333	967.6666667	907.6666667	981	1012.333333	965.6666667	1165.666667	1000
316151740	915.84	1021	1040	1021	1001	21	594.3333333	872.3333333	887.6666667	994.3333333	961	977.6666667	977.6666667	981	919	987.6666667	1014.333333	954.3333333	1153.333333	994.3333333
316151745	903.14	1007.666667	1032.333333	1005.666667	979	19	607.6666667	893.3333333	907.6666667	965.6666667	940	953.3333333	953.3333333	967.6666667	905.6666667	980	1012.333333	952.3333333	1146.666667	993.3333333
316151750	903.81	1016.666667	1039	1017.666667	994.3333333	21	612.3333333	905.6666667	913.3333333	999	980	991	990	965.6666667	914.3333333	974.3333333	1013.333333	952.3333333	1146.666667	985.6666667
316151755	908.04	1015.666667	1040	1015.666667	992.3333333	20	623.2222222	920	926.6666667	1012.333333	985.6666667	1000	999	947.6666667	894.3333333	959	992.3333333	966.6666667	1165.666667	1000
316151800	920.07	1013.333333	1034.333333	1013.333333	993.3333333	19	614.5555556	906.6666667	919	986.6666667	960	974.3333333	972.3333333	974.3333333	907.6666667	980	1014.333333	960	1154.333333	1001
316151805	912.5	1007.666667	1033.333333	1007.666667	979	19	604.4444444	885.6666667	906.6666667	985.6666667	961	974.3333333	973.3333333	974.3333333	907.6666667	974.3333333	1012.333333	966.6666667	1167.666667	1001
316151810	906.92	1013.333333	1041	1014.333333	985.6666667	19	606.6666667	892.3333333	906.6666667	985.6666667	959	973.3333333	974.3333333	952.3333333	887.6666667	961	993.3333333	965.6666667	1167.666667	1006.666667
316151815	916.74	1023.333333	1046.666667	1024.333333	1001	21	607.8888889	892.3333333	912.3333333	1001	979	989	991	947.6666667	885.6666667	946.6666667	994.3333333	960	1153.333333	1000
316151820	920.33	1046.666667	1074.333333	1045.666667	1020	19	606.6666667	893.3333333	905.6666667	1006.666667	980	994.3333333	994.3333333	961	899	967.6666667	993.3333333	952.3333333	1146.666667	986.6666667
316151825	908.1	1045.666667	1073.333333	1046.666667	1021	21	605.4444444	887.6666667	907.6666667	1005.666667	979	993.3333333	992.3333333	961	912.3333333	973.3333333	1012.333333	941	1126.666667	965.6666667
316151830	914.73	1049	1081	1049	1020	21	600	885.6666667	894.3333333	1026.666667	999	1014.333333	1013.333333	965.6666667	906.6666667	965.6666667	992.3333333	939	1134.333333	966.6666667
316151835	920.69	1027.666667	1047.666667	1025.666667	1006.666667	19	597.7777778	879	892.3333333	987.6666667	959	973.3333333	972.3333333	953.3333333	886.6666667	953.3333333	993.3333333	947.6666667	1146.666667	986.6666667
316151840	915.37	1005.666667	1026.666667	1006.666667	985.6666667	20	603.2222222	887.6666667	900	980	954.3333333	967.6666667	967.6666667	960	892.3333333	966.6666667	993.3333333	933.3333333	1125.666667	967.6666667
316151845	921.56	1011	1039	1011	979	21	592.1111111	866.6666667	886.6666667	1006.666667	974.3333333	990	991	952.3333333	893.3333333	961	994.3333333	919	1106.666667	945.6666667
316151850	927.78	1006.666667	1025.666667	1005.666667	986.6666667	892.3333333	894.3333333	885.6666667	899	985.6666667	960	974.3333333	972.3333333	961	893.3333333	967.6666667	993.3333333	912.3333333	1100	954.3333333
316151855	938.51	994.3333333	1014.333333	992.3333333	974.3333333	19	603.4444444	892.3333333	900	966.6666667	940	953.3333333	954.3333333	939	881	945.6666667	972.3333333	914.3333333	1105.666667	946.6666667
316151900	940.8	1021	1045.666667	1021	994.3333333	897.6666667	895.6666667	893.3333333	901	986.6666667	960	974.3333333	973.3333333	934.3333333	865.6666667	939	974.3333333	927.6666667	1113.333333	952.3333333
316151905	923.85	1001	1021	1001	980	20	607.6666667	894.3333333	907.6666667	985.6666667	961	974.3333333	972.3333333	965.6666667	907.6666667	967.6666667	1001	913.3333333	1105.666667	947.6666667
316151910	912.47	1017.666667	1040	1015.666667	994.3333333	21	609.8888889	899	907.6666667	954.3333333	932.3333333	944.3333333	942.3333333	954.3333333	894.3333333	965.6666667	992.3333333	905.6666667	1094.333333	934.3333333
316151915	913.23	1021	1047.666667	1021	992.3333333	914.3333333	914.3333333	907.6666667	919	1006.666667	981	994.3333333	993.3333333	941	887.6666667	947.6666667	973.3333333	906.6666667	1094.333333	933.3333333
316151920	908.73	1035.666667	1061	1035.666667	1012.333333	19	606.6666667	893.3333333	907.6666667	985.6666667	960	974.3333333	973.3333333	920	861	925.6666667	960	926.6666667	1114.333333	952.3333333
316151925	907.32	1041	1065.666667	1039	1012.333333	911	909	905.6666667	912.3333333	999	972.3333333	987.6666667	985.6666667	960	893.3333333	967.6666667	992.3333333	921	1113.333333	952.3333333
316151930	914.35	1035.666667	1060	1036.666667	1012.333333	19	605.4444444	886.6666667	905.6666667	1006.666667	980	993.3333333	992.3333333	954.3333333	879	954.3333333	994.3333333	926.6666667	1125.666667	966.6666667
316151935	910.17	1024.333333	1045.666667	1022.333333	999	20	599	887.6666667	893.3333333	1006.666667	979	993.3333333	993.3333333	920	865.6666667	927.6666667	961	913.3333333	1094.333333	945.6666667
316151940	909.68	1015.666667	1041	1016.666667	993.3333333	911	911	907.6666667	912.3333333	1007.666667	980	993.3333333	993.3333333	926.6666667	865.6666667	932.3333333	974.3333333	887.6666667	1073.333333	913.3333333
316151945	914.12	1027.666667	1054.333333	1026.666667	999	21	607.6666667	893.3333333	905.6666667	1005.666667	986.6666667	995.6666667	995.6666667	939	872.3333333	945.6666667	979	912.3333333	1105.666667	947.6666667
316151950	916.17	1047.666667	1073.333333	1047.666667	1021	26.66666667	614.5555556	907.6666667	912.3333333	1020	986.6666667	1002.333333	1004.333333	926.6666667	867.6666667	932.3333333	973.3333333	914.3333333	1094.333333	932.3333333
316151955	910.39	1047.666667	1074.333333	1047.666667	1020	20	615.5555556	906.6666667	920	1020	985.6666667	1004.333333	1004.333333	940	879	947.6666667	980	912.3333333	1107.666667	939
316152000	910.82	1050	1080	1050	1020	20	611.1111111	899	914.3333333	1026.666667	1001	1012.333333	1013.333333	941	887.6666667	959	992.3333333	932.3333333	1125.666667	966.6666667
316152005	916.72	1040	1066.666667	1040	1013.333333	911	909	906.6666667	914.3333333	1019	999	1010	1009	947.6666667	886.6666667	959	993.3333333	919	1114.333333	952.3333333
316152010	919.82	1045.666667	1072.333333	1046.666667	1020	21	608.8888889	894.3333333	913.3333333	1025.666667	994.3333333	1010	1009	947.6666667	887.6666667	959	993.3333333	914.3333333	1105.666667	947.6666667
316152015	906.06	1043.333333	1065.666667	1044.333333	1020	20	616.7777778	913.3333333	919	1027.666667	999	1014.333333	1012.333333	967.6666667	901	981	1013.333333	921	1114.333333	952.3333333
316152020	905.05	1044.333333	1067.666667	1044.333333	1019	20	626.6666667	926.6666667	934.3333333	1012.333333	985.6666667	1000	1001	973.3333333	912.3333333	986.6666667	1014.333333	899	1085.666667	926.6666667
316152025	915.57	1045.666667	1074.333333	1045.666667	1021	19	621.2222222	912.3333333	932.3333333	1026.666667	1000	1014.333333	1012.333333	961	892.3333333	967.6666667	999	905.6666667	1094.333333	940
316152030	915.54	1059	1087.666667	1059	1034.333333	21	621.2222222	914.3333333	932.3333333	1026.666667	999	1014.333333	1013.333333	967.6666667	900	967.6666667	1012.333333	913.3333333	1094.333333	939
316152035	921.98	1052.333333	1080	1052.333333	1025.666667	21	615.5555556	907.6666667	920	1026.666667	1001	1012.333333	1012.333333	960	905.6666667	967.6666667	1006.666667	901	1087.666667	927.6666667
316152040	932.97	1049	1081	1049	1020	19	623.2222222	912.3333333	934.3333333	1025.666667	1001	1014.333333	1012.333333	960	893.3333333	967.6666667	1001	899	1087.666667	934.3333333
316152045	938.84	1051	1080	1051	1020	21	621.2222222	914.3333333	934.3333333	1026.666667	999	1012.333333	1013.333333	961	885.6666667	966.6666667	992.3333333	927.6666667	1113.333333	967.6666667
316152050	944.53	1059	1087.666667	1061	1033.333333	924.3333333	923.3333333	912.3333333	934.3333333	1026.666667	999	1014.333333	1014.333333	934.3333333	874.3333333	945.6666667	987.6666667	919	1114.333333	952.3333333
316152055	948.96	1057.666667	1079	1055.666667	1033.333333	21	621.2222222	912.3333333	933.3333333	1025.666667	1000	1014.333333	1014.333333	926.6666667	867.6666667	939	974.3333333	913.3333333	1094.333333	939
316152100	947.83	1049	1081	1049	1019	21	622.2222222	913.3333333	934.3333333	1026.666667	999	1014.333333	1012.333333	941	872.3333333	946.6666667	967.6666667	894.3333333	1081	925.6666667
316152105	933.96	1051	1080	1051	1021	21	622.2222222	914.3333333	934.3333333	1025.666667	1001	1012.333333	1012.333333	932.3333333	872.3333333	945.6666667	980	899	1093.333333	933.3333333
316152110	938.64	1046.666667	1073.333333	1046.666667	1019	27.66666667	617.7777778	906.6666667	920	1027.666667	1000	1013.333333	1013.333333	941	867.6666667	945.6666667	973.3333333	906.6666667	1094.333333	934.3333333
316152115	942.79	1044.333333	1067.666667	1044.333333	1021	20	614.3333333	905.6666667	913.3333333	1025.666667	1000	1014.333333	1012.333333	940	874.3333333	947.6666667	973.3333333	905.6666667	1113.333333	947.6666667
316152120	932.19	1047.666667	1072.333333	1047.666667	1019	19	612.3333333	905.6666667	913.3333333	1025.666667	1000	1012.333333	1013.333333	939	874.3333333	946.6666667	974.3333333	905.6666667	1093.333333	933.3333333
316152125	933.46	1047.666667	1072.333333	1047.666667	1020	26.66666667	616.5555556	905.6666667	914.3333333	1027.666667	1001	1014.333333	1013.333333	940	872.3333333	946.6666667	981	912.3333333	1100	927.6666667
316152130	950.51	1043.333333	1066.666667	1042.333333	1019	27.66666667	612.3333333	901	912.3333333	1026.666667	1000	1012.333333	1012.333333	932.3333333	874.3333333	941	973.3333333	921	1112.333333	945.6666667
316152135	963.31	1042.333333	1066.666667	1044.333333	1021	21	607.8888889	893.3333333	914.3333333	1026.666667	992.3333333	1011	1011	926.6666667	865.6666667	926.6666667	967.6666667	919	1113.333333	952.3333333
316152140	965.3	1035.666667	1059	1035.666667	1014.333333	20	603.4444444	893.3333333	901	1020	987.6666667	1002.333333	1004.333333	920	859	927.6666667	961	919	1113.333333	946.6666667
316152145	963.47	1027.666667	1052.333333	1026.666667	999	896.6666667	897.6666667	893.3333333	900	1007.666667	979	992.3333333	993.3333333	913.3333333	854.3333333	927.6666667	953.3333333	912.3333333	1106.666667	953.3333333
316152150	966.74	1022.333333	1045.666667	1022.333333	1001	21	602.2222222	887.6666667	899	1006.666667	973.3333333	990	989	919	860	927.6666667	966.6666667	912.3333333	1093.333333	939
316152155	965.94	1021	1039	1021	1001	20	603.2222222	886.6666667	901	986.6666667	961	974.3333333	972.3333333	940	866.6666667	926.6666667	972.3333333	905.6666667	1092.333333	926.6666667
316152200	959.76	1011	1032.333333	1009	987.6666667	27.66666667	457.6666667	886.6666667	456.6666667	985.6666667	959	973.3333333	973.3333333	940	867.6666667	946.6666667	973.3333333	914.3333333	1101	925.6666667
316152205	950.2	1011	1033.333333	1011	986.6666667	20	597.7777778	886.6666667	886.6666667	986.6666667	960	972.3333333	972.3333333	939	874.3333333	945.6666667	981	921	1105.666667	947.6666667
316152210	943.93	1007.666667	1025.666667	1006.666667	987.6666667	21	594.3333333	873.3333333	885.6666667	987.6666667	961	972.3333333	974.3333333	946.6666667	879	954.3333333	993.3333333	920	1114.333333	945.6666667
316152215	942.78	1001	1019	1000	981	21	595.5555556	879	886.6666667	985.6666667	960	972.3333333	972.3333333	961	892.3333333	966.6666667	993.3333333	919	1112.333333	952.3333333
316152220	943.26	1001	1026.666667	1001	972.3333333	25.66666667	598.7777778	880	885.6666667	985.6666667	959	974.3333333	974.3333333	961	901	973.3333333	1007.666667	927.6666667	1126.666667	972.3333333
316152225	938.78	999	1020	1001	979	26.66666667	597.7777778	879	887.6666667	986.6666667	959	973.3333333	972.3333333	952.3333333	893.3333333	967.6666667	994.3333333	934.3333333	1127.666667	952.3333333
316152230	936.67	995.6666667	1021	996.6666667	974.3333333	27.66666667	592.3333333	867.6666667	887.6666667	972.3333333	939	957.6666667	957.6666667	941	879	952.3333333	985.6666667	932.3333333	1133.333333	967.6666667
316152235	933.49	995.6666667	1021	996.6666667	972.3333333	20	587.8888889	866.6666667	879	973.3333333	954.3333333	962.3333333	964.3333333	941	872.3333333	961	987.6666667	934.3333333	1133.333333	973.3333333
316152240	933.08	987.6666667	1014.333333	987.6666667	961	879	879	872.3333333	886.6666667	972.3333333	953.3333333	964.3333333	962.3333333	952.3333333	886.6666667	959	994.3333333	925.6666667	1134.333333	965.6666667
316152245	935.84	991	1013.333333	991	965.6666667	20	587.6666667	866.6666667	872.3333333	973.3333333	954.3333333	964.3333333	963.3333333	953.3333333	880	960	985.6666667	940	1134.333333	974.3333333
316152250	935.89	997.6666667	1020	997.6666667	974.3333333	870	871	866.6666667	873.3333333	966.6666667	940	953.3333333	952.3333333	952.3333333	892.3333333	967.6666667	994.3333333	941	1133.333333	974.3333333
316152255	935.43	1002.333333	1025.666667	1003.333333	980	19	588.8888889	865.6666667	881	965.6666667	939	952.3333333	952.3333333	961	893.3333333	965.6666667	999	925.6666667	1134.333333	972.3333333
316152300	933.78	997.6666667	1020	995.6666667	972.3333333	20	589.8888889	866.6666667	881	981	954.3333333	965.6666667	967.6666667	959	892.3333333	965.6666667	999	932.3333333	1134.333333	965.6666667
316152305	932.66	996.6666667	1021	997.6666667	972.3333333	882.3333333	883.3333333	881	886.6666667	967.6666667	939	953.3333333	952.3333333	952.3333333	887.6666667	965.6666667	992.3333333	932.3333333	1134.333333	959
316152310	936.87	1017.666667	1039	1015.666667	993.3333333	21	601	886.6666667	894.3333333	986.6666667	960	973.3333333	973.3333333	961	894.3333333	967.6666667	1005.666667	927.6666667	1126.666667	967.6666667
316152315	939.84	1015.666667	1039	1016.666667	992.3333333	21	594.3333333	873.3333333	887.6666667	986.6666667	960	973.3333333	973.3333333	953.3333333	892.3333333	966.6666667	999	927.6666667	1119	960
316152320	937.56	1022.333333	1045.666667	1023.333333	999	20	598.7777778	881	893.3333333	986.6666667	960	972.3333333	973.3333333	953.3333333	893.3333333	967.6666667	993.3333333	926.6666667	1114.333333	959
316152325	933.67	1009	1034.333333	1010	986.6666667	869	871	865.6666667	872.3333333	993.3333333	967.6666667	981	980	953.3333333	887.6666667	966.6666667	992.3333333	925.6666667	1114.333333	961
316152330	926.59	1011	1032.333333	1009	987.6666667	20	598.7777778	879	894.3333333	985.6666667	959	972.3333333	973.3333333	954.3333333	901	972.3333333	1006.666667	926.6666667	1113.333333	946.6666667
316152335	928.32	1011	1034.333333	1011	986.6666667	21	601	887.6666667	894.3333333	985.6666667	961	972.3333333	974.3333333	953.3333333	887.6666667	973.3333333	1005.666667	925.6666667	1113.333333	953.3333333
316152340	929.83	1010	1033.333333	1009	986.6666667	27.66666667	600	886.6666667	886.6666667	985.6666667	960	972.3333333	972.3333333	960	893.3333333	966.6666667	1000	925.6666667	1112.333333	961
316152345	932.04	1014.333333	1033.333333	1013.333333	994.3333333	19	599	886.6666667	894.3333333	985.6666667	959	973.3333333	972.3333333	961	894.3333333	966.6666667	999	926.6666667	1125.666667	965.6666667
316152350	937.22	1017.666667	1041	1015.666667	994.3333333	890	890	885.6666667	893.3333333	987.6666667	961	972.3333333	972.3333333	954.3333333	887.6666667	967.6666667	992.3333333	925.6666667	1121	953.3333333
316152355	933.21	1016.666667	1041	1016.666667	992.3333333	21	601	885.6666667	892.3333333	986.6666667	960	974.3333333	972.3333333	961	893.3333333	967.6666667	1001	925.6666667	1119	952.3333333
316152400	939.7	1016.666667	1040	1016.666667	994.3333333	889	890	886.6666667	893.3333333	987.6666667	960	973.3333333	972.3333333	953.3333333	894.3333333	967.6666667	1001	940	1125.666667	974.3333333
316152405	939.85	1024.333333	1046.666667	1022.333333	999	21	599	885.6666667	893.3333333	987.6666667	965.6666667	975.6666667	975.6666667	960	893.3333333	965.6666667	1007.666667	927.6666667	1119	966.6666667
316152410	938.45	1021	1040	1021	1001	21	600	887.6666667	894.3333333	1000	965.6666667	982.3333333	983.3333333	953.3333333	880	967.6666667	994.3333333	919	1119	952.3333333
316152415	941.31	1022.333333	1045.666667	1022.333333	1001	21	446.6666667	873.3333333	447.6666667	994.3333333	974.3333333	982.3333333	984.3333333	954.3333333	872.3333333	961	993.3333333	926.6666667	1125.666667	954.3333333
316152420	939.58	1022.333333	1045.666667	1024.333333	1001	20	594.5555556	881	887.6666667	1000	974.3333333	987.6666667	986.6666667	939	879	967.6666667	994.3333333	926.6666667	1119	953.3333333
316152425	942.2	1023.333333	1047.666667	1022.333333	999	879	880	874.3333333	887.6666667	986.6666667	972.3333333	979	980	952.3333333	887.6666667	966.6666667	993.3333333	920	1112.333333	947.6666667
316152430	947.31	1025.666667	1045.666667	1026.666667	1006.666667	20	593.3333333	873.3333333	887.6666667	992.3333333	972.3333333	984.3333333	983.3333333	952.3333333	886.6666667	966.6666667	993.3333333	919	1114.333333	953.3333333
316152435	948.8	1013.333333	1040	1012.333333	985.6666667	19	592.1111111	873.3333333	880	986.6666667	959	973.3333333	973.3333333	954.3333333	881	959	993.3333333	921	1113.333333	953.3333333
316152440	953.16	1017.666667	1040	1017.666667	994.3333333	25.66666667	595.5555556	872.3333333	887.6666667	987.6666667	961	974.3333333	974.3333333	941	873.3333333	959	985.6666667	920	1114.333333	947.6666667
316152445	954.15	1015.666667	1039	1017.666667	993.3333333	25.66666667	598.7777778	879	886.6666667	986.6666667	961	972.3333333	973.3333333	932.3333333	867.6666667	946.6666667	973.3333333	914.3333333	1113.333333	947.6666667
316152450	954.4	1019	1040	1019	999	27.66666667	599	879	893.3333333	986.6666667	961	972.3333333	974.3333333	921	859	932.3333333	965.6666667	913.3333333	1093.333333	934.3333333
316152455	954.84	1016.666667	1041	1017.666667	992.3333333	891	889	885.6666667	894.3333333	987.6666667	965.6666667	976.6666667	976.6666667	914.3333333	847.6666667	925.6666667	953.3333333	900	1094.333333	926.6666667
316152500	951.26	1013.333333	1040	1013.333333	987.6666667	19	600	887.6666667	892.3333333	987.6666667	959	974.3333333	973.3333333	907.6666667	839	921	946.6666667	894.3333333	1085.666667	933.3333333
316152505	953.1	1006.666667	1025.666667	1005.666667	985.6666667	26.66666667	601	879	892.3333333	985.6666667	960	973.3333333	973.3333333	907.6666667	840	920	947.6666667	894.3333333	1073.333333	912.3333333
316152510	952.28	995.6666667	1021	995.6666667	972.3333333	20	594.3333333	873.3333333	886.6666667	986.6666667	959	972.3333333	974.3333333	914.3333333	841	925.6666667	946.6666667	893.3333333	1081	914.3333333
316152515	954.94	991	1013.333333	989	967.6666667	869	869	867.6666667	872.3333333	967.6666667	939	952.3333333	953.3333333	913.3333333	834.3333333	921	945.6666667	879	1072.333333	905.6666667
316152520	954.25	989	1012.333333	989	965.6666667	21	586.6666667	867.6666667	874.3333333	965.6666667	940	953.3333333	953.3333333	901	840	912.3333333	947.6666667	881	1065.666667	912.3333333
316152525	952.07	992.3333333	1020	993.3333333	966.6666667	865.6666667	867.6666667	866.6666667	866.6666667	972.3333333	953.3333333	964.3333333	963.3333333	906.6666667	833.3333333	921	945.6666667	893.3333333	1085.666667	921
316152530	951.55	996.6666667	1021	997.6666667	973.3333333	864.3333333	863.3333333	859	867.6666667	965.6666667	946.6666667	957.6666667	956.6666667	912.3333333	841	926.6666667	954.3333333	901	1086.666667	925.6666667
316152535	949.82	1003.333333	1027.666667	1004.333333	980	19	576.7777778	846.6666667	865.6666667	965.6666667	939	953.3333333	954.3333333	912.3333333	841	920	953.3333333	900	1087.666667	925.6666667
316152540	951.72	989	1014.333333	991	967.6666667	851	851	845.6666667	853.3333333	974.3333333	960	965.6666667	966.6666667	921	845.6666667	927.6666667	959	905.6666667	1094.333333	933.3333333
316152545	953.35	986.6666667	1005.666667	986.6666667	965.6666667	851	850	847.6666667	854.3333333	965.6666667	941	952.3333333	954.3333333	920	859	940	974.3333333	900	1093.333333	934.3333333
316152550	956.35	986.6666667	1006.666667	987.6666667	966.6666667	21	570.1111111	845.6666667	846.6666667	966.6666667	940	954.3333333	953.3333333	914.3333333	853.3333333	932.3333333	965.6666667	901	1093.333333	933.3333333
316152555	951.9	972.3333333	1000	973.3333333	945.6666667	21	574.3333333	845.6666667	853.3333333	967.6666667	941	952.3333333	953.3333333	920	853.3333333	934.3333333	965.6666667	879	1067.666667	906.6666667
316152600	946.7	962.3333333	979	962.3333333	946.6666667	849	851	845.6666667	853.3333333	965.6666667	939	954.3333333	954.3333333	913.3333333	846.6666667	925.6666667	959	892.3333333	1085.666667	912.3333333
316152605	937.38	971	994.3333333	971	945.6666667	860	861	852.3333333	866.6666667	954.3333333	919	936.6666667	936.6666667	921	853.3333333	941	967.6666667	885.6666667	1074.333333	907.6666667
316152610	931.08	966.6666667	985.6666667	965.6666667	947.6666667	853.3333333	854.3333333	845.6666667	860	945.6666667	920	932.3333333	932.3333333	925.6666667	852.3333333	939	974.3333333	892.3333333	1073.333333	913.3333333
316152615	925.9	964.3333333	979	962.3333333	947.6666667	20	585.6666667	865.6666667	873.3333333	941	921	929	929	934.3333333	861	946.6666667	986.6666667	893.3333333	1094.333333	926.6666667
316152620	922.11	980	1000	980	961	867.6666667	867.6666667	866.6666667	865.6666667	947.6666667	919	933.3333333	934.3333333	933.3333333	853.3333333	932.3333333	967.6666667	899	1094.333333	932.3333333
316152625	921.7	987.6666667	1007.666667	987.6666667	967.6666667	19	585.6666667	865.6666667	872.3333333	953.3333333	932.3333333	944.3333333	942.3333333	919	859	939	972.3333333	905.6666667	1094.333333	926.6666667
316152630	922.81	996.6666667	1021	995.6666667	974.3333333	21	588.8888889	867.6666667	879	954.3333333	933.3333333	944.3333333	943.3333333	919	854.3333333	933.3333333	973.3333333	887.6666667	1072.333333	914.3333333
316152635	922.22	990	1014.333333	990	965.6666667	21	580	853.3333333	866.6666667	959	940	951	951	913.3333333	847.6666667	940	966.6666667	893.3333333	1086.666667	925.6666667
316152640	925.27	1002.333333	1026.666667	1002.333333	981	869	871	867.6666667	874.3333333	966.6666667	940	953.3333333	952.3333333	933.3333333	865.6666667	945.6666667	986.6666667	894.3333333	1074.333333	914.3333333
316152645	922.24	991	1012.333333	990	966.6666667	869	869	865.6666667	874.3333333	965.6666667	940	953.3333333	954.3333333	925.6666667	860	945.6666667	974.3333333	901	1094.333333	926.6666667
316152650	923.39	999	1020	1000	981	20	587.6666667	865.6666667	873.3333333	966.6666667	940	952.3333333	952.3333333	941	866.6666667	960	979	901	1094.333333	932.3333333
316152655	924.64	989	1012.333333	990	967.6666667	19	585.6666667	867.6666667	874.3333333	967.6666667	940	952.3333333	954.3333333	939	872.3333333	952.3333333	992.3333333	905.6666667	1093.333333	934.3333333
316152700	927.37	986.6666667	1006.666667	987.6666667	967.6666667	862.3333333	862.3333333	861	865.6666667	966.6666667	939	954.3333333	953.3333333	939	881	959	993.3333333	907.6666667	1093.333333	932.3333333
316152705	936.13	1003.333333	1026.666667	1004.333333	981	854.3333333	854.3333333	846.6666667	860	974.3333333	953.3333333	964.3333333	963.3333333	941	873.3333333	961	994.3333333	912.3333333	1105.666667	933.3333333
316152710	937.62	999	1021	1000	979	853.3333333	854.3333333	845.6666667	861	986.6666667	961	974.3333333	972.3333333	941	873.3333333	960	986.6666667	920	1112.333333	946.6666667
316152715	943.58	991	1014.333333	989	966.6666667	21	580	852.3333333	865.6666667	985.6666667	960	972.3333333	973.3333333	940	866.6666667	961	992.3333333	920	1114.333333	945.6666667
316152720	948.72	989	1013.333333	989	967.6666667	863.3333333	863.3333333	859	865.6666667	979	954.3333333	967.6666667	966.6666667	941	873.3333333	959	992.3333333	914.3333333	1114.333333	947.6666667
316152725	954.35	991	1012.333333	989	967.6666667	21	586.6666667	867.6666667	873.3333333	979	954.3333333	965.6666667	967.6666667	939	873.3333333	960	994.3333333	920	1105.666667	946.6666667
316152730	948.63	991	1013.333333	990	966.6666667	871	870	866.6666667	873.3333333	985.6666667	960	972.3333333	973.3333333	952.3333333	872.3333333	960	994.3333333	919	1113.333333	945.6666667
316152735	945.06	997.6666667	1020	997.6666667	973.3333333	20	585.6666667	867.6666667	872.3333333	985.6666667	961	972.3333333	972.3333333	940	865.6666667	961	992.3333333	919	1114.333333	947.6666667
316152740	942.55	1004.333333	1027.666667	1004.333333	981	869	871	866.6666667	874.3333333	985.6666667	961	973.3333333	973.3333333	941	865.6666667	953.3333333	992.3333333	914.3333333	1106.666667	946.6666667
316152745	948.31	1006.666667	1026.666667	1006.666667	987.6666667	870	869	866.6666667	874.3333333	987.6666667	961	973.3333333	974.3333333	941	874.3333333	961	992.3333333	912.3333333	1107.666667	933.3333333
316152750	944.49	1004.333333	1027.666667	1002.333333	979	21	587.6666667	865.6666667	874.3333333	985.6666667	959	972.3333333	974.3333333	941	873.3333333	961	992.3333333	913.3333333	1101	934.3333333
316152755	942.78	1010	1034.333333	1010	985.6666667	872.3333333	872.3333333	865.6666667	881	986.6666667	959	972.3333333	973.3333333	940	866.6666667	952.3333333	985.6666667	913.3333333	1105.666667	945.6666667
316152800	940.01	1006.666667	1025.666667	1007.666667	985.6666667	20	588.8888889	872.3333333	873.3333333	987.6666667	959	972.3333333	973.3333333	939	859	953.3333333	987.6666667	899	1107.666667	946.6666667
316152805	942.78	1007.666667	1027.666667	1005.666667	985.6666667	884.3333333	882.3333333	881	885.6666667	985.6666667	961	974.3333333	973.3333333	932.3333333	880	959	987.6666667	912.3333333	1107.666667	945.6666667
316152810	942.65	1009	1033.333333	1011	985.6666667	20	597.7777778	881	892.3333333	987.6666667	960	974.3333333	973.3333333	939	865.6666667	961	985.6666667	914.3333333	1107.666667	945.6666667
316152815	943.75	1014.333333	1040	1013.333333	986.6666667	883.3333333	883.3333333	879	887.6666667	987.6666667	959	972.3333333	973.3333333	940	867.6666667	960	986.6666667	920	1114.333333	945.6666667
316152820	944.4	1012.333333	1041	1012.333333	985.6666667	20	595.5555556	880	886.6666667	985.6666667	959	974.3333333	974.3333333	939	865.6666667	954.3333333	985.6666667	913.3333333	1106.666667	941
316152825	944.21	1012.333333	1040	1014.333333	985.6666667	876.6666667	875.6666667	872.3333333	881	987.6666667	961	974.3333333	974.3333333	940	859	961	985.6666667	914.3333333	1107.666667	953.3333333
316152830	944.16	1013.333333	1041	1013.333333	987.6666667	21	588.8888889	865.6666667	879	985.6666667	959	973.3333333	972.3333333	933.3333333	867.6666667	954.3333333	985.6666667	919	1112.333333	945.6666667
316152835	946.97	1013.333333	1040	1012.333333	985.6666667	25.66666667	589.8888889	867.6666667	872.3333333	986.6666667	954.3333333	969	970	934.3333333	861	953.3333333	986.6666667	921	1112.333333	947.6666667
316152840	949.86	1010	1032.333333	1010	985.6666667	863.3333333	863.3333333	860	867.6666667	987.6666667	961	973.3333333	972.3333333	932.3333333	861	952.3333333	985.6666667	912.3333333	1113.333333	947.6666667
316152845	951.94	1007.666667	1026.666667	1007.666667	985.6666667	19	578.7777778	853.3333333	860	987.6666667	959	974.3333333	973.3333333	927.6666667	859	945.6666667	974.3333333	913.3333333	1099	932.3333333
316152850	957.33	997.6666667	1020	995.6666667	973.3333333	20	581.2222222	861	865.6666667	986.6666667	961	972.3333333	974.3333333	920	845.6666667	940	965.6666667	901	1099	932.3333333
316152855	959.74	996.6666667	1021	997.6666667	973.3333333	867.6666667	867.6666667	866.6666667	865.6666667	986.6666667	960	972.3333333	972.3333333	913.3333333	845.6666667	941	967.6666667	907.6666667	1107.666667	941
316152900	964.91	989	1012.333333	991	967.6666667	21	583.2222222	860	866.6666667	967.6666667	941	953.3333333	952.3333333	920	846.6666667	939	973.3333333	905.6666667	1101	934.3333333
316152905	965.64	990	1014.333333	991	965.6666667	19	580	853.3333333	865.6666667	965.6666667	933.3333333	949	951	921	847.6666667	939	974.3333333	913.3333333	1107.666667	934.3333333
316152910	963.94	989	1012.333333	991	966.6666667	851	849	845.6666667	853.3333333	967.6666667	940	952.3333333	953.3333333	913.3333333	839	933.3333333	966.6666667	907.6666667	1092.333333	934.3333333
316152915	963.42	986.6666667	1006.666667	987.6666667	966.6666667	857.6666667	855.6666667	845.6666667	865.6666667	966.6666667	939	954.3333333	954.3333333	921	841	932.3333333	966.6666667	901	1086.666667	933.3333333
316152920	961.53	985.6666667	1007.666667	987.6666667	966.6666667	21	581	852.3333333	866.6666667	959	941	951	950	921	845.6666667	939	966.6666667	893.3333333	1085.666667	921
316152925	958.25	986.6666667	1005.666667	987.6666667	965.6666667	849	851	846.6666667	854.3333333	965.6666667	941	953.3333333	953.3333333	920	853.3333333	940	973.3333333	899	1092.333333	927.6666667
316152930	949.09	984.3333333	1000	983.3333333	967.6666667	21	572.3333333	846.6666667	854.3333333	965.6666667	939	953.3333333	953.3333333	921	854.3333333	945.6666667	973.3333333	901	1092.333333	932.3333333
316152935	943.73	981	1001	980	961	859	861	852.3333333	866.6666667	946.6666667	927.6666667	936.6666667	936.6666667	926.6666667	861	953.3333333	985.6666667	906.6666667	1092.333333	933.3333333
316152940	943.81	986.6666667	1005.666667	987.6666667	966.6666667	21	576.7777778	854.3333333	861	961	939	951	950	927.6666667	853.3333333	945.6666667	974.3333333	906.6666667	1094.333333	933.3333333
316152945	943.43	979	1001	979	961	860	861	853.3333333	865.6666667	960	941	950	949	913.3333333	839	939	966.6666667	900	1086.666667	925.6666667
316152950	946.1	990	1012.333333	990	967.6666667	853.3333333	852.3333333	845.6666667	860	961	940	950	950	913.3333333	841	934.3333333	967.6666667	893.3333333	1072.333333	913.3333333
316152955	945.58	991	1013.333333	989	967.6666667	21	570.1111111	845.6666667	846.6666667	966.6666667	941	952.3333333	954.3333333	900	820	920	941	881	1066.666667	907.6666667
316153000	938.3	987.6666667	1006.666667	986.6666667	966.6666667	852.3333333	853.3333333	852.3333333	854.3333333	967.6666667	939	954.3333333	954.3333333	894.3333333	820	906.6666667	940	874.3333333	1054.333333	892.3333333
316153005	939.62	974.3333333	999	972.3333333	946.6666667	845.6666667	847.6666667	845.6666667	847.6666667	965.6666667	940	953.3333333	954.3333333	894.3333333	819	907.6666667	939	852.3333333	1046.666667	886.6666667
316153010	942.95	971	994.3333333	971	945.6666667	20	566.6666667	832.3333333	845.6666667	947.6666667	921	934.3333333	934.3333333	893.3333333	827.6666667	913.3333333	947.6666667	860	1052.333333	892.3333333
316153015	936.9	959	981	961	941	842.3333333	843.3333333	839	845.6666667	946.6666667	920	934.3333333	933.3333333	887.6666667	805.6666667	905.6666667	933.3333333	867.6666667	1045.666667	892.3333333
316153020	939.79	964.3333333	981	963.3333333	946.6666667	820	819	812.3333333	826.6666667	946.6666667	921	932.3333333	932.3333333	887.6666667	801	901	925.6666667	860	1053.333333	894.3333333
316153025	939.7	963.3333333	980	964.3333333	947.6666667	27.66666667	553.3333333	807.6666667	826.6666667	946.6666667	919	932.3333333	934.3333333	892.3333333	807.6666667	906.6666667	933.3333333	859	1045.666667	887.6666667
316153030	937.65	961	981	960	939	811	810	807.6666667	813.3333333	946.6666667	919	933.3333333	933.3333333	893.3333333	814.3333333	900	927.6666667	853.3333333	1034.333333	881
316153035	946.11	931	954.3333333	930	906.6666667	20	548.8888889	807.6666667	821	927.6666667	899	914.3333333	912.3333333	887.6666667	821	906.6666667	925.6666667	859	1034.333333	872.3333333
316153040	947.45	929	952.3333333	929	907.6666667	20	551.1111111	806.6666667	827.6666667	926.6666667	900	914.3333333	914.3333333	893.3333333	805.6666667	899	925.6666667	854.3333333	1034.333333	866.6666667
316153045	943.97	922.3333333	941	924.3333333	906.6666667	21	552.1111111	806.6666667	827.6666667	900	881	889	891	879	805.6666667	901	925.6666667	853.3333333	1034.333333	872.3333333
316153050	935.31	919	941	921	901	805.6666667	807.6666667	806.6666667	807.6666667	892.3333333	880	886.6666667	886.6666667	887.6666667	814.3333333	905.6666667	926.6666667	853.3333333	1034.333333	872.3333333
316153055	934.97	935.6666667	953.3333333	937.6666667	919	19	413.3333333	805.6666667	413.3333333	913.3333333	887.6666667	899	899	873.3333333	805.6666667	894.3333333	926.6666667	853.3333333	1033.333333	873.3333333
316153100	927.36	940	960	941	920	806.6666667	805.6666667	807.6666667	807.6666667	919	900	910	911	874.3333333	801	885.6666667	905.6666667	832.3333333	1013.333333	861
316153105	917.33	923.3333333	939	923.3333333	907.6666667	20	544.4444444	806.6666667	805.6666667	913.3333333	893.3333333	904.3333333	904.3333333	872.3333333	800	892.3333333	921	853.3333333	1034.333333	880
316153110	907.9	930	953.3333333	931	906.6666667	20	541	793.3333333	805.6666667	907.6666667	886.6666667	895.6666667	897.6666667	872.3333333	807.6666667	893.3333333	919	859	1041	881
316153115	899.54	923.3333333	940	924.3333333	906.6666667	785.6666667	785.6666667	785.6666667	786.6666667	906.6666667	879	894.3333333	892.3333333	873.3333333	806.6666667	869.8888889	925.6666667	860	1046.666667	885.6666667
316153120	904.77	923.3333333	941	923.3333333	907.6666667	21	536.7777778	785.6666667	806.6666667	901	879	891	890	859	786.6666667	872.3333333	906.6666667	841	1025.666667	865.6666667
316153125	897.14	931	953.3333333	930	905.6666667	805.6666667	805.6666667	807.6666667	806.6666667	901	880	889	891	853.3333333	787.6666667	866.6666667	894.3333333	833.3333333	1012.333333	852.3333333
316153130	893.53	924.3333333	940	924.3333333	907.6666667	809	811	814.3333333	805.6666667	912.3333333	900	905.6666667	906.6666667	845.6666667	773.3333333	866.6666667	887.6666667	832.3333333	1013.333333	861
316153135	898.98	930	954.3333333	930	905.6666667	806.6666667	807.6666667	805.6666667	807.6666667	913.3333333	892.3333333	903.3333333	902.3333333	853.3333333	792.3333333	879	907.6666667	841	1014.333333	860
316153140	900.25	942.3333333	961	944.3333333	925.6666667	20	545.6666667	807.6666667	812.3333333	914.3333333	892.3333333	903.3333333	903.3333333	834.3333333	759	846.6666667	873.3333333	826.6666667	999	845.6666667
316153145	897.14	949	974.3333333	949	926.6666667	19	545.4444444	805.6666667	806.6666667	925.6666667	901	914.3333333	912.3333333	853.3333333	785.6666667	872.3333333	900	846.6666667	1025.666667	865.6666667
316153150	892.86	942.3333333	959	942.3333333	927.6666667	20	532.3333333	786.6666667	792.3333333	927.6666667	900	912.3333333	912.3333333	860	792.3333333	873.3333333	907.6666667	860	1045.666667	886.6666667
316153155	885.29	942.3333333	960	943.3333333	927.6666667	20	531.1111111	785.6666667	787.6666667	939	919	930	930	887.6666667	819	912.3333333	941	854.3333333	1032.333333	872.3333333
316153200	889.03	933.3333333	953.3333333	933.3333333	914.3333333	786.6666667	785.6666667	785.6666667	786.6666667	919	901	911	910	893.3333333	832.3333333	914.3333333	947.6666667	859	1046.666667	887.6666667
316153205	888.86	922.3333333	941	924.3333333	907.6666667	20	545.6666667	807.6666667	813.3333333	912.3333333	887.6666667	900	899	892.3333333	820	912.3333333	945.6666667	879	1072.333333	912.3333333
316153210	887.73	909	932.3333333	909	885.6666667	813.3333333	812.3333333	806.6666667	821	893.3333333	873.3333333	883.3333333	882.3333333	912.3333333	834.3333333	932.3333333	966.6666667	881	1067.666667	905.6666667
316153215	891.44	920	939	919	900	26.66666667	560	826.6666667	826.6666667	894.3333333	873.3333333	884.3333333	882.3333333	899	826.6666667	921	947.6666667	893.3333333	1094.333333	926.6666667
316153220	892.78	915.6666667	934.3333333	916.6666667	901	826.6666667	826.6666667	827.6666667	826.6666667	892.3333333	874.3333333	883.3333333	883.3333333	894.3333333	827.6666667	912.3333333	941	881	1067.666667	906.6666667
316153225	890.89	941	961	941	921	21	543.4444444	807.6666667	806.6666667	901	880	891	889	873.3333333	799	894.3333333	927.6666667	860	1046.666667	887.6666667
316153230	895.36	931	952.3333333	929	907.6666667	819	821	812.3333333	826.6666667	880	860	871	870	867.6666667	794.3333333	879	905.6666667	854.3333333	1025.666667	874.3333333
316153235	890.61	936.6666667	960	935.6666667	912.3333333	20	544.4444444	805.6666667	807.6666667	899	879	890	891	867.6666667	780	873.3333333	907.6666667	847.6666667	1025.666667	867.6666667
316153240	886.06	951	973.3333333	950	927.6666667	791	789	785.6666667	792.3333333	912.3333333	886.6666667	900	900	866.6666667	792.3333333	880	906.6666667	854.3333333	1034.333333	873.3333333
316153245	877.8	935.6666667	954.3333333	937.6666667	919	21	536.5555556	785.6666667	801	914.3333333	894.3333333	904.3333333	904.3333333	866.6666667	779	880	906.6666667	860	1045.666667	885.6666667
316153250	869.3	932.3333333	959	934.3333333	906.6666667	771	769	766.6666667	774.3333333	941	907.6666667	923.3333333	923.3333333	881	806.6666667	899	927.6666667	859	1045.666667	885.6666667
316153255	879.89	922.3333333	941	923.3333333	906.6666667	20	516.5555556	759	766.6666667	921	899	909	909	894.3333333	819	921	947.6666667	859	1054.333333	892.3333333
316153300	902.47	914.3333333	932.3333333	913.3333333	894.3333333	765.6666667	767.6666667	766.6666667	766.6666667	920	899	911	909	892.3333333	821	921	947.6666667	872.3333333	1054.333333	892.3333333
316153305	900.74	903.3333333	920	904.3333333	885.6666667	785.6666667	787.6666667	786.6666667	785.6666667	900	879	890	889	893.3333333	826.6666667	921	947.6666667	879	1066.666667	905.6666667
316153310	903.77	907.6666667	925.6666667	905.6666667	886.6666667	21	531.1111111	785.6666667	786.6666667	894.3333333	874.3333333	884.3333333	882.3333333	893.3333333	820	912.3333333	947.6666667	879	1065.666667	914.3333333
316153315	916.65	920	940	919	900	803.3333333	802.3333333	801	807.6666667	919	900	909	909	894.3333333	819	912.3333333	946.6666667	881	1067.666667	900
316153320	908.68	929	954.3333333	930	905.6666667	26.66666667	561	827.6666667	825.6666667	934.3333333	900	915.6666667	916.6666667	894.3333333	820	912.3333333	947.6666667	873.3333333	1052.333333	894.3333333
316153325	906.13	920	941	919	900	829	829	826.6666667	834.3333333	920	900	909	909	879	813.3333333	900	927.6666667	874.3333333	1053.333333	894.3333333
316153330	897.18	931	953.3333333	931	906.6666667	19	560	826.6666667	834.3333333	913.3333333	887.6666667	900	901	872.3333333	800	893.3333333	913.3333333	866.6666667	1047.666667	892.3333333
316153335	892.54	944.3333333	960	944.3333333	925.6666667	811	811	806.6666667	814.3333333	926.6666667	900	912.3333333	913.3333333	852.3333333	779	874.3333333	892.3333333	846.6666667	1034.333333	874.3333333
316153340	874.82	936.6666667	952.3333333	936.6666667	919	19	537.7777778	786.6666667	805.6666667	913.3333333	892.3333333	903.3333333	904.3333333	860	786.6666667	874.3333333	905.6666667	852.3333333	1034.333333	874.3333333
316153345	866.47	927.6666667	946.6666667	927.6666667	905.6666667	19	520	767.6666667	772.3333333	912.3333333	892.3333333	904.3333333	904.3333333	847.6666667	767.6666667	867.6666667	887.6666667	840	1013.333333	854.3333333
316153350	852.99	941	960	940	919	26.66666667	525.6666667	773.3333333	780	913.3333333	892.3333333	903.3333333	903.3333333	839	767.6666667	853.3333333	885.6666667	834.3333333	993.3333333	847.6666667
316153355	864.18	911	934.3333333	910	885.6666667	786.6666667	785.6666667	787.6666667	787.6666667	913.3333333	893.3333333	903.3333333	903.3333333	832.3333333	761	854.3333333	879	832.3333333	1007.666667	853.3333333
316153400	898.48	904.3333333	921	903.3333333	887.6666667	20	527.6666667	773.3333333	787.6666667	901	879	889	891	834.3333333	759	852.3333333	872.3333333	812.3333333	981	833.3333333
316153405	913.57	916.6666667	932.3333333	915.6666667	899	21	517.7777778	765.6666667	765.6666667	899	879	891	889	827.6666667	753.3333333	846.6666667	867.6666667	793.3333333	965.6666667	814.3333333
316153410	911.34	899	920	901	881	747.6666667	745.6666667	746.6666667	747.6666667	900	881	890	890	812.3333333	733.3333333	819	846.6666667	793.3333333	965.6666667	812.3333333
316153415	921.95	882.3333333	900	883.3333333	865.6666667	20	494.5555556	733.3333333	733.3333333	872.3333333	860	867.6666667	866.6666667	807.6666667	734.3333333	812.3333333	845.6666667	772.3333333	945.6666667	793.3333333
316153420	930.31	892.3333333	912.3333333	893.3333333	873.3333333	747.6666667	745.6666667	747.6666667	747.6666667	873.3333333	852.3333333	864.3333333	863.3333333	812.3333333	739	834.3333333	854.3333333	774.3333333	933.3333333	787.6666667
316153425	925.91	875.6666667	892.3333333	875.6666667	860	21	502.2222222	739	747.6666667	879	860	871	869	793.3333333	734.3333333	821	846.6666667	774.3333333	933.3333333	786.6666667
316153430	918.37	873.3333333	894.3333333	874.3333333	853.3333333	21	500	733.3333333	745.6666667	867.6666667	853.3333333	859	860	772.3333333	707.6666667	793.3333333	813.3333333	774.3333333	939	794.3333333
316153435	906.93	884.3333333	900	882.3333333	867.6666667	727.6666667	725.6666667	726.6666667	726.6666667	872.3333333	854.3333333	864.3333333	862.3333333	780	705.6666667	794.3333333	827.6666667	793.3333333	954.3333333	799
316153440	878.12	837.6666667	853.3333333	835.6666667	820	19	491.1111111	726.6666667	725.6666667	860	845.6666667	854.3333333	853.3333333	794.3333333	725.6666667	814.3333333	833.3333333	801	973.3333333	819
316153445	870.74	850	867.6666667	849	832.3333333	20	483.2222222	712.3333333	713.3333333	832.3333333	814.3333333	824.3333333	824.3333333	827.6666667	754.3333333	846.6666667	866.6666667	819	994.3333333	834.3333333
316153450	872.68	839	860	840	820	19	503.2222222	739	746.6666667	834.3333333	814.3333333	822.3333333	823.3333333	833.3333333	760	853.3333333	885.6666667	825.6666667	994.3333333	833.3333333
316153455	865.7	851	865.6666667	851	833.3333333	19	515.5555556	760	766.6666667	841	821	830	830	805.6666667	739	833.3333333	853.3333333	793.3333333	967.6666667	814.3333333
316153500	850.82	866.6666667	887.6666667	867.6666667	846.6666667	21	516.7777778	766.6666667	765.6666667	861	840	849	849	805.6666667	741	834.3333333	852.3333333	786.6666667	947.6666667	792.3333333
316153505	833.49	874.3333333	892.3333333	872.3333333	852.3333333	765.6666667	767.6666667	766.6666667	766.6666667	860	839	849	850	821	741	832.3333333	865.6666667	794.3333333	959	805.6666667
316153510	832.76	864.3333333	880	864.3333333	847.6666667	20	517.7777778	765.6666667	767.6666667	874.3333333	852.3333333	863.3333333	864.3333333	813.3333333	747.6666667	840	867.6666667	792.3333333	965.6666667	814.3333333
316153515	833.09	874.3333333	892.3333333	873.3333333	852.3333333	787.6666667	787.6666667	787.6666667	785.6666667	861	841	850	851	812.3333333	734.3333333	826.6666667	853.3333333	794.3333333	960	806.6666667
316153520	832.64	875.6666667	892.3333333	876.6666667	860	20	532.3333333	785.6666667	794.3333333	852.3333333	841	845.6666667	847.6666667	814.3333333	732.3333333	826.6666667	852.3333333	792.3333333	965.6666667	812.3333333
316153525	835.79	892.3333333	914.3333333	892.3333333	873.3333333	19	531.1111111	787.6666667	785.6666667	861	839	850	849	792.3333333	719	813.3333333	833.3333333	786.6666667	945.6666667	805.6666667
316153530	827.71	902.3333333	921	903.3333333	885.6666667	751	750	745.6666667	752.3333333	881	854.3333333	865.6666667	866.6666667	792.3333333	721	814.3333333	832.3333333	794.3333333	952.3333333	800
316153535	826.19	882.3333333	900	882.3333333	867.6666667	725.6666667	726.6666667	727.6666667	726.6666667	860	841	850	849	813.3333333	734.3333333	833.3333333	853.3333333	774.3333333	941	794.3333333
316153540	825.13	881	900	880	859	20	504.4444444	745.6666667	746.6666667	853.3333333	834.3333333	842.3333333	844.3333333	812.3333333	741	832.3333333	865.6666667	800	972.3333333	814.3333333
316153545	838.22	849	866.6666667	849	832.3333333	747.6666667	746.6666667	746.6666667	746.6666667	854.3333333	832.3333333	844.3333333	844.3333333	820	741	832.3333333	865.6666667	793.3333333	974.3333333	814.3333333
316153550	848.63	866.6666667	887.6666667	866.6666667	846.6666667	20	505.4444444	747.6666667	745.6666667	853.3333333	832.3333333	842.3333333	844.3333333	799	725.6666667	814.3333333	847.6666667	794.3333333	953.3333333	799
316153555	857.47	880	900	879	861	725.6666667	727.6666667	727.6666667	726.6666667	873.3333333	853.3333333	864.3333333	864.3333333	813.3333333	727.6666667	826.6666667	845.6666667	794.3333333	967.6666667	812.3333333
316153600	859.77	884.3333333	899	884.3333333	867.6666667	21	483.2222222	713.3333333	713.3333333	852.3333333	833.3333333	844.3333333	842.3333333	840	759	852.3333333	887.6666667	814.3333333	993.3333333	834.3333333
316153605	864	873.3333333	887.6666667	874.3333333	859	19	505.4444444	745.6666667	746.6666667	840	812.3333333	827.6666667	827.6666667	840	760	859	887.6666667	805.6666667	973.3333333	814.3333333
316153610	879.21	835.6666667	852.3333333	835.6666667	821	747.6666667	745.6666667	745.6666667	747.6666667	834.3333333	814.3333333	822.3333333	824.3333333	832.3333333	759	852.3333333	886.6666667	792.3333333	973.3333333	807.6666667
316153615	886.85	881	900	880	859	19	501.2222222	746.6666667	740	832.3333333	814.3333333	822.3333333	822.3333333	845.6666667	774.3333333	873.3333333	893.3333333	819	1000	841
316153620	872.71	901	921	899	881	21	517.7777778	766.6666667	766.6666667	881	859	871	870	852.3333333	774.3333333	874.3333333	901	794.3333333	965.6666667	814.3333333
316153625	857.75	896.6666667	912.3333333	897.6666667	879	21	532.1111111	785.6666667	786.6666667	893.3333333	873.3333333	883.3333333	884.3333333	872.3333333	785.6666667	892.3333333	926.6666667	794.3333333	967.6666667	800
316153630	847.32	906.6666667	927.6666667	905.6666667	885.6666667	767.6666667	766.6666667	765.6666667	765.6666667	881	854.3333333	867.6666667	865.6666667	832.3333333	759	861	885.6666667	799	981	821
316153635	838.68	919	939	919	900	769	770	765.6666667	773.3333333	901	881	891	890	846.6666667	766.6666667	867.6666667	886.6666667	834.3333333	1012.333333	853.3333333
316153640	830.69	916.6666667	933.3333333	917.6666667	899	19	518.7777778	765.6666667	767.6666667	914.3333333	892.3333333	903.3333333	903.3333333	852.3333333	781	873.3333333	907.6666667	825.6666667	1000	845.6666667
316153645	829.59	914.3333333	934.3333333	912.3333333	893.3333333	21	531.1111111	786.6666667	787.6666667	914.3333333	894.3333333	904.3333333	904.3333333	852.3333333	759	874.3333333	905.6666667	825.6666667	993.3333333	839
316153650	824.26	906.6666667	926.6666667	907.6666667	886.6666667	785.6666667	786.6666667	785.6666667	787.6666667	912.3333333	894.3333333	904.3333333	904.3333333	853.3333333	774.3333333	873.3333333	899	819	994.3333333	834.3333333
316153655	825.33	920	941	919	901	787.6666667	786.6666667	785.6666667	787.6666667	900	879	891	889	839	761	866.6666667	887.6666667	813.3333333	992.3333333	833.3333333
316153700	845.69	907.6666667	926.6666667	905.6666667	887.6666667	19	518.7777778	766.6666667	766.6666667	900	880	889	890	852.3333333	774.3333333	874.3333333	907.6666667	799	974.3333333	813.3333333
316153705	858	892.3333333	905.6666667	892.3333333	879	21	516.7777778	767.6666667	767.6666667	892.3333333	874.3333333	882.3333333	884.3333333	852.3333333	781	885.6666667	906.6666667	813.3333333	992.3333333	834.3333333
316153710	863.24	896.6666667	912.3333333	895.6666667	881	766.6666667	766.6666667	767.6666667	767.6666667	879	861	871	869	852.3333333	773.3333333	874.3333333	899	814.3333333	985.6666667	833.3333333
316153715	880.83	890	906.6666667	890	872.3333333	20	507.6666667	747.6666667	752.3333333	885.6666667	865.6666667	877.6666667	876.6666667	840	761	865.6666667	887.6666667	807.6666667	973.3333333	827.6666667
316153720	884.14	899	912.3333333	901	885.6666667	776.6666667	777.6666667	774.3333333	781	880	867.6666667	872.3333333	873.3333333	813.3333333	733.3333333	834.3333333	865.6666667	772.3333333	945.6666667	793.3333333
316153725	883.08	912.3333333	934.3333333	912.3333333	894.3333333	20	530.1111111	787.6666667	787.6666667	881	859	871	871	813.3333333	734.3333333	832.3333333	865.6666667	812.3333333	985.6666667	832.3333333
316153730	874.31	901	920	900	880	786.6666667	786.6666667	785.6666667	787.6666667	885.6666667	874.3333333	881	880	832.3333333	752.3333333	854.3333333	872.3333333	826.6666667	1000	845.6666667
316153735	874.85	912.3333333	934.3333333	914.3333333	894.3333333	21	504.4444444	745.6666667	746.6666667	900	880	891	890	845.6666667	760	860	885.6666667	820	1006.666667	839
316153740	897.4	874.3333333	893.3333333	874.3333333	852.3333333	19	473.3333333	701	699	859	840	850	851	865.6666667	781	892.3333333	927.6666667	805.6666667	981	820
316153745	906.02	885.6666667	900	886.6666667	872.3333333	19	472.3333333	701	700	893.3333333	873.3333333	884.3333333	884.3333333	841	760	852.3333333	881	812.3333333	985.6666667	825.6666667
316153750	890.01	826.6666667	841	825.6666667	813.3333333	21	517.7777778	766.6666667	765.6666667	807.6666667	792.3333333	799	800	793.3333333	721	812.3333333	846.6666667	787.6666667	953.3333333	800
316153755	872.6	874.3333333	894.3333333	874.3333333	852.3333333	766.6666667	765.6666667	766.6666667	765.6666667	834.3333333	812.3333333	823.3333333	824.3333333	781	706.6666667	807.6666667	832.3333333	781	954.3333333	800
316153800	880.88	876.6666667	893.3333333	877.6666667	861	19	518.7777778	765.6666667	767.6666667	847.6666667	832.3333333	839	841	799	720	820	847.6666667	773.3333333	945.6666667	792.3333333
316153805	892.73	896.6666667	913.3333333	895.6666667	879	21	496.5555556	734.3333333	732.3333333	852.3333333	833.3333333	843.3333333	844.3333333	813.3333333	733.3333333	834.3333333	845.6666667	806.6666667	972.3333333	819
316153810	895.22	897.6666667	913.3333333	897.6666667	881	20	384.3333333	745.6666667	383.3333333	861	839	849	851	806.6666667	721	826.6666667	846.6666667	812.3333333	994.3333333	825.6666667
316153815	896.03	924.3333333	939	924.3333333	905.6666667	736.6666667	736.6666667	732.3333333	739	893.3333333	873.3333333	883.3333333	884.3333333	819	739	839	867.6666667	812.3333333	985.6666667	827.6666667
316153820	909.65	890	907.6666667	890	873.3333333	21	496.5555556	732.3333333	732.3333333	901	881	889	891	833.3333333	747.6666667	853.3333333	866.6666667	826.6666667	994.3333333	841
316153825	904.83	871	885.6666667	871	853.3333333	21	496.5555556	732.3333333	733.3333333	852.3333333	832.3333333	844.3333333	843.3333333	841	753.3333333	852.3333333	885.6666667	827.6666667	1000	841
316153830	880.95	870	885.6666667	870	854.3333333	21	494.3333333	726.6666667	732.3333333	880	861	869	871	834.3333333	760	866.6666667	886.6666667	832.3333333	1005.666667	846.6666667
316153835	857.54	856.6666667	872.3333333	856.6666667	839	713.3333333	712.3333333	714.3333333	714.3333333	840	820	829	830	852.3333333	774.3333333	873.3333333	906.6666667	826.6666667	1005.666667	839
316153840	873.26	851	867.6666667	850	834.3333333	21	501.2222222	746.6666667	741	846.6666667	834.3333333	840	839	853.3333333	779	881	905.6666667	821	994.3333333	839
316153845	897.05	851	867.6666667	849	833.3333333	21	490.1111111	726.6666667	725.6666667	861	833.3333333	846.6666667	846.6666667	852.3333333	773.3333333	879	907.6666667	821	1005.666667	846.6666667
316153850	902.45	857.6666667	874.3333333	856.6666667	839	732.3333333	732.3333333	733.3333333	734.3333333	833.3333333	813.3333333	824.3333333	824.3333333	845.6666667	760	866.6666667	886.6666667	833.3333333	1012.333333	854.3333333
316153855	889.27	867.6666667	881	867.6666667	854.3333333	734.3333333	733.3333333	734.3333333	734.3333333	840	819	831	830	832.3333333	759	852.3333333	887.6666667	821	1012.333333	846.6666667
316153900	876.98	870	885.6666667	870	854.3333333	737.6666667	736.6666667	734.3333333	740	852.3333333	834.3333333	843.3333333	844.3333333	853.3333333	772.3333333	872.3333333	906.6666667	841	1012.333333	852.3333333
316153905	865.84	879	900	879	860	21	505.6666667	747.6666667	754.3333333	860	841	851	849	865.6666667	780	894.3333333	906.6666667	852.3333333	1034.333333	865.6666667
316153910	859.83	879	900	881	859	767.6666667	766.6666667	766.6666667	766.6666667	879	861	869	869	874.3333333	787.6666667	899	926.6666667	854.3333333	1032.333333	873.3333333
316153915	869.75	889	907.6666667	890	874.3333333	767.6666667	765.6666667	767.6666667	765.6666667	880	860	871	869	872.3333333	781	859	925.6666667	861	1034.333333	873.3333333
316153920	863.91	895.6666667	912.3333333	895.6666667	880	761	761	760	759	880	861	871	871	847.6666667	759	872.3333333	907.6666667	845.6666667	1032.333333	865.6666667
316153925	847.8	901	920	899	879	769	769	767.6666667	773.3333333	881	859	869	870	872.3333333	787.6666667	894.3333333	921	839	1012.333333	854.3333333
316153930	849.57	901	921	900	881	787.6666667	786.6666667	787.6666667	787.6666667	880	861	869	871	872.3333333	799	901	926.6666667	845.6666667	1032.333333	874.3333333
316153935	865.05	894.3333333	914.3333333	893.3333333	872.3333333	19	525.6666667	781	779	880	861	871	869	839	767.6666667	873.3333333	906.6666667	845.6666667	1025.666667	861
316153940	874.65	887.6666667	899	886.6666667	874.3333333	787.6666667	787.6666667	787.6666667	786.6666667	854.3333333	839	847.6666667	845.6666667	873.3333333	801	913.3333333	926.6666667	833.3333333	1012.333333	845.6666667
316153945	876.47	905.6666667	925.6666667	905.6666667	886.6666667	790	789	785.6666667	794.3333333	893.3333333	873.3333333	884.3333333	884.3333333	861	779	893.3333333	919	832.3333333	1012.333333	853.3333333
316153950	874.32	909	927.6666667	909	892.3333333	787.6666667	787.6666667	785.6666667	787.6666667	901	880	891	889	874.3333333	793.3333333	892.3333333	927.6666667	845.6666667	1040	872.3333333
316153955	878.31	903.3333333	921	903.3333333	886.6666667	785.6666667	787.6666667	785.6666667	787.6666667	879	860	870	871	866.6666667	786.6666667	892.3333333	927.6666667	834.3333333	1012.333333	852.3333333
316154000	885.09	907.6666667	920	907.6666667	893.3333333	787.6666667	786.6666667	786.6666667	785.6666667	892.3333333	873.3333333	883.3333333	884.3333333	827.6666667	746.6666667	853.3333333	872.3333333	832.3333333	1014.333333	852.3333333
316154005	888.01	906.6666667	927.6666667	905.6666667	885.6666667	785.6666667	786.6666667	786.6666667	786.6666667	892.3333333	873.3333333	883.3333333	884.3333333	821	739	853.3333333	880	825.6666667	1012.333333	854.3333333
316154010	893.23	916.6666667	933.3333333	917.6666667	900	754.3333333	752.3333333	752.3333333	754.3333333	900	879	889	889	806.6666667	727.6666667	834.3333333	845.6666667	772.3333333	946.6666667	793.3333333
316154015	904.23	921	939	921	901	810	810	805.6666667	814.3333333	894.3333333	873.3333333	884.3333333	882.3333333	800	733.3333333	834.3333333	853.3333333	792.3333333	973.3333333	814.3333333
316154020	917.54	914.3333333	932.3333333	914.3333333	893.3333333	810	811	805.6666667	814.3333333	912.3333333	892.3333333	903.3333333	904.3333333	807.6666667	734.3333333	832.3333333	845.6666667	819	992.3333333	832.3333333
316154025	919.5	930	952.3333333	929	907.6666667	807.6666667	806.6666667	806.6666667	805.6666667	912.3333333	893.3333333	903.3333333	903.3333333	834.3333333	760	860	887.6666667	806.6666667	980	825.6666667
316154030	925.6	933.3333333	953.3333333	933.3333333	912.3333333	747.6666667	747.6666667	747.6666667	745.6666667	901	879	890	891	834.3333333	761	860	887.6666667	827.6666667	1013.333333	845.6666667
316154035	931.79	916.6666667	933.3333333	915.6666667	901	705.6666667	707.6666667	707.6666667	705.6666667	906.6666667	886.6666667	896.6666667	895.6666667	819	740	834.3333333	866.6666667	819	1005.666667	839
316154040	937.4	860	873.3333333	859	846.6666667	710	709	705.6666667	712.3333333	866.6666667	854.3333333	859	861	834.3333333	761	853.3333333	886.6666667	833.3333333	1012.333333	854.3333333
316154045	935.46	845.6666667	866.6666667	847.6666667	825.6666667	729	731	734.3333333	726.6666667	853.3333333	833.3333333	842.3333333	843.3333333	832.3333333	761	854.3333333	885.6666667	820	1006.666667	852.3333333
316154050	925.22	853.3333333	874.3333333	853.3333333	833.3333333	687.6666667	686.6666667	687.6666667	686.6666667	860	841	849	851	813.3333333	740	854.3333333	880	813.3333333	985.6666667	827.6666667
316154055	934.62	840	847.6666667	841	833.3333333	762.3333333	763.3333333	766.6666667	759	865.6666667	852.3333333	860	859	826.6666667	746.6666667	854.3333333	874.3333333	805.6666667	981	814.3333333
316154100	935.96	844.3333333	867.6666667	843.3333333	820	765.6666667	766.6666667	766.6666667	767.6666667	805.6666667	793.3333333	800	800	832.3333333	740	852.3333333	879	805.6666667	985.6666667	819
316154105	944.7	889	901	889	880	742.3333333	744.3333333	745.6666667	739	865.6666667	840	854.3333333	854.3333333	833.3333333	754.3333333	852.3333333	886.6666667	812.3333333	992.3333333	833.3333333
316154110	949.68	823.3333333	841	823.3333333	806.6666667	725.6666667	726.6666667	725.6666667	727.6666667	834.3333333	812.3333333	824.3333333	823.3333333	792.3333333	714.3333333	813.3333333	841	794.3333333	973.3333333	805.6666667
316154115	945.01	894.3333333	913.3333333	892.3333333	872.3333333	727.6666667	727.6666667	725.6666667	725.6666667	861	839	851	851	792.3333333	727.6666667	812.3333333	846.6666667	773.3333333	946.6666667	780
316154120	916.82	875.6666667	892.3333333	876.6666667	859	726.6666667	726.6666667	725.6666667	727.6666667	872.3333333	853.3333333	862.3333333	862.3333333	800	725.6666667	825.6666667	847.6666667	794.3333333	967.6666667	800
316154125	869.12	866.6666667	873.3333333	866.6666667	860	656.6666667	655.6666667	659	653.3333333	872.3333333	854.3333333	862.3333333	862.3333333	801	727.6666667	826.6666667	845.6666667	774.3333333	946.6666667	786.6666667
316154130	874.9	812.3333333	832.3333333	812.3333333	794.3333333	690	691	694.3333333	687.6666667	794.3333333	772.3333333	783.3333333	783.3333333	785.6666667	714.3333333	814.3333333	825.6666667	774.3333333	934.3333333	781
316154135	876.55	811	826.6666667	810	794.3333333	664.3333333	663.3333333	666.6666667	661	834.3333333	814.3333333	822.3333333	822.3333333	801	719	832.3333333	852.3333333	794.3333333	972.3333333	814.3333333
316154140	892.96	806.6666667	812.3333333	806.6666667	799	743.3333333	743.3333333	746.6666667	739	839	819	831	831	819	739	861	865.6666667	786.6666667	967.6666667	799
316154145	897.44	803.3333333	826.6666667	802.3333333	781	711	710	705.6666667	713.3333333	767.6666667	752.3333333	759	759	794.3333333	712.3333333	812.3333333	840	799	979	812.3333333
316154150	931.08	802.3333333	807.6666667	802.3333333	800	697.6666667	697.6666667	699	693.3333333	832.3333333	812.3333333	824.3333333	823.3333333	807.6666667	726.6666667	834.3333333	867.6666667	793.3333333	966.6666667	805.6666667
316154155	901.73	776.6666667	805.6666667	775.6666667	746.6666667	786.6666667	785.6666667	786.6666667	786.6666667	685.6666667	680	682.3333333	683.3333333	812.3333333	734.3333333	833.3333333	867.6666667	753.3333333	927.6666667	774.3333333
316154200	897.35	883.3333333	907.6666667	882.3333333	861	787.6666667	787.6666667	786.6666667	787.6666667	880	866.6666667	872.3333333	874.3333333	841	752.3333333	873.3333333	885.6666667	805.6666667	993.3333333	826.6666667
316154205	858.85	907.6666667	919	905.6666667	892.3333333	746.6666667	747.6666667	747.6666667	745.6666667	901	880	889	889	839	754.3333333	865.6666667	886.6666667	794.3333333	973.3333333	805.6666667
316154210	870.95	801	805.6666667	801	793.3333333	724.3333333	723.3333333	719	725.6666667	765.6666667	754.3333333	760	761	820	733.3333333	840	867.6666667	793.3333333	966.6666667	814.3333333
316154215	826.7	859	881	860	840	739	741	745.6666667	734.3333333	805.6666667	785.6666667	797.6666667	795.6666667	787.6666667	707.6666667	814.3333333	834.3333333	786.6666667	953.3333333	794.3333333
316154220	832.14	896.6666667	919	897.6666667	872.3333333	727.6666667	726.6666667	726.6666667	727.6666667	880	861	869	869	741	673.3333333	773.3333333	794.3333333	812.3333333	994.3333333	834.3333333
316154225	862.91	934.3333333	954.3333333	932.3333333	912.3333333	766.6666667	767.6666667	767.6666667	767.6666667	932.3333333	905.6666667	921	919	752.3333333	680	773.3333333	800	767.6666667	932.3333333	772.3333333
316154230	879.77	913.3333333	934.3333333	913.3333333	894.3333333	747.6666667	747.6666667	747.6666667	745.6666667	921	899	909	910	814.3333333	734.3333333	833.3333333	865.6666667	794.3333333	972.3333333	813.3333333
316154235	914.87	899	912.3333333	901	887.6666667	734.3333333	734.3333333	732.3333333	734.3333333	901	880	891	891	813.3333333	733.3333333	840	866.6666667	806.6666667	980	821
316154240	890.88	835.6666667	845.6666667	835.6666667	825.6666667	671	669	666.6666667	673.3333333	846.6666667	826.6666667	835.6666667	837.6666667	854.3333333	774.3333333	874.3333333	906.6666667	826.6666667	1014.333333	852.3333333
316154245	915.66	802.3333333	814.3333333	804.3333333	792.3333333	673.3333333	672.3333333	672.3333333	673.3333333	792.3333333	779	785.6666667	786.6666667	833.3333333	752.3333333	873.3333333	886.6666667	826.6666667	1005.666667	852.3333333
316154250	938.39	797.6666667	813.3333333	796.6666667	779	714.3333333	712.3333333	714.3333333	712.3333333	801	773.3333333	787.6666667	786.6666667	840	761	872.3333333	899	814.3333333	992.3333333	832.3333333
316154255	933.14	852.3333333	874.3333333	853.3333333	832.3333333	763.3333333	762.3333333	766.6666667	760	821	794.3333333	806.6666667	807.6666667	852.3333333	767.6666667	880	907.6666667	832.3333333	1013.333333	852.3333333
316154300	913.92	869	885.6666667	869	854.3333333	705.6666667	707.6666667	706.6666667	707.6666667	845.6666667	833.3333333	840	840	861	781	893.3333333	912.3333333	821	992.3333333	832.3333333
316154305	894.47	872.3333333	886.6666667	872.3333333	859	687.6666667	687.6666667	692.3333333	680	874.3333333	853.3333333	864.3333333	862.3333333	854.3333333	779	892.3333333	906.6666667	827.6666667	1012.333333	852.3333333
316154310	881.45	766.6666667	785.6666667	766.6666667	745.6666667	733.3333333	732.3333333	733.3333333	733.3333333	786.6666667	773.3333333	781	781	841	754.3333333	865.6666667	887.6666667	840	1034.333333	861
316154315	901.45	851	866.6666667	851	832.3333333	747.6666667	745.6666667	746.6666667	746.6666667	841	825.6666667	833.3333333	833.3333333	839	761	872.3333333	823.4444444	839	1026.666667	852.3333333
316154320	918.12	883.3333333	905.6666667	882.3333333	861	787.6666667	786.6666667	785.6666667	787.6666667	874.3333333	853.3333333	862.3333333	863.3333333	859	766.6666667	881	906.6666667	833.3333333	1020	847.6666667
316154325	891.69	930	954.3333333	931	906.6666667	800	800	799	799	899	872.3333333	887.6666667	887.6666667	806.6666667	714.3333333	812.3333333	847.6666667	806.6666667	979	820
316154330	858.36	917.6666667	933.3333333	915.6666667	900	770	769	767.6666667	772.3333333	880	860	870	870	834.3333333	753.3333333	874.3333333	892.3333333	753.3333333	919	773.3333333
316154335	862.42	905.6666667	919	906.6666667	892.3333333	781	781	779	779	826.6666667	813.3333333	821	819	781	693.3333333	794.3333333	819	807.6666667	985.6666667	827.6666667
316154340	871.44	891	907.6666667	889	874.3333333	764.3333333	763.3333333	767.6666667	760	866.6666667	853.3333333	860	859	827.6666667	741	852.3333333	879	780	945.6666667	794.3333333
316154345	909.13	900	920	901	881	747.6666667	746.6666667	747.6666667	747.6666667	892.3333333	873.3333333	883.3333333	883.3333333	821	732.3333333	846.6666667	867.6666667	833.3333333	1014.333333	853.3333333
316154350	914.31	895.6666667	914.3333333	896.6666667	881	743.3333333	743.3333333	745.6666667	740	906.6666667	881	894.3333333	893.3333333	792.3333333	713.3333333	819	841	839	1020	853.3333333
316154355	910.75	844.3333333	853.3333333	844.3333333	832.3333333	762.3333333	762.3333333	765.6666667	761	860	834.3333333	845.6666667	846.6666667	845.6666667	760	874.3333333	892.3333333	807.6666667	987.6666667	832.3333333
316154400	901.11	837.6666667	846.6666667	836.6666667	827.6666667	725.6666667	726.6666667	725.6666667	725.6666667	845.6666667	833.3333333	839	841	801	720	832.3333333	847.6666667	801	972.3333333	814.3333333
316154405	908.38	879	900	880	861	659	659	667.6666667	653.3333333	852.3333333	832.3333333	843.3333333	844.3333333	845.6666667	753.3333333	872.3333333	887.6666667	807.6666667	986.6666667	819
316154410	930.7	856.6666667	873.3333333	857.6666667	840	724.3333333	722.3333333	725.6666667	721	847.6666667	832.3333333	841	840	833.3333333	752.3333333	861	881	807.6666667	981	814.3333333
316154415	938.84	839	860	839	819	662.3333333	662.3333333	667.6666667	660	852.3333333	834.3333333	843.3333333	842.3333333	825.6666667	741	854.3333333	879	793.3333333	974.3333333	812.3333333
316154420	938.1	850	867.6666667	850	834.3333333	713.3333333	713.3333333	712.3333333	713.3333333	866.6666667	853.3333333	860	861	781	694.3333333	793.3333333	820	786.6666667	967.6666667	801
316154425	939.84	850	866.6666667	850	833.3333333	724.3333333	723.3333333	725.6666667	719	841	821	829	830	805.6666667	720	834.3333333	861	774.3333333	953.3333333	793.3333333
316154430	941.65	855.6666667	873.3333333	855.6666667	839	686.6666667	686.6666667	687.6666667	686.6666667	841	819	830	830	814.3333333	726.6666667	841	865.6666667	813.3333333	992.3333333	833.3333333
316154435	926.25	837.6666667	847.6666667	836.6666667	826.6666667	743.3333333	742.3333333	745.6666667	740	827.6666667	807.6666667	815.6666667	816.6666667	773.3333333	692.3333333	799	821	805.6666667	972.3333333	820
316154440	908.6	835.6666667	853.3333333	835.6666667	819	629	629	633.3333333	626.6666667	786.6666667	772.3333333	780	781	781	693.3333333	792.3333333	819	806.6666667	1000	833.3333333
316154445	900.29	805.6666667	805.6666667	805.6666667	807.6666667	722.3333333	724.3333333	726.6666667	721	819	793.3333333	805.6666667	805.6666667	780	692.3333333	800	827.6666667	733.3333333	905.6666667	747.6666667
316154450	912.32	774.3333333	794.3333333	772.3333333	754.3333333	712.3333333	713.3333333	712.3333333	713.3333333	687.6666667	667.6666667	675.6666667	677.6666667	760	673.3333333	792.3333333	813.3333333	813.3333333	992.3333333	834.3333333
316154455	879.68	800	821	799	779	705.6666667	706.6666667	707.6666667	705.6666667	767.6666667	752.3333333	759	760	800	719	832.3333333	854.3333333	734.3333333	887.6666667	741
316154500	910.74	827.6666667	840	827.6666667	814.3333333	692.3333333	694.3333333	693.3333333	693.3333333	806.6666667	794.3333333	799	800	767.6666667	692.3333333	794.3333333	819	833.3333333	1012.333333	853.3333333
316154505	895.92	796.6666667	814.3333333	795.6666667	781	685.6666667	687.6666667	685.6666667	687.6666667	745.6666667	732.3333333	739	740	860	772.3333333	880	905.6666667	787.6666667	952.3333333	793.3333333
316154510	896.09	859	887.6666667	861	834.3333333	699	701	706.6666667	694.3333333	813.3333333	792.3333333	804.3333333	803.3333333	799	719	827.6666667	845.6666667	814.3333333	994.3333333	832.3333333
316154515	900.2	756.6666667	767.6666667	755.6666667	746.6666667	679	680	685.6666667	673.3333333	833.3333333	814.3333333	822.3333333	823.3333333	813.3333333	719	832.3333333	861	807.6666667	987.6666667	826.6666667
316154520	885.06	800	812.3333333	799	787.6666667	694.3333333	694.3333333	692.3333333	694.3333333	705.6666667	694.3333333	699	700	832.3333333	752.3333333	873.3333333	885.6666667	827.6666667	1014.333333	853.3333333
316154525	897.55	869	887.6666667	871	854.3333333	714.3333333	714.3333333	712.3333333	712.3333333	839	814.3333333	827.6666667	825.6666667	820	733.3333333	852.3333333	881	833.3333333	1013.333333	852.3333333
316154530	855.98	826.6666667	845.6666667	827.6666667	805.6666667	649	650	645.6666667	654.3333333	781	759	771	771	806.6666667	719	833.3333333	859	821	1001	832.3333333
316154535	855.22	756.6666667	765.6666667	755.6666667	747.6666667	712.3333333	712.3333333	712.3333333	714.3333333	845.6666667	832.3333333	839	839	780	700	814.3333333	825.6666667	754.3333333	925.6666667	767.6666667
316154540	854.77	785.6666667	806.6666667	785.6666667	767.6666667	711	709	707.6666667	713.3333333	745.6666667	733.3333333	741	741	805.6666667	727.6666667	834.3333333	861	765.6666667	927.6666667	774.3333333
316154545	866.69	861	880	859	841	699	699	705.6666667	694.3333333	826.6666667	814.3333333	819	819	766.6666667	687.6666667	792.3333333	819	786.6666667	960	800
316154550	858.64	856.6666667	872.3333333	855.6666667	841	725.6666667	727.6666667	726.6666667	725.6666667	834.3333333	814.3333333	823.3333333	823.3333333	800	720	821	841	760	925.6666667	773.3333333
316154555	859.42	852.3333333	872.3333333	854.3333333	834.3333333	692.3333333	692.3333333	692.3333333	692.3333333	866.6666667	853.3333333	861	859	772.3333333	693.3333333	794.3333333	820	772.3333333	952.3333333	792.3333333
316154600	855	831	846.6666667	831	812.3333333	722.3333333	722.3333333	719	725.6666667	833.3333333	813.3333333	822.3333333	824.3333333	785.6666667	700	812.3333333	827.6666667	799	972.3333333	813.3333333
316154605	854.31	854.3333333	865.6666667	852.3333333	840	680	679	686.6666667	672.3333333	821	800	811	809	767.6666667	685.6666667	794.3333333	812.3333333	772.3333333	933.3333333	780
316154610	872.87	829	847.6666667	831	812.3333333	637.6666667	637.6666667	640	632.3333333	766.6666667	754.3333333	761	761	740	654.3333333	754.3333333	780	765.6666667	932.3333333	781
316154615	890.77	857.6666667	865.6666667	856.6666667	847.6666667	663.3333333	662.3333333	665.6666667	659	787.6666667	774.3333333	780	779	765.6666667	687.6666667	793.3333333	812.3333333	766.6666667	934.3333333	774.3333333
316154620	912.31	807.6666667	820	805.6666667	793.3333333	660	660	666.6666667	652.3333333	846.6666667	834.3333333	839	840	726.6666667	647.6666667	753.3333333	774.3333333	739	905.6666667	754.3333333
316154625	914.94	775.6666667	785.6666667	777.6666667	767.6666667	593.3333333	592.3333333	594.3333333	593.3333333	799	772.3333333	785.6666667	785.6666667	706.6666667	620	721	734.3333333	666.6666667	805.6666667	672.3333333
316154630	918.24	792.3333333	807.6666667	792.3333333	779	653.3333333	654.3333333	654.3333333	653.3333333	793.3333333	773.3333333	783.3333333	784.3333333	732.3333333	653.3333333	753.3333333	772.3333333	753.3333333	927.6666667	774.3333333
316154635	881.68	723.3333333	740	724.3333333	705.6666667	667.6666667	665.6666667	666.6666667	666.6666667	767.6666667	754.3333333	761	761	759	673.3333333	787.6666667	801	679	834.3333333	686.6666667
316154640	886.95	739	746.6666667	739	734.3333333	691	690	686.6666667	692.3333333	673.3333333	659	667.6666667	666.6666667	719	639	745.6666667	760	734.3333333	887.6666667	733.3333333
316154645	882.84	731	746.6666667	729	714.3333333	629	630	632.3333333	625.6666667	672.3333333	660	666.6666667	665.6666667	787.6666667	706.6666667	812.3333333	840	747.6666667	913.3333333	752.3333333
316154650	874.52	789	806.6666667	789	774.3333333	719	720	727.6666667	714.3333333	752.3333333	732.3333333	742.3333333	744.3333333	754.3333333	666.6666667	774.3333333	801	713.3333333	866.6666667	726.6666667
316154655	863.32	793.3333333	812.3333333	793.3333333	772.3333333	693.3333333	694.3333333	693.3333333	692.3333333	765.6666667	754.3333333	761	761	779	692.3333333	806.6666667	819	773.3333333	939	779
316154700	817.33	842.3333333	859	843.3333333	825.6666667	665.6666667	665.6666667	666.6666667	665.6666667	820	794.3333333	807.6666667	807.6666667	800	712.3333333	834.3333333	846.6666667	732.3333333	905.6666667	752.3333333
316154705	834.3	809	826.6666667	811	792.3333333	670	670	665.6666667	674.3333333	827.6666667	814.3333333	821	821	820	732.3333333	853.3333333	881	792.3333333	966.6666667	812.3333333
316154710	844.19	804.3333333	821	803.3333333	786.6666667	714.3333333	712.3333333	712.3333333	712.3333333	805.6666667	793.3333333	800	800	840	754.3333333	874.3333333	901	753.3333333	921	759
316154715	803.07	733.3333333	747.6666667	733.3333333	719	747.6666667	746.6666667	745.6666667	747.6666667	767.6666667	753.3333333	760	761	814.3333333	725.6666667	841	860	753.3333333	927.6666667	761
316154720	829.11	815.6666667	841	815.6666667	792.3333333	763.3333333	764.3333333	767.6666667	759	746.6666667	727.6666667	736.6666667	735.6666667	780	699	812.3333333	839	794.3333333	972.3333333	814.3333333
316154725	843.91	919	939	921	900	785.6666667	786.6666667	787.6666667	787.6666667	881	854.3333333	865.6666667	865.6666667	787.6666667	705.6666667	814.3333333	841	807.6666667	987.6666667	821
316154730	828.08	933.3333333	953.3333333	932.3333333	912.3333333	742.3333333	744.3333333	745.6666667	741	919	894.3333333	906.6666667	907.6666667	799	713.3333333	833.3333333	846.6666667	807.6666667	987.6666667	819
316154735	799.2	923.3333333	941	924.3333333	906.6666667	711	710	713.3333333	706.6666667	921	899	909	911	813.3333333	732.3333333	854.3333333	865.6666667	781	954.3333333	793.3333333
316154740	836.99	845.6666667	861	845.6666667	834.3333333	712.3333333	714.3333333	714.3333333	712.3333333	865.6666667	854.3333333	860	860	806.6666667	721	834.3333333	861	760	925.6666667	774.3333333
316154745	852.97	753.3333333	759	754.3333333	747.6666667	694.3333333	693.3333333	692.3333333	693.3333333	747.6666667	734.3333333	739	740	825.6666667	740	853.3333333	881	774.3333333	945.6666667	793.3333333
316154750	846.41	806.6666667	826.6666667	807.6666667	786.6666667	693.3333333	694.3333333	694.3333333	692.3333333	765.6666667	753.3333333	759	761	800	714.3333333	832.3333333	852.3333333	720	885.6666667	725.6666667
316154755	861.1	806.6666667	827.6666667	805.6666667	787.6666667	705.6666667	707.6666667	705.6666667	706.6666667	787.6666667	772.3333333	780	781	819	721	853.3333333	866.6666667	765.6666667	934.3333333	773.3333333
316154800	862.63	805.6666667	827.6666667	807.6666667	787.6666667	713.3333333	714.3333333	714.3333333	714.3333333	806.6666667	792.3333333	800	799	821	727.6666667	847.6666667	866.6666667	785.6666667	965.6666667	800
316154805	912.24	827.6666667	846.6666667	827.6666667	805.6666667	739	740	741	740	812.3333333	793.3333333	803.3333333	804.3333333	806.6666667	714.3333333	833.3333333	861	793.3333333	972.3333333	812.3333333
316154810	929.06	850	865.6666667	849	834.3333333	732.3333333	733.3333333	733.3333333	732.3333333	827.6666667	813.3333333	820	819	800	712.3333333	834.3333333	845.6666667	787.6666667	959	801
316154815	904.41	873.3333333	894.3333333	872.3333333	852.3333333	737.6666667	736.6666667	740	732.3333333	814.3333333	793.3333333	802.3333333	803.3333333	825.6666667	740	852.3333333	880	807.6666667	985.6666667	812.3333333
316154820	859.37	880	900	880	860	732.3333333	734.3333333	732.3333333	734.3333333	880	852.3333333	866.6666667	866.6666667	827.6666667	741	852.3333333	886.6666667	793.3333333	965.6666667	799
316154825	873.29	894.3333333	914.3333333	893.3333333	874.3333333	749	751	753.3333333	747.6666667	872.3333333	853.3333333	864.3333333	864.3333333	825.6666667	741	861	885.6666667	793.3333333	965.6666667	806.6666667
316154830	875.82	869	885.6666667	870	853.3333333	761	761	760	760	880	854.3333333	865.6666667	867.6666667	826.6666667	741	853.3333333	881	794.3333333	974.3333333	812.3333333
316154835	865.41	872.3333333	892.3333333	873.3333333	854.3333333	780	779	781	779	872.3333333	854.3333333	862.3333333	863.3333333	832.3333333	741	873.3333333	887.6666667	792.3333333	973.3333333	799
316154840	864.61	870	885.6666667	869	854.3333333	782.3333333	783.3333333	786.6666667	781	866.6666667	853.3333333	861	861	841	746.6666667	872.3333333	892.3333333	793.3333333	965.6666667	807.6666667
316154845	868.47	906.6666667	919	907.6666667	893.3333333	782.3333333	782.3333333	787.6666667	781	873.3333333	853.3333333	862.3333333	863.3333333	826.6666667	745.6666667	852.3333333	880	792.3333333	967.6666667	812.3333333
316154850	878.21	915.6666667	939	917.6666667	893.3333333	746.6666667	746.6666667	745.6666667	746.6666667	879	852.3333333	867.6666667	866.6666667	820	739	852.3333333	886.6666667	807.6666667	979	814.3333333
316154855	888.73	923.3333333	941	924.3333333	905.6666667	764.3333333	762.3333333	767.6666667	761	914.3333333	885.6666667	899	899	799	707.6666667	813.3333333	841	827.6666667	1014.333333	852.3333333
316154900	896.86	906.6666667	920	907.6666667	893.3333333	739	740	741	740	919	899	911	910	805.6666667	721	834.3333333	859	841	1025.666667	853.3333333
316154905	896.49	832.3333333	841	832.3333333	827.6666667	724.3333333	722.3333333	725.6666667	720	840	832.3333333	836.6666667	835.6666667	841	739	873.3333333	893.3333333	826.6666667	1006.666667	840
316154910	900.76	857.6666667	873.3333333	856.6666667	839	746.6666667	745.6666667	746.6666667	745.6666667	852.3333333	833.3333333	843.3333333	842.3333333	859	759	892.3333333	906.6666667	826.6666667	1007.666667	840
316154915	913.91	869	893.3333333	871	845.6666667	726.6666667	726.6666667	726.6666667	725.6666667	866.6666667	852.3333333	860	861	840	753.3333333	872.3333333	894.3333333	825.6666667	1013.333333	846.6666667
316154920	922.93	871	887.6666667	869	854.3333333	723.3333333	724.3333333	725.6666667	720	866.6666667	853.3333333	860	859	839	739	865.6666667	885.6666667	834.3333333	1019	853.3333333
316154925	912.68	856.6666667	880	856.6666667	833.3333333	716.6666667	716.6666667	720	712.3333333	839	812.3333333	825.6666667	825.6666667	834.3333333	745.6666667	872.3333333	886.6666667	833.3333333	1013.333333	854.3333333
316154930	916.01	879	900	881	859	739	741	746.6666667	734.3333333	867.6666667	847.6666667	855.6666667	857.6666667	834.3333333	745.6666667	872.3333333	887.6666667	807.6666667	986.6666667	819
316154935	917.68	861	880	859	840	747.6666667	747.6666667	747.6666667	746.6666667	879	853.3333333	867.6666667	865.6666667	826.6666667	740	853.3333333	886.6666667	792.3333333	967.6666667	806.6666667
316154940	910.69	873.3333333	893.3333333	874.3333333	852.3333333	747.6666667	745.6666667	747.6666667	745.6666667	872.3333333	854.3333333	862.3333333	862.3333333	841	745.6666667	872.3333333	886.6666667	820	1006.666667	833.3333333
316154945	918.55	890	906.6666667	891	873.3333333	20	504.4444444	747.6666667	747.6666667	886.6666667	865.6666667	875.6666667	876.6666667	841	745.6666667	866.6666667	886.6666667	813.3333333	993.3333333	834.3333333
316154950	916.7	876.6666667	894.3333333	876.6666667	859	745.6666667	746.6666667	745.6666667	745.6666667	874.3333333	854.3333333	863.3333333	862.3333333	819	732.3333333	852.3333333	880	793.3333333	974.3333333	814.3333333
316154955	895.65	876.6666667	901	875.6666667	853.3333333	19	505.4444444	746.6666667	745.6666667	867.6666667	852.3333333	859	861	819	726.6666667	854.3333333	865.6666667	801	981	814.3333333
316155000	905.28	883.3333333	899	884.3333333	867.6666667	20	517.7777778	767.6666667	766.6666667	879	859	871	870	833.3333333	754.3333333	874.3333333	887.6666667	807.6666667	985.6666667	819
316155005	904.72	885.6666667	905.6666667	886.6666667	865.6666667	20	517.7777778	766.6666667	765.6666667	887.6666667	867.6666667	877.6666667	877.6666667	853.3333333	760	887.6666667	906.6666667	806.6666667	993.3333333	834.3333333
316155010	895.84	901	919	900	879	772.3333333	774.3333333	772.3333333	773.3333333	879	859	870	871	854.3333333	752.3333333	881	906.6666667	807.6666667	993.3333333	832.3333333
316155015	889.45	900	921	901	880	20	516.7777778	766.6666667	767.6666667	885.6666667	866.6666667	877.6666667	876.6666667	866.6666667	767.6666667	893.3333333	919	814.3333333	994.3333333	825.6666667
316155020	872.64	909	925.6666667	909	892.3333333	21	528.8888889	787.6666667	780	894.3333333	872.3333333	884.3333333	883.3333333	854.3333333	779	892.3333333	921	813.3333333	1000	834.3333333
316155025	884.15	912.3333333	933.3333333	913.3333333	893.3333333	790	791	787.6666667	792.3333333	901	879	889	890	867.6666667	766.6666667	894.3333333	926.6666667	813.3333333	1007.666667	833.3333333
316155030	888.38	932.3333333	953.3333333	932.3333333	914.3333333	21	531.1111111	785.6666667	785.6666667	919	899	910	909	852.3333333	761	886.6666667	905.6666667	819	1001	833.3333333
316155035	902.3	937.6666667	960	937.6666667	912.3333333	20	535.5555556	794.3333333	793.3333333	941	913.3333333	927.6666667	925.6666667	841	753.3333333	872.3333333	900	825.6666667	1013.333333	854.3333333
316155040	909.93	935.6666667	959	937.6666667	914.3333333	780	780	779	781	941	914.3333333	925.6666667	927.6666667	821	726.6666667	852.3333333	880	812.3333333	1000	833.3333333
316155045	918.02	912.3333333	933.3333333	913.3333333	892.3333333	21	495.5555556	734.3333333	734.3333333	925.6666667	906.6666667	915.6666667	916.6666667	821	734.3333333	853.3333333	874.3333333	806.6666667	1001	826.6666667
316155050	912.32	882.3333333	892.3333333	882.3333333	874.3333333	19	490.1111111	725.6666667	726.6666667	905.6666667	885.6666667	895.6666667	897.6666667	813.3333333	726.6666667	839	865.6666667	825.6666667	1013.333333	853.3333333
316155055	909.63	855.6666667	879	855.6666667	833.3333333	19	467.6666667	687.6666667	692.3333333	806.6666667	792.3333333	800	800	821	732.3333333	854.3333333	867.6666667	833.3333333	1020	854.3333333
316155100	915.72	854.3333333	865.6666667	853.3333333	840	672.3333333	673.3333333	674.3333333	672.3333333	887.6666667	866.6666667	875.6666667	875.6666667	787.6666667	693.3333333	812.3333333	819	812.3333333	1000	834.3333333
316155105	920.08	810	825.6666667	809	794.3333333	20	478.7777778	705.6666667	706.6666667	794.3333333	773.3333333	782.3333333	783.3333333	799	714.3333333	834.3333333	847.6666667	827.6666667	1020	847.6666667
316155110	927.28	809	826.6666667	811	794.3333333	20	498.7777778	740	733.3333333	825.6666667	813.3333333	819	819	821	726.6666667	846.6666667	861	825.6666667	1013.333333	852.3333333
316155115	942.14	851	866.6666667	851	834.3333333	19	468.8888889	693.3333333	692.3333333	827.6666667	813.3333333	820	820	820	740	852.3333333	873.3333333	814.3333333	1001	832.3333333
316155120	950.92	812.3333333	827.6666667	813.3333333	799	19	475.5555556	706.6666667	701	826.6666667	814.3333333	821	820	812.3333333	727.6666667	834.3333333	860	780	952.3333333	793.3333333
316155125	952.4	813.3333333	827.6666667	814.3333333	799	19	478.7777778	707.6666667	706.6666667	792.3333333	774.3333333	782.3333333	782.3333333	779	699	814.3333333	832.3333333	772.3333333	952.3333333	793.3333333
316155130	951.97	800	813.3333333	800	787.6666667	683.3333333	682.3333333	685.6666667	681	786.6666667	774.3333333	781	779	733.3333333	646.6666667	753.3333333	774.3333333	752.3333333	926.6666667	773.3333333
316155135	942.04	810	827.6666667	810	792.3333333	19	461	686.6666667	672.3333333	813.3333333	792.3333333	802.3333333	803.3333333	700	612.3333333	721	739	713.3333333	885.6666667	727.6666667
316155140	912.1	807.6666667	821	807.6666667	792.3333333	19	468.8888889	693.3333333	694.3333333	812.3333333	794.3333333	804.3333333	803.3333333	681	594.3333333	693.3333333	714.3333333	699	865.6666667	713.3333333
316155145	887.15	787.6666667	805.6666667	786.6666667	767.6666667	695.6666667	697.6666667	700	694.3333333	785.6666667	773.3333333	781	781	680	601	714.3333333	726.6666667	694.3333333	846.6666667	705.6666667
316155150	871.87	829	846.6666667	831	812.3333333	19	440	647.6666667	654.3333333	786.6666667	772.3333333	781	781	692.3333333	612.3333333	714.3333333	732.3333333	713.3333333	865.6666667	713.3333333
316155155	885.7	854.3333333	874.3333333	852.3333333	833.3333333	626.6666667	627.6666667	625.6666667	625.6666667	825.6666667	806.6666667	816.6666667	816.6666667	700	612.3333333	733.3333333	747.6666667	720	885.6666667	733.3333333
316155200	887.83	816.6666667	827.6666667	816.6666667	807.6666667	661	660	665.6666667	654.3333333	805.6666667	794.3333333	799	801	713.3333333	626.6666667	741	754.3333333	693.3333333	846.6666667	701
316155205	829.44	750	767.6666667	749	733.3333333	20	444.4444444	660	652.3333333	761	740	749	750	725.6666667	634.3333333	745.6666667	761	693.3333333	840	692.3333333
316155210	853.44	749	765.6666667	751	733.3333333	647.6666667	647.6666667	645.6666667	645.6666667	745.6666667	734.3333333	739	739	720	634.3333333	753.3333333	779	685.6666667	841	685.6666667
316155215	897.64	770	785.6666667	769	753.3333333	19	416.7777778	621	612.3333333	766.6666667	752.3333333	760	759	686.6666667	607.6666667	712.3333333	733.3333333	692.3333333	847.6666667	707.6666667
316155220	889.82	767.6666667	780	767.6666667	754.3333333	19	414.5555556	613.3333333	613.3333333	767.6666667	739	752.3333333	752.3333333	666.6666667	593.3333333	694.3333333	713.3333333	713.3333333	865.6666667	721
316155225	903.17	746.6666667	767.6666667	745.6666667	725.6666667	19	427.8888889	634.3333333	633.3333333	786.6666667	773.3333333	779	779	673.3333333	601	692.3333333	712.3333333	727.6666667	885.6666667	734.3333333
316155230	904.64	736.6666667	746.6666667	737.6666667	726.6666667	596.6666667	596.6666667	600	593.3333333	747.6666667	732.3333333	739	739	667.6666667	580	686.6666667	693.3333333	705.6666667	865.6666667	714.3333333
316155235	872.71	737.6666667	746.6666667	735.6666667	726.6666667	19	413.3333333	614.3333333	605.6666667	727.6666667	706.6666667	717.6666667	717.6666667	620	553.3333333	639	652.3333333	660	805.6666667	672.3333333
316155240	790.01	706.6666667	721	705.6666667	692.3333333	637.6666667	636.6666667	641	633.3333333	673.3333333	666.6666667	670	670	619	547.6666667	632.3333333	600	652.3333333	806.6666667	660
316155245	759.31	759	774.3333333	759	747.6666667	13.33333333	438.7777778	646.6666667	653.3333333	727.6666667	712.3333333	719	719	660	592.3333333	679	693.3333333	641	785.6666667	641
316155250	818	787.6666667	807.6666667	787.6666667	766.6666667	19	382.2222222	566.6666667	561	773.3333333	760	765.6666667	766.6666667	679	592.3333333	692.3333333	712.3333333	654.3333333	805.6666667	654.3333333
316155255	830.58	784.3333333	799	784.3333333	767.6666667	20	386.6666667	574.3333333	565.6666667	806.6666667	793.3333333	799	799	639	560	660	674.3333333	687.6666667	839	694.3333333
316155300	833.91	679	686.6666667	681	674.3333333	591	590	592.3333333	586.6666667	727.6666667	706.6666667	717.6666667	717.6666667	581	505.6666667	600	620	627.6666667	765.6666667	621
316155305	827.89	680	693.3333333	679	666.6666667	19	399	594.3333333	586.6666667	626.6666667	621	623.3333333	622.3333333	606.6666667	534.3333333	634.3333333	645.6666667	566.6666667	699	567.6666667
316155310	841.08	697.6666667	705.6666667	697.6666667	687.6666667	20	394.3333333	579	580	613.3333333	600	606.6666667	606.6666667	614.3333333	534.3333333	634.3333333	647.6666667	574.3333333	707.6666667	572.3333333
316155315	844.24	669	673.3333333	670	667.6666667	14.33333333	328.8888889	485.6666667	485.6666667	626.6666667	619	624.3333333	622.3333333	561	492.3333333	574.3333333	579	607.6666667	745.6666667	613.3333333
316155320	804.27	650	652.3333333	649	645.6666667	491	489	494.3333333	486.6666667	600	599	601	599	586.6666667	512.3333333	601	614.3333333	620	761	621
316155325	818.1	653.3333333	665.6666667	652.3333333	639	14.33333333	332.3333333	492.3333333	492.3333333	594.3333333	580	585.6666667	587.6666667	581	514.3333333	601	619	607.6666667	740	613.3333333
316155330	868.57	657.6666667	666.6666667	656.6666667	645.6666667	13.33333333	358.7777778	534.3333333	526.6666667	654.3333333	639	647.6666667	647.6666667	574.3333333	513.3333333	593.3333333	606.6666667	567.6666667	700	572.3333333
316155335	890.35	683.3333333	699	682.3333333	665.6666667	14.33333333	370.1111111	554.3333333	547.6666667	666.6666667	652.3333333	660	660	581	513.3333333	605.6666667	620	606.6666667	747.6666667	605.6666667
316155340	820.93	656.6666667	666.6666667	657.6666667	645.6666667	526.6666667	527.6666667	526.6666667	526.6666667	673.3333333	660	666.6666667	665.6666667	552.3333333	472.3333333	573.3333333	592.3333333	587.6666667	720	586.6666667
316155345	793.35	609	612.3333333	609	605.6666667	12.33333333	332.1111111	493.3333333	487.6666667	552.3333333	546.6666667	551	550	434.3333333	380	466.6666667	473.3333333	565.6666667	694.3333333	574.3333333
316155350	803.58	569	572.3333333	571	566.6666667	14.33333333	324.4444444	481	481	526.6666667	512.3333333	519	521	393.3333333	345.6666667	425.6666667	446.6666667	485.6666667	599	486.6666667
316155355	792.05	566.6666667	574.3333333	566.6666667	560	449	449	452.3333333	447.6666667	534.3333333	520	526.6666667	525.6666667	414.3333333	374.3333333	446.6666667	466.6666667	467.6666667	581	465.6666667
316155400	769.54	554.3333333	560	553.3333333	547.6666667	465.6666667	466.6666667	467.6666667	466.6666667	573.3333333	561	567.6666667	567.6666667	446.6666667	393.3333333	487.6666667	500	465.6666667	559	461
316155405	724.79	534.3333333	547.6666667	534.3333333	520	12.33333333	279	412.3333333	412.3333333	560	545.6666667	553.3333333	554.3333333	472.3333333	412.3333333	512.3333333	532.3333333	446.6666667	559	446.6666667
316155410	688.02	505.6666667	521	507.6666667	493.3333333	367.6666667	366.6666667	367.6666667	367.6666667	594.3333333	581	585.6666667	586.6666667	459	399	494.3333333	513.3333333	447.6666667	559	452.3333333
316155415	665.27	511	527.6666667	509	493.3333333	14.33333333	265.6666667	392.3333333	393.3333333	567.6666667	559	562.3333333	563.3333333	453.3333333	394.3333333	473.3333333	486.6666667	486.6666667	613.3333333	501
316155420	637.44	567.6666667	585.6666667	567.6666667	547.6666667	476.6666667	475.6666667	479	474.3333333	634.3333333	621	626.6666667	626.6666667	472.3333333	414.3333333	487.6666667	494.3333333	505.6666667	621	499
316155425	670.13	641	652.3333333	639	627.6666667	14.33333333	322.2222222	481	472.3333333	639	626.6666667	633.3333333	633.3333333	454.3333333	387.6666667	467.6666667	472.3333333	485.6666667	607.6666667	492.3333333
316155430	683.03	729	747.6666667	731	713.3333333	487.6666667	486.6666667	485.6666667	487.6666667	694.3333333	680	685.6666667	686.6666667	500	439	527.6666667	539	527.6666667	640	520
316155435	698.51	780	792.3333333	780	766.6666667	13.33333333	307.6666667	452.3333333	453.3333333	694.3333333	674.3333333	684.3333333	682.3333333	492.3333333	432.3333333	512.3333333	521	506.6666667	620	499
316155440	719.45	720	725.6666667	720	713.3333333	14.33333333	292.3333333	434.3333333	434.3333333	693.3333333	679	687.6666667	686.6666667	533.3333333	466.6666667	565.6666667	573.3333333	487.6666667	601	485.6666667
316155445	707.55	534.3333333	534.3333333	533.3333333	533.3333333	14.33333333	265.4444444	386.6666667	394.3333333	600	587.6666667	594.3333333	594.3333333	501	434.3333333	512.3333333	520	466.6666667	580	460
316155450	692.28	491	501	491	480	413.3333333	413.3333333	412.3333333	412.3333333	466.6666667	452.3333333	461	459	441	381	466.6666667	473.3333333	446.6666667	547.6666667	440
316155455	640.81	479	486.6666667	479	474.3333333	7.666666667	251.1111111	372.3333333	373.3333333	441	433.3333333	437.6666667	436.6666667	446.6666667	386.6666667	459	465.6666667	440	547.6666667	441
316155500	547.56	442.3333333	454.3333333	442.3333333	434.3333333	367.6666667	366.6666667	366.6666667	367.6666667	441	432.3333333	435.6666667	436.6666667	394.3333333	339	406.6666667	419	447.6666667	546.6666667	439
316155505	507.91	467.6666667	473.3333333	466.6666667	461	14.33333333	262.2222222	385.6666667	386.6666667	432.3333333	425.6666667	430	429	394.3333333	347.6666667	406.6666667	405.6666667	425.6666667	525.6666667	420
316155510	519.8	463.3333333	473.3333333	463.3333333	453.3333333	14.33333333	267.8888889	401	393.3333333	432.3333333	433.3333333	432.3333333	434.3333333	393.3333333	339	406.6666667	405.6666667	487.6666667	601	486.6666667
316155515	517.79	470	479	469	459	6.666666667	247.8888889	367.6666667	372.3333333	432.3333333	425.6666667	431	429	425.6666667	373.3333333	441	445.6666667	466.6666667	580	465.6666667
316155520	545.48	436.6666667	441	435.6666667	432.3333333	13.33333333	253.3333333	374.3333333	373.3333333	441	434.3333333	437.6666667	436.6666667	392.3333333	334.3333333	406.6666667	421	433.3333333	532.3333333	426.6666667
316155525	555.58	433.3333333	441	433.3333333	427.6666667	12.33333333	247.6666667	366.6666667	360	407.6666667	401	402.3333333	402.3333333	374.3333333	334.3333333	399	406.6666667	445.6666667	547.6666667	439
316155530	578.22	441	446.6666667	441	434.3333333	12.33333333	253.3333333	373.3333333	373.3333333	413.3333333	406.6666667	409	409	374.3333333	325.6666667	385.6666667	405.6666667	467.6666667	579	467.6666667
316155535	627.08	415.6666667	419	416.6666667	413.3333333	5.666666667	262.2222222	387.6666667	393.3333333	393.3333333	386.6666667	389	390	413.3333333	360	440	445.6666667	420	505.6666667	412.3333333
316155540	628.83	439	447.6666667	440	434.3333333	12.33333333	267.6666667	393.3333333	393.3333333	387.6666667	379	383.3333333	383.3333333	460	406.6666667	487.6666667	500	420	525.6666667	421
316155545	652.23	482.3333333	493.3333333	483.3333333	473.3333333	13.33333333	262.2222222	385.6666667	386.6666667	426.6666667	414.3333333	420	419	479	413.3333333	505.6666667	521	393.3333333	494.3333333	400
316155550	641.89	507.6666667	512.3333333	505.6666667	499	12.33333333	265.6666667	394.3333333	393.3333333	460	452.3333333	456.6666667	456.6666667	521	461	554.3333333	561	445.6666667	545.6666667	439
316155555	602.87	495.6666667	507.6666667	496.6666667	486.6666667	5.666666667	261	385.6666667	385.6666667	493.3333333	481	485.6666667	485.6666667	514.3333333	454.3333333	533.3333333	545.6666667	526.6666667	640	520
316155600	594.78	464.3333333	472.3333333	462.3333333	452.3333333	14.33333333	254.3333333	374.3333333	372.3333333	467.6666667	452.3333333	460	460	552.3333333	473.3333333	565.6666667	573.3333333	559	694.3333333	560
316155605	613.53	466.6666667	481	467.6666667	453.3333333	12.33333333	221	426.6666667	221	445.6666667	432.3333333	440	439	520	453.3333333	552.3333333	561	587.6666667	720	581
316155610	584.14	530	539	530	519	13.33333333	293.3333333	433.3333333	433.3333333	479	472.3333333	475.6666667	477.6666667	545.6666667	473.3333333	565.6666667	580	625.6666667	766.6666667	634.3333333
316155615	593	580	592.3333333	581	565.6666667	440	440	440	440	552.3333333	540	547.6666667	547.6666667	520	454.3333333	533.3333333	541	586.6666667	727.6666667	594.3333333
316155620	608.94	601	613.3333333	601	587.6666667	12.33333333	214.3333333	414.3333333	214.3333333	625.6666667	621	624.3333333	624.3333333	533.3333333	465.6666667	553.3333333	567.6666667	600	740	601
316155625	618.36	545.6666667	552.3333333	546.6666667	540	12.33333333	264.3333333	514.3333333	264.3333333	561	553.3333333	556.6666667	557.6666667	579	512.3333333	599	605.6666667	526.6666667	641	519
316155630	618.59	605.6666667	625.6666667	606.6666667	586.6666667	21	379	559	561	585.6666667	581	584.3333333	582.3333333	561	485.6666667	579	601	561	687.6666667	561
316155635	594.29	696.6666667	707.6666667	695.6666667	686.6666667	552.3333333	552.3333333	554.3333333	552.3333333	633.3333333	620	626.6666667	627.6666667	514.3333333	446.6666667	533.3333333	541	553.3333333	681	559
316155640	622.14	713.3333333	721	712.3333333	705.6666667	12.33333333	293.3333333	433.3333333	432.3333333	665.6666667	641	652.3333333	654.3333333	493.3333333	432.3333333	520	539	525.6666667	653.3333333	521
316155645	630.8	582.3333333	579	582.3333333	586.6666667	13.33333333	214.3333333	413.3333333	213.3333333	594.3333333	580	585.6666667	587.6666667	539	472.3333333	572.3333333	579	520	641	521
316155650	596.85	442.3333333	454.3333333	442.3333333	433.3333333	12.33333333	305.6666667	454.3333333	452.3333333	481	474.3333333	477.6666667	475.6666667	534.3333333	472.3333333	560	572.3333333	505.6666667	627.6666667	506.6666667
316155655	596.14	483.3333333	493.3333333	483.3333333	473.3333333	530	530	532.3333333	525.6666667	460	454.3333333	456.6666667	455.6666667	560	494.3333333	592.3333333	621	445.6666667	560	445.6666667
316155700	583.71	539	552.3333333	540	527.6666667	13.33333333	231	445.6666667	231	512.3333333	500	505.6666667	506.6666667	561	492.3333333	592.3333333	605.6666667	474.3333333	586.6666667	479
316155705	611.12	504.3333333	505.6666667	502.3333333	500	367.6666667	365.6666667	365.6666667	365.6666667	513.3333333	505.6666667	511	510	572.3333333	494.3333333	592.3333333	607.6666667	505.6666667	621	499
316155710	608.47	475.6666667	487.6666667	475.6666667	466.6666667	5.666666667	253.3333333	381	372.3333333	487.6666667	481	482.3333333	484.3333333	599	519	620	639	554.3333333	672.3333333	545.6666667
316155715	627.96	520	533.3333333	521	506.6666667	346.6666667	346.6666667	346.6666667	345.6666667	514.3333333	499	505.6666667	507.6666667	585.6666667	514.3333333	612.3333333	621	565.6666667	699	561
316155720	637.44	496.6666667	507.6666667	497.6666667	485.6666667	6.666666667	242.2222222	361	359	513.3333333	500	506.6666667	506.6666667	540	473.3333333	573.3333333	581	585.6666667	721	586.6666667
316155725	651.08	506.6666667	525.6666667	507.6666667	487.6666667	5.666666667	245.4444444	367.6666667	359	532.3333333	520	526.6666667	525.6666667	480	421	493.3333333	500	520	641	519
316155730	607.68	550	572.3333333	549	525.6666667	373.3333333	373.3333333	374.3333333	373.3333333	594.3333333	579	586.6666667	587.6666667	446.6666667	394.3333333	467.6666667	473.3333333	541	659	540
316155735	566.01	500	512.3333333	501	485.6666667	14.33333333	297.7777778	445.6666667	434.3333333	592.3333333	587.6666667	589	590	434.3333333	380	453.3333333	465.6666667	454.3333333	561	454.3333333
316155740	580.77	565.6666667	579	565.6666667	552.3333333	14.33333333	307.8888889	454.3333333	460	513.3333333	505.6666667	510	511	494.3333333	434.3333333	521	534.3333333	487.6666667	600	479
316155745	666.1	539	533.3333333	541	545.6666667	12.33333333	250.1111111	366.6666667	374.3333333	472.3333333	459	465.6666667	467.6666667	514.3333333	446.6666667	527.6666667	539	467.6666667	567.6666667	461
316155750	678.11	430	425.6666667	430	433.3333333	7.666666667	221	325.6666667	325.6666667	381	374.3333333	376.6666667	377.6666667	493.3333333	433.3333333	505.6666667	513.3333333	485.6666667	606.6666667	486.6666667
316155755	594.28	380	385.6666667	380	372.3333333	6.666666667	219	326.6666667	327.6666667	361	352.3333333	357.6666667	355.6666667	494.3333333	426.6666667	507.6666667	519	505.6666667	619	501
316155800	517.59	386.6666667	399	387.6666667	372.3333333	346.6666667	346.6666667	345.6666667	347.6666667	365.6666667	359	364.3333333	364.3333333	514.3333333	453.3333333	541	560	467.6666667	580	467.6666667
316155805	482.92	399	407.6666667	400	393.3333333	14.33333333	246.6666667	359	365.6666667	387.6666667	373.3333333	380	379	474.3333333	414.3333333	485.6666667	500	466.6666667	580	460
316155810	462.12	430	445.6666667	430	413.3333333	393.3333333	394.3333333	393.3333333	392.3333333	421	412.3333333	417.6666667	417.6666667	453.3333333	393.3333333	472.3333333	487.6666667	425.6666667	525.6666667	420
316155815	451.94	455.6666667	465.6666667	456.6666667	445.6666667	14.33333333	286.6666667	427.6666667	420	447.6666667	447.6666667	445.6666667	446.6666667	433.3333333	365.6666667	447.6666667	453.3333333	419	506.6666667	412.3333333
316155820	433.49	502.3333333	514.3333333	502.3333333	494.3333333	14.33333333	303.4444444	445.6666667	454.3333333	479	474.3333333	477.6666667	477.6666667	412.3333333	367.6666667	439	439	407.6666667	507.6666667	406.6666667
316155825	440.45	546.6666667	552.3333333	547.6666667	539	446.6666667	446.6666667	447.6666667	446.6666667	481	474.3333333	477.6666667	477.6666667	407.6666667	354.3333333	421	427.6666667	414.3333333	512.3333333	413.3333333
316155830	489.61	553.3333333	559	553.3333333	547.6666667	6.666666667	276.7777778	414.3333333	414.3333333	493.3333333	480	486.6666667	485.6666667	412.3333333	361	426.6666667	445.6666667	420	520	420
316155835	489.91	567.6666667	573.3333333	566.6666667	560	13.33333333	269.8888889	399	393.3333333	501	494.3333333	497.6666667	495.6666667	412.3333333	367.6666667	433.3333333	446.6666667	426.6666667	525.6666667	419
316155840	421.18	501	505.6666667	499	492.3333333	12.33333333	263.2222222	386.6666667	385.6666667	473.3333333	461	465.6666667	467.6666667	420	367.6666667	432.3333333	447.6666667	414.3333333	506.6666667	399
316155845	395.07	464.3333333	474.3333333	464.3333333	452.3333333	7.666666667	245.6666667	366.6666667	366.6666667	447.6666667	434.3333333	440	439	407.6666667	345.6666667	421	425.6666667	386.6666667	473.3333333	381
316155850	413.81	444.3333333	454.3333333	443.3333333	433.3333333	394.3333333	393.3333333	393.3333333	392.3333333	453.3333333	445.6666667	450	449	434.3333333	381	452.3333333	465.6666667	365.6666667	454.3333333	367.6666667
316155855	446.44	479	494.3333333	480	467.6666667	14.33333333	307.6666667	454.3333333	454.3333333	479	473.3333333	476.6666667	476.6666667	453.3333333	401	473.3333333	487.6666667	386.6666667	473.3333333	379
316155900	485.82	567.6666667	585.6666667	567.6666667	547.6666667	12.33333333	306.6666667	454.3333333	453.3333333	565.6666667	561	564.3333333	563.3333333	454.3333333	387.6666667	467.6666667	473.3333333	414.3333333	505.6666667	400
316155905	508.33	660	673.3333333	659	647.6666667	472.3333333	472.3333333	474.3333333	473.3333333	634.3333333	620	625.6666667	626.6666667	465.6666667	406.6666667	486.6666667	500	441	532.3333333	427.6666667
316155910	522.33	612.3333333	619	614.3333333	605.6666667	12.33333333	306.6666667	454.3333333	454.3333333	646.6666667	641	643.3333333	642.3333333	534.3333333	473.3333333	561	579	419	513.3333333	420
316155915	520.97	607.6666667	613.3333333	607.6666667	599	12.33333333	331.1111111	493.3333333	485.6666667	627.6666667	607.6666667	615.6666667	616.6666667	561	492.3333333	581	593.3333333	454.3333333	552.3333333	445.6666667
316155920	493.71	594.3333333	613.3333333	592.3333333	572.3333333	13.33333333	345.6666667	514.3333333	513.3333333	601	585.6666667	594.3333333	594.3333333	601	526.6666667	613.3333333	626.6666667	505.6666667	621	500
316155925	493.08	639	654.3333333	639	625.6666667	13.33333333	310.1111111	466.6666667	452.3333333	640	641	639	640	620	553.3333333	647.6666667	653.3333333	587.6666667	721	579
316155930	503.32	621	632.3333333	620	607.6666667	12.33333333	294.3333333	433.3333333	434.3333333	605.6666667	599	602.3333333	603.3333333	652.3333333	573.3333333	673.3333333	686.6666667	680	832.3333333	680
316155935	482.27	544.3333333	547.6666667	543.3333333	541	7.666666667	261	387.6666667	386.6666667	513.3333333	505.6666667	511	510	639	552.3333333	641	653.3333333	679	826.6666667	680
316155940	471.38	524.3333333	533.3333333	524.3333333	514.3333333	13.33333333	254.5555556	379	372.3333333	492.3333333	487.6666667	490	489	501	432.3333333	505.6666667	513.3333333	661	806.6666667	659
316155945	484.91	483.3333333	493.3333333	484.3333333	474.3333333	13.33333333	281	414.3333333	414.3333333	514.3333333	500	505.6666667	505.6666667	467.6666667	413.3333333	485.6666667	493.3333333	660	801	666.6666667
316155950	515.02	637.6666667	665.6666667	637.6666667	606.6666667	13.33333333	353.3333333	526.6666667	519	612.3333333	600	606.6666667	606.6666667	540	473.3333333	566.6666667	586.6666667	593.3333333	721	586.6666667
316155955	567.31	806.6666667	827.6666667	806.6666667	786.6666667	19	428.8888889	634.3333333	632.3333333	805.6666667	793.3333333	799	800	614.3333333	533.3333333	652.3333333	666.6666667	561	680	559
316160000	591.47	749	767.6666667	751	733.3333333	21	476.5555556	707.6666667	700	813.3333333	800	806.6666667	805.6666667	681	607.6666667	713.3333333	739	525.6666667	640	519
316160005	635.04	844.3333333	859	842.3333333	825.6666667	19	458.7777778	680	672.3333333	825.6666667	813.3333333	819	819	834.3333333	741	860	880	494.3333333	599	487.6666667
316160010	553.78	841	846.6666667	839	834.3333333	21	481	712.3333333	706.6666667	765.6666667	752.3333333	759	760	719	634.3333333	753.3333333	772.3333333	700	859	701
316160015	537.23	886.6666667	899	887.6666667	873.3333333	20	415.5555556	613.3333333	614.3333333	785.6666667	772.3333333	781	780	720	625.6666667	733.3333333	754.3333333	807.6666667	980	821
316160020	537.59	817.6666667	814.3333333	815.6666667	821	13.33333333	341	499	507.6666667	746.6666667	721	734.3333333	733.3333333	693.3333333	592.3333333	694.3333333	712.3333333	794.3333333	972.3333333	813.3333333
316160025	520.2	591	594.3333333	590	587.6666667	7.666666667	219	325.6666667	325.6666667	645.6666667	625.6666667	637.6666667	637.6666667	501	432.3333333	512.3333333	521	780	954.3333333	793.3333333
316160030	484.31	404.3333333	405.6666667	403.3333333	401	14.33333333	267.6666667	399	387.6666667	453.3333333	452.3333333	452.3333333	454.3333333	454.3333333	394.3333333	473.3333333	485.6666667	659	806.6666667	659
316160035	486.45	427.6666667	447.6666667	425.6666667	406.6666667	20	435.5555556	654.3333333	632.3333333	393.3333333	393.3333333	394.3333333	394.3333333	512.3333333	447.6666667	533.3333333	553.3333333	585.6666667	719	587.6666667
316160040	553.42	726.6666667	745.6666667	727.6666667	706.6666667	20	501	739	739	554.3333333	540	546.6666667	545.6666667	681	697.6666667	714.3333333	696.6666667	505.6666667	612.3333333	501
316160045	766.14	881	907.6666667	879	853.3333333	20	499	740	741	885.6666667	859	874.3333333	873.3333333	705.6666667	626.6666667	746.6666667	767.6666667	460	559	453.3333333
316160050	879.59	873.3333333	887.6666667	874.3333333	859	20	467.8888889	692.3333333	692.3333333	927.6666667	907.6666667	917.6666667	917.6666667	647.6666667	561	672.3333333	687.6666667	426.6666667	526.6666667	421
316160055	829.62	870	880	870	859	19	457.7777778	681	672.3333333	927.6666667	900	914.3333333	914.3333333	519	453.3333333	532.3333333	539	506.6666667	612.3333333	499
316160100	758.13	745.6666667	747.6666667	745.6666667	745.6666667	13.33333333	281	412.3333333	413.3333333	673.3333333	659	667.6666667	667.6666667	480	421	493.3333333	507.6666667	527.6666667	639	519
316160105	723.59	602.3333333	600	602.3333333	606.6666667	5.666666667	253.3333333	379	372.3333333	581	574.3333333	575.6666667	575.6666667	473.3333333	414.3333333	479	500	567.6666667	680	559
316160110	782.54	500	512.3333333	500	486.6666667	12.33333333	267.6666667	392.3333333	393.3333333	545.6666667	532.3333333	541	539	459	414.3333333	487.6666667	499	474.3333333	580	481
316160115	676.6	534.3333333	540	532.3333333	525.6666667	5.666666667	261	387.6666667	387.6666667	532.3333333	521	525.6666667	525.6666667	453.3333333	393.3333333	465.6666667	473.3333333	465.6666667	566.6666667	461
316160120	508.66	533.3333333	552.3333333	532.3333333	514.3333333	13.33333333	295.5555556	440	434.3333333	514.3333333	499	507.6666667	507.6666667	499	453.3333333	519	540	486.6666667	593.3333333	480
316160125	625.53	557.6666667	581	555.6666667	533.3333333	13.33333333	371.1111111	552.3333333	545.6666667	605.6666667	593.3333333	601	600	574.3333333	513.3333333	607.6666667	619	600	726.6666667	600
316160130	732.89	635.6666667	645.6666667	637.6666667	627.6666667	13.33333333	376.7777778	559	560	653.3333333	640	647.6666667	647.6666667	621	565.6666667	654.3333333	665.6666667	767.6666667	941	773.3333333
316160135	847.47	677.6666667	685.6666667	677.6666667	666.6666667	14.33333333	301.2222222	445.6666667	445.6666667	705.6666667	699	704.3333333	704.3333333	679	593.3333333	713.3333333	726.6666667	845.6666667	1041	861
316160140	927.67	611	612.3333333	610	606.6666667	14.33333333	350.1111111	520	521	614.3333333	599	605.6666667	605.6666667	701	613.3333333	733.3333333	761	721	886.6666667	733.3333333
316160145	940.52	549	559	551	541	21	388.8888889	574.3333333	572.3333333	553.3333333	540	546.6666667	546.6666667	699	627.6666667	734.3333333	760	585.6666667	719	587.6666667
316160150	707.88	613.3333333	621	613.3333333	605.6666667	13.33333333	372.1111111	553.3333333	545.6666667	592.3333333	579	586.6666667	585.6666667	600	533.3333333	621	626.6666667	673.3333333	825.6666667	679
316160155	483.27	639	652.3333333	641	626.6666667	21	389.8888889	573.3333333	572.3333333	607.6666667	601	603.3333333	603.3333333	712.3333333	625.6666667	732.3333333	747.6666667	785.6666667	961	800
316160200	466.39	725.6666667	747.6666667	727.6666667	706.6666667	21	391.1111111	581	572.3333333	665.6666667	659	664.3333333	662.3333333	885.6666667	786.6666667	919	934.3333333	867.6666667	1060	886.6666667
316160205	487.69	711	725.6666667	710	692.3333333	20	387.6666667	572.3333333	566.6666667	705.6666667	692.3333333	701	699	901	787.6666667	934.3333333	954.3333333	859	1054.333333	872.3333333
316160210	564.32	702.3333333	721	702.3333333	685.6666667	643.3333333	644.3333333	652.3333333	633.3333333	747.6666667	734.3333333	740	739	787.6666667	687.6666667	812.3333333	841	707.6666667	866.6666667	713.3333333
316160215	693.55	750	766.6666667	750	733.3333333	20	496.5555556	739	727.6666667	747.6666667	732.3333333	741	739	673.3333333	594.3333333	692.3333333	707.6666667	639	785.6666667	639
316160220	675.31	830	845.6666667	830	813.3333333	21	538.7777778	800	792.3333333	747.6666667	733.3333333	741	741	786.6666667	693.3333333	812.3333333	840	726.6666667	899	740
316160225	583.97	881	900	880	861	19	529.8888889	786.6666667	781	886.6666667	859	872.3333333	874.3333333	886.6666667	786.6666667	927.6666667	954.3333333	845.6666667	1040	867.6666667
316160230	648.95	935.6666667	961	937.6666667	913.3333333	19	487.8888889	726.6666667	720	920	892.3333333	907.6666667	907.6666667	885.6666667	781	920	945.6666667	852.3333333	1045.666667	874.3333333
316160235	726.75	953.3333333	974.3333333	952.3333333	934.3333333	19	492.3333333	741	720	934.3333333	914.3333333	922.3333333	922.3333333	880	780	921	933.3333333	847.6666667	1045.666667	865.6666667
316160240	751.14	853.3333333	865.6666667	853.3333333	839	20	503.2222222	745.6666667	741	933.3333333	907.6666667	921	919	874.3333333	765.6666667	912.3333333	927.6666667	853.3333333	1040	872.3333333
316160245	747.21	775.6666667	785.6666667	775.6666667	766.6666667	776.6666667	775.6666667	781	772.3333333	827.6666667	814.3333333	820	819	840	746.6666667	881	899	845.6666667	1039	853.3333333
316160250	744.26	835.6666667	853.3333333	837.6666667	820	19	523.4444444	781	773.3333333	745.6666667	734.3333333	740	741	846.6666667	745.6666667	881	893.3333333	846.6666667	1032.333333	852.3333333
316160255	631.23	911	927.6666667	910	893.3333333	785.6666667	787.6666667	785.6666667	786.6666667	845.6666667	813.3333333	829	829	860	767.6666667	912.3333333	933.3333333	840	1032.333333	854.3333333
316160300	609.11	927.6666667	940	927.6666667	913.3333333	20	525.4444444	780	774.3333333	921	893.3333333	907.6666667	905.6666667	865.6666667	767.6666667	899	920	821	1001	827.6666667
316160305	829.7	926.6666667	939	927.6666667	912.3333333	776.6666667	775.6666667	780	772.3333333	925.6666667	906.6666667	917.6666667	916.6666667	859	752.3333333	892.3333333	914.3333333	785.6666667	972.3333333	799
316160310	989.87	907.6666667	919	906.6666667	894.3333333	26.66666667	404.3333333	779	402.3333333	914.3333333	893.3333333	904.3333333	904.3333333	801	706.6666667	833.3333333	860	752.3333333	912.3333333	761
316160315	973.27	912.3333333	933.3333333	913.3333333	894.3333333	21	519	779	761	886.6666667	873.3333333	881	880	813.3333333	706.6666667	853.3333333	873.3333333	773.3333333	952.3333333	785.6666667
316160320	873.2	915.6666667	932.3333333	915.6666667	900	20	517.7777778	772.3333333	760	905.6666667	893.3333333	901	901	839	745.6666667	886.6666667	906.6666667	807.6666667	999	821
316160325	834.56	916.6666667	934.3333333	915.6666667	900	762.3333333	764.3333333	765.6666667	759	912.3333333	894.3333333	904.3333333	903.3333333	854.3333333	753.3333333	893.3333333	914.3333333	807.6666667	992.3333333	820
316160330	923.32	915.6666667	934.3333333	917.6666667	900	20	505.6666667	759	741	907.6666667	894.3333333	901	901	860	747.6666667	894.3333333	913.3333333	820	1000	833.3333333
316160335	975.22	909	925.6666667	910	893.3333333	706.6666667	706.6666667	712.3333333	700	907.6666667	885.6666667	896.6666667	897.6666667	859	752.3333333	894.3333333	914.3333333	825.6666667	1012.333333	833.3333333
316160340	991.88	909	926.6666667	909	893.3333333	19	511.1111111	760	752.3333333	906.6666667	885.6666667	897.6666667	895.6666667	860	745.6666667	893.3333333	914.3333333	807.6666667	981	813.3333333
316160345	989.2	892.3333333	912.3333333	894.3333333	872.3333333	21	514.5555556	765.6666667	761	905.6666667	887.6666667	897.6666667	897.6666667	852.3333333	745.6666667	885.6666667	913.3333333	747.6666667	921	754.3333333
316160350	971.39	910	926.6666667	911	893.3333333	21	514.5555556	767.6666667	759	905.6666667	885.6666667	896.6666667	897.6666667	839	740	874.3333333	892.3333333	740	912.3333333	752.3333333
316160355	989.33	909	927.6666667	910	894.3333333	759	759	759	761	907.6666667	885.6666667	896.6666667	896.6666667	841	747.6666667	885.6666667	899	753.3333333	926.6666667	765.6666667
316160400	991.25	909	926.6666667	909	892.3333333	21	389	760	389	906.6666667	887.6666667	896.6666667	896.6666667	853.3333333	746.6666667	894.3333333	906.6666667	765.6666667	946.6666667	773.3333333
316160405	991.09	902.3333333	914.3333333	904.3333333	892.3333333	742.3333333	744.3333333	747.6666667	741	905.6666667	881	894.3333333	893.3333333	820	719	859	879	726.6666667	899	734.3333333
316160410	989.76	894.3333333	905.6666667	892.3333333	879	20	390	760	390	901	873.3333333	886.6666667	886.6666667	761	679	814.3333333	827.6666667	694.3333333	852.3333333	700
316160415	979.25	857.6666667	865.6666667	855.6666667	845.6666667	21	384.3333333	746.6666667	383.3333333	845.6666667	833.3333333	841	840	741	641	754.3333333	781	733.3333333	900	739
316160420	920.95	870	887.6666667	870	852.3333333	760	760	761	760	845.6666667	827.6666667	835.6666667	835.6666667	633.3333333	554.3333333	652.3333333	665.6666667	686.6666667	845.6666667	694.3333333
316160425	907.06	892.3333333	914.3333333	894.3333333	873.3333333	25.66666667	514.3333333	760	754.3333333	885.6666667	854.3333333	870	871	692.3333333	605.6666667	714.3333333	740	707.6666667	866.6666667	713.3333333
316160430	956.63	906.6666667	921	906.6666667	893.3333333	19	502.2222222	746.6666667	740	905.6666667	879	892.3333333	893.3333333	773.3333333	679	813.3333333	833.3333333	712.3333333	866.6666667	714.3333333
316160435	981.62	910	926.6666667	910	892.3333333	19	349	681	351	907.6666667	886.6666667	897.6666667	897.6666667	765.6666667	673.3333333	814.3333333	833.3333333	692.3333333	860	699
316160440	988.73	887.6666667	899	885.6666667	872.3333333	20	449.8888889	666.6666667	660	906.6666667	879	894.3333333	892.3333333	781	687.6666667	819	840	747.6666667	925.6666667	752.3333333
316160445	973.39	800	813.3333333	799	786.6666667	695.6666667	695.6666667	701	692.3333333	845.6666667	834.3333333	840	841	725.6666667	640	765.6666667	781	699	854.3333333	701
316160450	972.93	794.3333333	806.6666667	792.3333333	779	20	475.5555556	707.6666667	699	806.6666667	794.3333333	801	801	821	727.6666667	874.3333333	892.3333333	652.3333333	807.6666667	652.3333333
316160455	972.21	784.3333333	801	783.3333333	766.6666667	19	476.7777778	712.3333333	700	765.6666667	754.3333333	760	759	826.6666667	726.6666667	860	874.3333333	741	906.6666667	752.3333333
316160500	970.03	861	879	861	841	19	460	687.6666667	673.3333333	827.6666667	813.3333333	820	820	794.3333333	693.3333333	834.3333333	854.3333333	787.6666667	959	792.3333333
316160505	968.1	817.6666667	825.6666667	817.6666667	805.6666667	600	600	606.6666667	592.3333333	806.6666667	794.3333333	799	799	727.6666667	626.6666667	753.3333333	703.2222222	820	999	834.3333333
316160510	979.04	771	786.6666667	771	752.3333333	14.33333333	345.6666667	513.3333333	512.3333333	747.6666667	734.3333333	740	740	680	592.3333333	713.3333333	721	779	961	792.3333333
316160515	934.09	733.3333333	747.6666667	733.3333333	719	12.33333333	297.6666667	579	296.6666667	827.6666667	814.3333333	819	819	619	533.3333333	639	645.6666667	805.6666667	999	832.3333333
316160520	862.89	819	846.6666667	819	792.3333333	19	461.2222222	687.6666667	680	786.6666667	774.3333333	780	781	620	533.3333333	626.6666667	627.6666667	827.6666667	1021	839
316160525	800.07	836.6666667	854.3333333	837.6666667	819	19	440	654.3333333	646.6666667	865.6666667	852.3333333	859	859	659	566.6666667	693.3333333	701	826.6666667	1014.333333	832.3333333
316160530	842.83	865.6666667	885.6666667	866.6666667	847.6666667	696.6666667	695.6666667	701	694.3333333	865.6666667	847.6666667	857.6666667	856.6666667	754.3333333	661	794.3333333	820	806.6666667	979	812.3333333
316160535	895.22	861	881	860	839	21	479	720	699	887.6666667	873.3333333	879	880	752.3333333	660	793.3333333	813.3333333	745.6666667	921	752.3333333
316160540	893.51	793.3333333	806.6666667	793.3333333	780	712.3333333	713.3333333	719	706.6666667	821	800	810	810	687.6666667	601	726.6666667	741	694.3333333	853.3333333	701
316160545	915.15	772.3333333	785.6666667	773.3333333	759	19	513.3333333	760	761	726.6666667	713.3333333	720	721	632.3333333	539	666.6666667	680	634.3333333	787.6666667	639
316160550	889.64	821	832.3333333	821	807.6666667	19	487.8888889	727.6666667	721	719	699	711	709	534.3333333	460	554.3333333	567.6666667	574.3333333	705.6666667	581
316160555	820.33	887.6666667	900	885.6666667	873.3333333	19	434.5555556	646.6666667	641	846.6666667	833.3333333	841	839	532.3333333	453.3333333	552.3333333	566.6666667	539	660	527.6666667
316160600	687.82	832.3333333	846.6666667	832.3333333	819	12.33333333	387.8888889	580	573.3333333	867.6666667	853.3333333	861	861	620	532.3333333	607.6666667	665.6666667	579	720	581
316160605	528.41	819	826.6666667	821	814.3333333	12.33333333	316.5555556	466.6666667	467.6666667	819	793.3333333	805.6666667	807.6666667	720	621	747.6666667	761	687.6666667	846.6666667	694.3333333
316160610	624.92	625.6666667	627.6666667	626.6666667	627.6666667	506.6666667	507.6666667	513.3333333	499	721	712.3333333	717.6666667	715.6666667	806.6666667	705.6666667	854.3333333	867.6666667	766.6666667	945.6666667	772.3333333
316160615	706.74	519	532.3333333	519	505.6666667	21	359	539	519	501	493.3333333	495.6666667	496.6666667	814.3333333	707.6666667	860	872.3333333	781	959	794.3333333
316160620	753.24	607.6666667	627.6666667	606.6666667	585.6666667	19	447.6666667	667.6666667	653.3333333	533.3333333	521	525.6666667	526.6666667	801	692.3333333	840	860	733.3333333	906.6666667	741
316160625	849.08	685.6666667	707.6666667	685.6666667	665.6666667	19	490.1111111	732.3333333	719	621	600	610	609	720	627.6666667	761	780	692.3333333	867.6666667	701
316160630	902.03	805.6666667	825.6666667	805.6666667	787.6666667	19	431.1111111	641	634.3333333	714.3333333	701	706.6666667	707.6666667	679	592.3333333	714.3333333	726.6666667	594.3333333	747.6666667	605.6666667
316160635	947.05	742.3333333	747.6666667	743.3333333	739	472.3333333	473.3333333	473.3333333	473.3333333	765.6666667	753.3333333	761	759	560	473.3333333	593.3333333	601	612.3333333	761	620
316160640	888.7	666.6666667	685.6666667	666.6666667	645.6666667	13.33333333	343.2222222	512.3333333	500	706.6666667	699	703.3333333	704.3333333	534.3333333	453.3333333	554.3333333	566.6666667	626.6666667	774.3333333	626.6666667
316160645	771.93	810	827.6666667	809	794.3333333	14.33333333	343.4444444	514.3333333	507.6666667	765.6666667	752.3333333	759	760	492.3333333	414.3333333	501	507.6666667	652.3333333	805.6666667	654.3333333
316160650	614.08	763.3333333	767.6666667	764.3333333	761	19	398.7777778	593.3333333	579	766.6666667	752.3333333	760	759	525.6666667	452.3333333	552.3333333	552.3333333	707.6666667	866.6666667	713.3333333
316160655	563.66	759	787.6666667	761	734.3333333	592.3333333	593.3333333	592.3333333	594.3333333	827.6666667	813.3333333	820	821	661	572.3333333	694.3333333	707.6666667	679	845.6666667	693.3333333
316160700	566.45	726.6666667	732.3333333	725.6666667	719	12.33333333	369.8888889	552.3333333	540	787.6666667	773.3333333	779	779	701	601	739	752.3333333	661	813.3333333	659
316160705	624.15	697.6666667	705.6666667	695.6666667	687.6666667	12.33333333	260	379	387.6666667	686.6666667	673.3333333	681	681	665.6666667	580	699	713.3333333	654.3333333	807.6666667	653.3333333
316160710	721.73	631	634.3333333	629	625.6666667	13.33333333	325.4444444	486.6666667	474.3333333	666.6666667	653.3333333	659	661	674.3333333	581	713.3333333	727.6666667	654.3333333	807.6666667	661
316160715	804.04	490	507.6666667	490	473.3333333	20	421	625.6666667	614.3333333	547.6666667	541	543.3333333	544.3333333	680	587.6666667	712.3333333	725.6666667	641	786.6666667	639
316160720	738.64	609	633.3333333	609	587.6666667	21	432.3333333	647.6666667	632.3333333	586.6666667	579	584.3333333	582.3333333	612.3333333	546.6666667	665.6666667	680	673.3333333	825.6666667	674.3333333
316160725	703.12	769	785.6666667	771	753.3333333	20	447.6666667	666.6666667	654.3333333	705.6666667	681	693.3333333	692.3333333	721	627.6666667	754.3333333	779	681	846.6666667	685.6666667
316160730	519.89	832.3333333	859	833.3333333	807.6666667	726.6666667	727.6666667	727.6666667	725.6666667	826.6666667	814.3333333	820	821	700	614.3333333	754.3333333	779	585.6666667	727.6666667	594.3333333
316160735	549.26	933.3333333	953.3333333	932.3333333	913.3333333	20	391	761	391	925.6666667	906.6666667	916.6666667	917.6666667	819	725.6666667	873.3333333	893.3333333	546.6666667	679	540
316160740	595.3	933.3333333	954.3333333	934.3333333	914.3333333	20	382.3333333	746.6666667	384.3333333	941	914.3333333	927.6666667	925.6666667	861	746.6666667	899	913.3333333	674.3333333	847.6666667	681
316160745	688.26	875.6666667	892.3333333	876.6666667	860	632.3333333	632.3333333	632.3333333	633.3333333	906.6666667	887.6666667	895.6666667	896.6666667	699	606.6666667	732.3333333	746.6666667	801	980	813.3333333
316160750	677.63	849	865.6666667	849	833.3333333	12.33333333	276.6666667	540	277.6666667	867.6666667	854.3333333	861	860	745.6666667	652.3333333	801	819	625.6666667	767.6666667	632.3333333
316160755	566.11	814.3333333	825.6666667	814.3333333	801	20	439	653.3333333	646.6666667	845.6666667	834.3333333	840	840	800	707.6666667	839	854.3333333	634.3333333	787.6666667	641
316160800	571.36	702.3333333	720	704.3333333	686.6666667	21	410.1111111	613.3333333	601	685.6666667	673.3333333	679	680	721	626.6666667	753.3333333	767.6666667	745.6666667	927.6666667	753.3333333
316160805	645.6	764.3333333	766.6666667	762.3333333	761	21	405.6666667	605.6666667	593.3333333	753.3333333	740	747.6666667	747.6666667	621	532.3333333	653.3333333	667.6666667	665.6666667	826.6666667	674.3333333
316160810	778.65	679	707.6666667	680	654.3333333	671	669	673.3333333	665.6666667	706.6666667	699	702.3333333	704.3333333	632.3333333	541	674.3333333	685.6666667	614.3333333	761	620
316160815	781.43	803.3333333	825.6666667	803.3333333	780	21	324.3333333	626.6666667	323.3333333	765.6666667	753.3333333	759	759	619	533.3333333	654.3333333	665.6666667	559	701	561
316160820	770.01	776.6666667	786.6666667	775.6666667	766.6666667	20	411.1111111	614.3333333	600	786.6666667	772.3333333	779	781	521	453.3333333	554.3333333	565.6666667	566.6666667	700	566.6666667
316160825	806.3	747.6666667	774.3333333	745.6666667	720	21	372.3333333	726.6666667	374.3333333	766.6666667	752.3333333	761	760	674.3333333	587.6666667	713.3333333	726.6666667	499	621	506.6666667
316160830	880.16	854.3333333	872.3333333	853.3333333	834.3333333	19	363.3333333	707.6666667	364.3333333	785.6666667	774.3333333	779	779	673.3333333	585.6666667	713.3333333	725.6666667	525.6666667	660	521
316160835	820.82	892.3333333	905.6666667	892.3333333	881	20	465.6666667	694.3333333	686.6666667	826.6666667	814.3333333	821	821	660	572.3333333	694.3333333	719	601	753.3333333	600
316160840	656.7	832.3333333	846.6666667	833.3333333	820	19	383.4444444	572.3333333	560	747.6666667	733.3333333	739	741	700	607.6666667	734.3333333	740	612.3333333	760	614.3333333
316160845	738.64	691	692.3333333	690	685.6666667	21	464.4444444	694.3333333	680	694.3333333	673.3333333	682.3333333	682.3333333	732.3333333	641	773.3333333	799	679	834.3333333	681
316160850	745.63	631	654.3333333	631	606.6666667	765.6666667	766.6666667	766.6666667	766.6666667	612.3333333	605.6666667	609	609	840	745.6666667	899	912.3333333	726.6666667	907.6666667	740
316160855	653.43	865.6666667	886.6666667	865.6666667	846.6666667	19	444.4444444	661	653.3333333	781	772.3333333	777.6666667	776.6666667	820	713.3333333	861	797.7777778	787.6666667	973.3333333	794.3333333
316160900	669.55	821	827.6666667	819	813.3333333	19	451.1111111	674.3333333	659	846.6666667	819	834.3333333	832.3333333	821	706.6666667	860	879	793.3333333	981	813.3333333
316160905	707.55	704.3333333	706.6666667	703.3333333	700	12.33333333	374.3333333	554.3333333	554.3333333	685.6666667	673.3333333	681	680	720	627.6666667	761	774.3333333	805.6666667	993.3333333	820
316160910	678.21	640	652.3333333	639	625.6666667	14.33333333	345.6666667	512.3333333	514.3333333	641	619	630	629	660	566.6666667	693.3333333	705.6666667	826.6666667	1020	834.3333333
316160915	685.41	663.3333333	679	664.3333333	646.6666667	19	405.4444444	600	592.3333333	645.6666667	641	644.3333333	643.3333333	661	572.3333333	694.3333333	713.3333333	767.6666667	947.6666667	785.6666667
316160920	784.23	789	813.3333333	791	766.6666667	562.3333333	563.3333333	565.6666667	559	745.6666667	732.3333333	741	740	680	579	714.3333333	725.6666667	659	812.3333333	667.6666667
316160925	802.02	684.3333333	680	683.3333333	686.6666667	20	451.1111111	674.3333333	661	733.3333333	719	725.6666667	725.6666667	652.3333333	561	679	686.6666667	601	746.6666667	600
316160930	696.8	706.6666667	745.6666667	707.6666667	665.6666667	19	442.2222222	654.3333333	654.3333333	745.6666667	734.3333333	741	739	661	572.3333333	700	705.6666667	640	792.3333333	640
316160935	626.89	785.6666667	787.6666667	786.6666667	786.6666667	14.33333333	252.3333333	493.3333333	252.3333333	765.6666667	740	753.3333333	754.3333333	699	720	741	721	680	833.3333333	680
316160940	731.41	727.6666667	746.6666667	725.6666667	705.6666667	12.33333333	239	465.6666667	239	747.6666667	732.3333333	739	740	801	686.6666667	840	776.5555556	767.6666667	961	787.6666667
316160945	784.31	570	572.3333333	571	566.6666667	507.6666667	505.6666667	512.3333333	500	640	619	629	631	840	745.6666667	901	920	805.6666667	993.3333333	821
316160950	745.73	592.3333333	599	592.3333333	585.6666667	21	445.4444444	665.6666667	646.6666667	587.6666667	579	583.3333333	584.3333333	833.3333333	727.6666667	881	892.3333333	827.6666667	1013.333333	834.3333333
316160955	764.71	660	673.3333333	659	647.6666667	19	460	687.6666667	673.3333333	646.6666667	641	643.3333333	643.3333333	780	687.6666667	826.6666667	841	847.6666667	1041	854.3333333
316161000	758.01	754.3333333	766.6666667	754.3333333	739	627.6666667	626.6666667	625.6666667	625.6666667	727.6666667	720	724.3333333	722.3333333	766.6666667	665.6666667	806.6666667	821	807.6666667	999	832.3333333
316161005	674.66	760	774.3333333	759	745.6666667	12.33333333	272.3333333	532.3333333	272.3333333	747.6666667	720	732.3333333	733.3333333	666.6666667	574.3333333	693.3333333	707.6666667	781	961	792.3333333
316161010	619.12	686.6666667	694.3333333	686.6666667	680	12.33333333	284.3333333	553.3333333	283.3333333	685.6666667	672.3333333	680	681	786.6666667	686.6666667	834.3333333	846.6666667	740	926.6666667	760
316161015	708.02	579	593.3333333	580	565.6666667	20	411.1111111	613.3333333	599	606.6666667	600	603.3333333	603.3333333	800	692.3333333	841	861	747.6666667	925.6666667	753.3333333
316161020	744.5	651	672.3333333	650	626.6666667	14.33333333	356.5555556	532.3333333	519	566.6666667	560	562.3333333	563.3333333	601	513.3333333	613.3333333	626.6666667	734.3333333	906.6666667	739
316161025	633.08	716.6666667	726.6666667	716.6666667	705.6666667	14.33333333	382.2222222	572.3333333	561	686.6666667	681	683.3333333	682.3333333	480	420	514.3333333	532.3333333	701	860	701
316161030	588.71	597.6666667	599	597.6666667	594.3333333	14.33333333	332.3333333	492.3333333	493.3333333	607.6666667	600	604.3333333	604.3333333	573.3333333	493.3333333	605.6666667	621	665.6666667	825.6666667	674.3333333
316161035	634.58	607.6666667	626.6666667	606.6666667	586.6666667	14.33333333	343.2222222	513.3333333	501	605.6666667	600	603.3333333	602.3333333	660	574.3333333	692.3333333	707.6666667	694.3333333	866.6666667	700
316161040	742.71	651	654.3333333	651	647.6666667	20	366.6666667	545.6666667	534.3333333	686.6666667	680	682.3333333	683.3333333	625.6666667	541	652.3333333	667.6666667	653.3333333	806.6666667	661
316161045	841.52	626.6666667	634.3333333	626.6666667	620	19	421	626.6666667	614.3333333	634.3333333	619	626.6666667	627.6666667	633.3333333	547.6666667	673.3333333	685.6666667	599	745.6666667	600
316161050	768.14	495.6666667	506.6666667	496.6666667	486.6666667	14.33333333	293.3333333	574.3333333	293.3333333	574.3333333	559	565.6666667	567.6666667	621	545.6666667	667.6666667	685.6666667	526.6666667	660	519
316161055	681.86	584.3333333	594.3333333	584.3333333	572.3333333	512.3333333	514.3333333	513.3333333	512.3333333	606.6666667	601	604.3333333	603.3333333	805.6666667	705.6666667	847.6666667	786.6666667	599	753.3333333	599
316161100	640.9	741	765.6666667	740	712.3333333	20	349	680	351	666.6666667	660	663.3333333	662.3333333	761	653.3333333	794.3333333	799	780	959	793.3333333
316161105	709.37	806.6666667	839	807.6666667	773.3333333	19	495.5555556	740	725.6666667	785.6666667	773.3333333	780	779	781	685.6666667	820	841	787.6666667	974.3333333	794.3333333
316161110	711.51	849	860	850	840	20	476.7777778	713.3333333	701	806.6666667	792.3333333	799	801	780	687.6666667	821	839	753.3333333	927.6666667	760
316161115	674.17	830	847.6666667	831	814.3333333	19	492.1111111	732.3333333	721	805.6666667	792.3333333	801	800	812.3333333	705.6666667	861	873.3333333	805.6666667	999	819
316161120	641.14	896.6666667	914.3333333	897.6666667	879	19	474.5555556	707.6666667	700	887.6666667	865.6666667	875.6666667	877.6666667	841	719	880	880	799	993.3333333	813.3333333
316161125	640.17	830	846.6666667	830	814.3333333	20	507.6666667	759	740	846.6666667	834.3333333	840	841	840	727.6666667	879	899	826.6666667	1020	841
316161130	633.08	867.6666667	886.6666667	867.6666667	846.6666667	21	511.1111111	759	753.3333333	814.3333333	794.3333333	804.3333333	804.3333333	845.6666667	739	899	912.3333333	820	1012.333333	832.3333333
316161135	673.1	901	920	900	879	19	386.6666667	753.3333333	387.6666667	887.6666667	874.3333333	880	880	840	739	899	912.3333333	826.6666667	1021	840
316161140	763.1	872.3333333	885.6666667	872.3333333	861	744.3333333	742.3333333	746.6666667	739	846.6666667	832.3333333	839	840	841	740	900	827.6666667	814.3333333	1012.333333	834.3333333
316161145	726.16	870	885.6666667	870	853.3333333	21	506.6666667	760	741	845.6666667	832.3333333	841	841	841	739	901	905.6666667	806.6666667	1001	825.6666667
316161150	802.29	891	906.6666667	890	872.3333333	19	507.8888889	761	746.6666667	866.6666667	852.3333333	859	859	841	725.6666667	892.3333333	907.6666667	805.6666667	999	827.6666667
316161155	877.1	904.3333333	927.6666667	902.3333333	881	19	391	761	390	894.3333333	873.3333333	882.3333333	883.3333333	840	725.6666667	886.6666667	900	806.6666667	985.6666667	812.3333333
316161200	902.74	899	921	901	880	20	507.6666667	754.3333333	747.6666667	893.3333333	873.3333333	882.3333333	882.3333333	841	726.6666667	886.6666667	900	805.6666667	993.3333333	827.6666667
316161205	879.43	895.6666667	913.3333333	896.6666667	879	742.3333333	744.3333333	746.6666667	740	901	872.3333333	887.6666667	885.6666667	839	725.6666667	881	901	786.6666667	980	813.3333333
316161210	861.33	895.6666667	914.3333333	897.6666667	881	21	384.3333333	746.6666667	383.3333333	899	873.3333333	886.6666667	886.6666667	841	726.6666667	880	901	774.3333333	954.3333333	781
316161215	884.92	895.6666667	914.3333333	895.6666667	880	20	501.2222222	745.6666667	740	900	872.3333333	885.6666667	886.6666667	833.3333333	726.6666667	880	894.3333333	767.6666667	946.6666667	774.3333333
316161220	954.15	893.3333333	914.3333333	892.3333333	873.3333333	27.66666667	504.4444444	746.6666667	740	893.3333333	873.3333333	883.3333333	884.3333333	825.6666667	726.6666667	879	811.1111111	807.6666667	986.6666667	812.3333333
316161225	987.59	891	905.6666667	891	873.3333333	722.3333333	724.3333333	725.6666667	719	887.6666667	873.3333333	880	879	825.6666667	726.6666667	881	886.6666667	807.6666667	993.3333333	814.3333333
316161230	991.14	843.3333333	854.3333333	844.3333333	833.3333333	19	500	746.6666667	732.3333333	865.6666667	852.3333333	859	861	819	712.3333333	874.3333333	885.6666667	806.6666667	985.6666667	813.3333333
316161235	989.15	830	845.6666667	830	814.3333333	21	501	745.6666667	734.3333333	825.6666667	812.3333333	819	821	841	727.6666667	881	899	792.3333333	980	814.3333333
316161240	991.47	872.3333333	893.3333333	872.3333333	854.3333333	19	496.7777778	739	733.3333333	859	839	850	849	827.6666667	720	880	893.3333333	785.6666667	980	806.6666667
316161245	991.03	874.3333333	893.3333333	873.3333333	854.3333333	21	501	745.6666667	733.3333333	853.3333333	832.3333333	844.3333333	843.3333333	825.6666667	726.6666667	879	894.3333333	794.3333333	985.6666667	814.3333333
316161250	990.25	886.6666667	905.6666667	886.6666667	867.6666667	19	497.7777778	740	732.3333333	887.6666667	866.6666667	876.6666667	877.6666667	819	727.6666667	873.3333333	880	799	986.6666667	812.3333333
316161255	989.5	886.6666667	907.6666667	886.6666667	865.6666667	21	496.7777778	739	734.3333333	886.6666667	866.6666667	876.6666667	875.6666667	786.6666667	679	833.3333333	840	794.3333333	986.6666667	814.3333333
316161300	955.82	882.3333333	907.6666667	883.3333333	861	19	480	719	701	887.6666667	866.6666667	876.6666667	875.6666667	819	714.3333333	861	881	766.6666667	954.3333333	787.6666667
316161305	952.43	860	881	859	841	21	491.1111111	734.3333333	720	887.6666667	859	874.3333333	874.3333333	821	705.6666667	861	881	787.6666667	974.3333333	792.3333333
316161310	953.74	843.3333333	867.6666667	843.3333333	820	21	496.7777778	741	733.3333333	866.6666667	854.3333333	861	860	820	713.3333333	867.6666667	879	806.6666667	992.3333333	814.3333333
316161315	947.05	879	905.6666667	879	853.3333333	742.3333333	742.3333333	746.6666667	740	885.6666667	860	874.3333333	872.3333333	619	521	634.3333333	592.1111111	805.6666667	987.6666667	813.3333333
316161320	958.7	891	907.6666667	891	873.3333333	20	495.5555556	740	727.6666667	886.6666667	866.6666667	875.6666667	876.6666667	739	645.6666667	800	819	800	986.6666667	814.3333333
316161325	945.52	891	906.6666667	889	874.3333333	19	461.2222222	686.6666667	679	893.3333333	874.3333333	884.3333333	882.3333333	753.3333333	647.6666667	800	812.3333333	779	965.6666667	793.3333333
316161330	932.08	790	805.6666667	789	773.3333333	13.33333333	384.4444444	573.3333333	565.6666667	887.6666667	867.6666667	876.6666667	876.6666667	665.6666667	574.3333333	714.3333333	725.6666667	694.3333333	865.6666667	699
316161335	986.29	700	720	700	681	14.33333333	353.3333333	525.6666667	521	806.6666667	793.3333333	799	801	734.3333333	634.3333333	773.3333333	779	661	820	666.6666667
316161340	990.89	646.6666667	667.6666667	646.6666667	627.6666667	576.6666667	577.6666667	580	572.3333333	766.6666667	754.3333333	760	761	752.3333333	645.6666667	793.3333333	730.1111111	653.3333333	812.3333333	659
316161345	956.23	701	712.3333333	700	687.6666667	14.33333333	329.8888889	493.3333333	479	712.3333333	707.6666667	710	711	593.3333333	494.3333333	613.3333333	567.6666667	714.3333333	887.6666667	726.6666667
316161350	920.59	699	727.6666667	700	672.3333333	473.3333333	474.3333333	472.3333333	472.3333333	706.6666667	693.3333333	701	701	513.3333333	433.3333333	534.3333333	554.3333333	673.3333333	834.3333333	679
316161355	972.22	765.6666667	786.6666667	765.6666667	746.6666667	7.666666667	247.6666667	366.6666667	366.6666667	827.6666667	812.3333333	820	819	393.3333333	339	421	425.6666667	486.6666667	601	480
316161400	980.98	661	672.3333333	660	647.6666667	13.33333333	232.3333333	345.6666667	340	747.6666667	733.3333333	739	740	492.3333333	419	512.3333333	521	499	621	501
316161405	961.42	574.3333333	581	574.3333333	567.6666667	344.3333333	344.3333333	346.6666667	341	607.6666667	600	603.3333333	604.3333333	407.6666667	352.3333333	432.3333333	446.6666667	612.3333333	759	613.3333333
316161410	986.34	425.6666667	441	427.6666667	413.3333333	12.33333333	292.1111111	432.3333333	425.6666667	585.6666667	579	583.3333333	583.3333333	505.6666667	432.3333333	546.6666667	552.3333333	532.3333333	673.3333333	540
316161415	988.78	503.3333333	534.3333333	504.3333333	473.3333333	514.3333333	513.3333333	514.3333333	512.3333333	560	559	559	559	619	541	672.3333333	685.6666667	499	620	499
316161420	919.66	541	554.3333333	539	526.6666667	14.33333333	372.1111111	553.3333333	546.6666667	581	573.3333333	576.6666667	575.6666667	626.6666667	541	667.6666667	611.1111111	587.6666667	726.6666667	585.6666667
316161425	800.22	606.6666667	627.6666667	606.6666667	587.6666667	14.33333333	321.2222222	473.3333333	479	566.6666667	561	562.3333333	562.3333333	599	507.6666667	625.6666667	625.6666667	552.3333333	679	545.6666667
316161430	686.16	696.6666667	707.6666667	695.6666667	687.6666667	6.666666667	232.3333333	347.6666667	345.6666667	685.6666667	667.6666667	676.6666667	675.6666667	532.3333333	453.3333333	560	573.3333333	546.6666667	680	539
316161435	610.88	455.6666667	461	457.6666667	452.3333333	413.3333333	414.3333333	412.3333333	413.3333333	559	553.3333333	555.6666667	556.6666667	545.6666667	466.6666667	573.3333333	586.6666667	485.6666667	620	499
316161440	524.91	520	552.3333333	521	485.6666667	12.33333333	293.3333333	433.3333333	434.3333333	506.6666667	500	503.3333333	503.3333333	540	465.6666667	573.3333333	579	513.3333333	647.6666667	521
316161445	398.22	561	573.3333333	561	546.6666667	14.33333333	311.1111111	460	460	585.6666667	579	582.3333333	584.3333333	494.3333333	412.3333333	513.3333333	520	467.6666667	586.6666667	465.6666667
316161450	347.07	616.6666667	632.3333333	615.6666667	600	423.3333333	424.3333333	425.6666667	421	607.6666667	586.6666667	595.6666667	596.6666667	472.3333333	412.3333333	492.3333333	506.6666667	533.3333333	681	540
316161455	349.24	603.3333333	612.3333333	604.3333333	592.3333333	12.33333333	314.3333333	465.6666667	461	646.6666667	639	644.3333333	644.3333333	546.6666667	474.3333333	585.6666667	593.3333333	579	732.3333333	580
316161500	408.21	540	554.3333333	541	526.6666667	14.33333333	301.2222222	452.3333333	440	580	560	571	571	639	553.3333333	686.6666667	701	587.6666667	734.3333333	593.3333333
316161505	504.46	570	592.3333333	571	545.6666667	20	305.6666667	592.3333333	306.6666667	645.6666667	640	642.3333333	642.3333333	759	653.3333333	806.6666667	821	640	806.6666667	653.3333333
316161510	600.19	601	613.3333333	600	587.6666667	569	570	573.3333333	566.6666667	605.6666667	601	604.3333333	603.3333333	760	667.6666667	807.6666667	819	707.6666667	874.3333333	713.3333333
316161515	641.78	580	593.3333333	581	566.6666667	21	416.7777778	625.6666667	607.6666667	519	505.6666667	514.3333333	514.3333333	780	665.6666667	821	840	747.6666667	919	752.3333333
316161520	510.78	652.3333333	659	654.3333333	645.6666667	19	414.5555556	619	605.6666667	626.6666667	619	624.3333333	624.3333333	774.3333333	665.6666667	821	819	767.6666667	952.3333333	781
316161525	465.95	684.3333333	699	682.3333333	666.6666667	14.33333333	375.5555556	552.3333333	561	647.6666667	634.3333333	641	640	721	625.6666667	774.3333333	781	787.6666667	973.3333333	793.3333333
316161530	526.21	659	652.3333333	661	665.6666667	580	580	587.6666667	573.3333333	687.6666667	674.3333333	680	680	713.3333333	606.6666667	746.6666667	761	760	941	772.3333333
316161535	541.36	595.6666667	627.6666667	597.6666667	566.6666667	21	434.3333333	646.6666667	632.3333333	587.6666667	581	584.3333333	584.3333333	679	594.3333333	727.6666667	733.3333333	721	894.3333333	733.3333333
316161540	554.28	749	765.6666667	749	733.3333333	20	385.4444444	574.3333333	559	686.6666667	680	683.3333333	683.3333333	680	585.6666667	719	726.6666667	712.3333333	886.6666667	726.6666667
316161545	564.35	710	706.6666667	709	714.3333333	551	550	553.3333333	547.6666667	726.6666667	719	722.3333333	722.3333333	672.3333333	580	714.3333333	726.6666667	713.3333333	885.6666667	721
316161550	596.24	620	632.3333333	621	605.6666667	20	367.8888889	547.6666667	540	605.6666667	601	604.3333333	602.3333333	701	605.6666667	740	760	693.3333333	860	700
316161555	680.93	656.6666667	665.6666667	657.6666667	645.6666667	21	374.5555556	553.3333333	554.3333333	641	621	629	629	692.3333333	592.3333333	727.6666667	739	679	839	685.6666667
316161600	784.99	570	592.3333333	571	546.6666667	545.6666667	547.6666667	552.3333333	539	645.6666667	641	643.3333333	644.3333333	699	601	740	761	660	820	659
316161605	868.87	713.3333333	740	714.3333333	685.6666667	20	315.6666667	612.3333333	317.6666667	705.6666667	699	704.3333333	704.3333333	761	660	806.6666667	819	681	834.3333333	680
316161610	894.02	822.3333333	847.6666667	822.3333333	801	19	469.8888889	699	685.6666667	805.6666667	787.6666667	795.6666667	796.6666667	779	672.3333333	826.6666667	840	679	853.3333333	694.3333333
316161615	827.32	827.6666667	847.6666667	825.6666667	805.6666667	19	466.6666667	692.3333333	686.6666667	866.6666667	854.3333333	861	859	780	687.6666667	841	847.6666667	765.6666667	952.3333333	779
316161620	759.16	831	845.6666667	830	813.3333333	720	721	719	721	865.6666667	839	853.3333333	852.3333333	785.6666667	674.3333333	840	845.6666667	765.6666667	947.6666667	774.3333333
316161625	810.51	849	867.6666667	850	832.3333333	19	380	739	380	845.6666667	825.6666667	836.6666667	835.6666667	806.6666667	706.6666667	861	880	765.6666667	945.6666667	779
316161630	781.89	876.6666667	894.3333333	876.6666667	859	20	379	739	380	865.6666667	853.3333333	860	860	799	701	861	872.3333333	785.6666667	967.6666667	793.3333333
316161635	675.88	879	899	880	859	20	498.7777778	740	733.3333333	872.3333333	854.3333333	863.3333333	864.3333333	819	707.6666667	881	880	785.6666667	972.3333333	794.3333333
316161640	688.36	884.3333333	906.6666667	884.3333333	861	733.3333333	734.3333333	739	725.6666667	886.6666667	859	874.3333333	873.3333333	820	705.6666667	872.3333333	880	785.6666667	973.3333333	793.3333333
316161645	700.29	879	901	880	859	20	380	741	381	880	861	870	869	800	687.6666667	846.6666667	860	766.6666667	959	785.6666667
316161650	686.98	881	901	879	861	726.6666667	727.6666667	734.3333333	720	885.6666667	861	873.3333333	873.3333333	774.3333333	665.6666667	819	840	786.6666667	966.6666667	792.3333333
316161655	698.76	879	900	880	860	20	491.1111111	733.3333333	720	887.6666667	859	873.3333333	874.3333333	759	653.3333333	805.6666667	821	787.6666667	980	794.3333333
316161700	800.3	876.6666667	892.3333333	877.6666667	860	19	490.1111111	732.3333333	721	879	861	871	869	699	601	740	752.3333333	774.3333333	967.6666667	793.3333333
316161705	886.02	870	885.6666667	870	854.3333333	19	489.8888889	726.6666667	719	867.6666667	854.3333333	860	861	665.6666667	572.3333333	706.6666667	705.6666667	700	867.6666667	706.6666667
316161710	911.67	856.6666667	880	856.6666667	832.3333333	20	482.2222222	720	705.6666667	861	832.3333333	847.6666667	847.6666667	614.3333333	527.6666667	646.6666667	665.6666667	700	872.3333333	720
316161715	951.4	872.3333333	893.3333333	873.3333333	852.3333333	707.6666667	707.6666667	707.6666667	705.6666667	845.6666667	827.6666667	837.6666667	836.6666667	694.3333333	592.3333333	719	726.6666667	726.6666667	905.6666667	734.3333333
316161720	971.79	871	887.6666667	871	852.3333333	20	473.3333333	705.6666667	693.3333333	866.6666667	854.3333333	861	859	759	660	800	821	747.6666667	927.6666667	752.3333333
316161725	970.93	871	885.6666667	871	854.3333333	20	473.3333333	707.6666667	692.3333333	865.6666667	853.3333333	859	861	801	692.3333333	846.6666667	861	733.3333333	913.3333333	754.3333333
316161730	970.88	864.3333333	886.6666667	864.3333333	839	19	462.2222222	687.6666667	681	865.6666667	853.3333333	859	860	785.6666667	687.6666667	833.3333333	846.6666667	766.6666667	947.6666667	772.3333333
316161735	983.73	862.3333333	887.6666667	864.3333333	840	701	699	706.6666667	694.3333333	867.6666667	852.3333333	861	859	785.6666667	686.6666667	839	860	766.6666667	954.3333333	779
316161740	984.54	870	885.6666667	871	852.3333333	21	483.4444444	720	712.3333333	867.6666667	853.3333333	861	859	800	686.6666667	847.6666667	861	774.3333333	961	794.3333333
316161745	980.4	870	886.6666667	870	853.3333333	712.3333333	712.3333333	720	706.6666667	865.6666667	853.3333333	860	859	779	666.6666667	819	839	760	940	772.3333333
316161750	952.04	862.3333333	885.6666667	863.3333333	839	21	483.2222222	719	707.6666667	865.6666667	853.3333333	861	860	753.3333333	647.6666667	801	805.6666667	713.3333333	887.6666667	721
316161755	926.19	869	885.6666667	871	854.3333333	634.3333333	633.3333333	633.3333333	633.3333333	866.6666667	853.3333333	860	859	733.3333333	625.6666667	780	787.6666667	693.3333333	852.3333333	694.3333333
316161800	910.78	814.3333333	825.6666667	813.3333333	799	20	410.1111111	614.3333333	599	866.6666667	845.6666667	856.6666667	856.6666667	761	653.3333333	801	819	712.3333333	892.3333333	714.3333333
316161805	921.52	760	787.6666667	761	732.3333333	572.3333333	574.3333333	573.3333333	574.3333333	827.6666667	812.3333333	821	819	734.3333333	626.6666667	781	779	746.6666667	933.3333333	754.3333333
316161810	952.9	717.6666667	734.3333333	716.6666667	700	12.33333333	365.6666667	546.6666667	539	785.6666667	772.3333333	780	779	760	652.3333333	807.6666667	821	745.6666667	932.3333333	766.6666667
316161815	930.36	743.3333333	766.6666667	742.3333333	721	21	416.7777778	627.6666667	605.6666667	745.6666667	734.3333333	741	740	801	686.6666667	840	861	706.6666667	886.6666667	712.3333333
316161820	868.68	800	827.6666667	799	773.3333333	673.3333333	674.3333333	681	666.6666667	785.6666667	772.3333333	779	780	801	685.6666667	839	861	700	865.6666667	713.3333333
316161825	816.62	812.3333333	827.6666667	814.3333333	799	13.33333333	437.7777778	654.3333333	647.6666667	805.6666667	781	793.3333333	793.3333333	794.3333333	685.6666667	841	860	747.6666667	932.3333333	759
316161830	875.33	782.3333333	786.6666667	783.3333333	779	19	323.3333333	627.6666667	324.3333333	766.6666667	754.3333333	759	759	792.3333333	685.6666667	841	859	773.3333333	952.3333333	787.6666667
316161835	940.28	685.6666667	694.3333333	687.6666667	680	21	461	686.6666667	672.3333333	707.6666667	700	702.3333333	704.3333333	794.3333333	685.6666667	840	859	766.6666667	945.6666667	772.3333333
316161840	963.38	675.6666667	693.3333333	675.6666667	660	19	473.3333333	706.6666667	694.3333333	686.6666667	680	683.3333333	684.3333333	780	665.6666667	827.6666667	839	746.6666667	932.3333333	759
316161845	921.2	804.3333333	825.6666667	803.3333333	781	700	699	706.6666667	692.3333333	786.6666667	766.6666667	776.6666667	775.6666667	781	667.6666667	832.3333333	839	746.6666667	927.6666667	752.3333333
316161850	865.97	840	859	840	820	19	473.3333333	707.6666667	694.3333333	840	821	831	830	787.6666667	686.6666667	839	841	746.6666667	926.6666667	754.3333333
316161855	831.93	829	847.6666667	831	814.3333333	700	699	707.6666667	694.3333333	825.6666667	813.3333333	820	819	787.6666667	687.6666667	840	861	753.3333333	933.3333333	760
316161900	802.27	844.3333333	865.6666667	842.3333333	819	699	699	705.6666667	694.3333333	834.3333333	812.3333333	823.3333333	823.3333333	785.6666667	687.6666667	776.7777778	861	761	946.6666667	773.3333333
316161905	798.4	843.3333333	867.6666667	842.3333333	819	20	473.3333333	705.6666667	692.3333333	847.6666667	833.3333333	840	839	779	681	841	854.3333333	760	946.6666667	772.3333333
316161910	809.69	844.3333333	867.6666667	842.3333333	820	19	474.3333333	707.6666667	692.3333333	847.6666667	834.3333333	841	840	786.6666667	679	839	846.6666667	759	945.6666667	774.3333333
316161915	872.44	844.3333333	867.6666667	844.3333333	819	19	467.8888889	701	685.6666667	845.6666667	833.3333333	840	841	786.6666667	674.3333333	839	841	761	946.6666667	774.3333333
316161920	880.11	843.3333333	866.6666667	843.3333333	821	693.3333333	694.3333333	699	687.6666667	846.6666667	827.6666667	835.6666667	835.6666667	781	667.6666667	834.3333333	841	745.6666667	939	774.3333333
316161925	904.62	844.3333333	866.6666667	843.3333333	821	19	471.1111111	707.6666667	685.6666667	845.6666667	819	834.3333333	834.3333333	779	665.6666667	834.3333333	839	747.6666667	932.3333333	774.3333333
316161930	946.62	842.3333333	865.6666667	842.3333333	819	19	469.8888889	700	686.6666667	847.6666667	820	833.3333333	834.3333333	781	672.3333333	826.6666667	839	753.3333333	934.3333333	765.6666667
316161935	958.88	841	861	841	819	20	469.8888889	701	686.6666667	845.6666667	819	832.3333333	833.3333333	781	661	834.3333333	839	745.6666667	933.3333333	760
316161940	954.88	839	860	840	820	20	468.8888889	701	687.6666667	840	819	829	830	779	666.6666667	827.6666667	839	747.6666667	933.3333333	760
316161945	955.08	831	846.6666667	831	813.3333333	21	467.8888889	700	687.6666667	826.6666667	821	822.3333333	823.3333333	780	666.6666667	825.6666667	840	746.6666667	932.3333333	754.3333333
316161950	956.24	830	845.6666667	831	812.3333333	20	466.6666667	693.3333333	687.6666667	834.3333333	813.3333333	822.3333333	822.3333333	781	667.6666667	825.6666667	840	846.6666667	934.3333333	761
316161955	956.45	831	845.6666667	830	813.3333333	19	461	685.6666667	672.3333333	827.6666667	814.3333333	821	820	781	665.6666667	820	841	745.6666667	926.6666667	753.3333333
316162000	953.27	830	845.6666667	830	814.3333333	19	461	686.6666667	672.3333333	825.6666667	813.3333333	819	819	780	665.6666667	819	833.3333333	747.6666667	927.6666667	752.3333333
316162005	952.15	829	845.6666667	830	813.3333333	20	354.3333333	686.6666667	353.3333333	825.6666667	814.3333333	820	820	772.3333333	660	820	841	745.6666667	927.6666667	754.3333333
316162010	953.51	826.6666667	847.6666667	825.6666667	805.6666667	680	681	685.6666667	673.3333333	825.6666667	812.3333333	820	819	765.6666667	660	820	839	746.6666667	927.6666667	752.3333333
316162015	950.3	822.3333333	847.6666667	824.3333333	800	21	352.3333333	686.6666667	353.3333333	825.6666667	812.3333333	820	821	761	661	819	839	734.3333333	914.3333333	753.3333333
316162020	949.84	823.3333333	845.6666667	823.3333333	801	19	458.7777778	687.6666667	665.6666667	825.6666667	813.3333333	819	821	766.6666667	666.6666667	820	841	739	926.6666667	753.3333333
316162025	949.84	823.3333333	846.6666667	823.3333333	800	19	351	680	350	825.6666667	814.3333333	821	820	761	666.6666667	821	839	739	920	752.3333333
316162030	945.59	822.3333333	847.6666667	822.3333333	800	12.33333333	456.5555556	686.6666667	665.6666667	826.6666667	813.3333333	819	820	765.6666667	646.6666667	820	825.6666667	739	914.3333333	752.3333333
316162035	945.13	824.3333333	845.6666667	824.3333333	799	676.6666667	676.6666667	685.6666667	665.6666667	827.6666667	801	813.3333333	814.3333333	760	660	820	827.6666667	734.3333333	914.3333333	753.3333333
316162040	941.54	819	840	820	801	20	454.5555556	679	666.6666667	827.6666667	800	813.3333333	813.3333333	759	647.6666667	820	827.6666667	733.3333333	912.3333333	746.6666667
316162045	941.51	816.6666667	834.3333333	815.6666667	801	674.3333333	674.3333333	679	665.6666667	825.6666667	799	814.3333333	812.3333333	761	654.3333333	814.3333333	826.6666667	726.6666667	912.3333333	740
316162050	941.5	815.6666667	834.3333333	815.6666667	799	20	454.5555556	680	665.6666667	827.6666667	800	814.3333333	812.3333333	760	647.6666667	814.3333333	825.6666667	733.3333333	913.3333333	733.3333333
316162055	941.5	813.3333333	826.6666667	814.3333333	799	21	454.5555556	679	666.6666667	825.6666667	799	813.3333333	812.3333333	761	645.6666667	814.3333333	819	726.6666667	905.6666667	733.3333333
316162100	939.02	815.6666667	833.3333333	815.6666667	801	21	455.5555556	680	665.6666667	820	792.3333333	806.6666667	805.6666667	761	646.6666667	807.6666667	820	725.6666667	906.6666667	733.3333333
316162105	938.84	811	825.6666667	810	793.3333333	19	456.5555556	681	666.6666667	812.3333333	794.3333333	803.3333333	804.3333333	754.3333333	645.6666667	805.6666667	820	726.6666667	905.6666667	733.3333333
316162110	936.57	811	827.6666667	810	792.3333333	19	454.5555556	680	666.6666667	807.6666667	794.3333333	799	799	752.3333333	647.6666667	800	820	727.6666667	906.6666667	734.3333333
316162115	937.64	811	826.6666667	810	793.3333333	19	449.8888889	666.6666667	661	812.3333333	792.3333333	803.3333333	802.3333333	753.3333333	646.6666667	799	821	726.6666667	907.6666667	732.3333333
316162120	936.08	805.6666667	827.6666667	807.6666667	786.6666667	661	659	665.6666667	654.3333333	806.6666667	793.3333333	799	799	760	647.6666667	799	819	727.6666667	906.6666667	732.3333333
316162125	936.82	805.6666667	827.6666667	807.6666667	786.6666667	21	445.6666667	666.6666667	652.3333333	805.6666667	792.3333333	799	801	745.6666667	646.6666667	801	730.1111111	719	907.6666667	732.3333333
316162130	934.58	802.3333333	825.6666667	802.3333333	779	19	447.6666667	666.6666667	654.3333333	806.6666667	793.3333333	801	799	741	633.3333333	792.3333333	812.3333333	721	894.3333333	719
316162135	934.77	805.6666667	826.6666667	805.6666667	785.6666667	21	447.6666667	665.6666667	652.3333333	805.6666667	793.3333333	801	800	741	641	799	812.3333333	720	901	725.6666667
316162140	932.81	803.3333333	825.6666667	802.3333333	779	21	446.6666667	667.6666667	653.3333333	806.6666667	793.3333333	799	799	741	634.3333333	800	805.6666667	713.3333333	893.3333333	726.6666667
316162145	933.09	804.3333333	827.6666667	803.3333333	780	657.6666667	657.6666667	667.6666667	647.6666667	806.6666667	793.3333333	799	799	741	645.6666667	799	814.3333333	714.3333333	893.3333333	725.6666667
316162150	931.24	802.3333333	825.6666667	804.3333333	780	20	344.3333333	665.6666667	344.3333333	806.6666667	793.3333333	800	799	740	634.3333333	800	806.6666667	712.3333333	885.6666667	719
316162155	931.02	799	820	800	780	21	444.4444444	667.6666667	647.6666667	807.6666667	794.3333333	799	800	740	626.6666667	799	805.6666667	705.6666667	886.6666667	721
316162200	928.53	799	820	799	780	21	445.4444444	667.6666667	647.6666667	805.6666667	794.3333333	801	800	741	627.6666667	801	805.6666667	707.6666667	893.3333333	721
316162205	928.7	799	819	801	781	20	443.2222222	660	645.6666667	805.6666667	786.6666667	797.6666667	797.6666667	740	632.3333333	792.3333333	806.6666667	714.3333333	885.6666667	721
316162210	928.82	795.6666667	814.3333333	795.6666667	779	660	660	659	661	805.6666667	786.6666667	796.6666667	797.6666667	739	633.3333333	792.3333333	799	721	893.3333333	725.6666667
316162215	927.73	793.3333333	805.6666667	793.3333333	781	19	339	659	339	806.6666667	781	793.3333333	793.3333333	739	626.6666667	794.3333333	800	713.3333333	886.6666667	720
316162220	926.43	790	807.6666667	789	772.3333333	20	442.2222222	661	646.6666667	805.6666667	781	792.3333333	794.3333333	740	625.6666667	785.6666667	800	705.6666667	887.6666667	714.3333333
316162225	925.18	791	807.6666667	790	773.3333333	21	340	661	340	799	780	789	789	726.6666667	619	780	793.3333333	700	872.3333333	712.3333333
316162230	926.26	789	805.6666667	791	772.3333333	21	440	661	641	794.3333333	773.3333333	784.3333333	782.3333333	719	621	780	793.3333333	694.3333333	866.6666667	705.6666667
316162235	925.25	789	806.6666667	791	774.3333333	12.33333333	433.3333333	647.6666667	640	785.6666667	772.3333333	781	779	721	621	781	786.6666667	681	859	694.3333333
316162240	922.57	782.3333333	807.6666667	784.3333333	761	21	436.5555556	645.6666667	639	786.6666667	772.3333333	780	781	712.3333333	613.3333333	781	781	679	853.3333333	693.3333333
316162245	920.61	783.3333333	807.6666667	784.3333333	759	19	432.1111111	646.6666667	627.6666667	785.6666667	774.3333333	779	781	714.3333333	607.6666667	765.6666667	780	685.6666667	867.6666667	700
316162250	920.23	781	801	779	760	21	430.1111111	646.6666667	627.6666667	786.6666667	767.6666667	776.6666667	777.6666667	720	606.6666667	767.6666667	780	701	865.6666667	699
316162255	921.76	782.3333333	807.6666667	784.3333333	759	21	427.6666667	641	620	786.6666667	767.6666667	776.6666667	775.6666667	721	606.6666667	781	781	694.3333333	873.3333333	701
316162300	920.73	776.6666667	792.3333333	775.6666667	761	633.3333333	632.3333333	641	625.6666667	787.6666667	772.3333333	780	780	721	619	779	793.3333333	701	872.3333333	706.6666667
316162305	918.14	774.3333333	785.6666667	774.3333333	760	19	432.1111111	647.6666667	627.6666667	787.6666667	772.3333333	780	781	726.6666667	613.3333333	781	793.3333333	693.3333333	867.6666667	706.6666667
316162310	917.71	772.3333333	787.6666667	774.3333333	761	635.6666667	635.6666667	646.6666667	625.6666667	785.6666667	767.6666667	777.6666667	777.6666667	721	627.6666667	779	794.3333333	693.3333333	867.6666667	700
316162315	917.38	773.3333333	786.6666667	774.3333333	760	13.33333333	428.8888889	646.6666667	626.6666667	786.6666667	767.6666667	777.6666667	775.6666667	721	613.3333333	780	787.6666667	699	865.6666667	701
316162320	918.12	770	785.6666667	770	753.3333333	19	429.8888889	639	625.6666667	787.6666667	759	774.3333333	774.3333333	721	614.3333333	780	786.6666667	686.6666667	866.6666667	700
316162325	915.71	773.3333333	786.6666667	772.3333333	761	21	430.1111111	645.6666667	626.6666667	786.6666667	760	773.3333333	773.3333333	719	614.3333333	780	786.6666667	699	872.3333333	700
316162330	908.64	774.3333333	787.6666667	774.3333333	759	21	427.8888889	639	625.6666667	774.3333333	767.6666667	770	771	720	619	781	785.6666667	686.6666667	867.6666667	701
316162335	900.54	775.6666667	792.3333333	777.6666667	759	19	429.8888889	641	626.6666667	780	766.6666667	773.3333333	772.3333333	725.6666667	614.3333333	780	785.6666667	694.3333333	866.6666667	701
316162340	899.39	774.3333333	785.6666667	774.3333333	760	639	639	639	639	785.6666667	765.6666667	777.6666667	776.6666667	720	605.6666667	781	785.6666667	693.3333333	865.6666667	699
316162345	899.96	772.3333333	787.6666667	774.3333333	760	21	428.8888889	641	626.6666667	787.6666667	765.6666667	775.6666667	776.6666667	719	613.3333333	773.3333333	780	687.6666667	861	692.3333333
316162350	900.1	770	785.6666667	771	752.3333333	19	427.8888889	639	627.6666667	785.6666667	760	772.3333333	773.3333333	712.3333333	607.6666667	774.3333333	779	686.6666667	860	694.3333333
316162355	893.08	769	786.6666667	769	752.3333333	20	425.6666667	639	619	780	760	769	769	719	606.6666667	774.3333333	779	687.6666667	865.6666667	694.3333333
316162400	899.14	772.3333333	786.6666667	774.3333333	761	20	329	640	331	772.3333333	759	767.6666667	767.6666667	721	606.6666667	773.3333333	779	687.6666667	859	694.3333333
316162405	908.56	769	785.6666667	770	753.3333333	19	425.4444444	634.3333333	621	774.3333333	754.3333333	764.3333333	762.3333333	721	607.6666667	774.3333333	781	687.6666667	854.3333333	693.3333333
316162410	909.95	767.6666667	785.6666667	767.6666667	746.6666667	21	427.6666667	641	619	774.3333333	753.3333333	763.3333333	763.3333333	720	605.6666667	774.3333333	774.3333333	687.6666667	860	693.3333333
316162415	904.24	766.6666667	787.6666667	767.6666667	745.6666667	20	330	640	329	774.3333333	754.3333333	762.3333333	762.3333333	719	606.6666667	772.3333333	779	686.6666667	859	692.3333333
316162420	904.74	765.6666667	787.6666667	767.6666667	745.6666667	19	326.6666667	633.3333333	326.6666667	772.3333333	752.3333333	764.3333333	763.3333333	719	605.6666667	773.3333333	780	686.6666667	865.6666667	699
316162425	905.17	767.6666667	787.6666667	766.6666667	747.6666667	20	425.4444444	633.3333333	621	766.6666667	752.3333333	759	760	721	605.6666667	702.2222222	779	686.6666667	859	694.3333333
316162430	904.99	766.6666667	786.6666667	766.6666667	747.6666667	21	327.6666667	632.3333333	327.6666667	767.6666667	753.3333333	759	761	713.3333333	605.6666667	772.3333333	779	680	853.3333333	694.3333333
316162435	904.78	766.6666667	786.6666667	766.6666667	747.6666667	625.6666667	627.6666667	632.3333333	619	765.6666667	752.3333333	761	759	719	607.6666667	766.6666667	781	680	853.3333333	686.6666667
316162440	904.48	765.6666667	787.6666667	765.6666667	745.6666667	21	423.2222222	625.6666667	620	767.6666667	753.3333333	759	759	705.6666667	600	767.6666667	772.3333333	680	847.6666667	679
316162445	904.93	762.3333333	785.6666667	762.3333333	741	21	421.2222222	625.6666667	620	766.6666667	754.3333333	761	759	699	586.6666667	760	772.3333333	666.6666667	840	679
316162450	904.95	764.3333333	787.6666667	763.3333333	740	19	423.2222222	627.6666667	621	767.6666667	754.3333333	761	761	700	585.6666667	759	773.3333333	666.6666667	834.3333333	674.3333333
316162455	901.88	760	781	760	741	19	322.3333333	625.6666667	324.3333333	765.6666667	754.3333333	760	760	699	587.6666667	754.3333333	773.3333333	666.6666667	840	681
316162500	902.44	760	780	761	741	20	417.7777778	625.6666667	605.6666667	767.6666667	753.3333333	761	760	701	587.6666667	760	767.6666667	679	839	680
316162505	903.3	764.3333333	787.6666667	764.3333333	740	612.3333333	612.3333333	621	606.6666667	765.6666667	753.3333333	759	761	699	601	759	774.3333333	680	852.3333333	679
316162510	902.98	755.6666667	773.3333333	756.6666667	741	21	414.5555556	620	606.6666667	765.6666667	752.3333333	759	759	707.6666667	592.3333333	765.6666667	774.3333333	679	852.3333333	687.6666667
316162515	903.08	754.3333333	766.6666667	752.3333333	740	19	416.5555556	621	607.6666667	772.3333333	746.6666667	760	759	700	600	760	774.3333333	681	845.6666667	693.3333333
316162520	904.72	750	766.6666667	749	733.3333333	20	416.7777778	627.6666667	607.6666667	766.6666667	746.6666667	757.6666667	756.6666667	700	587.6666667	759	774.3333333	672.3333333	847.6666667	685.6666667
316162525	901.92	752.3333333	765.6666667	753.3333333	741	617.6666667	615.6666667	626.6666667	607.6666667	760	745.6666667	752.3333333	754.3333333	701	585.6666667	761	773.3333333	680	846.6666667	679
316162530	905.31	753.3333333	766.6666667	753.3333333	740	616.6666667	617.6666667	626.6666667	605.6666667	759	745.6666667	753.3333333	752.3333333	699	587.6666667	761	774.3333333	679	845.6666667	679
316162535	903.74	753.3333333	767.6666667	753.3333333	739	20	414.5555556	620	606.6666667	761	739	750	750	699	587.6666667	761	772.3333333	673.3333333	845.6666667	681
316162540	904.28	755.6666667	772.3333333	757.6666667	741	19	416.5555556	619	605.6666667	766.6666667	741	752.3333333	752.3333333	705.6666667	587.6666667	760	774.3333333	681	840	679
316162545	903.08	754.3333333	767.6666667	752.3333333	739	21	414.5555556	620	607.6666667	766.6666667	747.6666667	755.6666667	755.6666667	699	585.6666667	760	772.3333333	673.3333333	840	679
316162550	900.84	753.3333333	765.6666667	752.3333333	741	21	416.5555556	621	606.6666667	766.6666667	745.6666667	756.6666667	757.6666667	701	585.6666667	760	774.3333333	672.3333333	840	681
316162555	897.59	753.3333333	766.6666667	753.3333333	740	21	415.5555556	620	606.6666667	759	745.6666667	754.3333333	753.3333333	700	587.6666667	761	774.3333333	665.6666667	847.6666667	680
316162600	892.94	752.3333333	765.6666667	754.3333333	740	609	610	621	601	761	745.6666667	752.3333333	752.3333333	701	586.6666667	760	774.3333333	673.3333333	839	673.3333333
316162605	891.33	754.3333333	765.6666667	753.3333333	740	21	413.3333333	620	601	759	739	750	750	701	587.6666667	760	765.6666667	674.3333333	840	673.3333333
316162610	895.71	750	766.6666667	749	734.3333333	609	610	619	601	761	747.6666667	753.3333333	754.3333333	700	592.3333333	761	759	672.3333333	833.3333333	672.3333333
316162615	899.05	746.6666667	767.6666667	746.6666667	725.6666667	20	414.3333333	620	600	753.3333333	739	746.6666667	745.6666667	693.3333333	585.6666667	759	761	672.3333333	841	672.3333333
316162620	900.3	749	766.6666667	750	734.3333333	605.6666667	605.6666667	614.3333333	600	754.3333333	740	745.6666667	746.6666667	700	586.6666667	760	754.3333333	672.3333333	833.3333333	674.3333333
316162625	902.33	750	767.6666667	750	733.3333333	20	408.8888889	613.3333333	593.3333333	753.3333333	740	746.6666667	747.6666667	701	587.6666667	753.3333333	759	667.6666667	833.3333333	672.3333333
316162630	903.29	746.6666667	767.6666667	746.6666667	725.6666667	21	411.1111111	612.3333333	599	754.3333333	734.3333333	744.3333333	744.3333333	701	581	754.3333333	759	660	834.3333333	673.3333333
316162635	904.64	744.3333333	767.6666667	742.3333333	719	21	412.1111111	612.3333333	601	753.3333333	733.3333333	742.3333333	744.3333333	700	586.6666667	752.3333333	760	659	833.3333333	673.3333333
316162640	904.02	743.3333333	766.6666667	743.3333333	719	12.33333333	405.6666667	605.6666667	599	753.3333333	732.3333333	743.3333333	743.3333333	692.3333333	573.3333333	752.3333333	759	661	833.3333333	674.3333333
316162645	906.3	744.3333333	765.6666667	743.3333333	720	604.3333333	603.3333333	606.6666667	599	746.6666667	741	744.3333333	743.3333333	692.3333333	585.6666667	747.6666667	760	660	834.3333333	673.3333333
316162650	905.42	744.3333333	767.6666667	742.3333333	720	19	403.4444444	606.6666667	587.6666667	747.6666667	733.3333333	739	740	694.3333333	587.6666667	754.3333333	760	660	826.6666667	672.3333333
316162655	903.54	744.3333333	767.6666667	743.3333333	721	21	407.6666667	607.6666667	594.3333333	747.6666667	733.3333333	740	741	692.3333333	586.6666667	754.3333333	753.3333333	665.6666667	833.3333333	674.3333333
316162700	905.3	742.3333333	765.6666667	743.3333333	721	20	405.4444444	607.6666667	585.6666667	747.6666667	732.3333333	739	740	694.3333333	573.3333333	752.3333333	759	665.6666667	833.3333333	673.3333333
316162705	902.91	742.3333333	765.6666667	744.3333333	721	19	404.4444444	605.6666667	587.6666667	747.6666667	734.3333333	740	739	687.6666667	573.3333333	747.6666667	754.3333333	660	832.3333333	674.3333333
316162710	902.99	739	759	741	720	20	404.4444444	606.6666667	587.6666667	745.6666667	732.3333333	741	739	685.6666667	572.3333333	752.3333333	754.3333333	659	826.6666667	674.3333333
316162715	901.74	740	760	740	719	20	405.4444444	605.6666667	585.6666667	752.3333333	732.3333333	742.3333333	744.3333333	679	579	747.6666667	754.3333333	653.3333333	826.6666667	673.3333333
316162720	902.49	735.6666667	754.3333333	735.6666667	720	21	312.3333333	605.6666667	312.3333333	746.6666667	734.3333333	740	739	681	579	745.6666667	753.3333333	659	834.3333333	665.6666667
316162725	901.45	740	760	740	721	12.33333333	403.2222222	607.6666667	587.6666667	745.6666667	733.3333333	741	741	685.6666667	574.3333333	746.6666667	754.3333333	659	825.6666667	667.6666667
316162730	903.45	735.6666667	754.3333333	736.6666667	721	19	403.4444444	605.6666667	587.6666667	745.6666667	733.3333333	740	739	681	573.3333333	747.6666667	754.3333333	652.3333333	827.6666667	660
316162735	901.47	735.6666667	753.3333333	737.6666667	721	597.6666667	596.6666667	605.6666667	586.6666667	747.6666667	734.3333333	740	740	681	573.3333333	745.6666667	752.3333333	661	827.6666667	665.6666667
316162740	900.84	735.6666667	753.3333333	737.6666667	721	14.33333333	402.2222222	605.6666667	585.6666667	745.6666667	732.3333333	740	741	680	574.3333333	747.6666667	754.3333333	660	834.3333333	665.6666667
316162745	902.42	735.6666667	753.3333333	736.6666667	721	20	402.2222222	600	586.6666667	746.6666667	732.3333333	741	739	681	565.6666667	746.6666667	752.3333333	661	819	660
316162750	901.05	735.6666667	754.3333333	735.6666667	721	14.33333333	402.2222222	607.6666667	586.6666667	745.6666667	734.3333333	739	740	685.6666667	567.6666667	746.6666667	752.3333333	659	820	659
316162755	899.19	735.6666667	752.3333333	737.6666667	719	12.33333333	401	600	587.6666667	747.6666667	733.3333333	741	739	679	567.6666667	747.6666667	753.3333333	654.3333333	821	661
316162800	899.53	735.6666667	752.3333333	735.6666667	720	590	590	599	581	747.6666667	733.3333333	739	741	680	574.3333333	746.6666667	753.3333333	659	821	661
316162805	899.93	737.6666667	752.3333333	737.6666667	719	14.33333333	397.7777778	601	579	747.6666667	733.3333333	741	740	680	565.6666667	747.6666667	747.6666667	654.3333333	821	667.6666667
316162810	900.96	733.3333333	746.6666667	734.3333333	721	12.33333333	397.7777778	600	579	746.6666667	726.6666667	735.6666667	735.6666667	679	565.6666667	747.6666667	754.3333333	654.3333333	819	660
316162815	898.33	732.3333333	747.6666667	732.3333333	720	20	402.2222222	600	586.6666667	746.6666667	727.6666667	736.6666667	735.6666667	679	565.6666667	747.6666667	754.3333333	652.3333333	821	652.3333333
316162820	899.86	732.3333333	745.6666667	734.3333333	719	12.33333333	398.7777778	601	579	747.6666667	727.6666667	736.6666667	736.6666667	681	567.6666667	745.6666667	754.3333333	652.3333333	819	652.3333333
316162825	899.35	730	745.6666667	731	712.3333333	14.33333333	396.7777778	600	579	746.6666667	726.6666667	736.6666667	735.6666667	679	565.6666667	745.6666667	745.6666667	660	820	661
316162830	898.59	733.3333333	745.6666667	733.3333333	720	19	400	601	580	747.6666667	726.6666667	735.6666667	735.6666667	680	567.6666667	740	754.3333333	645.6666667	820	652.3333333
316162835	898.52	733.3333333	745.6666667	733.3333333	721	12.33333333	307.6666667	600	306.6666667	745.6666667	725.6666667	736.6666667	736.6666667	679	567.6666667	740	752.3333333	654.3333333	821	654.3333333
316162840	898	733.3333333	746.6666667	733.3333333	721	19	401	601	580	747.6666667	725.6666667	737.6666667	736.6666667	679	560	739	747.6666667	653.3333333	821	654.3333333
316162845	899.17	729	745.6666667	730	712.3333333	19	400	600	581	739	725.6666667	734.3333333	732.3333333	679	566.6666667	741	747.6666667	646.6666667	814.3333333	654.3333333
316162850	899.97	729	747.6666667	730	712.3333333	21	398.7777778	594.3333333	580	739	726.6666667	732.3333333	733.3333333	681	565.6666667	734.3333333	746.6666667	645.6666667	821	660
316162855	901.46	725.6666667	746.6666667	727.6666667	707.6666667	20	398.7777778	593.3333333	580	739	725.6666667	732.3333333	734.3333333	681	561	733.3333333	740	647.6666667	814.3333333	652.3333333
316162900	900.33	727.6666667	747.6666667	725.6666667	705.6666667	586.6666667	585.6666667	593.3333333	580	740	721	730	731	672.3333333	554.3333333	733.3333333	740	646.6666667	812.3333333	654.3333333
316162905	898.57	724.3333333	745.6666667	724.3333333	701	14.33333333	302.3333333	592.3333333	303.3333333	732.3333333	719	727.6666667	725.6666667	681	565.6666667	733.3333333	741	646.6666667	814.3333333	654.3333333
316162910	898.25	724.3333333	746.6666667	723.3333333	701	585.6666667	587.6666667	594.3333333	581	732.3333333	720	727.6666667	725.6666667	681	567.6666667	734.3333333	740	647.6666667	812.3333333	660
316162915	899.91	722.3333333	747.6666667	723.3333333	699	21	306.6666667	592.3333333	307.6666667	734.3333333	721	726.6666667	725.6666667	679	565.6666667	734.3333333	741	645.6666667	813.3333333	652.3333333
316162920	900.43	722.3333333	747.6666667	722.3333333	700	586.6666667	587.6666667	592.3333333	581	732.3333333	720	726.6666667	726.6666667	673.3333333	554.3333333	733.3333333	740	645.6666667	814.3333333	652.3333333
316162925	899.69	724.3333333	747.6666667	724.3333333	701	13.33333333	392.1111111	587.6666667	573.3333333	732.3333333	712.3333333	724.3333333	722.3333333	674.3333333	567.6666667	732.3333333	741	639	814.3333333	653.3333333
316162930	900.85	727.6666667	746.6666667	726.6666667	706.6666667	584.3333333	583.3333333	585.6666667	581	734.3333333	721	726.6666667	727.6666667	737.6666667	735.6666667	733.3333333	739	639	814.3333333	653.3333333
316162935	901.29	723.3333333	745.6666667	723.3333333	700	585.6666667	587.6666667	586.6666667	586.6666667	734.3333333	714.3333333	723.3333333	724.3333333	667.6666667	559	734.3333333	741	647.6666667	812.3333333	654.3333333
316162940	901	722.3333333	747.6666667	724.3333333	700	579	581	585.6666667	573.3333333	732.3333333	720	725.6666667	727.6666667	673.3333333	565.6666667	733.3333333	741	647.6666667	812.3333333	652.3333333
316162945	902.3	725.6666667	747.6666667	727.6666667	706.6666667	581	579	586.6666667	574.3333333	732.3333333	721	726.6666667	727.6666667	661	546.6666667	732.3333333	741	639	813.3333333	653.3333333
316162950	902.64	722.3333333	745.6666667	722.3333333	701	579	580	587.6666667	573.3333333	733.3333333	714.3333333	723.3333333	722.3333333	674.3333333	566.6666667	734.3333333	740	640	806.6666667	652.3333333
316162955	901.83	723.3333333	745.6666667	722.3333333	699	587.6666667	586.6666667	585.6666667	587.6666667	734.3333333	714.3333333	722.3333333	723.3333333	672.3333333	560	734.3333333	740	641	807.6666667	647.6666667
316163000	901.72	723.3333333	746.6666667	723.3333333	700	587.6666667	586.6666667	585.6666667	585.6666667	734.3333333	713.3333333	723.3333333	722.3333333	665.6666667	561	732.3333333	741	641	813.3333333	653.3333333
316163005	901.2	723.3333333	745.6666667	723.3333333	701	577.6666667	577.6666667	586.6666667	566.6666667	734.3333333	721	725.6666667	726.6666667	666.6666667	561	733.3333333	741	639	814.3333333	653.3333333
316163010	903.35	723.3333333	745.6666667	723.3333333	701	585.6666667	585.6666667	587.6666667	587.6666667	734.3333333	720	725.6666667	725.6666667	667.6666667	560	732.3333333	739	640	812.3333333	645.6666667
316163015	903.41	723.3333333	747.6666667	724.3333333	701	576.6666667	576.6666667	585.6666667	567.6666667	727.6666667	712.3333333	720	720	665.6666667	561	734.3333333	739	641	812.3333333	652.3333333
316163020	903.64	722.3333333	745.6666667	724.3333333	700	587.6666667	587.6666667	587.6666667	586.6666667	725.6666667	713.3333333	720	719	667.6666667	561	734.3333333	741	640	813.3333333	653.3333333
316163025	902.74	723.3333333	745.6666667	724.3333333	699	575.6666667	575.6666667	587.6666667	566.6666667	733.3333333	714.3333333	724.3333333	723.3333333	666.6666667	545.6666667	732.3333333	732.3333333	639	807.6666667	647.6666667
316163030	901.59	722.3333333	745.6666667	722.3333333	701	576.6666667	577.6666667	586.6666667	566.6666667	727.6666667	714.3333333	721	720	660	561	733.3333333	732.3333333	634.3333333	813.3333333	654.3333333
316163035	903.26	723.3333333	746.6666667	722.3333333	700	577.6666667	575.6666667	587.6666667	565.6666667	727.6666667	712.3333333	719	720	672.3333333	553.3333333	733.3333333	733.3333333	647.6666667	813.3333333	653.3333333
316163040	901.9	720	739	720	701	577.6666667	577.6666667	587.6666667	565.6666667	725.6666667	713.3333333	721	720	673.3333333	547.6666667	734.3333333	734.3333333	641	814.3333333	646.6666667
316163045	900.52	721	741	719	701	575.6666667	576.6666667	585.6666667	565.6666667	726.6666667	714.3333333	719	721	667.6666667	547.6666667	733.3333333	732.3333333	639	805.6666667	654.3333333
316163050	901.33	715.6666667	734.3333333	717.6666667	699	586.6666667	586.6666667	587.6666667	586.6666667	726.6666667	714.3333333	721	719	660	547.6666667	732.3333333	734.3333333	640	812.3333333	654.3333333
316163055	901.39	715.6666667	733.3333333	717.6666667	701	586.6666667	585.6666667	585.6666667	587.6666667	725.6666667	714.3333333	720	721	667.6666667	559	734.3333333	732.3333333	641	814.3333333	647.6666667
316163100	900.5	716.6666667	733.3333333	715.6666667	701	579	579	581	581	734.3333333	713.3333333	722.3333333	724.3333333	661	545.6666667	734.3333333	734.3333333	641	814.3333333	645.6666667
316163105	900.72	717.6666667	732.3333333	717.6666667	701	574.3333333	573.3333333	586.6666667	561	726.6666667	714.3333333	721	720	659	553.3333333	733.3333333	733.3333333	634.3333333	800	645.6666667
316163110	901.04	716.6666667	734.3333333	716.6666667	699	571	569	579	561	727.6666667	713.3333333	721	721	665.6666667	554.3333333	732.3333333	732.3333333	632.3333333	807.6666667	645.6666667
316163115	902.82	716.6666667	733.3333333	716.6666667	700	570	571	580	561	727.6666667	714.3333333	720	721	659	547.6666667	733.3333333	734.3333333	639	801	646.6666667
316163120	901.51	717.6666667	733.3333333	715.6666667	701	571	569	580	560	726.6666667	712.3333333	719	719	666.6666667	560	733.3333333	732.3333333	639	801	645.6666667
316163125	901.79	717.6666667	734.3333333	716.6666667	701	570	570	580	559	725.6666667	714.3333333	719	719	673.3333333	553.3333333	733.3333333	732.3333333	639	812.3333333	653.3333333
316163130	903.29	715.6666667	732.3333333	716.6666667	701	586.6666667	587.6666667	586.6666667	587.6666667	727.6666667	714.3333333	719	719	674.3333333	547.6666667	732.3333333	732.3333333	641	814.3333333	647.6666667
316163135	904.81	720	740	719	700	571	570	580	559	726.6666667	714.3333333	719	720	667.6666667	546.6666667	740	733.3333333	632.3333333	814.3333333	654.3333333
316163140	902.61	716.6666667	733.3333333	716.6666667	699	570	571	581	559	725.6666667	712.3333333	721	719	667.6666667	546.6666667	732.3333333	732.3333333	641	806.6666667	645.6666667
316163145	904.67	716.6666667	734.3333333	715.6666667	699	570	570	581	559	726.6666667	712.3333333	721	720	674.3333333	554.3333333	732.3333333	734.3333333	639	813.3333333	653.3333333
316163150	905.38	717.6666667	733.3333333	716.6666667	701	571	571	580	559	725.6666667	714.3333333	720	720	666.6666667	553.3333333	733.3333333	732.3333333	641	801	645.6666667
316163155	904.24	720	740	721	700	571	570	579	560	726.6666667	712.3333333	720	719	660	545.6666667	733.3333333	739	640	807.6666667	646.6666667
316163200	905.41	715.6666667	733.3333333	717.6666667	701	569	570	580	560	726.6666667	707.6666667	715.6666667	715.6666667	672.3333333	545.6666667	733.3333333	732.3333333	639	805.6666667	645.6666667
316163205	904.12	717.6666667	732.3333333	715.6666667	700	571	569	581	561	727.6666667	720	722.3333333	724.3333333	660	552.3333333	741	734.3333333	639	806.6666667	645.6666667
316163210	904.34	716.6666667	732.3333333	716.6666667	701	580	581	581	581	727.6666667	714.3333333	721	720	666.6666667	547.6666667	733.3333333	732.3333333	641	805.6666667	646.6666667
316163215	903.75	716.6666667	733.3333333	715.6666667	699	566.6666667	565.6666667	580	554.3333333	727.6666667	713.3333333	719	721	661	545.6666667	734.3333333	734.3333333	641	800	647.6666667
316163220	903.52	717.6666667	734.3333333	716.6666667	699	569	569	579	561	726.6666667	713.3333333	719	720	674.3333333	545.6666667	734.3333333	733.3333333	639	807.6666667	647.6666667
316163225	904.1	715.6666667	732.3333333	716.6666667	699	573.3333333	572.3333333	586.6666667	559	727.6666667	713.3333333	721	719	660	547.6666667	733.3333333	732.3333333	640	799	647.6666667
316163230	904.36	710	725.6666667	711	693.3333333	571	570	580	561	727.6666667	714.3333333	721	719	661	546.6666667	733.3333333	732.3333333	641	806.6666667	646.6666667
316163235	905.65	712.3333333	726.6666667	714.3333333	700	571	570	579	559	726.6666667	714.3333333	719	720	667.6666667	547.6666667	734.3333333	733.3333333	640	799	640
316163240	904.53	716.6666667	733.3333333	715.6666667	699	566.6666667	567.6666667	580	552.3333333	725.6666667	712.3333333	719	721	661	553.3333333	734.3333333	732.3333333	639	805.6666667	647.6666667
316163245	904.22	712.3333333	725.6666667	714.3333333	699	569	570	580	560	725.6666667	707.6666667	716.6666667	716.6666667	660	545.6666667	732.3333333	733.3333333	640	799	646.6666667
316163250	904.21	712.3333333	725.6666667	714.3333333	701	570	569	579	559	726.6666667	713.3333333	721	719	659	553.3333333	734.3333333	734.3333333	641	805.6666667	647.6666667
316163255	904.03	714.3333333	727.6666667	712.3333333	700	570	569	579	561	725.6666667	713.3333333	721	719	659	545.6666667	734.3333333	733.3333333	641	801	645.6666667
316163300	903.87	712.3333333	726.6666667	712.3333333	701	571	569	579	560	727.6666667	712.3333333	721	721	661	545.6666667	733.3333333	734.3333333	641	801	640
316163305	904.43	713.3333333	726.6666667	712.3333333	701	569	569	579	559	725.6666667	714.3333333	719	719	659	546.6666667	733.3333333	734.3333333	640	800	647.6666667
316163310	903.51	712.3333333	726.6666667	714.3333333	701	571	569	581	560	726.6666667	707.6666667	716.6666667	716.6666667	659	547.6666667	734.3333333	732.3333333	639	799	641
316163315	903.25	713.3333333	727.6666667	714.3333333	701	580	579	580	581	725.6666667	706.6666667	717.6666667	716.6666667	667.6666667	547.6666667	740	732.3333333	640	799	641
316163320	903.43	713.3333333	725.6666667	712.3333333	699	20	385.6666667	581	559	725.6666667	707.6666667	715.6666667	717.6666667	660	547.6666667	732.3333333	732.3333333	639	799	639
316163325	902.76	709	725.6666667	710	692.3333333	21	387.6666667	581	560	725.6666667	705.6666667	716.6666667	715.6666667	659	547.6666667	741	734.3333333	633.3333333	801	640
316163330	905.06	712.3333333	727.6666667	713.3333333	701	12.33333333	383.4444444	581	560	727.6666667	705.6666667	717.6666667	716.6666667	659	545.6666667	732.3333333	734.3333333	639	801	645.6666667
316163335	902.02	711	727.6666667	709	693.3333333	570	569	581	561	727.6666667	707.6666667	717.6666667	717.6666667	666.6666667	545.6666667	734.3333333	732.3333333	632.3333333	800	645.6666667
316163340	903.07	712.3333333	727.6666667	712.3333333	701	14.33333333	384.4444444	581	559	727.6666667	705.6666667	717.6666667	717.6666667	665.6666667	545.6666667	733.3333333	732.3333333	639	801	641
316163345	904.17	712.3333333	725.6666667	714.3333333	700	14.33333333	297.6666667	580	295.6666667	725.6666667	706.6666667	717.6666667	716.6666667	661	546.6666667	732.3333333	732.3333333	641	805.6666667	646.6666667
316163350	902.14	707.6666667	727.6666667	707.6666667	686.6666667	12.33333333	383.4444444	581	559	726.6666667	706.6666667	716.6666667	715.6666667	665.6666667	546.6666667	739	733.3333333	640	800	639
316163355	905.29	711	725.6666667	709	692.3333333	571	570	581	560	725.6666667	707.6666667	715.6666667	717.6666667	660	547.6666667	734.3333333	732.3333333	640	806.6666667	645.6666667
316163400	904.14	706.6666667	725.6666667	705.6666667	685.6666667	13.33333333	383.4444444	580	560	726.6666667	706.6666667	716.6666667	716.6666667	673.3333333	545.6666667	747.6666667	734.3333333	641	801	641
316163405	902.5	710	726.6666667	709	693.3333333	571	571	580	559	727.6666667	707.6666667	716.6666667	716.6666667	659	545.6666667	740	732.3333333	641	800	641
316163410	905.74	709	726.6666667	711	692.3333333	14.33333333	383.4444444	581	561	727.6666667	706.6666667	715.6666667	715.6666667	660	547.6666667	740	732.3333333	641	801	641
316163415	905.87	711	726.6666667	709	692.3333333	14.33333333	295.6666667	579	297.6666667	727.6666667	712.3333333	720	721	665.6666667	546.6666667	740	651.1111111	641	805.6666667	633.3333333
316163420	903.16	707.6666667	720	706.6666667	694.3333333	14.33333333	385.4444444	581	559	726.6666667	714.3333333	720	719	666.6666667	545.6666667	740	734.3333333	639	800	645.6666667
316163425	904.6	709	727.6666667	710	692.3333333	12.33333333	385.4444444	579	559	727.6666667	706.6666667	716.6666667	716.6666667	665.6666667	545.6666667	740	740	639	805.6666667	646.6666667
316163430	904.5	711	727.6666667	710	692.3333333	13.33333333	383.4444444	581	561	726.6666667	713.3333333	720	719	667.6666667	546.6666667	741	739	640	807.6666667	640
316163435	905.04	712.3333333	727.6666667	712.3333333	701	14.33333333	384.4444444	579	559	725.6666667	714.3333333	720	719	661	546.6666667	739	732.3333333	640	807.6666667	647.6666667
316163440	903.16	715.6666667	732.3333333	716.6666667	701	569	569	579	560	726.6666667	713.3333333	721	720	666.6666667	546.6666667	739	732.3333333	640	799	646.6666667
316163445	905.09	710	727.6666667	710	692.3333333	12.33333333	383.4444444	579	561	726.6666667	713.3333333	721	719	666.6666667	546.6666667	740	740	634.3333333	805.6666667	647.6666667
316163450	905.19	709	727.6666667	710	692.3333333	12.33333333	383.4444444	581	560	725.6666667	713.3333333	719	719	659	546.6666667	745.6666667	734.3333333	640	806.6666667	646.6666667
316163455	906.17	707.6666667	727.6666667	707.6666667	685.6666667	569	570	581	561	725.6666667	714.3333333	721	719	665.6666667	546.6666667	739	732.3333333	641	805.6666667	647.6666667
316163500	906.1	707.6666667	726.6666667	705.6666667	686.6666667	12.33333333	383.4444444	580	561	725.6666667	705.6666667	715.6666667	715.6666667	673.3333333	546.6666667	741	740	641	806.6666667	646.6666667
316163505	904.12	713.3333333	725.6666667	714.3333333	699	14.33333333	385.4444444	581	559	726.6666667	712.3333333	720	719	661	546.6666667	740	741	639	805.6666667	641
316163510	906.36	713.3333333	727.6666667	712.3333333	699	14.33333333	385.4444444	581	560	727.6666667	706.6666667	717.6666667	715.6666667	665.6666667	545.6666667	739	740	641	813.3333333	645.6666667
316163515	905.5	715.6666667	733.3333333	717.6666667	700	12.33333333	383.4444444	580	560	733.3333333	714.3333333	723.3333333	723.3333333	667.6666667	547.6666667	741	740	639	805.6666667	645.6666667
316163520	904.82	717.6666667	733.3333333	716.6666667	700	571	570	580	560	726.6666667	713.3333333	721	721	672.3333333	547.6666667	740	740	641	806.6666667	652.3333333
316163525	906.05	715.6666667	734.3333333	716.6666667	700	12.33333333	383.4444444	579	561	726.6666667	712.3333333	720	720	665.6666667	546.6666667	739	741	633.3333333	807.6666667	654.3333333
316163530	905.31	717.6666667	733.3333333	717.6666667	701	13.33333333	386.6666667	585.6666667	560	725.6666667	712.3333333	720	720	674.3333333	546.6666667	740	747.6666667	640	814.3333333	653.3333333
316163535	905.58	714.3333333	733.3333333	714.3333333	692.3333333	14.33333333	387.6666667	587.6666667	560	725.6666667	713.3333333	719	719	672.3333333	545.6666667	740	747.6666667	640	805.6666667	646.6666667
316163540	906.08	715.6666667	733.3333333	716.6666667	701	572.3333333	572.3333333	585.6666667	561	727.6666667	712.3333333	719	720	673.3333333	547.6666667	741	746.6666667	640	806.6666667	645.6666667
316163545	908.38	715.6666667	733.3333333	716.6666667	699	12.33333333	387.6666667	587.6666667	560	726.6666667	714.3333333	720	720	672.3333333	547.6666667	740	746.6666667	639	806.6666667	654.3333333
316163550	908.68	717.6666667	733.3333333	715.6666667	700	12.33333333	384.4444444	580	559	727.6666667	714.3333333	720	719	673.3333333	547.6666667	741	745.6666667	640	820	652.3333333
316163555	907.04	715.6666667	732.3333333	715.6666667	699	12.33333333	386.6666667	586.6666667	559	726.6666667	714.3333333	719	721	673.3333333	547.6666667	741	747.6666667	640	806.6666667	652.3333333
316163600	907.5	716.6666667	733.3333333	716.6666667	699	13.33333333	386.6666667	585.6666667	560	725.6666667	714.3333333	719	719	672.3333333	552.3333333	741	745.6666667	639	820	646.6666667
316163605	909.52	719	741	719	701	13.33333333	383.4444444	581	560	725.6666667	713.3333333	720	721	665.6666667	547.6666667	739	745.6666667	640	812.3333333	653.3333333
316163610	910.02	719	741	719	700	21	391.1111111	585.6666667	566.6666667	725.6666667	714.3333333	720	720	674.3333333	547.6666667	745.6666667	746.6666667	645.6666667	814.3333333	652.3333333
316163615	906.99	719	739	721	699	12.33333333	385.6666667	586.6666667	560	726.6666667	714.3333333	721	721	672.3333333	547.6666667	739	747.6666667	641	820	654.3333333
316163620	909.15	717.6666667	734.3333333	717.6666667	700	13.33333333	386.6666667	587.6666667	559	725.6666667	713.3333333	721	721	672.3333333	546.6666667	739	747.6666667	639	819	652.3333333
316163625	908.14	719	739	720	701	12.33333333	386.6666667	585.6666667	561	732.3333333	713.3333333	722.3333333	722.3333333	672.3333333	545.6666667	745.6666667	747.6666667	640	805.6666667	654.3333333
316163630	909.37	723.3333333	746.6666667	722.3333333	700	21	389.8888889	587.6666667	560	734.3333333	713.3333333	723.3333333	724.3333333	665.6666667	547.6666667	741	746.6666667	641	806.6666667	653.3333333
316163635	908.14	721	740	719	701	21	391.1111111	585.6666667	567.6666667	727.6666667	712.3333333	720	721	672.3333333	546.6666667	741	745.6666667	627.6666667	814.3333333	652.3333333
316163640	908.58	722.3333333	747.6666667	722.3333333	701	575.6666667	576.6666667	586.6666667	567.6666667	734.3333333	714.3333333	724.3333333	722.3333333	673.3333333	554.3333333	740	745.6666667	640	805.6666667	639
316163645	909.17	721	741	721	701	13.33333333	299	586.6666667	299	727.6666667	714.3333333	721	720	659	545.6666667	739	745.6666667	641	814.3333333	652.3333333
316163650	908.47	724.3333333	747.6666667	724.3333333	699	14.33333333	389.8888889	587.6666667	567.6666667	734.3333333	714.3333333	722.3333333	722.3333333	673.3333333	546.6666667	740	747.6666667	639	812.3333333	654.3333333
316163655	910.64	721	741	720	701	14.33333333	388.8888889	587.6666667	566.6666667	732.3333333	721	726.6666667	725.6666667	673.3333333	546.6666667	739	747.6666667	640	812.3333333	654.3333333
316163700	911.05	724.3333333	747.6666667	723.3333333	701	13.33333333	387.8888889	585.6666667	566.6666667	725.6666667	721	722.3333333	723.3333333	680	546.6666667	739	746.6666667	640	813.3333333	653.3333333
316163705	910.61	722.3333333	745.6666667	724.3333333	700	13.33333333	386.6666667	580	567.6666667	734.3333333	721	725.6666667	725.6666667	667.6666667	552.3333333	745.6666667	746.6666667	641	813.3333333	646.6666667
316163710	911.86	724.3333333	746.6666667	724.3333333	700	585.6666667	586.6666667	586.6666667	585.6666667	734.3333333	721	725.6666667	727.6666667	674.3333333	545.6666667	754.3333333	754.3333333	639	819	654.3333333
316163715	911.06	722.3333333	747.6666667	723.3333333	701	13.33333333	387.8888889	585.6666667	566.6666667	732.3333333	726.6666667	729	730	672.3333333	547.6666667	740	752.3333333	640	813.3333333	654.3333333
316163720	911.4	722.3333333	745.6666667	723.3333333	701	13.33333333	389.8888889	585.6666667	565.6666667	734.3333333	719	727.6666667	726.6666667	679	553.3333333	760	747.6666667	641	813.3333333	653.3333333
316163725	913.02	724.3333333	747.6666667	722.3333333	701	13.33333333	387.8888889	586.6666667	565.6666667	734.3333333	726.6666667	730	730	673.3333333	552.3333333	754.3333333	752.3333333	640	820	654.3333333
316163730	911.18	719	741	721	699	576.6666667	576.6666667	587.6666667	565.6666667	733.3333333	727.6666667	729	729	673.3333333	552.3333333	760	753.3333333	640	819	654.3333333
316163735	913.57	724.3333333	745.6666667	724.3333333	701	14.33333333	388.8888889	585.6666667	565.6666667	734.3333333	725.6666667	731	730	679	553.3333333	761	752.3333333	641	819	654.3333333
316163740	913.18	723.3333333	747.6666667	722.3333333	701	12.33333333	390.1111111	592.3333333	565.6666667	734.3333333	725.6666667	730	731	673.3333333	566.6666667	759	754.3333333	639	820	653.3333333
316163745	914.66	719	745.6666667	720	692.3333333	12.33333333	387.8888889	587.6666667	566.6666667	733.3333333	727.6666667	731	731	681	552.3333333	759	663.4444444	646.6666667	820	654.3333333
316163750	915.33	720	739	721	701	577.6666667	575.6666667	585.6666667	566.6666667	734.3333333	714.3333333	723.3333333	722.3333333	673.3333333	553.3333333	759	752.3333333	641	819	652.3333333
316163755	914.12	713.3333333	732.3333333	712.3333333	693.3333333	13.33333333	375.5555556	567.6666667	547.6666667	727.6666667	712.3333333	721	720	672.3333333	552.3333333	759	752.3333333	641	819	653.3333333
316163800	916.65	680	700	681	659	14.33333333	343.4444444	519	500	706.6666667	693.3333333	701	701	674.3333333	554.3333333	760	752.3333333	639	820	653.3333333
316163805	916.74	630	654.3333333	630	605.6666667	12.33333333	265.6666667	521	266.6666667	666.6666667	665.6666667	667.6666667	667.6666667	666.6666667	547.6666667	741	739	640	819	652.3333333
316163810	917.38	639	660	639	620	502.3333333	504.3333333	512.3333333	494.3333333	674.3333333	667.6666667	670	669	661	545.6666667	739	745.6666667	641	814.3333333	652.3333333
316163815	915.37	645.6666667	674.3333333	646.6666667	620	13.33333333	330.1111111	500	481	686.6666667	665.6666667	675.6666667	676.6666667	672.3333333	554.3333333	739	739	640	814.3333333	654.3333333
316163820	916.11	651	673.3333333	649	625.6666667	485.6666667	487.6666667	494.3333333	480	687.6666667	667.6666667	676.6666667	675.6666667	666.6666667	553.3333333	740	747.6666667	632.3333333	813.3333333	654.3333333
316163825	916.07	629	652.3333333	631	607.6666667	12.33333333	344.4444444	519	501	667.6666667	646.6666667	656.6666667	657.6666667	673.3333333	546.6666667	739	741	641	812.3333333	654.3333333
316163830	915.53	626.6666667	652.3333333	626.6666667	599	506.6666667	506.6666667	514.3333333	500	625.6666667	621	622.3333333	622.3333333	673.3333333	559	745.6666667	746.6666667	639	812.3333333	646.6666667
316163835	909.16	619	641	619	600	12.33333333	345.4444444	519	499	647.6666667	634.3333333	641	641	667.6666667	547.6666667	741	734.3333333	641	814.3333333	653.3333333
316163840	881.61	601	621	599	579	532.3333333	533.3333333	541	527.6666667	614.3333333	605.6666667	609	609	667.6666667	547.6666667	740	734.3333333	640	805.6666667	639
316163845	868.91	635.6666667	653.3333333	636.6666667	621	13.33333333	362.2222222	546.6666667	526.6666667	606.6666667	599	602.3333333	603.3333333	667.6666667	546.6666667	740	734.3333333	641	812.3333333	646.6666667
316163850	851.28	639	661	641	619	12.33333333	361.2222222	547.6666667	526.6666667	607.6666667	599	604.3333333	602.3333333	659	545.6666667	740	734.3333333	640	806.6666667	645.6666667
316163855	819.46	637.6666667	652.3333333	636.6666667	620	12.33333333	359	540	527.6666667	626.6666667	606.6666667	617.6666667	617.6666667	646.6666667	525.6666667	719	719	632.3333333	800	641
316163900	815.46	616.6666667	634.3333333	616.6666667	601	12.33333333	354.3333333	534.3333333	512.3333333	620	607.6666667	613.3333333	612.3333333	641	525.6666667	719	714.3333333	639	807.6666667	640
316163905	830.71	617.6666667	632.3333333	615.6666667	599	524.3333333	523.3333333	533.3333333	514.3333333	627.6666667	614.3333333	621	620	645.6666667	533.3333333	720	719	621	801	633.3333333
316163910	832	631	652.3333333	631	605.6666667	13.33333333	347.8888889	527.6666667	505.6666667	641	626.6666667	633.3333333	632.3333333	661	541	739	732.3333333	619	794.3333333	634.3333333
316163915	830.48	647.6666667	672.3333333	646.6666667	620	14.33333333	354.5555556	532.3333333	519	666.6666667	646.6666667	655.6666667	655.6666667	660	547.6666667	741	733.3333333	619	786.6666667	626.6666667
316163920	832.01	653.3333333	673.3333333	654.3333333	633.3333333	537.6666667	537.6666667	545.6666667	526.6666667	666.6666667	652.3333333	659	661	652.3333333	539	726.6666667	733.3333333	621	792.3333333	626.6666667
316163925	831.35	662.3333333	685.6666667	663.3333333	641	12.33333333	376.5555556	567.6666667	546.6666667	653.3333333	646.6666667	651	649	646.6666667	525.6666667	720	719	619	794.3333333	633.3333333
316163930	834.67	670	693.3333333	671	646.6666667	13.33333333	376.5555556	565.6666667	545.6666667	654.3333333	647.6666667	650	651	627.6666667	512.3333333	699	693.3333333	620	786.6666667	620
316163935	843.35	687.6666667	713.3333333	687.6666667	661	14.33333333	389.8888889	587.6666667	566.6666667	647.6666667	639	642.3333333	643.3333333	581	466.6666667	640	632.3333333	613.3333333	774.3333333	621
316163940	849.17	695.6666667	714.3333333	695.6666667	680	555.6666667	555.6666667	567.6666667	546.6666667	666.6666667	647.6666667	655.6666667	657.6666667	601	492.3333333	666.6666667	665.6666667	601	772.3333333	614.3333333
316163945	861.28	625.6666667	634.3333333	626.6666667	619	14.33333333	338.7777778	505.6666667	494.3333333	625.6666667	619	624.3333333	624.3333333	632.3333333	513.3333333	701	692.3333333	599	754.3333333	594.3333333
316163950	862.39	577.6666667	593.3333333	575.6666667	559	13.33333333	316.5555556	472.3333333	461	566.6666667	559	562.3333333	562.3333333	620	507.6666667	686.6666667	686.6666667	607.6666667	773.3333333	614.3333333
316163955	848.78	594.3333333	619	593.3333333	565.6666667	12.33333333	333.3333333	506.6666667	481	607.6666667	600	603.3333333	604.3333333	634.3333333	519	700	700	605.6666667	772.3333333	613.3333333
316164000	843.79	600	619	600	579	14.33333333	354.3333333	534.3333333	513.3333333	625.6666667	619	622.3333333	623.3333333	647.6666667	527.6666667	721	719	600	753.3333333	607.6666667
316164005	864.41	649	673.3333333	650	626.6666667	12.33333333	365.6666667	554.3333333	532.3333333	666.6666667	661	664.3333333	664.3333333	645.6666667	533.3333333	733.3333333	734.3333333	593.3333333	752.3333333	601
316164010	863.46	659	686.6666667	659	632.3333333	12.33333333	374.5555556	567.6666667	547.6666667	685.6666667	680	683.3333333	683.3333333	659	546.6666667	733.3333333	739	601	754.3333333	601
316164015	863.09	685.6666667	713.3333333	687.6666667	661	13.33333333	381.2222222	580	552.3333333	685.6666667	680	683.3333333	683.3333333	660	547.6666667	746.6666667	739	599	752.3333333	601
316164020	839.41	706.6666667	733.3333333	705.6666667	681	12.33333333	391.1111111	592.3333333	565.6666667	706.6666667	700	704.3333333	703.3333333	666.6666667	545.6666667	740	739	600	761	599
316164025	831.27	722.3333333	747.6666667	724.3333333	699	12.33333333	391.1111111	592.3333333	565.6666667	725.6666667	713.3333333	720	721	666.6666667	546.6666667	747.6666667	732.3333333	600	767.6666667	605.6666667
316164030	796.65	724.3333333	745.6666667	724.3333333	701	14.33333333	392.1111111	594.3333333	567.6666667	734.3333333	714.3333333	724.3333333	722.3333333	667.6666667	545.6666667	746.6666667	739	599	765.6666667	613.3333333
316164035	789.26	724.3333333	745.6666667	723.3333333	701	13.33333333	390.1111111	592.3333333	565.6666667	733.3333333	725.6666667	730	729	660	547.6666667	741	740	614.3333333	779	621
316164040	825.34	724.3333333	746.6666667	723.3333333	701	14.33333333	392.1111111	592.3333333	567.6666667	734.3333333	721	727.6666667	726.6666667	665.6666667	546.6666667	741	733.3333333	620	779	633.3333333
316164045	850.92	723.3333333	746.6666667	722.3333333	699	14.33333333	391.1111111	592.3333333	565.6666667	732.3333333	719	727.6666667	725.6666667	660	546.6666667	740	734.3333333	621	785.6666667	625.6666667
316164050	877.72	724.3333333	747.6666667	723.3333333	701	13.33333333	388.8888889	585.6666667	567.6666667	727.6666667	719	722.3333333	723.3333333	652.3333333	547.6666667	745.6666667	733.3333333	620	780	632.3333333
316164055	881.92	724.3333333	745.6666667	722.3333333	699	14.33333333	387.8888889	585.6666667	565.6666667	727.6666667	713.3333333	719	719	659	547.6666667	740	733.3333333	620	785.6666667	634.3333333
316164100	895.97	724.3333333	745.6666667	724.3333333	701	575.6666667	576.6666667	586.6666667	567.6666667	726.6666667	714.3333333	721	719	667.6666667	547.6666667	741	734.3333333	621	794.3333333	632.3333333
316164105	907.38	722.3333333	747.6666667	722.3333333	699	14.33333333	388.8888889	585.6666667	566.6666667	727.6666667	713.3333333	720	721	661	546.6666667	740	734.3333333	619	786.6666667	634.3333333
316164110	909.07	724.3333333	746.6666667	722.3333333	699	14.33333333	387.8888889	585.6666667	566.6666667	732.3333333	713.3333333	724.3333333	723.3333333	661	547.6666667	739	733.3333333	620	794.3333333	634.3333333
316164115	906.38	720	739	720	701	12.33333333	388.8888889	585.6666667	566.6666667	733.3333333	714.3333333	724.3333333	724.3333333	660	545.6666667	740	732.3333333	620	794.3333333	632.3333333
316164120	906.39	722.3333333	745.6666667	723.3333333	701	576.6666667	576.6666667	587.6666667	565.6666667	732.3333333	714.3333333	723.3333333	723.3333333	659	545.6666667	745.6666667	734.3333333	621	787.6666667	625.6666667
316164125	904.86	724.3333333	747.6666667	724.3333333	700	576.6666667	577.6666667	585.6666667	565.6666667	727.6666667	720	722.3333333	722.3333333	667.6666667	546.6666667	745.6666667	733.3333333	620	793.3333333	632.3333333
316164130	903.86	723.3333333	746.6666667	724.3333333	700	576.6666667	575.6666667	587.6666667	567.6666667	732.3333333	721	725.6666667	725.6666667	660	546.6666667	739	734.3333333	620	787.6666667	627.6666667
316164135	899.37	723.3333333	745.6666667	723.3333333	700	577.6666667	576.6666667	585.6666667	565.6666667	732.3333333	721	726.6666667	725.6666667	660	546.6666667	741	732.3333333	619	787.6666667	633.3333333
316164140	899.55	722.3333333	745.6666667	724.3333333	700	577.6666667	575.6666667	585.6666667	565.6666667	727.6666667	713.3333333	721	721	660	546.6666667	740	734.3333333	621	779	620
316164145	899.05	724.3333333	745.6666667	723.3333333	699	577.6666667	575.6666667	585.6666667	565.6666667	732.3333333	713.3333333	723.3333333	724.3333333	653.3333333	547.6666667	734.3333333	733.3333333	621	787.6666667	626.6666667
316164150	901.02	720	740	720	699	576.6666667	575.6666667	586.6666667	567.6666667	725.6666667	714.3333333	719	721	661	534.3333333	732.3333333	733.3333333	621	786.6666667	633.3333333
316164155	901.23	719	739	721	699	587.6666667	586.6666667	586.6666667	587.6666667	726.6666667	712.3333333	720	719	660	541	734.3333333	734.3333333	619	786.6666667	626.6666667
316164200	902.29	721	740	721	700	586.6666667	585.6666667	587.6666667	587.6666667	726.6666667	714.3333333	720	721	660	525.6666667	732.3333333	727.6666667	620	787.6666667	633.3333333
316164205	905.84	720	740	719	700	574.3333333	572.3333333	587.6666667	561	725.6666667	712.3333333	719	719	653.3333333	532.3333333	725.6666667	726.6666667	621	785.6666667	633.3333333
316164210	905.12	720	740	721	700	577.6666667	576.6666667	586.6666667	567.6666667	727.6666667	712.3333333	720	719	652.3333333	533.3333333	725.6666667	727.6666667	621	794.3333333	632.3333333
316164215	903.03	721	741	719	701	571	570	581	561	726.6666667	714.3333333	720	719	654.3333333	533.3333333	725.6666667	721	620	793.3333333	632.3333333
316164220	904.03	715.6666667	733.3333333	715.6666667	701	572.3333333	574.3333333	585.6666667	561	726.6666667	713.3333333	719	719	653.3333333	533.3333333	726.6666667	725.6666667	619	794.3333333	633.3333333
316164225	902.48	714.3333333	733.3333333	712.3333333	693.3333333	570	571	581	559	726.6666667	712.3333333	721	721	645.6666667	541	725.6666667	727.6666667	619	794.3333333	634.3333333
316164230	901.6	711	732.3333333	709	687.6666667	569	570	579	559	726.6666667	714.3333333	719	720	653.3333333	533.3333333	725.6666667	727.6666667	619	794.3333333	626.6666667
316164235	902.27	705.6666667	732.3333333	706.6666667	680	571	569	587.6666667	554.3333333	725.6666667	705.6666667	716.6666667	715.6666667	653.3333333	534.3333333	734.3333333	726.6666667	619	793.3333333	633.3333333
316164240	899.98	707.6666667	734.3333333	707.6666667	679	12.33333333	381.2222222	580	553.3333333	726.6666667	707.6666667	715.6666667	716.6666667	653.3333333	540	734.3333333	727.6666667	626.6666667	794.3333333	634.3333333
316164245	897.64	707.6666667	733.3333333	705.6666667	681	564.3333333	563.3333333	579	545.6666667	727.6666667	707.6666667	715.6666667	715.6666667	661	533.3333333	733.3333333	726.6666667	619	793.3333333	633.3333333
316164250	895.18	707.6666667	733.3333333	705.6666667	681	12.33333333	379	581	545.6666667	727.6666667	706.6666667	715.6666667	716.6666667	646.6666667	527.6666667	727.6666667	727.6666667	620	793.3333333	633.3333333
316164255	892.09	703.3333333	727.6666667	704.3333333	680	563.3333333	563.3333333	581	547.6666667	727.6666667	705.6666667	717.6666667	717.6666667	652.3333333	533.3333333	726.6666667	726.6666667	619	792.3333333	634.3333333
316164300	890.21	702.3333333	726.6666667	703.3333333	680	14.33333333	378.7777778	574.3333333	545.6666667	721	706.6666667	712.3333333	714.3333333	647.6666667	525.6666667	727.6666667	725.6666667	620	793.3333333	633.3333333
316164305	889.41	703.3333333	726.6666667	702.3333333	681	559	561	573.3333333	545.6666667	712.3333333	706.6666667	710	709	654.3333333	525.6666667	726.6666667	726.6666667	621	794.3333333	634.3333333
316164310	888.55	703.3333333	726.6666667	703.3333333	679	12.33333333	375.5555556	565.6666667	547.6666667	713.3333333	707.6666667	709	709	646.6666667	534.3333333	727.6666667	726.6666667	621	793.3333333	632.3333333
316164315	886.23	702.3333333	725.6666667	704.3333333	679	556.6666667	557.6666667	567.6666667	546.6666667	713.3333333	705.6666667	709	710	653.3333333	533.3333333	726.6666667	719	620	785.6666667	634.3333333
316164320	885.96	703.3333333	726.6666667	704.3333333	680	13.33333333	375.5555556	565.6666667	546.6666667	714.3333333	707.6666667	711	710	646.6666667	526.6666667	727.6666667	719	620	786.6666667	632.3333333
316164325	886.47	701	719	699	680	566.6666667	565.6666667	567.6666667	566.6666667	714.3333333	705.6666667	711	709	647.6666667	532.3333333	726.6666667	725.6666667	620	787.6666667	632.3333333
316164330	885.34	701	719	699	680	13.33333333	375.5555556	566.6666667	546.6666667	713.3333333	701	707.6666667	707.6666667	647.6666667	526.6666667	726.6666667	721	619	785.6666667	625.6666667
316164335	887.1	696.6666667	713.3333333	696.6666667	680	13.33333333	372.3333333	561	547.6666667	706.6666667	694.3333333	699	699	646.6666667	525.6666667	726.6666667	720	621	781	620
316164340	887.27	694.3333333	714.3333333	693.3333333	674.3333333	556.6666667	555.6666667	565.6666667	547.6666667	707.6666667	692.3333333	701	700	641	526.6666667	726.6666667	714.3333333	614.3333333	773.3333333	619
316164345	889.51	687.6666667	712.3333333	685.6666667	660	14.33333333	373.3333333	561	545.6666667	705.6666667	701	703.3333333	703.3333333	639	526.6666667	726.6666667	720	621	774.3333333	620
316164350	886.66	691	713.3333333	691	666.6666667	14.33333333	372.3333333	567.6666667	539	705.6666667	694.3333333	700	701	639	525.6666667	720	714.3333333	619	774.3333333	613.3333333
316164355	887.79	687.6666667	714.3333333	687.6666667	661	14.33333333	372.1111111	560	540	707.6666667	687.6666667	695.6666667	697.6666667	640	527.6666667	727.6666667	714.3333333	620	772.3333333	614.3333333
316164400	885.29	687.6666667	713.3333333	686.6666667	661	13.33333333	373.3333333	565.6666667	541	706.6666667	685.6666667	695.6666667	695.6666667	640	526.6666667	727.6666667	720	614.3333333	774.3333333	613.3333333
316164405	886.48	685.6666667	714.3333333	686.6666667	659	545.6666667	546.6666667	559	533.3333333	705.6666667	686.6666667	697.6666667	697.6666667	639	526.6666667	725.6666667	713.3333333	619	773.3333333	614.3333333
316164410	884.02	687.6666667	714.3333333	686.6666667	660	12.33333333	368.8888889	559	532.3333333	705.6666667	686.6666667	695.6666667	696.6666667	632.3333333	526.6666667	725.6666667	721	621	774.3333333	612.3333333
316164415	884.42	686.6666667	712.3333333	686.6666667	661	542.3333333	544.3333333	561	527.6666667	701	685.6666667	694.3333333	692.3333333	640	521	725.6666667	714.3333333	606.6666667	774.3333333	612.3333333
316164420	884.4	687.6666667	713.3333333	685.6666667	660	13.33333333	367.6666667	561	525.6666667	707.6666667	685.6666667	695.6666667	696.6666667	634.3333333	525.6666667	727.6666667	719	620	774.3333333	613.3333333
316164425	886.1	684.3333333	705.6666667	682.3333333	659	13.33333333	365.6666667	559	525.6666667	701	685.6666667	694.3333333	693.3333333	634.3333333	519	726.6666667	713.3333333	606.6666667	772.3333333	613.3333333
316164430	884.8	683.3333333	706.6666667	684.3333333	659	13.33333333	367.6666667	559	527.6666667	701	686.6666667	692.3333333	692.3333333	632.3333333	507.6666667	719	712.3333333	600	774.3333333	614.3333333
316164435	885.81	683.3333333	705.6666667	682.3333333	660	12.33333333	364.4444444	554.3333333	525.6666667	694.3333333	687.6666667	689	690	640	513.3333333	721	714.3333333	600	772.3333333	613.3333333
316164440	886.43	683.3333333	707.6666667	683.3333333	661	539	540	553.3333333	527.6666667	694.3333333	685.6666667	691	690	625.6666667	505.6666667	721	714.3333333	601	774.3333333	614.3333333
316164445	885.8	683.3333333	705.6666667	683.3333333	660	13.33333333	282.3333333	553.3333333	282.3333333	692.3333333	685.6666667	690	690	633.3333333	513.3333333	721	713.3333333	607.6666667	765.6666667	612.3333333
316164450	885.46	683.3333333	706.6666667	682.3333333	661	12.33333333	361	541	525.6666667	692.3333333	685.6666667	689	689	632.3333333	506.6666667	719	712.3333333	600	767.6666667	614.3333333
316164455	884.38	681	701	679	661	12.33333333	284.3333333	554.3333333	283.3333333	694.3333333	680	685.6666667	686.6666667	626.6666667	505.6666667	719	705.6666667	601	759	614.3333333
316164500	885.44	680	701	679	659	14.33333333	364.4444444	554.3333333	527.6666667	694.3333333	687.6666667	690	689	634.3333333	507.6666667	719	705.6666667	601	759	613.3333333
316164505	884.61	679	699	679	661	13.33333333	281	546.6666667	279	686.6666667	679	683.3333333	682.3333333	634.3333333	507.6666667	721	706.6666667	599	767.6666667	612.3333333
316164510	885.66	681	701	680	661	12.33333333	363.2222222	547.6666667	527.6666667	686.6666667	681	683.3333333	682.3333333	619	512.3333333	712.3333333	706.6666667	600	761	605.6666667
316164515	884.1	676.6666667	699	677.6666667	652.3333333	14.33333333	363.2222222	546.6666667	526.6666667	685.6666667	674.3333333	679	681	627.6666667	506.6666667	712.3333333	706.6666667	600	752.3333333	599
316164520	884.19	672.3333333	693.3333333	673.3333333	653.3333333	13.33333333	362.2222222	546.6666667	527.6666667	685.6666667	672.3333333	680	681	625.6666667	505.6666667	712.3333333	706.6666667	600	767.6666667	605.6666667
316164525	885.12	672.3333333	692.3333333	672.3333333	653.3333333	12.33333333	362.2222222	546.6666667	527.6666667	687.6666667	672.3333333	680	680	621	506.6666667	712.3333333	705.6666667	599	761	606.6666667
316164530	884.85	676.6666667	692.3333333	676.6666667	659	12.33333333	363.2222222	546.6666667	525.6666667	686.6666667	672.3333333	681	679	626.6666667	505.6666667	714.3333333	706.6666667	599	753.3333333	600
316164535	882.64	669	694.3333333	671	647.6666667	13.33333333	363.2222222	545.6666667	527.6666667	687.6666667	674.3333333	680	679	625.6666667	506.6666667	713.3333333	705.6666667	599	752.3333333	599
316164540	883.73	677.6666667	692.3333333	675.6666667	659	12.33333333	362.2222222	546.6666667	527.6666667	685.6666667	673.3333333	681	679	619	507.6666667	714.3333333	699	599	760	601
316164545	884.04	666.6666667	694.3333333	667.6666667	641	13.33333333	362.2222222	546.6666667	526.6666667	686.6666667	674.3333333	681	680	625.6666667	505.6666667	712.3333333	700	600	753.3333333	601
316164550	883.6	671	693.3333333	670	646.6666667	14.33333333	361	541	526.6666667	686.6666667	673.3333333	679	680	619	505.6666667	714.3333333	701	601	753.3333333	593.3333333
316164555	882.1	669	694.3333333	670	646.6666667	14.33333333	360	540	527.6666667	687.6666667	674.3333333	681	681	625.6666667	507.6666667	714.3333333	700	592.3333333	753.3333333	593.3333333
316164600	881.93	671	693.3333333	671	647.6666667	525.6666667	527.6666667	540	513.3333333	686.6666667	672.3333333	681	681	613.3333333	506.6666667	713.3333333	693.3333333	600	754.3333333	607.6666667
316164605	880.25	667.6666667	692.3333333	665.6666667	639	12.33333333	356.5555556	539	512.3333333	687.6666667	665.6666667	676.6666667	677.6666667	620	505.6666667	714.3333333	693.3333333	600	753.3333333	594.3333333
316164610	880.78	667.6666667	694.3333333	665.6666667	640	13.33333333	359	547.6666667	520	685.6666667	674.3333333	679	681	621	506.6666667	713.3333333	693.3333333	585.6666667	754.3333333	594.3333333
316164615	880.83	667.6666667	693.3333333	665.6666667	641	531	529	546.6666667	513.3333333	687.6666667	665.6666667	677.6666667	677.6666667	620	499	707.6666667	693.3333333	601	752.3333333	594.3333333
316164620	882.84	670	692.3333333	670	645.6666667	14.33333333	352.3333333	539	506.6666667	685.6666667	666.6666667	677.6666667	675.6666667	621	507.6666667	706.6666667	693.3333333	594.3333333	752.3333333	592.3333333
316164625	882.15	665.6666667	692.3333333	667.6666667	640	12.33333333	354.5555556	541	513.3333333	686.6666667	666.6666667	675.6666667	676.6666667	626.6666667	507.6666667	706.6666667	692.3333333	581	754.3333333	592.3333333
316164630	881.21	667.6666667	694.3333333	665.6666667	641	14.33333333	353.3333333	539	507.6666667	686.6666667	666.6666667	676.6666667	675.6666667	619	507.6666667	705.6666667	694.3333333	586.6666667	752.3333333	592.3333333
316164635	881.26	665.6666667	694.3333333	665.6666667	639	12.33333333	354.3333333	532.3333333	513.3333333	686.6666667	666.6666667	675.6666667	675.6666667	620	500	705.6666667	694.3333333	593.3333333	754.3333333	592.3333333
316164640	881.58	662.3333333	686.6666667	663.3333333	641	522.3333333	522.3333333	533.3333333	513.3333333	680	665.6666667	674.3333333	672.3333333	620	499	706.6666667	693.3333333	579	753.3333333	592.3333333
316164645	882.07	663.3333333	686.6666667	662.3333333	641	13.33333333	350.1111111	532.3333333	507.6666667	679	667.6666667	672.3333333	674.3333333	614.3333333	501	707.6666667	693.3333333	593.3333333	752.3333333	594.3333333
316164650	882.23	664.3333333	687.6666667	662.3333333	640	14.33333333	351.1111111	533.3333333	505.6666667	674.3333333	666.6666667	670	670	614.3333333	500	705.6666667	693.3333333	586.6666667	752.3333333	594.3333333
316164655	884.53	663.3333333	685.6666667	663.3333333	641	519	520	533.3333333	507.6666667	673.3333333	665.6666667	669	669	613.3333333	494.3333333	706.6666667	694.3333333	581	753.3333333	593.3333333
316164700	882.95	663.3333333	685.6666667	664.3333333	641	14.33333333	351.1111111	534.3333333	506.6666667	673.3333333	667.6666667	669	669	612.3333333	500	707.6666667	693.3333333	586.6666667	754.3333333	587.6666667
316164705	880.03	660	680	661	641	13.33333333	351.1111111	533.3333333	505.6666667	672.3333333	665.6666667	670	670	621	500	707.6666667	693.3333333	580	739	594.3333333
316164710	880.52	661	680	661	639	12.33333333	352.1111111	532.3333333	506.6666667	673.3333333	667.6666667	670	669	613.3333333	493.3333333	705.6666667	694.3333333	580	752.3333333	593.3333333
316164715	882.25	659	680	660	641	12.33333333	351.1111111	534.3333333	507.6666667	673.3333333	666.6666667	670	669	620	501	706.6666667	693.3333333	579	753.3333333	592.3333333
316164720	880.94	659	681	660	641	12.33333333	351.1111111	534.3333333	507.6666667	674.3333333	666.6666667	669	671	613.3333333	486.6666667	706.6666667	693.3333333	579	754.3333333	587.6666667
316164725	879.52	661	681	660	641	14.33333333	350.1111111	534.3333333	505.6666667	674.3333333	665.6666667	669	670	612.3333333	494.3333333	705.6666667	692.3333333	580	739	594.3333333
316164730	881.53	660	681	660	641	12.33333333	348.8888889	526.6666667	505.6666667	672.3333333	659	666.6666667	665.6666667	619	487.6666667	707.6666667	692.3333333	580	746.6666667	594.3333333
316164735	879.64	660	681	659	639	14.33333333	348.8888889	525.6666667	507.6666667	666.6666667	665.6666667	667.6666667	666.6666667	613.3333333	494.3333333	701	692.3333333	580	733.3333333	585.6666667
316164740	880.04	661	679	661	641	12.33333333	347.8888889	527.6666667	506.6666667	673.3333333	652.3333333	662.3333333	663.3333333	613.3333333	485.6666667	701	694.3333333	580	741	593.3333333
316164745	880.71	660	680	660	640	13.33333333	348.8888889	527.6666667	505.6666667	674.3333333	652.3333333	663.3333333	662.3333333	607.6666667	485.6666667	700	692.3333333	581	733.3333333	586.6666667
316164750	881.64	661	679	659	641	14.33333333	348.8888889	526.6666667	506.6666667	666.6666667	652.3333333	660	661	606.6666667	485.6666667	706.6666667	693.3333333	579	732.3333333	580
316164755	880.07	655.6666667	674.3333333	657.6666667	639	14.33333333	348.8888889	525.6666667	506.6666667	666.6666667	660	662.3333333	663.3333333	612.3333333	487.6666667	701	693.3333333	580	733.3333333	592.3333333
316164800	880.99	655.6666667	673.3333333	655.6666667	639	12.33333333	347.8888889	526.6666667	506.6666667	666.6666667	660	664.3333333	664.3333333	614.3333333	492.3333333	699	693.3333333	579	741	587.6666667
316164805	881.15	649	673.3333333	649	627.6666667	14.33333333	349.8888889	526.6666667	505.6666667	667.6666667	659	662.3333333	662.3333333	601	486.6666667	701	692.3333333	581	734.3333333	579
316164810	881.68	650	673.3333333	650	626.6666667	13.33333333	346.6666667	526.6666667	499	674.3333333	653.3333333	664.3333333	663.3333333	606.6666667	485.6666667	699	693.3333333	581	741	581
316164815	880.99	645.6666667	673.3333333	647.6666667	619	14.33333333	347.6666667	527.6666667	499	666.6666667	654.3333333	660	660	606.6666667	486.6666667	701	693.3333333	574.3333333	732.3333333	581
316164820	878.4	646.6666667	673.3333333	647.6666667	619	14.33333333	346.6666667	527.6666667	499	665.6666667	652.3333333	661	660	601	485.6666667	701	685.6666667	579	733.3333333	581
316164825	877.8	650	672.3333333	650	627.6666667	12.33333333	345.6666667	527.6666667	500	666.6666667	654.3333333	660	659	607.6666667	479	701	685.6666667	581	733.3333333	581
316164830	879.34	645.6666667	673.3333333	647.6666667	619	13.33333333	345.6666667	527.6666667	500	665.6666667	652.3333333	659	661	601	494.3333333	701	686.6666667	580	732.3333333	572.3333333
316164835	879.34	645.6666667	673.3333333	646.6666667	620	13.33333333	347.6666667	526.6666667	501	665.6666667	661	664.3333333	662.3333333	601	487.6666667	701	687.6666667	580	734.3333333	581
316164840	879.46	650	674.3333333	649	625.6666667	13.33333333	343.4444444	521	501	666.6666667	653.3333333	659	660	592.3333333	485.6666667	700	681	580	734.3333333	586.6666667
316164845	878.34	647.6666667	672.3333333	646.6666667	620	12.33333333	345.4444444	521	499	666.6666667	647.6666667	655.6666667	657.6666667	601	487.6666667	700	686.6666667	579	734.3333333	572.3333333
316164850	877.24	645.6666667	672.3333333	646.6666667	619	14.33333333	343.2222222	519	494.3333333	665.6666667	645.6666667	655.6666667	656.6666667	599	486.6666667	701	685.6666667	579	733.3333333	572.3333333
316164855	879.24	647.6666667	672.3333333	647.6666667	619	12.33333333	342.2222222	520	493.3333333	665.6666667	645.6666667	655.6666667	655.6666667	601	480	694.3333333	681	580	734.3333333	573.3333333
316164900	879.47	647.6666667	674.3333333	645.6666667	621	12.33333333	339	521	487.6666667	666.6666667	653.3333333	660	661	599	479	693.3333333	686.6666667	572.3333333	732.3333333	572.3333333
316164905	878.78	646.6666667	674.3333333	645.6666667	619	14.33333333	343.2222222	520	494.3333333	667.6666667	652.3333333	660	660	601	480	701	680	581	732.3333333	574.3333333
316164910	877.83	647.6666667	672.3333333	645.6666667	619	13.33333333	343.2222222	519	494.3333333	667.6666667	654.3333333	659	659	606.6666667	486.6666667	692.3333333	685.6666667	573.3333333	732.3333333	573.3333333
316164915	879.69	647.6666667	673.3333333	647.6666667	620	12.33333333	339	519	486.6666667	665.6666667	647.6666667	657.6666667	656.6666667	600	486.6666667	693.3333333	680	580	733.3333333	572.3333333
316164920	878.62	645.6666667	673.3333333	645.6666667	620	13.33333333	343.2222222	520	493.3333333	667.6666667	645.6666667	657.6666667	657.6666667	600	486.6666667	692.3333333	681	574.3333333	732.3333333	574.3333333
316164925	877.7	647.6666667	674.3333333	646.6666667	620	12.33333333	343.2222222	527.6666667	487.6666667	667.6666667	647.6666667	656.6666667	656.6666667	601	479	692.3333333	674.3333333	574.3333333	727.6666667	574.3333333
316164930	878.96	647.6666667	674.3333333	645.6666667	620	13.33333333	341	521	486.6666667	667.6666667	646.6666667	656.6666667	657.6666667	601	485.6666667	694.3333333	680	566.6666667	734.3333333	581
316164935	880.46	645.6666667	674.3333333	645.6666667	620	13.33333333	339	520	487.6666667	667.6666667	646.6666667	655.6666667	656.6666667	592.3333333	485.6666667	692.3333333	686.6666667	580	732.3333333	574.3333333
316164940	880.88	645.6666667	674.3333333	646.6666667	621	14.33333333	340	521	486.6666667	667.6666667	647.6666667	656.6666667	655.6666667	600	481	693.3333333	679	567.6666667	734.3333333	573.3333333
316164945	879.84	646.6666667	673.3333333	646.6666667	619	12.33333333	339	519	485.6666667	667.6666667	647.6666667	656.6666667	657.6666667	601	487.6666667	701	680	566.6666667	734.3333333	572.3333333
316164950	879.88	647.6666667	673.3333333	647.6666667	621	12.33333333	340	519	486.6666667	665.6666667	645.6666667	657.6666667	657.6666667	593.3333333	485.6666667	694.3333333	685.6666667	573.3333333	734.3333333	572.3333333
316164955	881.26	645.6666667	672.3333333	647.6666667	620	12.33333333	341	521	487.6666667	665.6666667	647.6666667	656.6666667	655.6666667	600	481	692.3333333	686.6666667	580	734.3333333	573.3333333
316165000	881.49	647.6666667	674.3333333	647.6666667	619	13.33333333	341	521	487.6666667	665.6666667	647.6666667	656.6666667	657.6666667	599	473.3333333	693.3333333	674.3333333	567.6666667	732.3333333	573.3333333
316165005	879.78	647.6666667	673.3333333	647.6666667	619	14.33333333	341	519	485.6666667	666.6666667	647.6666667	655.6666667	656.6666667	599	481	694.3333333	590.1111111	572.3333333	733.3333333	573.3333333
316165010	882.18	645.6666667	672.3333333	647.6666667	620	14.33333333	341	521	487.6666667	667.6666667	646.6666667	657.6666667	655.6666667	601	485.6666667	694.3333333	679	567.6666667	734.3333333	572.3333333
316165015	880.55	646.6666667	672.3333333	645.6666667	621	13.33333333	337.7777778	514.3333333	485.6666667	667.6666667	645.6666667	657.6666667	656.6666667	601	480	694.3333333	673.3333333	566.6666667	727.6666667	573.3333333
316165020	882.39	642.3333333	665.6666667	643.3333333	620	12.33333333	336.7777778	512.3333333	486.6666667	666.6666667	645.6666667	655.6666667	657.6666667	594.3333333	479	692.3333333	679	566.6666667	725.6666667	572.3333333
316165025	880.74	644.3333333	665.6666667	644.3333333	621	13.33333333	336.7777778	513.3333333	487.6666667	659	645.6666667	654.3333333	653.3333333	599	479	693.3333333	680	559	726.6666667	574.3333333
316165030	880.8	644.3333333	666.6666667	643.3333333	621	13.33333333	336.7777778	514.3333333	486.6666667	661	647.6666667	652.3333333	654.3333333	599	472.3333333	693.3333333	674.3333333	566.6666667	727.6666667	572.3333333
316165035	880.69	643.3333333	667.6666667	644.3333333	621	14.33333333	336.7777778	514.3333333	487.6666667	667.6666667	645.6666667	655.6666667	655.6666667	600	481	694.3333333	672.3333333	572.3333333	727.6666667	574.3333333
316165040	881.7	640	661	639	621	13.33333333	338.7777778	513.3333333	485.6666667	661	646.6666667	653.3333333	652.3333333	599	486.6666667	692.3333333	673.3333333	560	725.6666667	573.3333333
316165045	880.68	641	661	639	619	5.666666667	335.5555556	514.3333333	485.6666667	661	647.6666667	652.3333333	653.3333333	593.3333333	481	694.3333333	673.3333333	567.6666667	720	573.3333333
316165050	880.95	640	661	640	621	13.33333333	336.7777778	514.3333333	487.6666667	652.3333333	646.6666667	651	650	601	466.6666667	693.3333333	673.3333333	560	733.3333333	572.3333333
316165055	882.08	640	660	640	619	12.33333333	338.7777778	512.3333333	486.6666667	660	646.6666667	653.3333333	653.3333333	600	472.3333333	694.3333333	672.3333333	559	714.3333333	574.3333333
316165100	882.99	639	659	640	619	14.33333333	338.7777778	513.3333333	487.6666667	653.3333333	647.6666667	649	649	601	466.6666667	693.3333333	672.3333333	560	726.6666667	573.3333333
316165105	882.53	641	660	640	621	13.33333333	338.7777778	512.3333333	486.6666667	652.3333333	645.6666667	651	651	601	467.6666667	692.3333333	673.3333333	561	725.6666667	572.3333333
316165110	882.33	639	659	639	620	12.33333333	338.7777778	513.3333333	487.6666667	653.3333333	646.6666667	650	649	599	472.3333333	693.3333333	673.3333333	559	720	573.3333333
316165115	884.6	641	659	641	620	12.33333333	337.7777778	514.3333333	485.6666667	654.3333333	647.6666667	651	650	592.3333333	479	694.3333333	674.3333333	561	725.6666667	573.3333333
316165120	883.43	643.3333333	666.6666667	644.3333333	621	12.33333333	338.7777778	514.3333333	485.6666667	652.3333333	646.6666667	649	650	592.3333333	467.6666667	693.3333333	672.3333333	566.6666667	726.6666667	572.3333333
316165125	882.78	639	661	639	620	12.33333333	336.7777778	514.3333333	487.6666667	659	647.6666667	652.3333333	653.3333333	593.3333333	472.3333333	692.3333333	672.3333333	560	719	574.3333333
316165130	884.1	639	659	640	620	14.33333333	336.7777778	512.3333333	487.6666667	653.3333333	645.6666667	649	650	594.3333333	473.3333333	692.3333333	679	559	726.6666667	573.3333333
316165135	884.7	643.3333333	667.6666667	643.3333333	619	13.33333333	336.7777778	512.3333333	486.6666667	652.3333333	647.6666667	649	649	594.3333333	473.3333333	694.3333333	673.3333333	566.6666667	726.6666667	572.3333333
316165140	883.81	642.3333333	667.6666667	644.3333333	620	13.33333333	337.7777778	514.3333333	485.6666667	660	645.6666667	654.3333333	653.3333333	592.3333333	481	694.3333333	680	559	725.6666667	572.3333333
316165145	885.04	646.6666667	672.3333333	647.6666667	619	12.33333333	336.7777778	514.3333333	487.6666667	661	653.3333333	655.6666667	656.6666667	586.6666667	467.6666667	681	661	561	727.6666667	573.3333333
316165150	882.9	647.6666667	674.3333333	645.6666667	621	12.33333333	327.8888889	499	473.3333333	661	646.6666667	654.3333333	654.3333333	534.3333333	419	619	612.3333333	560	725.6666667	573.3333333
316165155	884.36	639	661	641	620	14.33333333	309.8888889	474.3333333	441	666.6666667	647.6666667	655.6666667	655.6666667	481	379	552.3333333	540	539	679	533.3333333
316165200	883.79	611	633.3333333	609	585.6666667	14.33333333	287.8888889	434.3333333	419	647.6666667	633.3333333	640	641	501	393.3333333	586.6666667	574.3333333	499	641	501
316165205	882.18	562.3333333	586.6666667	562.3333333	540	13.33333333	300	453.3333333	432.3333333	572.3333333	560	565.6666667	567.6666667	534.3333333	426.6666667	626.6666667	613.3333333	494.3333333	632.3333333	493.3333333
316165210	883.05	544.3333333	565.6666667	542.3333333	520	14.33333333	320	485.6666667	459	546.6666667	539	542.3333333	542.3333333	552.3333333	434.3333333	646.6666667	632.3333333	520	667.6666667	520
316165215	886.27	605.6666667	634.3333333	607.6666667	580	487.6666667	486.6666667	501	473.3333333	587.6666667	579	583.3333333	583.3333333	560	446.6666667	646.6666667	551.1111111	541	681	534.3333333
316165220	885.45	631	659	631	600	14.33333333	330.1111111	505.6666667	473.3333333	633.3333333	627.6666667	630	629	560	445.6666667	652.3333333	633.3333333	546.6666667	701	552.3333333
316165225	886.28	634.3333333	660	634.3333333	607.6666667	12.33333333	329.8888889	499	474.3333333	647.6666667	633.3333333	640	641	553.3333333	441	647.6666667	632.3333333	561	713.3333333	559
316165230	869.04	629	653.3333333	629	606.6666667	14.33333333	325.4444444	492.3333333	465.6666667	653.3333333	646.6666667	651	651	534.3333333	426.6666667	625.6666667	614.3333333	539	685.6666667	533.3333333
316165235	779.24	627.6666667	652.3333333	627.6666667	601	12.33333333	312.1111111	472.3333333	446.6666667	647.6666667	641	644.3333333	642.3333333	525.6666667	426.6666667	613.3333333	607.6666667	519	674.3333333	519
316165240	680.92	611	633.3333333	609	586.6666667	13.33333333	310.1111111	473.3333333	445.6666667	646.6666667	634.3333333	641	640	539	426.6666667	620	612.3333333	547.6666667	699	554.3333333
316165245	730.11	601	620	599	581	13.33333333	292.3333333	446.6666667	419	627.6666667	605.6666667	615.6666667	617.6666667	507.6666667	406.6666667	606.6666667	593.3333333	539	679	533.3333333
316165250	832.59	566.6666667	592.3333333	565.6666667	539	13.33333333	294.3333333	445.6666667	421	600	585.6666667	594.3333333	593.3333333	500	387.6666667	566.6666667	561	487.6666667	619	481
316165255	863.52	582.3333333	607.6666667	584.3333333	560	14.33333333	285.6666667	434.3333333	412.3333333	593.3333333	586.6666667	589	591	479	387.6666667	566.6666667	560	413.3333333	540	414.3333333
316165300	867.72	585.6666667	612.3333333	586.6666667	561	12.33333333	285.6666667	434.3333333	412.3333333	625.6666667	619	623.3333333	622.3333333	494.3333333	399	587.6666667	565.6666667	447.6666667	565.6666667	440
316165305	866.05	591	613.3333333	591	567.6666667	7.666666667	272.1111111	414.3333333	394.3333333	633.3333333	626.6666667	629	629	459	367.6666667	525.6666667	519	465.6666667	606.6666667	473.3333333
316165310	850.31	524.3333333	541	523.3333333	505.6666667	6.666666667	234.3333333	352.3333333	339	607.6666667	594.3333333	601	599	353.3333333	287.6666667	412.3333333	401	446.6666667	580	453.3333333
316165320	783.13	489	512.3333333	490	465.6666667	380	379	392.3333333	367.6666667	500	486.6666667	493.3333333	493.3333333	281	226.6666667	321	319	321	414.3333333	319
316165325	778.26	524.3333333	545.6666667	522.3333333	501	5.666666667	237.7777778	359	346.6666667	546.6666667	539	543.3333333	542.3333333	247.6666667	194.3333333	279	272.3333333	260	353.3333333	265.6666667
316165330	738.35	507.6666667	525.6666667	507.6666667	485.6666667	5.666666667	215.5555556	326.6666667	313.3333333	566.6666667	559	564.3333333	563.3333333	247.6666667	200	281	279	234.3333333	307.6666667	225.6666667
316165335	693.72	442.3333333	465.6666667	444.3333333	419	5.666666667	253.3333333	385.6666667	367.6666667	459	459	460	461	252.3333333	212.3333333	299	294.3333333	220	294.3333333	227.6666667
316165340	662.25	539	566.6666667	541	512.3333333	5.666666667	254.5555556	392.3333333	365.6666667	554.3333333	546.6666667	551	550	286.6666667	227.6666667	321	319	234.3333333	305.6666667	233.3333333
316165345	670.85	530	553.3333333	529	506.6666667	6.666666667	260	399	373.3333333	572.3333333	566.6666667	569	569	314.3333333	247.6666667	366.6666667	367.6666667	232.3333333	312.3333333	233.3333333
316165350	612.08	504.3333333	520	504.3333333	485.6666667	7.666666667	271.1111111	413.3333333	393.3333333	506.6666667	501	502.3333333	503.3333333	339	274.3333333	405.6666667	399	239	312.3333333	239
316165355	540.91	501	519	501	481	6.666666667	261.2222222	400	381	501	479	490	489	372.3333333	293.3333333	447.6666667	434.3333333	261	352.3333333	266.6666667
316165400	568.13	486.6666667	506.6666667	485.6666667	466.6666667	5.666666667	270.1111111	412.3333333	394.3333333	486.6666667	480	484.3333333	484.3333333	406.6666667	327.6666667	479	473.3333333	327.6666667	434.3333333	333.3333333
316165405	494.16	462.3333333	479	464.3333333	447.6666667	349	349	354.3333333	347.6666667	479	480	480	479	365.6666667	293.3333333	433.3333333	434.3333333	406.6666667	532.3333333	414.3333333
316165410	416.28	424.3333333	439	424.3333333	407.6666667	6.666666667	256.5555556	393.3333333	365.6666667	433.3333333	425.6666667	431	431	359	294.3333333	432.3333333	414.3333333	386.6666667	494.3333333	381
316165415	412.15	471	494.3333333	469	446.6666667	7.666666667	254.5555556	392.3333333	367.6666667	440	432.3333333	437.6666667	437.6666667	319	266.6666667	379	380	319	412.3333333	312.3333333
316165420	485.04	485.6666667	507.6666667	485.6666667	465.6666667	352.3333333	354.3333333	360	346.6666667	487.6666667	481	483.3333333	484.3333333	272.3333333	219	320	313.3333333	273.3333333	354.3333333	280
316165425	514.09	472.3333333	493.3333333	473.3333333	453.3333333	7.666666667	218.7777778	334.3333333	313.3333333	480	466.6666667	473.3333333	472.3333333	281	232.3333333	320	321	225.6666667	305.6666667	225.6666667
316165430	545.18	444.3333333	460	442.3333333	427.6666667	6.666666667	180	266.6666667	267.6666667	467.6666667	459	464.3333333	463.3333333	253.3333333	205.6666667	301	294.3333333	227.6666667	314.3333333	226.6666667
316165435	596.49	385.6666667	405.6666667	386.6666667	365.6666667	7.666666667	177.7777778	267.6666667	260	439	425.6666667	433.3333333	433.3333333	225.6666667	180	259	253.3333333	239	314.3333333	241
316165440	653.1	373.3333333	392.3333333	373.3333333	353.3333333	234.3333333	233.3333333	241	227.6666667	421	419	419	420	225.6666667	186.6666667	259	253.3333333	220	293.3333333	227.6666667
316165445	647.67	312.3333333	334.3333333	314.3333333	293.3333333	241	240	247.6666667	232.3333333	367.6666667	366.6666667	365.6666667	366.6666667	246.6666667	199	280	280	221	293.3333333	225.6666667
316165450	590.92	309	327.6666667	310	294.3333333	240	240	245.6666667	233.3333333	334.3333333	326.6666667	331	331	281	233.3333333	320	319	234.3333333	326.6666667	245.6666667
316165455	610.62	314.3333333	332.3333333	312.3333333	292.3333333	5.666666667	163.2222222	247.6666667	234.3333333	314.3333333	307.6666667	311	310	287.6666667	225.6666667	327.6666667	321	280	361	274.3333333
316165500	543.4	314.3333333	333.3333333	313.3333333	292.3333333	7.666666667	167.6666667	245.6666667	245.6666667	340	325.6666667	334.3333333	333.3333333	279	227.6666667	320	313.3333333	301	392.3333333	305.6666667
316165505	454.2	327.6666667	340	327.6666667	313.3333333	7.666666667	168.8888889	253.3333333	246.6666667	326.6666667	325.6666667	326.6666667	327.6666667	259	214.3333333	301	294.3333333	299	379	294.3333333
316165510	404.84	330	345.6666667	329	314.3333333	6.666666667	170.1111111	260	247.6666667	340	326.6666667	333.3333333	334.3333333	293.3333333	233.3333333	341	333.3333333	279	353.3333333	274.3333333
316165515	339.83	319	334.3333333	319	305.6666667	235.6666667	236.6666667	240	234.3333333	334.3333333	327.6666667	331	330	293.3333333	240	339	334.3333333	279	359	280
316165520	304.66	285.6666667	299	287.6666667	272.3333333	231	230	234.3333333	225.6666667	306.6666667	301	303.3333333	302.3333333	286.6666667	232.3333333	340	326.6666667	287.6666667	373.3333333	287.6666667
316165525	305.91	292.3333333	314.3333333	294.3333333	272.3333333	6.666666667	166.6666667	247.6666667	247.6666667	300	292.3333333	296.6666667	297.6666667	285.6666667	234.3333333	340	332.3333333	300	386.6666667	300
316165530	334.28	325.6666667	346.6666667	327.6666667	307.6666667	7.666666667	172.1111111	259	246.6666667	325.6666667	320	324.3333333	324.3333333	294.3333333	241	341	341	299	392.3333333	300
316165535	359.63	354.3333333	372.3333333	353.3333333	332.3333333	5.666666667	194.5555556	292.3333333	286.6666667	366.6666667	367.6666667	367.6666667	367.6666667	319	253.3333333	365.6666667	361	305.6666667	413.3333333	314.3333333
316165540	366.32	391	413.3333333	389	365.6666667	299	299	306.6666667	292.3333333	399	401	401	401	321	253.3333333	374.3333333	367.6666667	319	412.3333333	312.3333333
316165545	354.68	382.3333333	399	382.3333333	366.6666667	6.666666667	196.7777778	293.3333333	293.3333333	401	394.3333333	395.6666667	395.6666667	365.6666667	300	452.3333333	434.3333333	327.6666667	426.6666667	325.6666667
316165550	353.73	345.6666667	359	347.6666667	334.3333333	303.3333333	303.3333333	313.3333333	293.3333333	346.6666667	347.6666667	345.6666667	347.6666667	427.6666667	332.3333333	492.3333333	480	340	439	341
316165555	383.3	366.6666667	387.6666667	367.6666667	345.6666667	5.666666667	203.2222222	305.6666667	293.3333333	347.6666667	340	343.3333333	344.3333333	374.3333333	293.3333333	425.6666667	414.3333333	399	521	399
316165600	366.71	361	373.3333333	359	346.6666667	295.6666667	297.6666667	299	293.3333333	373.3333333	359	367.6666667	366.6666667	354.3333333	280	413.3333333	406.6666667	426.6666667	546.6666667	419
316165605	360.84	365.6666667	387.6666667	367.6666667	346.6666667	6.666666667	216.7777778	332.3333333	312.3333333	346.6666667	340	344.3333333	343.3333333	359	292.3333333	432.3333333	412.3333333	367.6666667	480	374.3333333
316165610	372.3	403.3333333	420	403.3333333	386.6666667	6.666666667	227.6666667	341	334.3333333	379	373.3333333	377.6666667	376.6666667	419	332.3333333	493.3333333	480	345.6666667	461	354.3333333
316165615	393.55	433.3333333	460	434.3333333	405.6666667	6.666666667	255.5555556	394.3333333	366.6666667	432.3333333	420	426.6666667	427.6666667	487.6666667	374.3333333	565.6666667	565.6666667	412.3333333	532.3333333	414.3333333
316165620	465.19	482.3333333	505.6666667	482.3333333	460	401	400	413.3333333	386.6666667	460	460	460	460	466.6666667	367.6666667	546.6666667	540	447.6666667	581	454.3333333
316165625	469.11	503.3333333	525.6666667	503.3333333	479	14.33333333	274.3333333	413.3333333	394.3333333	499	479	490	489	465.6666667	365.6666667	560	547.6666667	412.3333333	532.3333333	413.3333333
316165630	543.57	507.6666667	526.6666667	506.6666667	487.6666667	5.666666667	271.1111111	412.3333333	392.3333333	499	501	501	501	473.3333333	372.3333333	554.3333333	547.6666667	393.3333333	519	399
316165635	572.17	504.3333333	526.6666667	503.3333333	480	6.666666667	271.1111111	414.3333333	393.3333333	505.6666667	499	504.3333333	504.3333333	486.6666667	381	566.6666667	553.3333333	445.6666667	579	440
316165640	502.61	506.6666667	526.6666667	505.6666667	485.6666667	405.6666667	407.6666667	414.3333333	399	507.6666667	501	502.3333333	503.3333333	487.6666667	385.6666667	566.6666667	560	467.6666667	601	460
316165645	512.12	512.3333333	532.3333333	514.3333333	492.3333333	6.666666667	271.1111111	412.3333333	393.3333333	521	506.6666667	513.3333333	512.3333333	473.3333333	372.3333333	561	546.6666667	473.3333333	601	461
316165650	553.86	506.6666667	527.6666667	505.6666667	485.6666667	7.666666667	265.6666667	412.3333333	379	505.6666667	499	503.3333333	503.3333333	445.6666667	352.3333333	525.6666667	514.3333333	466.6666667	606.6666667	472.3333333
316165655	608.54	505.6666667	525.6666667	505.6666667	485.6666667	390	391	400	381	519	512.3333333	517.6666667	517.6666667	446.6666667	347.6666667	512.3333333	499	467.6666667	600	466.6666667
316165700	712.94	509	532.3333333	510	485.6666667	6.666666667	247.6666667	374.3333333	360	541	527.6666667	532.3333333	532.3333333	413.3333333	325.6666667	479	472.3333333	460	600	452.3333333
316165705	726.11	475.6666667	494.3333333	476.6666667	459	351	351	359	341	520	499	510	510	421	333.3333333	493.3333333	485.6666667	453.3333333	587.6666667	461
316165710	729.05	429	447.6666667	430	412.3333333	7.666666667	228.8888889	346.6666667	334.3333333	459	446.6666667	453.3333333	452.3333333	401	313.3333333	473.3333333	461	445.6666667	567.6666667	439
316165715	732.31	424.3333333	440	423.3333333	406.6666667	325.6666667	325.6666667	339	312.3333333	434.3333333	427.6666667	431	431	394.3333333	312.3333333	461	452.3333333	445.6666667	572.3333333	441
316165720	736.93	425.6666667	447.6666667	425.6666667	406.6666667	6.666666667	230.1111111	354.3333333	332.3333333	439	441	441	441	405.6666667	321	474.3333333	472.3333333	447.6666667	566.6666667	439
316165725	730.19	425.6666667	445.6666667	427.6666667	406.6666667	7.666666667	245.4444444	373.3333333	352.3333333	459	447.6666667	454.3333333	452.3333333	420	332.3333333	485.6666667	481	453.3333333	579	452.3333333
316165730	710.32	465.6666667	485.6666667	465.6666667	447.6666667	386.6666667	385.6666667	394.3333333	379	480	465.6666667	474.3333333	474.3333333	441	333.3333333	505.6666667	501	453.3333333	586.6666667	459
316165735	686.57	485.6666667	507.6666667	487.6666667	466.6666667	6.666666667	267.8888889	412.3333333	386.6666667	500	501	499	501	446.6666667	360	525.6666667	521	466.6666667	601	473.3333333
316165740	665.09	502.3333333	525.6666667	504.3333333	479	405.6666667	406.6666667	413.3333333	401	519	513.3333333	517.6666667	516.6666667	461	367.6666667	546.6666667	540	480	621	481
316165745	628.99	524.3333333	546.6666667	524.3333333	500	12.33333333	283.2222222	433.3333333	399	532.3333333	519	525.6666667	527.6666667	480	373.3333333	560	546.6666667	501	645.6666667	507.6666667
316165750	623.45	530	552.3333333	529	505.6666667	14.33333333	285.4444444	432.3333333	405.6666667	540	526.6666667	532.3333333	532.3333333	492.3333333	387.6666667	580	567.6666667	514.3333333	661	512.3333333
316165755	587.22	539	560	539	519	13.33333333	288.8888889	441	412.3333333	545.6666667	541	543.3333333	544.3333333	512.3333333	405.6666667	607.6666667	594.3333333	519	667.6666667	519
316165800	598.88	544.3333333	567.6666667	542.3333333	519	14.33333333	296.7777778	452.3333333	425.6666667	545.6666667	539	544.3333333	544.3333333	540	425.6666667	620	612.3333333	519	680	534.3333333
316165805	647.78	564.3333333	585.6666667	562.3333333	539	439	440	452.3333333	426.6666667	554.3333333	546.6666667	551	551	553.3333333	425.6666667	646.6666667	541.2222222	520	679	519
316165810	699.08	562.3333333	585.6666667	562.3333333	539	5.666666667	284.4444444	434.3333333	413.3333333	567.6666667	560	564.3333333	563.3333333	552.3333333	434.3333333	652.3333333	634.3333333	520	666.6666667	526.6666667
316165815	726.38	562.3333333	585.6666667	563.3333333	540	423.3333333	423.3333333	432.3333333	414.3333333	572.3333333	565.6666667	570	571	559	426.6666667	654.3333333	633.3333333	519	665.6666667	525.6666667
316165820	741.67	563.3333333	586.6666667	562.3333333	539	14.33333333	285.6666667	433.3333333	414.3333333	572.3333333	566.6666667	569	570	552.3333333	446.6666667	653.3333333	646.6666667	526.6666667	680	533.3333333
316165825	749.93	563.3333333	586.6666667	564.3333333	540	13.33333333	285.6666667	434.3333333	414.3333333	574.3333333	566.6666667	569	569	567.6666667	446.6666667	674.3333333	653.3333333	540	687.6666667	533.3333333
316165830	748.92	562.3333333	587.6666667	562.3333333	539	12.33333333	285.6666667	434.3333333	413.3333333	587.6666667	574.3333333	581	580	574.3333333	447.6666667	673.3333333	665.6666667	539	700	554.3333333
316165835	753.43	567.6666667	592.3333333	567.6666667	541	430	430	447.6666667	414.3333333	594.3333333	585.6666667	589	591	580	445.6666667	674.3333333	672.3333333	540	699	539
316165840	755.98	566.6666667	594.3333333	565.6666667	541	13.33333333	297.7777778	453.3333333	425.6666667	593.3333333	585.6666667	591	589	573.3333333	452.3333333	679	672.3333333	541	701	540
316165845	749.74	566.6666667	593.3333333	567.6666667	539	14.33333333	301	454.3333333	433.3333333	594.3333333	587.6666667	589	589	579	445.6666667	694.3333333	674.3333333	540	679	534.3333333
316165850	750.97	566.6666667	593.3333333	567.6666667	540	13.33333333	306.6666667	466.6666667	441	593.3333333	587.6666667	590	589	585.6666667	461	694.3333333	673.3333333	532.3333333	686.6666667	534.3333333
316165855	758.11	575.6666667	600	577.6666667	553.3333333	461	461	473.3333333	447.6666667	592.3333333	585.6666667	590	591	579	446.6666667	692.3333333	672.3333333	540	681	540
316165900	771.16	584.3333333	607.6666667	583.3333333	560	14.33333333	310.1111111	474.3333333	447.6666667	593.3333333	581	586.6666667	586.6666667	572.3333333	445.6666667	674.3333333	667.6666667	539	685.6666667	533.3333333
316165905	787.23	586.6666667	614.3333333	585.6666667	560	12.33333333	312.1111111	473.3333333	446.6666667	594.3333333	585.6666667	590	591	552.3333333	432.3333333	654.3333333	634.3333333	532.3333333	673.3333333	525.6666667
316165910	811.91	586.6666667	614.3333333	587.6666667	560	14.33333333	290.1111111	440	419	601	585.6666667	593.3333333	593.3333333	500	392.3333333	581	572.3333333	505.6666667	645.6666667	514.3333333
316165915	834.76	561	579	559	539	406.6666667	405.6666667	413.3333333	400	585.6666667	565.6666667	576.6666667	577.6666667	480	374.3333333	559	554.3333333	486.6666667	620	487.6666667
316165920	854.13	535.6666667	554.3333333	537.6666667	520	7.666666667	272.1111111	412.3333333	393.3333333	566.6666667	554.3333333	561	559	494.3333333	386.6666667	579	566.6666667	459	587.6666667	452.3333333
316165925	867.62	522.3333333	546.6666667	522.3333333	501	13.33333333	285.6666667	433.3333333	412.3333333	541	532.3333333	536.6666667	536.6666667	461	366.6666667	540	533.3333333	467.6666667	607.6666667	473.3333333
316165930	879.09	567.6666667	592.3333333	566.6666667	540	12.33333333	296.7777778	453.3333333	426.6666667	565.6666667	559	564.3333333	562.3333333	520	406.6666667	613.3333333	612.3333333	466.6666667	600	474.3333333
316165935	887.99	563.3333333	586.6666667	563.3333333	540	476.6666667	475.6666667	494.3333333	459	593.3333333	573.3333333	584.3333333	584.3333333	520	406.6666667	619	614.3333333	466.6666667	594.3333333	460
316165940	889.9	606.6666667	633.3333333	606.6666667	580	12.33333333	323.2222222	492.3333333	460	585.6666667	587.6666667	585.6666667	585.6666667	514.3333333	401	600	592.3333333	485.6666667	620	480
316165945	881.99	610	632.3333333	609	585.6666667	477.6666667	475.6666667	493.3333333	460	625.6666667	612.3333333	619	620	541	425.6666667	639	633.3333333	446.6666667	579	441
316165950	844.95	611	633.3333333	610	587.6666667	14.33333333	322.2222222	493.3333333	461	626.6666667	613.3333333	621	620	506.6666667	401	605.6666667	594.3333333	454.3333333	592.3333333	460
316165955	758.25	603.3333333	627.6666667	602.3333333	580	13.33333333	310.1111111	472.3333333	446.6666667	613.3333333	606.6666667	610	609	527.6666667	405.6666667	621	613.3333333	473.3333333	605.6666667	474.3333333
316170000	699.95	590	614.3333333	589	566.6666667	453.3333333	453.3333333	465.6666667	441	605.6666667	592.3333333	600	599	486.6666667	386.6666667	567.6666667	561	413.3333333	541	414.3333333
316170005	701.99	602.3333333	626.6666667	603.3333333	581	14.33333333	309.8888889	472.3333333	439	614.3333333	606.6666667	611	610	459	367.6666667	545.6666667	539	426.6666667	554.3333333	420
316170010	730.7	591	614.3333333	590	567.6666667	415.6666667	417.6666667	434.3333333	400	625.6666667	606.6666667	615.6666667	617.6666667	426.6666667	334.3333333	507.6666667	493.3333333	406.6666667	527.6666667	412.3333333
316170015	843.95	541	559	541	521	14.33333333	260	392.3333333	372.3333333	587.6666667	574.3333333	580	581	385.6666667	299	453.3333333	454.3333333	405.6666667	521	399
316170020	877.19	503.3333333	527.6666667	503.3333333	479	5.666666667	270.1111111	414.3333333	394.3333333	521	501	511	511	419	332.3333333	500	492.3333333	379	493.3333333	379
316170025	879.4	559	587.6666667	561	534.3333333	423.3333333	424.3333333	432.3333333	414.3333333	574.3333333	560	567.6666667	567.6666667	474.3333333	374.3333333	561	547.6666667	347.6666667	454.3333333	345.6666667
316170030	882.42	564.3333333	587.6666667	563.3333333	540	416.6666667	416.6666667	432.3333333	400	606.6666667	600	602.3333333	603.3333333	512.3333333	407.6666667	614.3333333	607.6666667	413.3333333	540	414.3333333
316170035	864.41	551	572.3333333	549	526.6666667	13.33333333	301	454.3333333	433.3333333	580	565.6666667	572.3333333	572.3333333	532.3333333	407.6666667	619	612.3333333	453.3333333	581	454.3333333
316170040	829.25	591	620	591	561	14.33333333	310.1111111	472.3333333	446.6666667	607.6666667	587.6666667	595.6666667	595.6666667	500	385.6666667	581	573.3333333	465.6666667	599	474.3333333
316170045	788.57	612.3333333	640	612.3333333	585.6666667	13.33333333	318.7777778	485.6666667	452.3333333	626.6666667	620	623.3333333	624.3333333	499	387.6666667	593.3333333	580	472.3333333	619	474.3333333
316170050	760.62	612.3333333	641	614.3333333	585.6666667	13.33333333	321	486.6666667	461	634.3333333	626.6666667	631	630	521	407.6666667	620	614.3333333	479	614.3333333	481
316170055	664.62	614.3333333	639	613.3333333	585.6666667	14.33333333	321	486.6666667	459	632.3333333	627.6666667	631	631	533.3333333	426.6666667	641	632.3333333	466.6666667	606.6666667	473.3333333
316170100	629.02	609	634.3333333	611	585.6666667	12.33333333	319	485.6666667	460	634.3333333	627.6666667	629	630	540	425.6666667	633.3333333	627.6666667	474.3333333	614.3333333	474.3333333
316170105	667.22	614.3333333	639	612.3333333	585.6666667	14.33333333	308.8888889	474.3333333	440	632.3333333	627.6666667	629	631	532.3333333	414.3333333	632.3333333	614.3333333	480	612.3333333	481
316170110	736.5	591	613.3333333	589	565.6666667	12.33333333	304.4444444	467.6666667	432.3333333	613.3333333	607.6666667	609	611	514.3333333	406.6666667	599	592.3333333	473.3333333	614.3333333	474.3333333
316170115	813.47	607.6666667	634.3333333	607.6666667	579	13.33333333	315.5555556	481	454.3333333	634.3333333	620	627.6666667	627.6666667	481	373.3333333	560	554.3333333	480	620	480
316170120	825.77	613.3333333	639	613.3333333	585.6666667	5.666666667	312.3333333	480	453.3333333	632.3333333	626.6666667	630	630	500	387.6666667	592.3333333	586.6666667	486.6666667	626.6666667	494.3333333
316170125	832.44	607.6666667	633.3333333	607.6666667	580	12.33333333	307.6666667	474.3333333	432.3333333	634.3333333	626.6666667	630	631	520	405.6666667	612.3333333	607.6666667	446.6666667	572.3333333	445.6666667
316170130	860.42	603.3333333	625.6666667	602.3333333	580	12.33333333	308.8888889	474.3333333	440	626.6666667	612.3333333	621	620	514.3333333	399	614.3333333	592.3333333	452.3333333	593.3333333	453.3333333
316170135	873.3	604.3333333	626.6666667	603.3333333	581	14.33333333	309.8888889	472.3333333	441	626.6666667	621	623.3333333	623.3333333	532.3333333	406.6666667	621	612.3333333	472.3333333	621	481
316170140	872.25	602.3333333	625.6666667	603.3333333	579	12.33333333	308.8888889	473.3333333	440	626.6666667	606.6666667	616.6666667	616.6666667	532.3333333	406.6666667	626.6666667	613.3333333	480	620	481
316170145	869.22	592.3333333	620	594.3333333	565.6666667	13.33333333	309.8888889	473.3333333	441	612.3333333	605.6666667	610	610	532.3333333	414.3333333	625.6666667	612.3333333	501	641	500
316170150	850.84	593.3333333	621	593.3333333	565.6666667	14.33333333	308.8888889	473.3333333	439	613.3333333	605.6666667	610	609	534.3333333	412.3333333	633.3333333	625.6666667	494.3333333	639	492.3333333
316170155	822.23	595.6666667	619	596.6666667	574.3333333	12.33333333	307.8888889	474.3333333	440	613.3333333	605.6666667	609	609	533.3333333	421	639	627.6666667	485.6666667	626.6666667	492.3333333
316170200	822.35	603.3333333	627.6666667	603.3333333	580	12.33333333	305.4444444	467.6666667	432.3333333	620	605.6666667	614.3333333	612.3333333	534.3333333	407.6666667	632.3333333	612.3333333	472.3333333	614.3333333	472.3333333
316170205	845.69	593.3333333	620	592.3333333	565.6666667	14.33333333	303.4444444	466.6666667	434.3333333	627.6666667	606.6666667	615.6666667	616.6666667	520	407.6666667	619	612.3333333	467.6666667	601	472.3333333
316170210	842.91	590	612.3333333	590	565.6666667	14.33333333	305.4444444	467.6666667	432.3333333	627.6666667	607.6666667	617.6666667	615.6666667	526.6666667	407.6666667	621	612.3333333	466.6666667	599	459
316170215	856.66	594.3333333	621	593.3333333	566.6666667	12.33333333	304.4444444	466.6666667	432.3333333	620	606.6666667	614.3333333	614.3333333	525.6666667	406.6666667	620	612.3333333	466.6666667	600	461
316170220	855.96	589	614.3333333	591	566.6666667	12.33333333	303.4444444	465.6666667	434.3333333	613.3333333	606.6666667	609	611	520	407.6666667	619	612.3333333	465.6666667	600	474.3333333
316170225	846.88	590	613.3333333	591	566.6666667	13.33333333	309.8888889	472.3333333	441	606.6666667	607.6666667	605.6666667	605.6666667	520	407.6666667	612.3333333	605.6666667	466.6666667	606.6666667	472.3333333
316170230	834.54	593.3333333	621	592.3333333	567.6666667	12.33333333	307.8888889	473.3333333	440	607.6666667	599	604.3333333	604.3333333	513.3333333	400	607.6666667	593.3333333	481	619	472.3333333
316170235	827.55	594.3333333	621	594.3333333	566.6666667	13.33333333	309.8888889	474.3333333	440	614.3333333	607.6666667	611	611	506.6666667	387.6666667	601	594.3333333	481	619	486.6666667
316170240	827.43	593.3333333	621	594.3333333	565.6666667	13.33333333	305.4444444	467.6666667	433.3333333	605.6666667	607.6666667	605.6666667	605.6666667	494.3333333	387.6666667	594.3333333	586.6666667	481	621	480
316170245	836.9	593.3333333	619	594.3333333	566.6666667	13.33333333	305.4444444	467.6666667	432.3333333	614.3333333	606.6666667	611	611	500	385.6666667	594.3333333	586.6666667	479	621	479
316170250	844.01	593.3333333	620	594.3333333	567.6666667	13.33333333	296.7777778	452.3333333	426.6666667	606.6666667	606.6666667	607.6666667	607.6666667	499	385.6666667	601	593.3333333	479	620	472.3333333
316170255	844.37	585.6666667	614.3333333	585.6666667	560	14.33333333	296.5555556	453.3333333	419	613.3333333	605.6666667	611	611	506.6666667	387.6666667	599	594.3333333	480	619	479
316170300	843.1	585.6666667	613.3333333	587.6666667	560	14.33333333	294.5555556	452.3333333	420	606.6666667	605.6666667	606.6666667	606.6666667	513.3333333	387.6666667	599	594.3333333	487.6666667	620	487.6666667
316170305	845.8	582.3333333	607.6666667	583.3333333	560	12.33333333	291.1111111	447.6666667	413.3333333	606.6666667	607.6666667	606.6666667	605.6666667	505.6666667	385.6666667	601	594.3333333	493.3333333	619	494.3333333
316170310	845.06	579	606.6666667	581	553.3333333	12.33333333	286.6666667	432.3333333	412.3333333	605.6666667	601	603.3333333	603.3333333	513.3333333	405.6666667	605.6666667	593.3333333	486.6666667	626.6666667	492.3333333
316170315	839.58	565.6666667	593.3333333	565.6666667	541	13.33333333	288.8888889	440	412.3333333	605.6666667	587.6666667	595.6666667	597.6666667	520	401	613.3333333	599	486.6666667	626.6666667	487.6666667
316170320	837.25	571	599	569	541	13.33333333	292.1111111	446.6666667	412.3333333	593.3333333	587.6666667	590	590	513.3333333	406.6666667	605.6666667	593.3333333	479	612.3333333	472.3333333
316170325	825.06	574.3333333	601	572.3333333	547.6666667	12.33333333	286.6666667	433.3333333	413.3333333	601	585.6666667	592.3333333	593.3333333	499	381	600	593.3333333	467.6666667	600	473.3333333
316170330	811.86	564.3333333	587.6666667	564.3333333	540	13.33333333	287.6666667	433.3333333	413.3333333	594.3333333	587.6666667	591	590	513.3333333	393.3333333	614.3333333	592.3333333	459	594.3333333	452.3333333
316170335	797.64	563.3333333	585.6666667	563.3333333	539	12.33333333	286.6666667	434.3333333	412.3333333	587.6666667	581	583.3333333	584.3333333	513.3333333	405.6666667	619	614.3333333	432.3333333	559	434.3333333
316170340	789.76	551	573.3333333	550	526.6666667	6.666666667	283.4444444	433.3333333	413.3333333	585.6666667	573.3333333	579	581	500	386.6666667	599	594.3333333	453.3333333	581	453.3333333
316170345	793.69	553.3333333	579	552.3333333	527.6666667	13.33333333	291.1111111	447.6666667	414.3333333	573.3333333	565.6666667	571	569	492.3333333	386.6666667	592.3333333	586.6666667	467.6666667	600	472.3333333
316170350	795.24	554.3333333	581	552.3333333	526.6666667	12.33333333	292.1111111	445.6666667	413.3333333	573.3333333	567.6666667	569	570	501	379	599	593.3333333	441	565.6666667	440
316170355	795.27	557.6666667	579	556.6666667	534.3333333	13.33333333	291.1111111	447.6666667	412.3333333	574.3333333	565.6666667	569	569	492.3333333	385.6666667	594.3333333	585.6666667	426.6666667	545.6666667	419
316170400	794.01	556.6666667	580	555.6666667	533.3333333	5.666666667	288.8888889	447.6666667	414.3333333	565.6666667	561	563.3333333	563.3333333	499	385.6666667	586.6666667	580	445.6666667	574.3333333	441
316170405	800.13	560	585.6666667	560	532.3333333	13.33333333	292.1111111	445.6666667	413.3333333	567.6666667	559	562.3333333	563.3333333	487.6666667	385.6666667	580	572.3333333	446.6666667	581	446.6666667
316170410	803.69	586.6666667	586.6666667	586.6666667	586.6666667	13.33333333	287.8888889	439	412.3333333	572.3333333	559	567.6666667	567.6666667	480	365.6666667	561	554.3333333	425.6666667	553.3333333	434.3333333
316170415	819.69	555.6666667	579	556.6666667	534.3333333	12.33333333	287.8888889	441	413.3333333	572.3333333	561	566.6666667	567.6666667	453.3333333	359	540	539	421	539	421
316170420	823.53	585.6666667	587.6666667	587.6666667	586.6666667	14.33333333	287.8888889	439	413.3333333	574.3333333	560	565.6666667	566.6666667	481	365.6666667	573.3333333	561	392.3333333	513.3333333	393.3333333
316170425	819.8	563.3333333	586.6666667	563.3333333	539	5.666666667	283.4444444	432.3333333	412.3333333	581	572.3333333	576.6666667	575.6666667	494.3333333	372.3333333	580	573.3333333	412.3333333	534.3333333	414.3333333
316170430	827.38	561	585.6666667	559	532.3333333	13.33333333	286.6666667	433.3333333	412.3333333	573.3333333	567.6666667	570	570	472.3333333	366.6666667	567.6666667	552.3333333	445.6666667	580	445.6666667
316170435	828.92	552.3333333	580	553.3333333	526.6666667	14.33333333	279	432.3333333	393.3333333	573.3333333	565.6666667	569	571	472.3333333	365.6666667	573.3333333	567.6666667	467.6666667	599	460
316170440	822.23	551	580	549	519	6.666666667	274.5555556	426.6666667	393.3333333	574.3333333	567.6666667	569	571	479	367.6666667	572.3333333	561	459	593.3333333	460
316170445	816.41	547.6666667	573.3333333	545.6666667	520	6.666666667	274.5555556	427.6666667	393.3333333	573.3333333	567.6666667	571	569	486.6666667	373.3333333	580	573.3333333	467.6666667	600	472.3333333
316170450	805.47	579	580	579	579	7.666666667	272.1111111	414.3333333	393.3333333	572.3333333	565.6666667	571	569	487.6666667	373.3333333	573.3333333	566.6666667	481	626.6666667	474.3333333
316170455	794.48	543.3333333	565.6666667	542.3333333	519	5.666666667	267.8888889	412.3333333	385.6666667	573.3333333	565.6666667	570	571	485.6666667	372.3333333	579	573.3333333	474.3333333	613.3333333	472.3333333
316170500	787.04	560	561	561	559	7.666666667	259	400	373.3333333	566.6666667	547.6666667	555.6666667	557.6666667	486.6666667	365.6666667	580	572.3333333	459	592.3333333	461
316170505	793.21	546.6666667	545.6666667	547.6666667	547.6666667	7.666666667	258.7777778	394.3333333	372.3333333	546.6666667	546.6666667	546.6666667	545.6666667	485.6666667	379	580	573.3333333	461	594.3333333	459
316170510	789.05	547.6666667	545.6666667	546.6666667	545.6666667	6.666666667	256.5555556	393.3333333	365.6666667	546.6666667	541	542.3333333	543.3333333	487.6666667	366.6666667	574.3333333	566.6666667	461	600	460
316170515	781.44	525.6666667	525.6666667	527.6666667	527.6666667	13.33333333	245.6666667	372.3333333	352.3333333	532.3333333	520	527.6666667	526.6666667	472.3333333	366.6666667	574.3333333	552.3333333	466.6666667	601	459
316170520	773.17	527.6666667	525.6666667	526.6666667	526.6666667	7.666666667	241.2222222	373.3333333	345.6666667	526.6666667	520	522.3333333	522.3333333	467.6666667	360	560	553.3333333	467.6666667	600	460
316170525	764.11	506.6666667	506.6666667	505.6666667	506.6666667	5.666666667	242.2222222	373.3333333	345.6666667	520	513.3333333	517.6666667	515.6666667	479	367.6666667	567.6666667	552.3333333	461	593.3333333	461
316170530	747.28	506.6666667	506.6666667	505.6666667	507.6666667	5.666666667	242.2222222	366.6666667	354.3333333	519	499	510	510	467.6666667	360	559	552.3333333	454.3333333	593.3333333	459
316170535	733.32	486.6666667	485.6666667	486.6666667	486.6666667	5.666666667	235.5555556	361	339	507.6666667	501	503.3333333	504.3333333	474.3333333	366.6666667	560	553.3333333	454.3333333	587.6666667	445.6666667
316170540	722.35	479	481	480	479	5.666666667	237.7777778	361	347.6666667	494.3333333	481	487.6666667	487.6666667	473.3333333	367.6666667	561	553.3333333	445.6666667	572.3333333	441
316170545	719.51	465.6666667	465.6666667	467.6666667	466.6666667	359	359	374.3333333	345.6666667	481	467.6666667	473.3333333	473.3333333	466.6666667	365.6666667	559	554.3333333	439	574.3333333	441
316170550	712.13	465.6666667	465.6666667	465.6666667	466.6666667	6.666666667	247.8888889	381	360	461	454.3333333	455.6666667	456.6666667	466.6666667	359	553.3333333	545.6666667	434.3333333	566.6666667	434.3333333
316170555	712.32	485.6666667	486.6666667	486.6666667	485.6666667	5.666666667	251.1111111	385.6666667	360	460	460	460	459	460	352.3333333	539	534.3333333	433.3333333	565.6666667	433.3333333
316170600	718.42	486.6666667	487.6666667	487.6666667	485.6666667	7.666666667	249.8888889	379	360	460	461	460	460	447.6666667	347.6666667	534.3333333	534.3333333	425.6666667	559	434.3333333
316170605	719.84	500	499	499	500	6.666666667	248.8888889	381	360	481	466.6666667	474.3333333	473.3333333	447.6666667	346.6666667	532.3333333	526.6666667	425.6666667	554.3333333	427.6666667
316170610	714.74	487.6666667	487.6666667	487.6666667	486.6666667	363.3333333	362.3333333	373.3333333	354.3333333	480	474.3333333	476.6666667	476.6666667	447.6666667	339	533.3333333	526.6666667	414.3333333	533.3333333	413.3333333
316170615	719.59	487.6666667	487.6666667	486.6666667	487.6666667	6.666666667	242.2222222	374.3333333	347.6666667	479	474.3333333	477.6666667	477.6666667	432.3333333	332.3333333	514.3333333	507.6666667	407.6666667	521	399
316170620	727.35	485.6666667	485.6666667	487.6666667	485.6666667	7.666666667	242.2222222	374.3333333	345.6666667	479	472.3333333	477.6666667	477.6666667	427.6666667	334.3333333	506.6666667	500	394.3333333	513.3333333	392.3333333
316170625	724.03	485.6666667	485.6666667	487.6666667	487.6666667	5.666666667	235.5555556	359	339	480	467.6666667	474.3333333	472.3333333	426.6666667	327.6666667	507.6666667	500	394.3333333	514.3333333	394.3333333
316170630	727.73	465.6666667	465.6666667	466.6666667	466.6666667	350	350	359	339	466.6666667	461	463.3333333	462.3333333	405.6666667	327.6666667	487.6666667	487.6666667	392.3333333	513.3333333	394.3333333
316170635	723.14	467.6666667	466.6666667	466.6666667	466.6666667	6.666666667	234.5555556	359	340	467.6666667	459	462.3333333	464.3333333	414.3333333	314.3333333	486.6666667	480	387.6666667	514.3333333	386.6666667
316170640	716.25	467.6666667	467.6666667	465.6666667	466.6666667	6.666666667	232.3333333	352.3333333	340	460	454.3333333	457.6666667	457.6666667	421	333.3333333	493.3333333	487.6666667	381	493.3333333	380
316170645	717.89	467.6666667	465.6666667	467.6666667	466.6666667	6.666666667	233.3333333	359	332.3333333	459	446.6666667	454.3333333	454.3333333	419	334.3333333	501	500	367.6666667	487.6666667	374.3333333
316170650	716.68	467.6666667	465.6666667	467.6666667	466.6666667	341	339	353.3333333	325.6666667	460	440	450	451	413.3333333	320	492.3333333	485.6666667	374.3333333	492.3333333	374.3333333
316170655	707.78	467.6666667	466.6666667	465.6666667	466.6666667	6.666666667	225.6666667	347.6666667	326.6666667	447.6666667	441	442.3333333	442.3333333	425.6666667	334.3333333	505.6666667	500	372.3333333	494.3333333	374.3333333
316170700	698.12	445.6666667	446.6666667	445.6666667	447.6666667	7.666666667	223.4444444	340	325.6666667	440	445.6666667	444.3333333	443.3333333	427.6666667	333.3333333	512.3333333	499	366.6666667	479	360
316170705	693.23	445.6666667	447.6666667	445.6666667	447.6666667	341	340	340	341	440	427.6666667	433.3333333	434.3333333	426.6666667	334.3333333	505.6666667	501	365.6666667	472.3333333	365.6666667
316170710	681.2	446.6666667	446.6666667	447.6666667	445.6666667	6.666666667	221	334.3333333	321	439	426.6666667	433.3333333	432.3333333	413.3333333	326.6666667	499	485.6666667	366.6666667	481	374.3333333
316170715	669.02	447.6666667	445.6666667	445.6666667	447.6666667	7.666666667	218.7777778	334.3333333	314.3333333	439	427.6666667	432.3333333	432.3333333	394.3333333	312.3333333	474.3333333	465.6666667	380	494.3333333	381
316170720	669.82	426.6666667	425.6666667	426.6666667	425.6666667	7.666666667	207.6666667	314.3333333	301	421	419	419	419	361	286.6666667	425.6666667	356.7777778	381	493.3333333	380
316170725	667.7	412.3333333	414.3333333	412.3333333	414.3333333	5.666666667	200	305.6666667	286.6666667	407.6666667	406.6666667	405.6666667	405.6666667	312.3333333	252.3333333	365.6666667	365.6666667	340	453.3333333	347.6666667
316170730	646.31	392.3333333	393.3333333	393.3333333	392.3333333	6.666666667	196.7777778	299	285.6666667	400	386.6666667	394.3333333	393.3333333	286.6666667	227.6666667	334.3333333	321	281	373.3333333	285.6666667
316170735	644.59	386.6666667	385.6666667	387.6666667	385.6666667	5.666666667	188.8888889	285.6666667	274.3333333	379	374.3333333	375.6666667	377.6666667	259	212.3333333	312.3333333	307.6666667	261	333.3333333	254.3333333
316170740	646.42	365.6666667	366.6666667	367.6666667	367.6666667	5.666666667	173.3333333	266.6666667	246.6666667	361	361	360	359	274.3333333	212.3333333	312.3333333	306.6666667	239	320	232.3333333
316170745	645.74	346.6666667	345.6666667	345.6666667	345.6666667	6.666666667	172.1111111	259	246.6666667	340	325.6666667	333.3333333	332.3333333	274.3333333	219	312.3333333	312.3333333	240	314.3333333	239
316170750	650.38	347.6666667	346.6666667	346.6666667	345.6666667	6.666666667	172.3333333	267.6666667	247.6666667	334.3333333	327.6666667	330	330	281	225.6666667	334.3333333	327.6666667	252.3333333	333.3333333	254.3333333
316170755	655.63	341	340	339	339	7.666666667	183.2222222	273.3333333	265.6666667	332.3333333	326.6666667	330	329	300	245.6666667	354.3333333	360	261	353.3333333	259
316170800	629.44	354.3333333	353.3333333	354.3333333	353.3333333	6.666666667	201	306.6666667	286.6666667	341	334.3333333	336.6666667	335.6666667	326.6666667	254.3333333	386.6666667	381	280	372.3333333	280
316170805	573.73	399	401	401	400	6.666666667	215.5555556	325.6666667	313.3333333	366.6666667	366.6666667	366.6666667	367.6666667	352.3333333	273.3333333	419	413.3333333	300	392.3333333	299
316170810	510.82	419	419	419	421	6.666666667	214.5555556	327.6666667	312.3333333	399	392.3333333	395.6666667	396.6666667	365.6666667	292.3333333	440	433.3333333	321	414.3333333	312.3333333
316170815	448.31	419	419	421	421	7.666666667	206.6666667	313.3333333	300	407.6666667	407.6666667	407.6666667	407.6666667	365.6666667	294.3333333	439	434.3333333	325.6666667	432.3333333	326.6666667
316170820	399.19	405.6666667	407.6666667	407.6666667	407.6666667	5.666666667	196.7777778	299	287.6666667	400	385.6666667	394.3333333	393.3333333	354.3333333	273.3333333	420	414.3333333	346.6666667	453.3333333	339
316170825	382.55	394.3333333	394.3333333	393.3333333	394.3333333	7.666666667	149	292.3333333	150	393.3333333	387.6666667	389	389	354.3333333	274.3333333	405.6666667	405.6666667	345.6666667	452.3333333	346.6666667
316170830	380.3	392.3333333	392.3333333	392.3333333	392.3333333	7.666666667	192.1111111	286.6666667	280	387.6666667	387.6666667	387.6666667	386.6666667	314.3333333	252.3333333	374.3333333	374.3333333	327.6666667	432.3333333	332.3333333
316170835	403.82	385.6666667	385.6666667	386.6666667	386.6666667	5.666666667	192.1111111	286.6666667	281	379	366.6666667	374.3333333	372.3333333	292.3333333	234.3333333	341	340	299	393.3333333	301
316170840	450.88	379	381	380	379	5.666666667	186.6666667	285.6666667	267.6666667	372.3333333	365.6666667	369	371	285.6666667	225.6666667	327.6666667	326.6666667	265.6666667	353.3333333	273.3333333
316170845	508.79	366.6666667	365.6666667	365.6666667	366.6666667	5.666666667	181	266.6666667	266.6666667	361	347.6666667	353.3333333	352.3333333	292.3333333	234.3333333	333.3333333	333.3333333	260	340	261
316170850	554.81	354.3333333	352.3333333	352.3333333	354.3333333	6.666666667	186.6666667	285.6666667	267.6666667	345.6666667	341	344.3333333	344.3333333	286.6666667	233.3333333	333.3333333	327.6666667	259	346.6666667	261
316170855	558.21	385.6666667	387.6666667	385.6666667	386.6666667	5.666666667	188.8888889	285.6666667	274.3333333	361	353.3333333	357.6666667	357.6666667	285.6666667	232.3333333	333.3333333	341	274.3333333	353.3333333	266.6666667
316170900	547.23	385.6666667	387.6666667	386.6666667	387.6666667	5.666666667	180	267.6666667	267.6666667	386.6666667	387.6666667	386.6666667	387.6666667	314.3333333	254.3333333	367.6666667	367.6666667	252.3333333	334.3333333	261
316170905	519.1	361	361	360	360	6.666666667	154.3333333	301	152.3333333	365.6666667	360	363.3333333	364.3333333	361	292.3333333	425.6666667	434.3333333	260	353.3333333	266.6666667
316170910	495.9	407.6666667	406.6666667	407.6666667	407.6666667	6.666666667	215.5555556	327.6666667	314.3333333	380	367.6666667	372.3333333	372.3333333	407.6666667	319	473.3333333	479	301	407.6666667	305.6666667
316170915	463.66	426.6666667	427.6666667	425.6666667	425.6666667	5.666666667	216.7777778	332.3333333	312.3333333	421	406.6666667	414.3333333	414.3333333	407.6666667	313.3333333	485.6666667	485.6666667	360	472.3333333	367.6666667
316170920	437.99	426.6666667	426.6666667	426.6666667	426.6666667	6.666666667	227.8888889	352.3333333	326.6666667	419	406.6666667	413.3333333	412.3333333	407.6666667	314.3333333	486.6666667	486.6666667	387.6666667	512.3333333	392.3333333
316170925	420.08	445.6666667	447.6666667	446.6666667	445.6666667	6.666666667	238.7777778	359	345.6666667	420	405.6666667	412.3333333	414.3333333	425.6666667	334.3333333	501	500	381	505.6666667	380
316170930	408.77	466.6666667	467.6666667	466.6666667	466.6666667	7.666666667	243.2222222	372.3333333	345.6666667	440	425.6666667	433.3333333	432.3333333	427.6666667	334.3333333	512.3333333	513.3333333	385.6666667	506.6666667	387.6666667
316170935	400.15	485.6666667	487.6666667	487.6666667	485.6666667	5.666666667	247.8888889	380	361	461	446.6666667	452.3333333	454.3333333	433.3333333	340	521	512.3333333	385.6666667	513.3333333	394.3333333
316170940	404.76	487.6666667	486.6666667	486.6666667	486.6666667	7.666666667	243.2222222	373.3333333	347.6666667	460	445.6666667	452.3333333	453.3333333	425.6666667	334.3333333	499	507.6666667	399	512.3333333	393.3333333
316170945	441.73	486.6666667	487.6666667	487.6666667	485.6666667	7.666666667	243.2222222	373.3333333	346.6666667	461	452.3333333	457.6666667	457.6666667	414.3333333	327.6666667	486.6666667	486.6666667	394.3333333	513.3333333	392.3333333
316170950	532.21	486.6666667	485.6666667	485.6666667	486.6666667	5.666666667	238.7777778	359	345.6666667	467.6666667	461	463.3333333	462.3333333	406.6666667	312.3333333	479	474.3333333	381	512.3333333	387.6666667
316170955	593.76	465.6666667	467.6666667	466.6666667	466.6666667	5.666666667	236.5555556	360	340	461	447.6666667	452.3333333	453.3333333	394.3333333	313.3333333	467.6666667	465.6666667	366.6666667	492.3333333	372.3333333
316171000	621.24	481	480	480	479	7.666666667	242.2222222	374.3333333	345.6666667	459	446.6666667	452.3333333	453.3333333	387.6666667	307.6666667	461	453.3333333	374.3333333	487.6666667	373.3333333
316171005	639.23	486.6666667	486.6666667	486.6666667	487.6666667	6.666666667	234.5555556	353.3333333	347.6666667	466.6666667	459	463.3333333	463.3333333	359	292.3333333	421	420	361	474.3333333	361
316171010	663.84	466.6666667	467.6666667	466.6666667	466.6666667	7.666666667	214.5555556	326.6666667	313.3333333	459	460	459	459	340	273.3333333	394.3333333	393.3333333	334.3333333	434.3333333	332.3333333
316171015	678.48	425.6666667	425.6666667	426.6666667	427.6666667	299	301	306.6666667	293.3333333	439	426.6666667	433.3333333	432.3333333	340	272.3333333	392.3333333	394.3333333	305.6666667	414.3333333	360
316171020	674.28	405.6666667	406.6666667	405.6666667	407.6666667	7.666666667	205.4444444	306.6666667	299	400	393.3333333	396.6666667	396.6666667	334.3333333	265.6666667	394.3333333	392.3333333	301	405.6666667	306.6666667
316171025	653.08	405.6666667	405.6666667	406.6666667	407.6666667	6.666666667	204.4444444	305.6666667	301	392.3333333	387.6666667	391	389	387.6666667	299	447.6666667	446.6666667	292.3333333	392.3333333	292.3333333
316171030	634.8	394.3333333	393.3333333	392.3333333	393.3333333	5.666666667	203.2222222	305.6666667	293.3333333	380	366.6666667	372.3333333	374.3333333	392.3333333	314.3333333	461	454.3333333	312.3333333	412.3333333	314.3333333
316171035	607.66	392.3333333	393.3333333	394.3333333	394.3333333	7.666666667	203.2222222	305.6666667	293.3333333	373.3333333	365.6666667	370	371	381	292.3333333	440	439	361	474.3333333	360
316171040	593.44	406.6666667	405.6666667	407.6666667	406.6666667	5.666666667	212.1111111	320	307.6666667	381	372.3333333	377.6666667	375.6666667	372.3333333	294.3333333	439	434.3333333	359	472.3333333	367.6666667
316171045	597.87	412.3333333	414.3333333	413.3333333	412.3333333	6.666666667	212.3333333	326.6666667	305.6666667	401	386.6666667	393.3333333	394.3333333	374.3333333	294.3333333	432.3333333	433.3333333	359	467.6666667	352.3333333
316171050	563.44	414.3333333	412.3333333	412.3333333	414.3333333	5.666666667	210.1111111	319	307.6666667	401	386.6666667	393.3333333	392.3333333	372.3333333	293.3333333	440	433.3333333	346.6666667	459	354.3333333
316171055	507.96	414.3333333	414.3333333	414.3333333	412.3333333	5.666666667	208.8888889	314.3333333	305.6666667	401	385.6666667	392.3333333	394.3333333	374.3333333	294.3333333	439	368.8888889	360	472.3333333	352.3333333
316171100	485.22	412.3333333	412.3333333	412.3333333	413.3333333	5.666666667	216.5555556	325.6666667	314.3333333	400	387.6666667	394.3333333	394.3333333	372.3333333	292.3333333	433.3333333	432.3333333	366.6666667	486.6666667	365.6666667
316171105	490.98	425.6666667	425.6666667	425.6666667	426.6666667	7.666666667	216.5555556	327.6666667	314.3333333	405.6666667	399	404.3333333	403.3333333	365.6666667	292.3333333	433.3333333	432.3333333	366.6666667	492.3333333	372.3333333
316171110	530.66	425.6666667	425.6666667	427.6666667	426.6666667	6.666666667	214.5555556	325.6666667	312.3333333	406.6666667	401	402.3333333	403.3333333	387.6666667	300	445.6666667	447.6666667	359	473.3333333	365.6666667
316171115	532.1	427.6666667	427.6666667	425.6666667	425.6666667	6.666666667	169	333.3333333	170	405.6666667	407.6666667	405.6666667	407.6666667	385.6666667	313.3333333	447.6666667	453.3333333	366.6666667	493.3333333	374.3333333
316171120	519.11	427.6666667	426.6666667	427.6666667	426.6666667	319	320	327.6666667	314.3333333	406.6666667	405.6666667	405.6666667	406.6666667	393.3333333	314.3333333	459	453.3333333	379	494.3333333	385.6666667
316171125	514.69	414.3333333	413.3333333	412.3333333	412.3333333	5.666666667	216.7777778	334.3333333	314.3333333	400	387.6666667	393.3333333	393.3333333	385.6666667	307.6666667	460	453.3333333	381	493.3333333	380
316171130	516.09	413.3333333	414.3333333	413.3333333	412.3333333	325.6666667	327.6666667	333.3333333	321	400	385.6666667	392.3333333	392.3333333	393.3333333	313.3333333	460	467.6666667	381	494.3333333	379
316171135	524.04	421	419	421	419	5.666666667	220	333.3333333	319	400	386.6666667	394.3333333	393.3333333	392.3333333	314.3333333	461	466.6666667	379	493.3333333	385.6666667
316171140	521.14	414.3333333	414.3333333	413.3333333	414.3333333	6.666666667	220	332.3333333	321	394.3333333	387.6666667	391	390	400	314.3333333	459	465.6666667	381	494.3333333	380
316171145	525.29	427.6666667	427.6666667	426.6666667	426.6666667	7.666666667	223.2222222	339	319	399	387.6666667	392.3333333	393.3333333	405.6666667	312.3333333	480	472.3333333	366.6666667	492.3333333	374.3333333
316171150	542.02	426.6666667	425.6666667	426.6666667	426.6666667	5.666666667	229.8888889	347.6666667	334.3333333	399	386.6666667	393.3333333	392.3333333	393.3333333	314.3333333	459	452.3333333	367.6666667	480	365.6666667
316171155	557.75	432.3333333	433.3333333	434.3333333	433.3333333	7.666666667	230.1111111	352.3333333	332.3333333	407.6666667	392.3333333	399	400	394.3333333	314.3333333	460	452.3333333	372.3333333	493.3333333	372.3333333
316171200	565.94	446.6666667	446.6666667	447.6666667	446.6666667	5.666666667	237.7777778	359	345.6666667	406.6666667	405.6666667	405.6666667	406.6666667	385.6666667	314.3333333	461	460	372.3333333	486.6666667	367.6666667
316171205	581.89	467.6666667	465.6666667	465.6666667	465.6666667	7.666666667	245.4444444	373.3333333	353.3333333	421	405.6666667	412.3333333	413.3333333	394.3333333	314.3333333	459	466.6666667	366.6666667	492.3333333	374.3333333
316171210	592.53	474.3333333	473.3333333	473.3333333	474.3333333	7.666666667	243.4444444	372.3333333	352.3333333	440	427.6666667	432.3333333	433.3333333	407.6666667	327.6666667	479	487.6666667	432.3333333	493.3333333	372.3333333
316171215	601.09	485.6666667	487.6666667	485.6666667	486.6666667	6.666666667	245.4444444	373.3333333	354.3333333	461	447.6666667	452.3333333	452.3333333	425.6666667	339	500	485.6666667	380	494.3333333	379
316171220	592.03	486.6666667	487.6666667	485.6666667	487.6666667	6.666666667	245.4444444	373.3333333	353.3333333	459	460	461	461	427.6666667	333.3333333	479	487.6666667	381	492.3333333	387.6666667
316171225	580.16	485.6666667	486.6666667	486.6666667	487.6666667	5.666666667	241.2222222	365.6666667	353.3333333	481	465.6666667	472.3333333	473.3333333	407.6666667	326.6666667	479	472.3333333	380	492.3333333	385.6666667
316171230	582.18	480	479	480	480	5.666666667	240	365.6666667	346.6666667	460	459	460	459	392.3333333	314.3333333	461	459	381	494.3333333	374.3333333
316171235	585.72	467.6666667	465.6666667	466.6666667	465.6666667	6.666666667	233.3333333	354.3333333	339	459	445.6666667	452.3333333	452.3333333	387.6666667	314.3333333	452.3333333	454.3333333	381	493.3333333	372.3333333
316171240	592.7	445.6666667	445.6666667	447.6666667	446.6666667	5.666666667	228.8888889	346.6666667	333.3333333	441	425.6666667	434.3333333	434.3333333	385.6666667	313.3333333	441	445.6666667	380	492.3333333	374.3333333
316171245	596.09	434.3333333	433.3333333	432.3333333	432.3333333	7.666666667	232.1111111	353.3333333	333.3333333	421	414.3333333	415.6666667	415.6666667	381	312.3333333	440	446.6666667	374.3333333	492.3333333	373.3333333
316171250	599.12	439	441	439	441	5.666666667	228.8888889	346.6666667	334.3333333	420	406.6666667	413.3333333	413.3333333	374.3333333	299	441	432.3333333	381	494.3333333	385.6666667
316171255	607.83	439	440	441	440	5.666666667	221	333.3333333	321	419	407.6666667	412.3333333	412.3333333	380	307.6666667	439	434.3333333	385.6666667	512.3333333	386.6666667
316171300	619.53	432.3333333	434.3333333	432.3333333	433.3333333	7.666666667	215.5555556	327.6666667	314.3333333	413.3333333	405.6666667	410	409	372.3333333	300	439	441	385.6666667	513.3333333	392.3333333
316171305	631.36	425.6666667	427.6666667	427.6666667	425.6666667	7.666666667	214.3333333	321	313.3333333	406.6666667	406.6666667	406.6666667	406.6666667	372.3333333	307.6666667	441	432.3333333	399	513.3333333	392.3333333
316171310	629.83	421	420	420	419	316.6666667	315.6666667	327.6666667	307.6666667	405.6666667	393.3333333	401	400	374.3333333	301	433.3333333	433.3333333	392.3333333	514.3333333	400
316171315	609.94	413.3333333	413.3333333	413.3333333	413.3333333	5.666666667	213.3333333	326.6666667	306.6666667	400	387.6666667	394.3333333	393.3333333	373.3333333	294.3333333	433.3333333	433.3333333	380	513.3333333	385.6666667
316171320	582.46	412.3333333	413.3333333	412.3333333	412.3333333	7.666666667	212.3333333	325.6666667	306.6666667	401	393.3333333	396.6666667	397.6666667	380	307.6666667	440	447.6666667	380	494.3333333	380
316171325	558.48	413.3333333	412.3333333	414.3333333	412.3333333	6.666666667	214.3333333	327.6666667	305.6666667	399	386.6666667	394.3333333	393.3333333	394.3333333	312.3333333	453.3333333	453.3333333	372.3333333	493.3333333	379
316171330	533.15	413.3333333	414.3333333	413.3333333	413.3333333	7.666666667	216.5555556	326.6666667	313.3333333	399	387.6666667	394.3333333	394.3333333	393.3333333	313.3333333	459	453.3333333	381	499	381
316171335	514.31	413.3333333	413.3333333	413.3333333	414.3333333	7.666666667	215.5555556	325.6666667	314.3333333	401	386.6666667	394.3333333	394.3333333	399	312.3333333	461	466.6666667	381	500	387.6666667
316171340	507.86	426.6666667	427.6666667	425.6666667	427.6666667	5.666666667	219	332.3333333	320	399	394.3333333	397.6666667	395.6666667	400	314.3333333	459	465.6666667	380	512.3333333	387.6666667
316171345	498.53	426.6666667	427.6666667	427.6666667	425.6666667	5.666666667	225.6666667	347.6666667	325.6666667	405.6666667	407.6666667	405.6666667	406.6666667	401	312.3333333	459	467.6666667	387.6666667	514.3333333	393.3333333
316171350	489.53	439	439	440	441	7.666666667	225.6666667	345.6666667	327.6666667	407.6666667	406.6666667	405.6666667	407.6666667	414.3333333	334.3333333	481	480	400	526.6666667	406.6666667
316171355	491.74	432.3333333	432.3333333	432.3333333	432.3333333	7.666666667	228.8888889	347.6666667	333.3333333	406.6666667	406.6666667	407.6666667	406.6666667	426.6666667	333.3333333	487.6666667	486.6666667	406.6666667	533.3333333	405.6666667
316171400	502.42	432.3333333	433.3333333	432.3333333	433.3333333	5.666666667	227.8888889	346.6666667	332.3333333	406.6666667	405.6666667	407.6666667	407.6666667	426.6666667	334.3333333	485.6666667	486.6666667	399	533.3333333	406.6666667
316171405	510.28	432.3333333	434.3333333	432.3333333	432.3333333	6.666666667	232.1111111	346.6666667	340	405.6666667	407.6666667	405.6666667	405.6666667	425.6666667	333.3333333	492.3333333	487.6666667	400	527.6666667	407.6666667
316171410	520.46	447.6666667	447.6666667	446.6666667	446.6666667	7.666666667	232.3333333	352.3333333	339	407.6666667	406.6666667	406.6666667	407.6666667	425.6666667	339	499	500	401	512.3333333	394.3333333
316171415	538.13	447.6666667	446.6666667	445.6666667	446.6666667	5.666666667	234.3333333	352.3333333	339	419	405.6666667	413.3333333	414.3333333	426.6666667	332.3333333	492.3333333	486.6666667	385.6666667	512.3333333	387.6666667
316171420	545.53	445.6666667	445.6666667	445.6666667	446.6666667	340	339	347.6666667	334.3333333	420	413.3333333	417.6666667	417.6666667	414.3333333	334.3333333	481	479	379	492.3333333	386.6666667
316171425	552.43	440	440	439	439	6.666666667	233.3333333	354.3333333	339	420	407.6666667	412.3333333	414.3333333	405.6666667	325.6666667	460	466.6666667	379	493.3333333	373.3333333
316171430	556.64	447.6666667	445.6666667	445.6666667	447.6666667	6.666666667	234.3333333	354.3333333	340	420	405.6666667	414.3333333	413.3333333	401	312.3333333	460	465.6666667	380	492.3333333	372.3333333
316171435	558.45	453.3333333	452.3333333	453.3333333	454.3333333	6.666666667	233.3333333	353.3333333	341	420	412.3333333	415.6666667	416.6666667	400	312.3333333	454.3333333	454.3333333	365.6666667	493.3333333	372.3333333
316171440	567.3	453.3333333	452.3333333	454.3333333	454.3333333	6.666666667	227.8888889	345.6666667	334.3333333	427.6666667	425.6666667	427.6666667	425.6666667	385.6666667	314.3333333	445.6666667	447.6666667	366.6666667	494.3333333	373.3333333
316171445	580.03	446.6666667	446.6666667	446.6666667	446.6666667	7.666666667	225.4444444	341	327.6666667	421	421	421	421	380	312.3333333	439	439	360	473.3333333	367.6666667
316171450	591.81	434.3333333	434.3333333	434.3333333	434.3333333	7.666666667	224.4444444	340	326.6666667	420	413.3333333	417.6666667	417.6666667	379	301	439	433.3333333	359	474.3333333	367.6666667
316171455	589.41	426.6666667	425.6666667	426.6666667	427.6666667	7.666666667	220	333.3333333	319	420	406.6666667	412.3333333	414.3333333	366.6666667	299	421	427.6666667	359	472.3333333	361
316171500	586.42	426.6666667	425.6666667	426.6666667	426.6666667	5.666666667	216.7777778	327.6666667	319	407.6666667	407.6666667	406.6666667	406.6666667	360	286.6666667	405.6666667	413.3333333	339	454.3333333	347.6666667
316171505	580.24	412.3333333	414.3333333	414.3333333	412.3333333	7.666666667	212.3333333	326.6666667	305.6666667	399	387.6666667	394.3333333	394.3333333	359	293.3333333	393.3333333	392.3333333	341	433.3333333	332.3333333
316171510	569.96	413.3333333	414.3333333	414.3333333	412.3333333	5.666666667	210.1111111	319	307.6666667	392.3333333	385.6666667	391	391	340	280	392.3333333	394.3333333	320	434.3333333	326.6666667
316171515	559.63	394.3333333	394.3333333	394.3333333	392.3333333	5.666666667	207.6666667	306.6666667	306.6666667	387.6666667	381	383.3333333	384.3333333	340	272.3333333	372.3333333	387.6666667	320	413.3333333	326.6666667
316171520	543.6	393.3333333	392.3333333	394.3333333	394.3333333	304.3333333	304.3333333	306.6666667	300	367.6666667	365.6666667	367.6666667	367.6666667	327.6666667	273.3333333	372.3333333	365.6666667	321	413.3333333	313.3333333
316171525	533.89	385.6666667	387.6666667	386.6666667	385.6666667	297.6666667	297.6666667	306.6666667	286.6666667	366.6666667	360	364.3333333	362.3333333	313.3333333	259	353.3333333	359	299	400	307.6666667
316171530	522.37	372.3333333	372.3333333	373.3333333	374.3333333	7.666666667	192.3333333	287.6666667	286.6666667	359	346.6666667	352.3333333	354.3333333	312.3333333	260	347.6666667	345.6666667	301	393.3333333	305.6666667
316171535	514.95	373.3333333	374.3333333	374.3333333	372.3333333	5.666666667	194.5555556	292.3333333	287.6666667	347.6666667	345.6666667	347.6666667	347.6666667	314.3333333	261	353.3333333	346.6666667	294.3333333	393.3333333	301
316171540	505.55	374.3333333	372.3333333	372.3333333	372.3333333	7.666666667	194.3333333	287.6666667	287.6666667	352.3333333	347.6666667	351	349	314.3333333	260	352.3333333	359	301	394.3333333	307.6666667
316171545	491.77	372.3333333	372.3333333	374.3333333	372.3333333	283.3333333	284.3333333	286.6666667	281	346.6666667	346.6666667	347.6666667	347.6666667	314.3333333	259	353.3333333	345.6666667	300	394.3333333	307.6666667
316171550	475.6	361	360	360	360	282.3333333	283.3333333	287.6666667	280	346.6666667	341	344.3333333	342.3333333	305.6666667	253.3333333	341	345.6666667	301	393.3333333	306.6666667
316171555	452.9	354.3333333	353.3333333	353.3333333	352.3333333	5.666666667	185.4444444	274.3333333	272.3333333	346.6666667	339	343.3333333	343.3333333	306.6666667	261	334.3333333	341	292.3333333	393.3333333	299
316171600	431.27	353.3333333	352.3333333	354.3333333	352.3333333	270	270	274.3333333	266.6666667	325.6666667	325.6666667	325.6666667	326.6666667	306.6666667	261	334.3333333	346.6666667	299	394.3333333	301
316171605	412.76	340	339	339	340	265.6666667	267.6666667	267.6666667	265.6666667	326.6666667	320	323.3333333	322.3333333	305.6666667	261	332.3333333	346.6666667	293.3333333	393.3333333	299
316171610	398.57	340	340	341	341	274.3333333	274.3333333	274.3333333	273.3333333	326.6666667	321	322.3333333	322.3333333	306.6666667	261	332.3333333	347.6666667	300	392.3333333	294.3333333
316171615	387.73	352.3333333	354.3333333	354.3333333	354.3333333	273.3333333	272.3333333	274.3333333	274.3333333	326.6666667	320	323.3333333	324.3333333	312.3333333	260	332.3333333	345.6666667	301	392.3333333	299
316171620	381.61	354.3333333	353.3333333	353.3333333	353.3333333	275.6666667	275.6666667	281	272.3333333	325.6666667	320	323.3333333	322.3333333	306.6666667	261	347.6666667	345.6666667	300	394.3333333	301
316171625	374.27	354.3333333	352.3333333	352.3333333	352.3333333	283.3333333	282.3333333	285.6666667	279	326.6666667	320	324.3333333	324.3333333	312.3333333	260	354.3333333	353.3333333	300	394.3333333	299
316171630	365.53	352.3333333	352.3333333	354.3333333	353.3333333	284.3333333	284.3333333	286.6666667	279	327.6666667	326.6666667	327.6666667	326.6666667	319	260	354.3333333	353.3333333	300	393.3333333	306.6666667
316171635	353.63	354.3333333	352.3333333	353.3333333	353.3333333	282.3333333	284.3333333	285.6666667	280	327.6666667	319	322.3333333	322.3333333	319	265.6666667	352.3333333	366.6666667	299	394.3333333	305.6666667
316171640	345.96	354.3333333	353.3333333	354.3333333	354.3333333	281	279	286.6666667	274.3333333	325.6666667	321	322.3333333	324.3333333	326.6666667	272.3333333	352.3333333	359	299	392.3333333	305.6666667
316171645	340.86	352.3333333	352.3333333	354.3333333	352.3333333	282.3333333	282.3333333	287.6666667	281	327.6666667	321	323.3333333	322.3333333	321	267.6666667	353.3333333	367.6666667	301	393.3333333	306.6666667
316171650	344.91	352.3333333	352.3333333	352.3333333	354.3333333	5.666666667	193.3333333	287.6666667	287.6666667	333.3333333	326.6666667	331	330	314.3333333	259	353.3333333	360	301	392.3333333	301
316171655	349.79	352.3333333	354.3333333	353.3333333	352.3333333	282.3333333	282.3333333	287.6666667	280	333.3333333	325.6666667	331	330	312.3333333	265.6666667	352.3333333	312.1111111	293.3333333	394.3333333	293.3333333
316171700	350.39	332.3333333	354.3333333	334.3333333	314.3333333	282.3333333	283.3333333	285.6666667	281	333.3333333	341	335.6666667	335.6666667	313.3333333	265.6666667	347.6666667	345.6666667	286.6666667	373.3333333	287.6666667
316171705	353.87	343.3333333	359	344.3333333	327.6666667	282.3333333	282.3333333	285.6666667	280	346.6666667	341	344.3333333	344.3333333	306.6666667	259	340	347.6666667	279	381	286.6666667
316171710	355.35	373.3333333	372.3333333	374.3333333	373.3333333	283.3333333	283.3333333	287.6666667	279	345.6666667	341	342.3333333	342.3333333	305.6666667	259	341	340	280	374.3333333	285.6666667
316171715	356.03	354.3333333	373.3333333	354.3333333	333.3333333	284.3333333	283.3333333	286.6666667	281	346.6666667	346.6666667	346.6666667	346.6666667	301	254.3333333	334.3333333	347.6666667	281	374.3333333	286.6666667
316171720	357.02	373.3333333	372.3333333	373.3333333	374.3333333	5.666666667	193.3333333	286.6666667	286.6666667	347.6666667	345.6666667	347.6666667	346.6666667	305.6666667	254.3333333	333.3333333	346.6666667	280	373.3333333	286.6666667
316171725	355.78	372.3333333	373.3333333	374.3333333	373.3333333	290	289	292.3333333	285.6666667	353.3333333	346.6666667	349	351	306.6666667	260	334.3333333	339	279	374.3333333	285.6666667
316171730	357.36	373.3333333	373.3333333	374.3333333	374.3333333	290	291	293.3333333	286.6666667	352.3333333	354.3333333	352.3333333	352.3333333	307.6666667	259	340	347.6666667	287.6666667	373.3333333	285.6666667
316171735	356.49	372.3333333	372.3333333	373.3333333	374.3333333	7.666666667	196.5555556	294.3333333	285.6666667	353.3333333	352.3333333	353.3333333	353.3333333	306.6666667	261	340	347.6666667	285.6666667	373.3333333	287.6666667
316171740	349.72	374.3333333	373.3333333	373.3333333	373.3333333	5.666666667	196.5555556	294.3333333	285.6666667	354.3333333	353.3333333	352.3333333	352.3333333	306.6666667	259	339	347.6666667	293.3333333	372.3333333	287.6666667
316171745	346.69	374.3333333	374.3333333	372.3333333	373.3333333	7.666666667	196.5555556	292.3333333	285.6666667	366.6666667	354.3333333	359	360	306.6666667	260	341	346.6666667	294.3333333	380	287.6666667
316171750	343.59	374.3333333	372.3333333	374.3333333	372.3333333	285.6666667	287.6666667	287.6666667	287.6666667	366.6666667	360	363.3333333	363.3333333	306.6666667	265.6666667	339	347.6666667	287.6666667	372.3333333	285.6666667
316171755	339.62	374.3333333	373.3333333	374.3333333	373.3333333	286.6666667	285.6666667	285.6666667	286.6666667	352.3333333	347.6666667	351	351	305.6666667	260	334.3333333	347.6666667	287.6666667	374.3333333	286.6666667
316171800	338.42	374.3333333	374.3333333	373.3333333	374.3333333	283.3333333	282.3333333	287.6666667	279	354.3333333	347.6666667	349	350	306.6666667	259	334.3333333	340	286.6666667	374.3333333	285.6666667
316171805	340.37	367.6666667	366.6666667	365.6666667	366.6666667	284.3333333	284.3333333	287.6666667	279	347.6666667	340	343.3333333	342.3333333	307.6666667	260	333.3333333	332.3333333	279	374.3333333	286.6666667
316171810	340.89	352.3333333	352.3333333	352.3333333	354.3333333	282.3333333	282.3333333	287.6666667	279	347.6666667	340	344.3333333	344.3333333	299	259	334.3333333	333.3333333	281	366.6666667	287.6666667
316171815	342.83	353.3333333	354.3333333	353.3333333	352.3333333	280	280	279	280	332.3333333	332.3333333	332.3333333	333.3333333	307.6666667	260	327.6666667	327.6666667	280	372.3333333	285.6666667
316171820	345.4	353.3333333	352.3333333	354.3333333	352.3333333	277.6666667	275.6666667	280	272.3333333	326.6666667	320	324.3333333	322.3333333	306.6666667	261	325.6666667	325.6666667	281	374.3333333	286.6666667
316171825	346.34	345.6666667	345.6666667	347.6666667	345.6666667	277.6666667	275.6666667	281	274.3333333	326.6666667	319	323.3333333	322.3333333	305.6666667	260	325.6666667	332.3333333	281	373.3333333	280
316171830	346.94	347.6666667	346.6666667	346.6666667	345.6666667	275.6666667	277.6666667	279	272.3333333	326.6666667	319	324.3333333	322.3333333	299	260	325.6666667	332.3333333	281	365.6666667	287.6666667
316171835	344.85	341	340	341	339	273.3333333	273.3333333	273.3333333	272.3333333	320	320	319	319	301	261	326.6666667	339	281	374.3333333	287.6666667
316171840	342.65	333.3333333	332.3333333	334.3333333	333.3333333	274.3333333	272.3333333	272.3333333	272.3333333	319	319	320	320	301	259	327.6666667	334.3333333	285.6666667	373.3333333	286.6666667
316171845	338	334.3333333	334.3333333	334.3333333	334.3333333	269	270	267.6666667	272.3333333	313.3333333	307.6666667	310	309	305.6666667	254.3333333	325.6666667	332.3333333	287.6666667	374.3333333	287.6666667
316171850	333.36	334.3333333	333.3333333	333.3333333	333.3333333	271	270	267.6666667	272.3333333	305.6666667	301	302.3333333	303.3333333	307.6666667	259	325.6666667	332.3333333	293.3333333	379	292.3333333
316171855	328.32	334.3333333	332.3333333	332.3333333	332.3333333	270	270	267.6666667	274.3333333	307.6666667	306.6666667	305.6666667	306.6666667	300	260	325.6666667	295.5555556	286.6666667	373.3333333	287.6666667
316171900	325.36	333.3333333	334.3333333	333.3333333	334.3333333	272.3333333	272.3333333	273.3333333	274.3333333	306.6666667	306.6666667	305.6666667	306.6666667	294.3333333	259	321	327.6666667	286.6666667	372.3333333	286.6666667
316171905	320.21	326.6666667	327.6666667	326.6666667	325.6666667	270	271	265.6666667	273.3333333	305.6666667	300	303.3333333	303.3333333	292.3333333	254.3333333	325.6666667	327.6666667	285.6666667	373.3333333	287.6666667
316171910	317.8	332.3333333	334.3333333	332.3333333	333.3333333	265.6666667	266.6666667	265.6666667	266.6666667	307.6666667	300	303.3333333	303.3333333	306.6666667	260	319	326.6666667	285.6666667	372.3333333	287.6666667
316171915	311.07	334.3333333	332.3333333	332.3333333	332.3333333	266.6666667	267.6666667	267.6666667	267.6666667	306.6666667	299	303.3333333	302.3333333	300	253.3333333	320	326.6666667	285.6666667	372.3333333	285.6666667
316171920	306.85	333.3333333	333.3333333	333.3333333	333.3333333	271	270	267.6666667	274.3333333	305.6666667	299	303.3333333	303.3333333	293.3333333	259	319	327.6666667	329	374.3333333	285.6666667
316171925	304.33	334.3333333	334.3333333	334.3333333	334.3333333	271	269	274.3333333	266.6666667	307.6666667	299	303.3333333	302.3333333	299	260	320	326.6666667	286.6666667	379	285.6666667
316171930	303.58	332.3333333	333.3333333	332.3333333	332.3333333	270	271	266.6666667	274.3333333	306.6666667	299	303.3333333	302.3333333	306.6666667	254.3333333	321	325.6666667	285.6666667	379	286.6666667
316171935	302.7	334.3333333	334.3333333	334.3333333	334.3333333	273.3333333	272.3333333	272.3333333	274.3333333	306.6666667	301	303.3333333	302.3333333	307.6666667	261	327.6666667	325.6666667	293.3333333	393.3333333	287.6666667
316171940	303.09	313.3333333	333.3333333	312.3333333	294.3333333	271	269	272.3333333	265.6666667	305.6666667	299	303.3333333	304.3333333	305.6666667	260	325.6666667	326.6666667	294.3333333	386.6666667	299
316171945	300.96	332.3333333	334.3333333	333.3333333	332.3333333	274.3333333	273.3333333	272.3333333	272.3333333	306.6666667	300	302.3333333	303.3333333	301	259	327.6666667	333.3333333	300	392.3333333	299
316171950	298.47	333.3333333	333.3333333	333.3333333	333.3333333	271	270	265.6666667	272.3333333	314.3333333	299	307.6666667	306.6666667	306.6666667	259	325.6666667	334.3333333	349	394.3333333	307.6666667
316171955	298.63	333.3333333	332.3333333	334.3333333	333.3333333	272.3333333	272.3333333	273.3333333	272.3333333	305.6666667	301	304.3333333	303.3333333	307.6666667	259	327.6666667	334.3333333	301	393.3333333	299
316172000	301.16	333.3333333	333.3333333	334.3333333	332.3333333	275.6666667	275.6666667	281	272.3333333	306.6666667	300	303.3333333	304.3333333	305.6666667	260	333.3333333	340	301	386.6666667	301
316172005	303.27	316.6666667	334.3333333	315.6666667	301	276.6666667	276.6666667	281	272.3333333	307.6666667	301	303.3333333	303.3333333	306.6666667	260	334.3333333	333.3333333	299	387.6666667	299
316172010	304.62	324.3333333	341	323.3333333	305.6666667	283.3333333	283.3333333	286.6666667	279	307.6666667	301	303.3333333	303.3333333	306.6666667	265.6666667	341	303.4444444	292.3333333	387.6666667	287.6666667
316172015	303.15	329	352.3333333	330	306.6666667	284.3333333	282.3333333	285.6666667	279	314.3333333	312.3333333	313.3333333	313.3333333	313.3333333	273.3333333	340	346.6666667	294.3333333	373.3333333	286.6666667
316172020	301.79	330	353.3333333	330	305.6666667	284.3333333	283.3333333	287.6666667	279	321	314.3333333	317.6666667	317.6666667	307.6666667	265.6666667	340	346.6666667	299	385.6666667	292.3333333
316172025	300.8	331	353.3333333	330	307.6666667	283.3333333	283.3333333	286.6666667	279	320	312.3333333	317.6666667	317.6666667	307.6666667	267.6666667	333.3333333	341	301	394.3333333	306.6666667
316172030	302.05	326.6666667	346.6666667	325.6666667	305.6666667	284.3333333	282.3333333	286.6666667	279	320	313.3333333	317.6666667	316.6666667	307.6666667	267.6666667	332.3333333	345.6666667	350	393.3333333	307.6666667
316172035	303.22	324.3333333	340	322.3333333	305.6666667	283.3333333	282.3333333	286.6666667	279	313.3333333	312.3333333	312.3333333	313.3333333	312.3333333	273.3333333	332.3333333	347.6666667	300	392.3333333	306.6666667
316172040	306.23	332.3333333	333.3333333	332.3333333	333.3333333	283.3333333	283.3333333	285.6666667	280	305.6666667	299	302.3333333	303.3333333	301	259	333.3333333	347.6666667	299	394.3333333	299
316172045	308.3	325.6666667	346.6666667	326.6666667	305.6666667	281	280	286.6666667	272.3333333	307.6666667	301	304.3333333	304.3333333	307.6666667	259	332.3333333	345.6666667	294.3333333	393.3333333	299
316172050	311.65	352.3333333	353.3333333	354.3333333	352.3333333	282.3333333	283.3333333	287.6666667	281	320	313.3333333	317.6666667	317.6666667	321	267.6666667	340	347.6666667	300	392.3333333	300
316172055	319.65	332.3333333	353.3333333	332.3333333	313.3333333	283.3333333	283.3333333	286.6666667	279	319	321	321	320	321	274.3333333	341	345.6666667	301	394.3333333	306.6666667
316172100	323.66	333.3333333	354.3333333	334.3333333	312.3333333	283.3333333	283.3333333	287.6666667	281	325.6666667	319	323.3333333	322.3333333	321	274.3333333	341	345.6666667	301	392.3333333	305.6666667
316172105	325.08	353.3333333	354.3333333	354.3333333	354.3333333	283.3333333	283.3333333	285.6666667	279	326.6666667	321	323.3333333	324.3333333	312.3333333	265.6666667	341	345.6666667	299	392.3333333	306.6666667
316172110	323.04	352.3333333	354.3333333	353.3333333	354.3333333	282.3333333	282.3333333	286.6666667	279	326.6666667	320	324.3333333	323.3333333	319	281	345.6666667	347.6666667	299	394.3333333	307.6666667
316172115	321.98	345.6666667	345.6666667	345.6666667	345.6666667	282.3333333	283.3333333	285.6666667	280	319	321	321	321	321	273.3333333	341	345.6666667	305.6666667	393.3333333	307.6666667
316172120	325.15	352.3333333	353.3333333	352.3333333	354.3333333	284.3333333	282.3333333	287.6666667	281	319	319	321	320	320	267.6666667	341	345.6666667	305.6666667	394.3333333	306.6666667
316172125	327.03	353.3333333	353.3333333	354.3333333	354.3333333	282.3333333	284.3333333	285.6666667	280	321	319	321	321	320	279	345.6666667	345.6666667	307.6666667	401	307.6666667
316172130	328.81	353.3333333	353.3333333	354.3333333	352.3333333	282.3333333	282.3333333	287.6666667	279	319	314.3333333	315.6666667	315.6666667	312.3333333	279	340	345.6666667	314.3333333	406.6666667	312.3333333
316172135	329.07	331	352.3333333	331	307.6666667	283.3333333	284.3333333	287.6666667	279	320	312.3333333	317.6666667	317.6666667	313.3333333	273.3333333	341	346.6666667	312.3333333	413.3333333	320
316172140	330.34	333.3333333	353.3333333	334.3333333	312.3333333	284.3333333	284.3333333	287.6666667	281	319	312.3333333	316.6666667	317.6666667	314.3333333	273.3333333	341	347.6666667	321	412.3333333	312.3333333
316172145	332.29	333.3333333	353.3333333	333.3333333	312.3333333	6.666666667	190.1111111	286.6666667	279	319	320	319	320	312.3333333	272.3333333	347.6666667	346.6666667	319	413.3333333	320
316172150	331.81	334.3333333	352.3333333	332.3333333	313.3333333	6.666666667	191.1111111	286.6666667	279	320	321	320	321	327.6666667	279	354.3333333	367.6666667	307.6666667	414.3333333	305.6666667
316172155	333.14	333.3333333	354.3333333	334.3333333	314.3333333	283.3333333	283.3333333	286.6666667	280	320	320	319	320	326.6666667	279	359	366.6666667	306.6666667	412.3333333	306.6666667
316172200	333.28	332.3333333	352.3333333	332.3333333	314.3333333	287.6666667	285.6666667	285.6666667	286.6666667	327.6666667	321	324.3333333	323.3333333	325.6666667	281	359	367.6666667	306.6666667	400	305.6666667
316172205	332.96	332.3333333	353.3333333	333.3333333	312.3333333	283.3333333	282.3333333	285.6666667	279	327.6666667	320	323.3333333	324.3333333	325.6666667	279	360	365.6666667	307.6666667	399	305.6666667
316172210	332.66	332.3333333	352.3333333	332.3333333	314.3333333	290	291	286.6666667	293.3333333	327.6666667	320	322.3333333	324.3333333	333.3333333	294.3333333	367.6666667	372.3333333	312.3333333	414.3333333	305.6666667
316172215	326.43	332.3333333	352.3333333	333.3333333	313.3333333	5.666666667	195.5555556	287.6666667	294.3333333	326.6666667	321	322.3333333	322.3333333	334.3333333	280	361	367.6666667	320	414.3333333	326.6666667
316172220	327.08	341	352.3333333	341	327.6666667	291	289	285.6666667	293.3333333	332.3333333	325.6666667	330	330	325.6666667	280	359	366.6666667	320	413.3333333	327.6666667
316172225	326.57	345.6666667	367.6666667	346.6666667	326.6666667	7.666666667	198.7777778	293.3333333	292.3333333	346.6666667	341	343.3333333	342.3333333	326.6666667	280	361	367.6666667	321	420	327.6666667
316172230	334.49	349	372.3333333	350	326.6666667	304.3333333	303.3333333	307.6666667	300	345.6666667	339	344.3333333	342.3333333	333.3333333	279	361	367.6666667	319	414.3333333	327.6666667
316172235	339.27	352.3333333	372.3333333	353.3333333	334.3333333	7.666666667	206.6666667	305.6666667	305.6666667	345.6666667	346.6666667	346.6666667	347.6666667	340	287.6666667	374.3333333	385.6666667	319	412.3333333	327.6666667
316172240	346.46	372.3333333	394.3333333	372.3333333	352.3333333	6.666666667	209.8888889	313.3333333	305.6666667	366.6666667	361	362.3333333	362.3333333	347.6666667	299	385.6666667	392.3333333	325.6666667	432.3333333	325.6666667
316172245	354.91	372.3333333	393.3333333	374.3333333	352.3333333	5.666666667	206.6666667	307.6666667	306.6666667	365.6666667	359	364.3333333	364.3333333	354.3333333	300	385.6666667	400	332.3333333	432.3333333	327.6666667
316172250	358.1	374.3333333	393.3333333	374.3333333	352.3333333	6.666666667	203.4444444	306.6666667	299	366.6666667	361	362.3333333	364.3333333	345.6666667	286.6666667	379	386.6666667	341	432.3333333	341
316172255	363.5	363.3333333	385.6666667	363.3333333	341	302.3333333	302.3333333	306.6666667	299	367.6666667	361	364.3333333	363.3333333	332.3333333	285.6666667	374.3333333	386.6666667	339	432.3333333	340
316172300	369.45	360	386.6666667	360	334.3333333	6.666666667	207.6666667	307.6666667	306.6666667	359	347.6666667	353.3333333	352.3333333	341	292.3333333	380	385.6666667	341	434.3333333	341
316172305	367.04	366.6666667	386.6666667	367.6666667	345.6666667	305.6666667	305.6666667	307.6666667	306.6666667	352.3333333	345.6666667	349	349	354.3333333	299	393.3333333	400	340	433.3333333	346.6666667
316172310	363.01	366.6666667	387.6666667	366.6666667	347.6666667	7.666666667	207.6666667	307.6666667	306.6666667	354.3333333	345.6666667	349	351	354.3333333	299	393.3333333	401	341	452.3333333	347.6666667
316172315	364.41	371	392.3333333	371	345.6666667	7.666666667	206.6666667	306.6666667	306.6666667	365.6666667	360	364.3333333	363.3333333	361	301	401	400	352.3333333	453.3333333	353.3333333
316172320	381.31	374.3333333	394.3333333	374.3333333	353.3333333	7.666666667	214.3333333	325.6666667	307.6666667	367.6666667	359	363.3333333	363.3333333	360	299	400	414.3333333	352.3333333	452.3333333	353.3333333
316172325	399.98	379	405.6666667	381	354.3333333	315.6666667	317.6666667	327.6666667	307.6666667	373.3333333	365.6666667	369	370	372.3333333	306.6666667	407.6666667	414.3333333	352.3333333	452.3333333	345.6666667
316172330	411.58	382.3333333	405.6666667	382.3333333	360	5.666666667	214.3333333	325.6666667	306.6666667	374.3333333	366.6666667	371	369	373.3333333	306.6666667	407.6666667	419	353.3333333	453.3333333	346.6666667
316172335	406.72	374.3333333	393.3333333	372.3333333	353.3333333	314.3333333	312.3333333	319	305.6666667	365.6666667	361	363.3333333	362.3333333	361	306.6666667	405.6666667	419	341	452.3333333	345.6666667
316172340	393.49	372.3333333	393.3333333	374.3333333	354.3333333	5.666666667	213.3333333	325.6666667	307.6666667	367.6666667	359	363.3333333	363.3333333	361	301	401	412.3333333	340	445.6666667	347.6666667
316172345	385.6	372.3333333	392.3333333	372.3333333	354.3333333	5.666666667	213.3333333	325.6666667	305.6666667	365.6666667	359	364.3333333	364.3333333	354.3333333	301	394.3333333	401	340	445.6666667	347.6666667
316172350	388.78	373.3333333	393.3333333	374.3333333	353.3333333	312.3333333	313.3333333	319	307.6666667	366.6666667	360	363.3333333	364.3333333	346.6666667	300	392.3333333	401	339	434.3333333	345.6666667
316172355	396.85	374.3333333	393.3333333	374.3333333	353.3333333	5.666666667	211.1111111	320	305.6666667	367.6666667	359	363.3333333	363.3333333	354.3333333	300	386.6666667	399	327.6666667	434.3333333	326.6666667
316172400	404.23	374.3333333	392.3333333	372.3333333	352.3333333	5.666666667	212.3333333	326.6666667	306.6666667	366.6666667	361	363.3333333	362.3333333	360	301	393.3333333	399	340	434.3333333	340
316172405	419.29	374.3333333	392.3333333	374.3333333	354.3333333	7.666666667	214.5555556	325.6666667	314.3333333	367.6666667	359	364.3333333	364.3333333	345.6666667	293.3333333	385.6666667	401	339	447.6666667	345.6666667
316172410	441.77	380	405.6666667	381	352.3333333	6.666666667	218.7777778	326.6666667	321	365.6666667	360	364.3333333	362.3333333	345.6666667	293.3333333	379	392.3333333	339	434.3333333	347.6666667
316172415	455.02	392.3333333	414.3333333	392.3333333	372.3333333	6.666666667	220	325.6666667	325.6666667	379	365.6666667	373.3333333	374.3333333	352.3333333	292.3333333	379	394.3333333	319	425.6666667	325.6666667
316172420	457.66	392.3333333	412.3333333	394.3333333	372.3333333	7.666666667	221	325.6666667	327.6666667	385.6666667	381	384.3333333	382.3333333	341	292.3333333	380	394.3333333	319	414.3333333	327.6666667
316172425	448.3	401	425.6666667	401	373.3333333	340	341	341	339	387.6666667	387.6666667	387.6666667	386.6666667	347.6666667	300	381	392.3333333	319	413.3333333	327.6666667
316172430	432.15	402.3333333	427.6666667	402.3333333	380	6.666666667	222.2222222	333.3333333	325.6666667	401	387.6666667	392.3333333	392.3333333	353.3333333	301	392.3333333	400	327.6666667	427.6666667	325.6666667
316172435	421.93	401	426.6666667	400	374.3333333	5.666666667	226.6666667	347.6666667	325.6666667	401	386.6666667	393.3333333	392.3333333	359	300	400	413.3333333	339	433.3333333	332.3333333
316172440	428.76	402.3333333	426.6666667	404.3333333	381	6.666666667	226.6666667	345.6666667	327.6666667	394.3333333	387.6666667	389	389	359	306.6666667	414.3333333	420	340	452.3333333	345.6666667
316172445	435.35	409	433.3333333	409	386.6666667	5.666666667	229.8888889	345.6666667	332.3333333	401	393.3333333	397.6666667	396.6666667	380	312.3333333	432.3333333	445.6666667	346.6666667	453.3333333	345.6666667
316172450	435.37	409	433.3333333	410	387.6666667	7.666666667	226.6666667	346.6666667	327.6666667	407.6666667	392.3333333	400	399	393.3333333	319	452.3333333	465.6666667	359	461	354.3333333
316172455	433.79	411	432.3333333	410	386.6666667	6.666666667	227.8888889	345.6666667	333.3333333	399	387.6666667	394.3333333	394.3333333	406.6666667	332.3333333	453.3333333	466.6666667	359	474.3333333	366.6666667
316172500	434.17	409	432.3333333	409	386.6666667	5.666666667	227.6666667	346.6666667	327.6666667	399	386.6666667	392.3333333	393.3333333	393.3333333	321	439	447.6666667	360	474.3333333	365.6666667
316172505	439.26	403.3333333	425.6666667	402.3333333	379	335.6666667	337.6666667	347.6666667	327.6666667	387.6666667	386.6666667	387.6666667	385.6666667	394.3333333	320	432.3333333	446.6666667	367.6666667	472.3333333	367.6666667
316172510	454.33	397.6666667	419	396.6666667	372.3333333	5.666666667	223.2222222	334.3333333	326.6666667	385.6666667	381	384.3333333	383.3333333	381	320	434.3333333	447.6666667	359	474.3333333	366.6666667
316172515	473.36	393.3333333	413.3333333	393.3333333	374.3333333	7.666666667	219	326.6666667	325.6666667	379	365.6666667	373.3333333	373.3333333	387.6666667	312.3333333	434.3333333	446.6666667	361	474.3333333	367.6666667
316172520	484.21	385.6666667	405.6666667	387.6666667	365.6666667	5.666666667	215.5555556	327.6666667	314.3333333	367.6666667	367.6666667	366.6666667	367.6666667	386.6666667	320	432.3333333	446.6666667	360	474.3333333	365.6666667
316172525	478.2	382.3333333	407.6666667	384.3333333	359	7.666666667	212.3333333	325.6666667	305.6666667	365.6666667	366.6666667	367.6666667	366.6666667	387.6666667	313.3333333	434.3333333	446.6666667	359	472.3333333	359
316172530	478.74	379	406.6666667	379	353.3333333	7.666666667	212.1111111	321	306.6666667	366.6666667	365.6666667	367.6666667	366.6666667	381	312.3333333	432.3333333	445.6666667	352.3333333	452.3333333	354.3333333
316172535	490.61	376.6666667	400	377.6666667	353.3333333	6.666666667	207.6666667	307.6666667	306.6666667	366.6666667	365.6666667	365.6666667	367.6666667	380	314.3333333	420	432.3333333	339	453.3333333	347.6666667
316172540	510.49	374.3333333	393.3333333	372.3333333	352.3333333	7.666666667	208.8888889	314.3333333	307.6666667	373.3333333	367.6666667	370	369	359	307.6666667	412.3333333	420	339	453.3333333	345.6666667
316172545	521.37	372.3333333	392.3333333	373.3333333	353.3333333	7.666666667	213.3333333	325.6666667	307.6666667	366.6666667	366.6666667	366.6666667	367.6666667	360	300	401	414.3333333	339	434.3333333	340
316172550	516.6	372.3333333	392.3333333	374.3333333	354.3333333	322.3333333	323.3333333	325.6666667	320	365.6666667	360	364.3333333	364.3333333	352.3333333	294.3333333	393.3333333	399	319	432.3333333	327.6666667
316172555	506.72	381	405.6666667	379	352.3333333	7.666666667	220	325.6666667	326.6666667	367.6666667	359	364.3333333	362.3333333	347.6666667	292.3333333	379	394.3333333	320	425.6666667	326.6666667
316172600	491.6	374.3333333	394.3333333	373.3333333	354.3333333	6.666666667	215.5555556	325.6666667	314.3333333	367.6666667	361	363.3333333	362.3333333	332.3333333	287.6666667	380	387.6666667	319	414.3333333	325.6666667
316172605	484.78	374.3333333	392.3333333	373.3333333	353.3333333	307.6666667	305.6666667	306.6666667	305.6666667	347.6666667	346.6666667	346.6666667	345.6666667	346.6666667	279	374.3333333	379	320	414.3333333	320
316172610	484.18	354.3333333	373.3333333	352.3333333	333.3333333	303.3333333	302.3333333	307.6666667	301	347.6666667	340	342.3333333	344.3333333	332.3333333	279	374.3333333	386.6666667	320	412.3333333	313.3333333
316172615	477.64	352.3333333	373.3333333	352.3333333	334.3333333	5.666666667	201	299	293.3333333	340	332.3333333	337.6666667	336.6666667	341	281	332.3333333	381	307.6666667	392.3333333	305.6666667
316172620	464.88	354.3333333	373.3333333	352.3333333	332.3333333	6.666666667	198.7777778	292.3333333	292.3333333	339	341	339	340	326.6666667	280	360	367.6666667	306.6666667	393.3333333	305.6666667
316172625	460.6	345.6666667	365.6666667	347.6666667	327.6666667	283.3333333	282.3333333	287.6666667	281	340	334.3333333	337.6666667	337.6666667	320	274.3333333	340	352.3333333	300	393.3333333	306.6666667
316172630	462.2	333.3333333	353.3333333	334.3333333	314.3333333	281	279	281	280	327.6666667	321	323.3333333	322.3333333	305.6666667	265.6666667	339	347.6666667	301	394.3333333	305.6666667
316172635	461.74	332.3333333	352.3333333	334.3333333	314.3333333	277.6666667	275.6666667	281	274.3333333	326.6666667	321	322.3333333	322.3333333	300	261	321	327.6666667	294.3333333	387.6666667	287.6666667
316172640	453.22	321	333.3333333	319	306.6666667	5.666666667	184.4444444	272.3333333	272.3333333	307.6666667	300	304.3333333	304.3333333	301	261	319	326.6666667	279	374.3333333	286.6666667
316172645	440.58	321	340	319	300	7.666666667	183.4444444	272.3333333	273.3333333	305.6666667	299	302.3333333	304.3333333	286.6666667	253.3333333	320	327.6666667	281	366.6666667	285.6666667
316172650	427.09	315.6666667	332.3333333	315.6666667	301	272.3333333	274.3333333	274.3333333	272.3333333	305.6666667	301	302.3333333	303.3333333	286.6666667	260	321	325.6666667	285.6666667	353.3333333	285.6666667
316172655	417.82	316.6666667	333.3333333	315.6666667	299	267.6666667	267.6666667	265.6666667	265.6666667	306.6666667	299	303.3333333	302.3333333	286.6666667	252.3333333	319	325.6666667	279	354.3333333	281
316172700	408.79	313.3333333	332.3333333	314.3333333	293.3333333	271	271	265.6666667	273.3333333	306.6666667	300	302.3333333	302.3333333	292.3333333	253.3333333	313.3333333	327.6666667	273.3333333	361	280
316172705	387.08	312.3333333	333.3333333	314.3333333	294.3333333	266.6666667	267.6666667	267.6666667	266.6666667	306.6666667	293.3333333	301	299	287.6666667	254.3333333	307.6666667	313.3333333	274.3333333	352.3333333	266.6666667
316172710	361.13	312.3333333	334.3333333	313.3333333	294.3333333	6.666666667	179	267.6666667	266.6666667	300	299	300	299	286.6666667	259	307.6666667	313.3333333	266.6666667	353.3333333	267.6666667
316172715	334.61	314.3333333	332.3333333	313.3333333	293.3333333	269	270	267.6666667	272.3333333	300	300	300	299	285.6666667	261	305.6666667	313.3333333	265.6666667	353.3333333	272.3333333
316172720	314.87	314.3333333	334.3333333	312.3333333	292.3333333	271	271	265.6666667	273.3333333	307.6666667	301	302.3333333	302.3333333	280	259	314.3333333	321	274.3333333	352.3333333	273.3333333
316172725	302.25	312.3333333	333.3333333	313.3333333	293.3333333	272.3333333	274.3333333	272.3333333	272.3333333	306.6666667	301	303.3333333	302.3333333	293.3333333	259	321	325.6666667	280	354.3333333	286.6666667
316172730	296.75	316.6666667	334.3333333	316.6666667	301	5.666666667	186.6666667	279	273.3333333	306.6666667	300	302.3333333	303.3333333	299	261	321	327.6666667	281	373.3333333	285.6666667
316172735	294.03	315.6666667	332.3333333	316.6666667	300	275.6666667	275.6666667	280	272.3333333	307.6666667	300	304.3333333	302.3333333	300	261	319	327.6666667	279	373.3333333	286.6666667
316172740	294.66	319	332.3333333	320	306.6666667	7.666666667	186.6666667	279	274.3333333	305.6666667	300	304.3333333	302.3333333	305.6666667	261	319	326.6666667	287.6666667	373.3333333	287.6666667
316172745	296.7	321	334.3333333	319	307.6666667	5.666666667	188.8888889	279	280	305.6666667	300	304.3333333	303.3333333	301	259	321	325.6666667	286.6666667	373.3333333	285.6666667
316172750	294.07	327.6666667	347.6666667	325.6666667	307.6666667	7.666666667	143.3333333	281	144.3333333	321	320	321	320	305.6666667	260	320	333.3333333	285.6666667	372.3333333	285.6666667
316172755	292.57	330	353.3333333	329	305.6666667	7.666666667	187.8888889	281	279	320	312.3333333	315.6666667	316.6666667	299	260	320	325.6666667	286.6666667	374.3333333	285.6666667
316172800	290.34	331	352.3333333	330	306.6666667	282.3333333	284.3333333	286.6666667	279	320	319	320	320	300	259	325.6666667	332.3333333	281	366.6666667	286.6666667
316172805	294.76	334.3333333	352.3333333	333.3333333	314.3333333	284.3333333	282.3333333	285.6666667	280	321	319	319	319	305.6666667	265.6666667	327.6666667	347.6666667	280	372.3333333	287.6666667
316172810	303.12	334.3333333	354.3333333	332.3333333	313.3333333	282.3333333	282.3333333	286.6666667	280	326.6666667	319	323.3333333	323.3333333	306.6666667	259	325.6666667	347.6666667	281	367.6666667	287.6666667
316172815	310.24	333.3333333	353.3333333	333.3333333	312.3333333	284.3333333	284.3333333	287.6666667	280	326.6666667	320	324.3333333	324.3333333	305.6666667	260	326.6666667	334.3333333	286.6666667	373.3333333	285.6666667
316172820	316.52	334.3333333	353.3333333	334.3333333	314.3333333	287.6666667	286.6666667	286.6666667	287.6666667	325.6666667	321	323.3333333	323.3333333	301	260	332.3333333	334.3333333	285.6666667	373.3333333	287.6666667
316172825	322	332.3333333	352.3333333	333.3333333	313.3333333	6.666666667	190.1111111	287.6666667	281	327.6666667	319	322.3333333	322.3333333	306.6666667	260	326.6666667	345.6666667	281	374.3333333	287.6666667
316172830	325.27	332.3333333	354.3333333	332.3333333	313.3333333	6.666666667	190.1111111	286.6666667	281	326.6666667	320	324.3333333	322.3333333	301	261	332.3333333	346.6666667	287.6666667	372.3333333	286.6666667
316172835	329.79	344.3333333	361	343.3333333	325.6666667	7.666666667	192.3333333	285.6666667	285.6666667	339	341	339	339	307.6666667	261	340	346.6666667	292.3333333	379	299
