{
    "0": {
        "Easting": 1201.992358960485,
        "Northing": 568.7705343219936
    },
    "1": {
        "Easting": 1231.2017695773295,
        "Northing": 314.0024223710558
    },
    "2": {
        "Easting": 1573.6065925673347,
        "Northing": 480.6373174677627
    },
    "3": {
        "Easting": 1411.065059528415,
        "Northing": 697.9312244367176
    },
    "4": {
        "Easting": 1409.2737232669615,
        "Northing": -19.599471132855115
    },
    "5": {
        "Easting": 1276.0350335517105,
        "Northing": 470.3470943361492
    },
    "6": {
        "Easting": 985.4797788559595,
        "Northing": 222.9079518616913
    },
    "7": {
        "Easting": 1371.2472128023282,
        "Northing": 609.9012492580756
    },
    "8": {
        "Easting": 1227.3953997214278,
        "Northing": 408.1869251548174
    },
    "9": {
        "Easting": 1202.1260560244007,
        "Northing": 567.123306446248
    },
    "10": {
        "Easting": 477.41774791038745,
        "Northing": 1921.0137121091311
    },
    "11": {
        "Easting": -53.22247168378854,
        "Northing": 1787.986007087378
    },
    "12": {
        "Easting": 149.30401342446862,
        "Northing": 1789.8594883345986
    },
    "13": {
        "Easting": -289.9328390678396,
        "Northing": 1702.5970884885248
    },
    "14": {
        "Easting": 337.3441272068584,
        "Northing": 1815.7413460894293
    },
    "15": {
        "Easting": 234.2863103179195,
        "Northing": 1707.1979837936449
    },
    "16": {
        "Easting": -144.29293355862137,
        "Northing": 1676.9539910757535
    },
    "17": {
        "Easting": -245.61640731908312,
        "Northing": 1836.9170969221186
    },
    "18": {
        "Easting": 353.40872084116387,
        "Northing": 1705.0121366786316
    },
    "19": {
        "Easting": -69.86605790254833,
        "Northing": 1779.6369163250522
    },
    "20": {
        "Easting": 2049.3013880686167,
        "Northing": 572.8197440374732
    },
    "21": {
        "Easting": 2002.2808213986723,
        "Northing": 785.3524513028472
    },
    "22": {
        "Easting": 1823.0437655908338,
        "Northing": 719.1505327951729
    },
    "23": {
        "Easting": 2066.4246841664244,
        "Northing": 452.1616496818351
    },
    "24": {
        "Easting": 2023.4822356756636,
        "Northing": 518.5050750757255
    },
    "25": {
        "Easting": 2079.2443891323114,
        "Northing": 930.1058852356489
    },
    "26": {
        "Easting": 2278.2925511685003,
        "Northing": 579.2651056121113
    },
    "27": {
        "Easting": 1802.4452411216944,
        "Northing": 792.573667355834
    },
    "28": {
        "Easting": 2058.7973252292727,
        "Northing": 772.1747641052294
    },
    "29": {
        "Easting": 2337.1347783813826,
        "Northing": 561.863100152815
    },
    "30": {
        "Easting": 2702.5072572868276,
        "Northing": 292.66776164895174
    },
    "31": {
        "Easting": 2952.0950285908993,
        "Northing": -11.748590464429867
    },
    "32": {
        "Easting": 2940.6379387386087,
        "Northing": 616.1811068439513
    },
    "33": {
        "Easting": 2628.128546279907,
        "Northing": 422.3730723119295
    },
    "34": {
        "Easting": 2933.415644995997,
        "Northing": 591.8112596358312
    },
    "35": {
        "Easting": 3094.6065744164634,
        "Northing": 603.7878133046072
    },
    "36": {
        "Easting": 2868.4534230660183,
        "Northing": 264.4742815229406
    },
    "37": {
        "Easting": 2895.8305476630694,
        "Northing": 509.3907267706719
    },
    "38": {
        "Easting": 2368.711802328161,
        "Northing": 282.12606439993306
    },
    "39": {
        "Easting": 2628.1175787044695,
        "Northing": 264.97009164636995
    },
    "40": {
        "Easting": 2682.418683157481,
        "Northing": 1959.826764084032
    },
    "41": {
        "Easting": 2405.659197741339,
        "Northing": 2200.076866229643
    },
    "42": {
        "Easting": 2560.2434569846387,
        "Northing": 1661.276584769403
    },
    "43": {
        "Easting": 2580.6914041713258,
        "Northing": 1591.6349131196625
    },
    "44": {
        "Easting": 2712.6676728374346,
        "Northing": 1941.5253571895066
    },
    "45": {
        "Easting": 2725.328425368001,
        "Northing": 2012.1539243716447
    },
    "46": {
        "Easting": 3047.4950650024366,
        "Northing": 2105.609757566182
    },
    "47": {
        "Easting": 2419.2847197891183,
        "Northing": 1795.5105055357647
    },
    "48": {
        "Easting": 2251.0055457226395,
        "Northing": 1803.1129789238873
    },
    "49": {
        "Easting": 2685.5574767550556,
        "Northing": 1893.9926615655447
    },
    "Depot": {
        "Easting": 0,
        "Northing": 0
    }
}