{
    "0": {
        "Easting": 708.1189331893751,
        "Northing": 1567.099262754318
    },
    "1": {
        "Easting": 840.0796554125509,
        "Northing": 1557.4225116121988
    },
    "2": {
        "Easting": 414.79564580616193,
        "Northing": 1319.259642906383
    },
    "3": {
        "Easting": 765.6893536947712,
        "Northing": 1374.5906085334097
    },
    "4": {
        "Easting": 874.1637982610588,
        "Northing": 1743.1280005843498
    },
    "5": {
        "Easting": 585.7322344596196,
        "Northing": 1343.9778479196648
    },
    "6": {
        "Easting": 794.9636139566453,
        "Northing": 1471.3453388586768
    },
    "7": {
        "Easting": 854.7662695591823,
        "Northing": 1589.2307682174767
    },
    "8": {
        "Easting": 968.1860551412651,
        "Northing": 1296.792040763711
    },
    "9": {
        "Easting": 594.5196047950549,
        "Northing": 1577.7628572473936
    },
    "10": {
        "Easting": 1964.407547901984,
        "Northing": 1894.6855001462802
    },
    "11": {
        "Easting": 1490.9566504752484,
        "Northing": 1668.4524561646658
    },
    "12": {
        "Easting": 1513.4291528575018,
        "Northing": 1834.4949479362133
    },
    "13": {
        "Easting": 1663.8608020236022,
        "Northing": 2003.696198012626
    },
    "14": {
        "Easting": 2100.4833287224637,
        "Northing": 1685.7600192729583
    },
    "15": {
        "Easting": 1711.4059293537637,
        "Northing": 1977.2303457880516
    },
    "16": {
        "Easting": 1657.450976715771,
        "Northing": 1869.8388395953232
    },
    "17": {
        "Easting": 1717.0082833539445,
        "Northing": 2034.3259858435033
    },
    "18": {
        "Easting": 1796.1552715805321,
        "Northing": 2110.2512555102326
    },
    "19": {
        "Easting": 1722.0958493172009,
        "Northing": 1584.3104337575603
    },
    "20": {
        "Easting": 711.0066824941018,
        "Northing": 1476.4865347524972
    },
    "21": {
        "Easting": 837.4323135350131,
        "Northing": 1191.423311046217
    },
    "22": {
        "Easting": 974.4581971778344,
        "Northing": 1345.3738564762016
    },
    "23": {
        "Easting": 593.254981303182,
        "Northing": 1039.0802681902196
    },
    "24": {
        "Easting": 592.5059845096597,
        "Northing": 1177.2607201925612
    },
    "25": {
        "Easting": 511.6203499199828,
        "Northing": 1521.4544329141083
    },
    "26": {
        "Easting": 742.1451187834823,
        "Northing": 1378.3545531528125
    },
    "27": {
        "Easting": 689.4512962448142,
        "Northing": 1132.3881027277246
    },
    "28": {
        "Easting": 521.9818212711544,
        "Northing": 1566.9364511535837
    },
    "29": {
        "Easting": 669.654989785296,
        "Northing": 1540.938019522734
    },
    "30": {
        "Easting": 1839.3300968573672,
        "Northing": 590.6658391561211
    },
    "31": {
        "Easting": 1461.113188127225,
        "Northing": 368.71711072670234
    },
    "32": {
        "Easting": 1425.557791399254,
        "Northing": 643.0426578472462
    },
    "33": {
        "Easting": 1709.6721331355868,
        "Northing": 439.7595798020229
    },
    "34": {
        "Easting": 1699.2934644590362,
        "Northing": 509.0040883498402
    },
    "35": {
        "Easting": 1782.5408541506508,
        "Northing": 152.1686368610683
    },
    "36": {
        "Easting": 1479.3573356763109,
        "Northing": 564.6743572736921
    },
    "37": {
        "Easting": 1297.639676397545,
        "Northing": 474.683910358656
    },
    "38": {
        "Easting": 1285.336512987196,
        "Northing": 454.4313619688769
    },
    "39": {
        "Easting": 1645.027845229473,
        "Northing": 610.8370471735518
    },
    "40": {
        "Easting": 2324.63334128005,
        "Northing": 1968.660068347842
    },
    "41": {
        "Easting": 1862.2802863868026,
        "Northing": 1822.8879863324632
    },
    "42": {
        "Easting": 2316.213212554113,
        "Northing": 2204.1976954764223
    },
    "43": {
        "Easting": 2210.640375692156,
        "Northing": 1618.231798507377
    },
    "44": {
        "Easting": 2308.2533984671168,
        "Northing": 1927.98182468211
    },
    "45": {
        "Easting": 2191.765502140238,
        "Northing": 2292.2757185618375
    },
    "46": {
        "Easting": 2499.8271252381664,
        "Northing": 1974.055771664933
    },
    "47": {
        "Easting": 2614.3906240138554,
        "Northing": 1882.4169582682673
    },
    "48": {
        "Easting": 2592.559683087392,
        "Northing": 1783.750993742074
    },
    "49": {
        "Easting": 2062.8637314345942,
        "Northing": 1875.048424698928
    },
    "Depot": {
        "Easting": 0,
        "Northing": 0
    }
}