{
    "0": {
        "Easting": 3179.697298574127,
        "Northing": 1576.5695842591795
    },
    "1": {
        "Easting": 3248.1775226857444,
        "Northing": 1681.9950481324847
    },
    "2": {
        "Easting": 3285.3374483528896,
        "Northing": 1578.4622237572685
    },
    "3": {
        "Easting": 3315.0112162562627,
        "Northing": 1661.8247744486698
    },
    "4": {
        "Easting": 3231.1013226173673,
        "Northing": 1539.8103965266034
    },
    "5": {
        "Easting": 3425.760378967123,
        "Northing": 2100.5724307496885
    },
    "6": {
        "Easting": 3238.6145209393167,
        "Northing": 1706.0782513293134
    },
    "7": {
        "Easting": 3306.2083823637345,
        "Northing": 1941.1021370656247
    },
    "8": {
        "Easting": 3267.252035899078,
        "Northing": 1367.5075171230385
    },
    "9": {
        "Easting": 3793.487907825032,
        "Northing": 1629.5888669984301
    },
    "10": {
        "Easting": 2958.001162213485,
        "Northing": 1084.8360162660313
    },
    "11": {
        "Easting": 2887.1766277060638,
        "Northing": 679.0322898275429
    },
    "12": {
        "Easting": 3139.525076441085,
        "Northing": 705.060427978268
    },
    "13": {
        "Easting": 2897.7030167154744,
        "Northing": 874.2680228739521
    },
    "14": {
        "Easting": 3107.9783140738978,
        "Northing": 576.8737147081497
    },
    "15": {
        "Easting": 2852.1235812846917,
        "Northing": 893.9453891326705
    },
    "16": {
        "Easting": 3138.314570932815,
        "Northing": 638.9368134226464
    },
    "17": {
        "Easting": 2909.7560159356335,
        "Northing": 724.560059953659
    },
    "18": {
        "Easting": 3187.4067699318853,
        "Northing": 705.0580911211897
    },
    "19": {
        "Easting": 2664.4459476038473,
        "Northing": 960.4564374179605
    },
    "20": {
        "Easting": 1401.3287144138383,
        "Northing": 591.2579381540811
    },
    "21": {
        "Easting": 1447.9882669661658,
        "Northing": 958.8199085669646
    },
    "22": {
        "Easting": 1069.9524929262186,
        "Northing": 898.5921000774437
    },
    "23": {
        "Easting": 1086.593664708083,
        "Northing": 568.3583419692338
    },
    "24": {
        "Easting": 1293.5911007318616,
        "Northing": 255.48645278722404
    },
    "25": {
        "Easting": 1496.313152274532,
        "Northing": 360.1440193758637
    },
    "26": {
        "Easting": 1129.5776075681156,
        "Northing": 428.92869885257903
    },
    "27": {
        "Easting": 1202.9602556049497,
        "Northing": 597.3423702211771
    },
    "28": {
        "Easting": 1311.7999726661153,
        "Northing": 524.1203111232078
    },
    "29": {
        "Easting": 1354.5339409690885,
        "Northing": 654.2356963617598
    },
    "30": {
        "Easting": 1900.7637070098363,
        "Northing": 620.370755093744
    },
    "31": {
        "Easting": 1824.655133206684,
        "Northing": 1010.494555778321
    },
    "32": {
        "Easting": 1962.6447845197667,
        "Northing": 373.65002692178484
    },
    "33": {
        "Easting": 1817.4945632336683,
        "Northing": 475.82320268192126
    },
    "34": {
        "Easting": 1733.2155361147982,
        "Northing": 188.1470203581165
    },
    "35": {
        "Easting": 2016.5070351152247,
        "Northing": 600.4195201009595
    },
    "36": {
        "Easting": 2066.353949889739,
        "Northing": 231.65890024111468
    },
    "37": {
        "Easting": 1860.72878632953,
        "Northing": 687.8796553126305
    },
    "38": {
        "Easting": 1654.0994648555259,
        "Northing": 497.31318376916374
    },
    "39": {
        "Easting": 1869.5490720285777,
        "Northing": 687.1350078768686
    },
    "40": {
        "Easting": 1550.1052784032333,
        "Northing": 2273.9634669571196
    },
    "41": {
        "Easting": 2053.2152614680035,
        "Northing": 1890.978259850517
    },
    "42": {
        "Easting": 1991.0277722540845,
        "Northing": 1833.6031892943352
    },
    "43": {
        "Easting": 2234.3064211359324,
        "Northing": 1695.9316639504457
    },
    "44": {
        "Easting": 2146.638077654789,
        "Northing": 1731.153131390439
    },
    "45": {
        "Easting": 2137.6135254352876,
        "Northing": 2137.8657235957685
    },
    "46": {
        "Easting": 1649.4170035288578,
        "Northing": 2004.3718530341835
    },
    "47": {
        "Easting": 1862.5812370754186,
        "Northing": 2208.4714865532314
    },
    "48": {
        "Easting": 1951.5591691493398,
        "Northing": 1869.3930981047918
    },
    "49": {
        "Easting": 2259.9169448146936,
        "Northing": 1875.796508053354
    },
    "Depot": {
        "Easting": 0,
        "Northing": 0
    }
}