{
    "0": {
        "Easting": 512.8057410646772,
        "Northing": 94.95448754300638
    },
    "1": {
        "Easting": 437.6024305904754,
        "Northing": 183.908364486565
    },
    "2": {
        "Easting": 456.4126351801922,
        "Northing": 218.71138371965236
    },
    "3": {
        "Easting": 521.9779553049142,
        "Northing": 191.95616428031164
    },
    "4": {
        "Easting": 468.92020838378926,
        "Northing": 191.2073743116695
    },
    "5": {
        "Easting": 663.4334261644475,
        "Northing": 228.4190994566868
    },
    "6": {
        "Easting": 687.174395951814,
        "Northing": 219.36359110348766
    },
    "7": {
        "Easting": 672.9585065042237,
        "Northing": 200.47835854288073
    },
    "8": {
        "Easting": 661.4242553634119,
        "Northing": 224.94739845479398
    },
    "9": {
        "Easting": 672.2265378495681,
        "Northing": 201.50091508535675
    },
    "10": {
        "Easting": 13.981798408725943,
        "Northing": 551.739027744414
    },
    "11": {
        "Easting": -21.5451947418696,
        "Northing": 523.8993809821825
    },
    "12": {
        "Easting": 1.5495910043575734,
        "Northing": 575.0314674056802
    },
    "13": {
        "Easting": 126.47190989479392,
        "Northing": 496.6373009524332
    },
    "14": {
        "Easting": 29.940296417711313,
        "Northing": 515.983279985897
    },
    "15": {
        "Easting": 437.10502920318436,
        "Northing": 468.5868265990497
    },
    "16": {
        "Easting": 399.12005092566324,
        "Northing": 509.2600241979319
    },
    "17": {
        "Easting": 411.4199329167817,
        "Northing": 517.4835093638223
    },
    "18": {
        "Easting": 383.33463933994705,
        "Northing": 440.1770505054121
    },
    "19": {
        "Easting": 312.6093111924017,
        "Northing": 515.8971959086068
    },
    "20": {
        "Easting": 210.91858124994877,
        "Northing": 266.13466872029045
    },
    "21": {
        "Easting": 106.53741990216382,
        "Northing": 323.47253536966286
    },
    "22": {
        "Easting": 183.40052385367295,
        "Northing": 270.22393662709203
    },
    "23": {
        "Easting": 245.02254883277917,
        "Northing": 334.9899820555972
    },
    "24": {
        "Easting": 258.87920289113146,
        "Northing": 357.80044413551445
    },
    "25": {
        "Easting": 468.0976164491792,
        "Northing": 287.28597111295966
    },
    "26": {
        "Easting": 343.643496767855,
        "Northing": 361.99265700668275
    },
    "27": {
        "Easting": 383.54378818177724,
        "Northing": 298.5917226456678
    },
    "28": {
        "Easting": 406.7565982782061,
        "Northing": 393.4436074508982
    },
    "29": {
        "Easting": 423.8451862210751,
        "Northing": 334.34036054130615
    },
    "30": {
        "Easting": 110.78848910447024,
        "Northing": 262.7547566052824
    },
    "31": {
        "Easting": 76.88552235069677,
        "Northing": 220.27192694205897
    },
    "32": {
        "Easting": 61.60774314776424,
        "Northing": 316.9885617618238
    },
    "33": {
        "Easting": 54.74719471767563,
        "Northing": 230.68191945590712
    },
    "34": {
        "Easting": 70.19766979834465,
        "Northing": 275.7050614782403
    },
    "Depot": {
        "Easting": 0,
        "Northing": 0
    }
}