{
    "0": {
        "Easting": 519.3082032641967,
        "Northing": 372.8242620589423
    },
    "1": {
        "Easting": 624.4121983435272,
        "Northing": 375.26639693123565
    },
    "2": {
        "Easting": 499.46350026676294,
        "Northing": 350.19219160345
    },
    "3": {
        "Easting": 468.457430575664,
        "Northing": 386.55357570565263
    },
    "4": {
        "Easting": 505.14987458378874,
        "Northing": 360.79559626984377
    },
    "5": {
        "Easting": 555.5991361243482,
        "Northing": 242.86972626872745
    },
    "6": {
        "Easting": 578.1964034261555,
        "Northing": 259.17177648500365
    },
    "7": {
        "Easting": 582.9608283606849,
        "Northing": 208.15855142244868
    },
    "8": {
        "Easting": 531.0936006422027,
        "Northing": 319.625800049588
    },
    "9": {
        "Easting": 522.3245012855151,
        "Northing": 209.80710538341629
    },
    "10": {
        "Easting": 188.80362729963946,
        "Northing": 198.28791162702117
    },
    "11": {
        "Easting": 253.41477267331123,
        "Northing": 239.77124617580202
    },
    "12": {
        "Easting": 237.02394258250214,
        "Northing": 335.1631092693557
    },
    "13": {
        "Easting": 221.49624612521626,
        "Northing": 268.0380458147276
    },
    "14": {
        "Easting": 194.303917287221,
        "Northing": 294.80589116553085
    },
    "15": {
        "Easting": 607.0217860311682,
        "Northing": 416.99115693914166
    },
    "16": {
        "Easting": 605.0228826726035,
        "Northing": 450.6355466576483
    },
    "17": {
        "Easting": 596.0184149415534,
        "Northing": 457.70068035431046
    },
    "18": {
        "Easting": 608.4316878988254,
        "Northing": 468.3712100726073
    },
    "19": {
        "Easting": 593.5582514919942,
        "Northing": 496.7523923810828
    },
    "20": {
        "Easting": 471.1233111237534,
        "Northing": 558.0786796116798
    },
    "21": {
        "Easting": 523.4969453816025,
        "Northing": 539.9591914108546
    },
    "22": {
        "Easting": 620.4438290578122,
        "Northing": 507.9432965778062
    },
    "23": {
        "Easting": 503.3654756452921,
        "Northing": 539.1625125636257
    },
    "24": {
        "Easting": 473.0098235592888,
        "Northing": 553.7402807995157
    },
    "25": {
        "Easting": 467.5145943319667,
        "Northing": 70.32916903859595
    },
    "26": {
        "Easting": 487.6929420926629,
        "Northing": 40.604316354641014
    },
    "27": {
        "Easting": 426.5162834783341,
        "Northing": 53.47092767959922
    },
    "28": {
        "Easting": 446.78216891697537,
        "Northing": 79.62565086462011
    },
    "29": {
        "Easting": 542.4762911556427,
        "Northing": 89.59021117302663
    },
    "30": {
        "Easting": 779.3798939732268,
        "Northing": 107.20179161722251
    },
    "31": {
        "Easting": 893.8909663508505,
        "Northing": 48.70180577579501
    },
    "32": {
        "Easting": 737.103245829987,
        "Northing": 132.22739910319274
    },
    "33": {
        "Easting": 756.6117409489361,
        "Northing": 77.63154357350811
    },
    "34": {
        "Easting": 717.6724858820775,
        "Northing": 101.87003534508221
    },
    "Depot": {
        "Easting": 0,
        "Northing": 0
    }
}