{
    "0": {
        "Easting": 85.1456035832674,
        "Northing": 89.33344102962474
    },
    "1": {
        "Easting": 153.80267323991853,
        "Northing": 31.511157964107472
    },
    "2": {
        "Easting": 110.54284638001158,
        "Northing": 28.12062724324049
    },
    "3": {
        "Easting": 90.83467652530491,
        "Northing": 42.08573296063205
    },
    "4": {
        "Easting": 39.39253570451683,
        "Northing": 87.40806166917497
    },
    "5": {
        "Easting": 654.3757136746301,
        "Northing": 132.8350392820783
    },
    "6": {
        "Easting": 652.6346477061755,
        "Northing": 60.75674279344186
    },
    "7": {
        "Easting": 653.4701510382463,
        "Northing": 118.59973341660006
    },
    "8": {
        "Easting": 658.8617320020095,
        "Northing": 135.20438631438515
    },
    "9": {
        "Easting": 595.409406229978,
        "Northing": -2.2947943321229474
    },
    "10": {
        "Easting": 153.74991261740925,
        "Northing": 150.3277652474063
    },
    "11": {
        "Easting": 172.5463582816285,
        "Northing": 176.24134579979471
    },
    "12": {
        "Easting": 179.85721153116341,
        "Northing": 221.32378601659838
    },
    "13": {
        "Easting": 188.3542970018533,
        "Northing": 278.8282387013348
    },
    "14": {
        "Easting": 182.15902339442792,
        "Northing": 204.38559811851815
    },
    "15": {
        "Easting": 792.1728893192109,
        "Northing": 357.7977898291152
    },
    "16": {
        "Easting": 806.8869611462641,
        "Northing": 365.3806321084098
    },
    "17": {
        "Easting": 815.7875212653304,
        "Northing": 348.5905539054833
    },
    "18": {
        "Easting": 875.2548206762065,
        "Northing": 395.5016204910154
    },
    "19": {
        "Easting": 782.2101262231517,
        "Northing": 388.42446425020086
    },
    "20": {
        "Easting": 283.5559834899,
        "Northing": 402.7380811107396
    },
    "21": {
        "Easting": 397.8217269710656,
        "Northing": 347.31113788284154
    },
    "22": {
        "Easting": 347.6812613628341,
        "Northing": 325.3190934660625
    },
    "23": {
        "Easting": 276.170488478387,
        "Northing": 414.8602784835939
    },
    "24": {
        "Easting": 334.5386708720556,
        "Northing": 405.870922368426
    },
    "25": {
        "Easting": 516.6672887549854,
        "Northing": 121.41871032945951
    },
    "26": {
        "Easting": 492.47907100417655,
        "Northing": 14.630303897436974
    },
    "27": {
        "Easting": 531.1155328786576,
        "Northing": 86.58731440503257
    },
    "28": {
        "Easting": 506.54823644717675,
        "Northing": 17.32834330253985
    },
    "29": {
        "Easting": 548.5924843608632,
        "Northing": 74.74835855878386
    },
    "30": {
        "Easting": 802.5558081665991,
        "Northing": 210.3770540384952
    },
    "31": {
        "Easting": 766.5407299918719,
        "Northing": 154.82625135932017
    },
    "32": {
        "Easting": 778.1164837304885,
        "Northing": 104.08662286950471
    },
    "33": {
        "Easting": 796.3571052435899,
        "Northing": 128.17040179457965
    },
    "34": {
        "Easting": 788.0596541820014,
        "Northing": 161.12197111740358
    },
    "Depot": {
        "Easting": 0,
        "Northing": 0
    }
}