{
    "0": {
        "Easting": 692.9913574229398,
        "Northing": 209.16260898965987
    },
    "1": {
        "Easting": 829.8137778702712,
        "Northing": 234.11500473745295
    },
    "2": {
        "Easting": 711.5079638277416,
        "Northing": 250.07478515504363
    },
    "3": {
        "Easting": 774.8362800584277,
        "Northing": 212.18144918521995
    },
    "4": {
        "Easting": 726.5069807030801,
        "Northing": 283.5008895552288
    },
    "5": {
        "Easting": 555.9523019895894,
        "Northing": 292.0518311578465
    },
    "6": {
        "Easting": 522.1821155215132,
        "Northing": 339.20974593364775
    },
    "7": {
        "Easting": 505.27253608594543,
        "Northing": 360.24765943251896
    },
    "8": {
        "Easting": 477.5926424657036,
        "Northing": 250.45266256245043
    },
    "9": {
        "Easting": 533.560325056235,
        "Northing": 314.0916675636098
    },
    "10": {
        "Easting": 677.8717718311877,
        "Northing": 357.6936419676103
    },
    "11": {
        "Easting": 674.4504938714346,
        "Northing": 372.05205278920727
    },
    "12": {
        "Easting": 646.3702836491686,
        "Northing": 342.9822863919041
    },
    "13": {
        "Easting": 645.7980312135937,
        "Northing": 290.18039942667787
    },
    "14": {
        "Easting": 646.336736166146,
        "Northing": 311.0756143233085
    },
    "15": {
        "Easting": 294.46770206849294,
        "Northing": 592.8718168592715
    },
    "16": {
        "Easting": 262.61229190589125,
        "Northing": 583.4291070849441
    },
    "17": {
        "Easting": 297.82342790803017,
        "Northing": 592.2263289360624
    },
    "18": {
        "Easting": 346.0119261743788,
        "Northing": 568.2065809885042
    },
    "19": {
        "Easting": 299.098235525712,
        "Northing": 484.0482413397988
    },
    "20": {
        "Easting": 859.1565188326877,
        "Northing": 13.938684787812534
    },
    "21": {
        "Easting": 849.189515983306,
        "Northing": 91.96440642176547
    },
    "22": {
        "Easting": 794.8243438080541,
        "Northing": 13.041013907131259
    },
    "23": {
        "Easting": 834.9222898251862,
        "Northing": 94.9126204273881
    },
    "24": {
        "Easting": 877.1133523243476,
        "Northing": 66.52658790143654
    },
    "25": {
        "Easting": 675.8647035910362,
        "Northing": 41.502267542584875
    },
    "26": {
        "Easting": 734.3126270954513,
        "Northing": 57.34492944733465
    },
    "27": {
        "Easting": 752.4511986528125,
        "Northing": 94.44007678317072
    },
    "28": {
        "Easting": 699.9296207321413,
        "Northing": -11.94217595869048
    },
    "29": {
        "Easting": 814.9277046410128,
        "Northing": 21.07687755925082
    },
    "30": {
        "Easting": 421.06059154600416,
        "Northing": 353.3439534745596
    },
    "31": {
        "Easting": 479.78024754299287,
        "Northing": 396.9082320854563
    },
    "32": {
        "Easting": 426.918064089593,
        "Northing": 422.2615453287022
    },
    "33": {
        "Easting": 440.3106999245245,
        "Northing": 509.634186896219
    },
    "34": {
        "Easting": 434.0560865010647,
        "Northing": 430.4336194527302
    },
    "Depot": {
        "Easting": 0,
        "Northing": 0
    }
}