{
    "0": {
        "Easting": 1738.073216364238,
        "Northing": 1773.6967550720542
    },
    "1": {
        "Easting": 1454.695102293019,
        "Northing": 1996.3257068591092
    },
    "2": {
        "Easting": 1393.3964241687866,
        "Northing": 1578.315543454797
    },
    "3": {
        "Easting": 1441.0628686680052,
        "Northing": 1784.5140854801934
    },
    "4": {
        "Easting": 1131.7365603367994,
        "Northing": 1789.8973222202028
    },
    "5": {
        "Easting": 1513.6755553626406,
        "Northing": 1788.135952165792
    },
    "6": {
        "Easting": 1666.0782385399436,
        "Northing": 1960.3685435176146
    },
    "7": {
        "Easting": 1591.1385488403475,
        "Northing": 1840.3017142453552
    },
    "8": {
        "Easting": 1358.9035921555828,
        "Northing": 2274.8636350184934
    },
    "9": {
        "Easting": 1217.0195419037075,
        "Northing": 1970.9287509594994
    },
    "10": {
        "Easting": 2822.184167363453,
        "Northing": 1005.5780748388718
    },
    "11": {
        "Easting": 3284.7571482614267,
        "Northing": 847.5548503566456
    },
    "12": {
        "Easting": 3361.78065709653,
        "Northing": 865.5785181379949
    },
    "13": {
        "Easting": 2741.747041131987,
        "Northing": 956.814270801516
    },
    "14": {
        "Easting": 3080.5608042616623,
        "Northing": 861.6283254659888
    },
    "15": {
        "Easting": 3046.759833165274,
        "Northing": 670.2985672244287
    },
    "16": {
        "Easting": 2950.5521706364616,
        "Northing": 999.0302424830186
    },
    "17": {
        "Easting": 3137.2369417473496,
        "Northing": 856.8667520266048
    },
    "18": {
        "Easting": 3065.5047983240615,
        "Northing": 993.4240919102454
    },
    "19": {
        "Easting": 3106.294465819345,
        "Northing": 667.9574596134678
    },
    "20": {
        "Easting": 1439.789277860901,
        "Northing": 297.27434071349757
    },
    "21": {
        "Easting": 1499.9297370039258,
        "Northing": 150.40179091910983
    },
    "22": {
        "Easting": 1738.4900322917883,
        "Northing": 852.5325989872886
    },
    "23": {
        "Easting": 1569.951692971367,
        "Northing": 570.2490625891667
    },
    "24": {
        "Easting": 1393.3996256507262,
        "Northing": 288.89111578236975
    },
    "25": {
        "Easting": 1253.2607804479599,
        "Northing": 440.2275316819234
    },
    "26": {
        "Easting": 1472.9218623176514,
        "Northing": 701.6440105390683
    },
    "27": {
        "Easting": 1098.2061418028152,
        "Northing": 546.3772464273926
    },
    "28": {
        "Easting": 1238.3541869040555,
        "Northing": 909.6530776836521
    },
    "29": {
        "Easting": 1524.309353282795,
        "Northing": 718.7527596096788
    },
    "30": {
        "Easting": 1355.461123113463,
        "Northing": 1259.1530094369446
    },
    "31": {
        "Easting": 1438.9713983125473,
        "Northing": 800.5456560545425
    },
    "32": {
        "Easting": 1164.7811304169795,
        "Northing": 927.9270776715796
    },
    "33": {
        "Easting": 1341.4824569859811,
        "Northing": 716.3120756824538
    },
    "34": {
        "Easting": 1164.2428295132333,
        "Northing": 1032.4730539917582
    },
    "35": {
        "Easting": 1192.8285694695662,
        "Northing": 1071.515495233693
    },
    "36": {
        "Easting": 1210.729515013644,
        "Northing": 820.2936541381433
    },
    "37": {
        "Easting": 1401.4938881629357,
        "Northing": 1172.1054474286389
    },
    "38": {
        "Easting": 950.6939332451677,
        "Northing": 700.3830122690753
    },
    "39": {
        "Easting": 1373.776157663446,
        "Northing": 876.160557716076
    },
    "40": {
        "Easting": 682.0264786689204,
        "Northing": 388.0580315969866
    },
    "41": {
        "Easting": 868.9466592485189,
        "Northing": 841.1340283197994
    },
    "42": {
        "Easting": 575.7288862120594,
        "Northing": 869.9498358981227
    },
    "43": {
        "Easting": 684.3618288001414,
        "Northing": 490.1793752624442
    },
    "44": {
        "Easting": 443.593813926387,
        "Northing": 869.781211429741
    },
    "45": {
        "Easting": 800.3641124487758,
        "Northing": 982.5902897338935
    },
    "46": {
        "Easting": 696.7898324093185,
        "Northing": 360.0292051701673
    },
    "47": {
        "Easting": 375.2450837536418,
        "Northing": 414.90917723301516
    },
    "48": {
        "Easting": 639.9244157262708,
        "Northing": 751.7703571652612
    },
    "49": {
        "Easting": 987.3641312227097,
        "Northing": 731.0542948226525
    },
    "Depot": {
        "Easting": 0,
        "Northing": 0
    }
}