{
    "0": {
        "Easting": 2215.1923249570596,
        "Northing": 2189.4376702037935
    },
    "1": {
        "Easting": 2412.4524329667756,
        "Northing": 2166.324854748005
    },
    "2": {
        "Easting": 2229.4712983686572,
        "Northing": 1887.8213779682596
    },
    "3": {
        "Easting": 2301.744992973282,
        "Northing": 1951.5091392147376
    },
    "4": {
        "Easting": 2520.7608784012737,
        "Northing": 1676.0747686249724
    },
    "5": {
        "Easting": 2556.4078950542007,
        "Northing": 1899.9907454549702
    },
    "6": {
        "Easting": 2419.603751339862,
        "Northing": 2218.502816624404
    },
    "7": {
        "Easting": 2625.6270759310223,
        "Northing": 2091.9116336361312
    },
    "8": {
        "Easting": 1986.2425410837398,
        "Northing": 2241.960119245306
    },
    "9": {
        "Easting": 2434.397970698118,
        "Northing": 1835.2224737702766
    },
    "10": {
        "Easting": 3222.075248089871,
        "Northing": -31.59005098594804
    },
    "11": {
        "Easting": 3393.919783249323,
        "Northing": 221.51944065468194
    },
    "12": {
        "Easting": 3499.955744328349,
        "Northing": 435.92547193980397
    },
    "13": {
        "Easting": 3292.7772825013076,
        "Northing": 259.33301293562187
    },
    "14": {
        "Easting": 3413.2712849002232,
        "Northing": 519.2619962117872
    },
    "15": {
        "Easting": 3257.320995071292,
        "Northing": 123.2596803218745
    },
    "16": {
        "Easting": 3500.7326639518687,
        "Northing": 284.29426291600765
    },
    "17": {
        "Easting": 3212.351936981496,
        "Northing": 73.66920185744385
    },
    "18": {
        "Easting": 3508.2151219753932,
        "Northing": 369.33889454836986
    },
    "19": {
        "Easting": 3713.982716083037,
        "Northing": 147.22194591140482
    },
    "20": {
        "Easting": 2175.316563519252,
        "Northing": 1893.226204234596
    },
    "21": {
        "Easting": 2283.0783166424844,
        "Northing": 1537.699069390649
    },
    "22": {
        "Easting": 2516.7624924157603,
        "Northing": 1750.4181437075713
    },
    "23": {
        "Easting": 2212.2602999403043,
        "Northing": 1442.2398877685407
    },
    "24": {
        "Easting": 2431.2105275069175,
        "Northing": 1574.3321950641214
    },
    "25": {
        "Easting": 2190.87521029578,
        "Northing": 1109.0883372603346
    },
    "26": {
        "Easting": 2279.087121731227,
        "Northing": 1556.844078614196
    },
    "27": {
        "Easting": 2429.413817745399,
        "Northing": 1546.637761930396
    },
    "28": {
        "Easting": 2161.2960614107333,
        "Northing": 1882.3445697246225
    },
    "29": {
        "Easting": 2574.2232616292063,
        "Northing": 1659.8766067254535
    },
    "30": {
        "Easting": 2117.6050391983836,
        "Northing": 606.6649836146676
    },
    "31": {
        "Easting": 2019.2651360303921,
        "Northing": 670.5859915948
    },
    "32": {
        "Easting": 1870.2458119414562,
        "Northing": 441.3188487664197
    },
    "33": {
        "Easting": 2062.4978622107733,
        "Northing": 780.6376617167441
    },
    "34": {
        "Easting": 1525.844543921269,
        "Northing": 640.6939490484496
    },
    "35": {
        "Easting": 1773.1923483683356,
        "Northing": 542.6386460120351
    },
    "36": {
        "Easting": 1850.3644760483808,
        "Northing": 487.0687432564022
    },
    "37": {
        "Easting": 2249.3582163296455,
        "Northing": 232.78902813248067
    },
    "38": {
        "Easting": 1930.5478448560007,
        "Northing": 685.4655088193601
    },
    "39": {
        "Easting": 2199.275352714354,
        "Northing": 370.60951423351895
    },
    "40": {
        "Easting": 1526.9833575323378,
        "Northing": 710.6284146074199
    },
    "41": {
        "Easting": 1588.5612279312722,
        "Northing": 1298.2347225121416
    },
    "42": {
        "Easting": 1474.4975951098986,
        "Northing": 1185.957552016556
    },
    "43": {
        "Easting": 1024.2546270792184,
        "Northing": 953.0849352263656
    },
    "44": {
        "Easting": 1721.1368238313853,
        "Northing": 966.8036623514046
    },
    "45": {
        "Easting": 1654.0482694715508,
        "Northing": 1086.0517260847066
    },
    "46": {
        "Easting": 1466.5447674566374,
        "Northing": 1065.863199146348
    },
    "47": {
        "Easting": 1745.196584303405,
        "Northing": 1332.0173852771659
    },
    "48": {
        "Easting": 1392.4558659286668,
        "Northing": 1181.2638972685495
    },
    "49": {
        "Easting": 1650.9780454985735,
        "Northing": 1087.7033507923784
    },
    "Depot": {
        "Easting": 0,
        "Northing": 0
    }
}