{
    "0": {
        "Easting": 601.4407281902759,
        "Northing": 84.3976947322225
    },
    "1": {
        "Easting": 550.6515030016639,
        "Northing": 75.60862787730741
    },
    "2": {
        "Easting": 575.0922170234732,
        "Northing": 131.71529567790037
    },
    "3": {
        "Easting": 493.34752152137673,
        "Northing": 38.931782435105475
    },
    "4": {
        "Easting": 623.051313972686,
        "Northing": 101.21380337352885
    },
    "5": {
        "Easting": 316.84171234647454,
        "Northing": 602.260516800596
    },
    "6": {
        "Easting": 369.56253590584697,
        "Northing": 512.9309760307054
    },
    "7": {
        "Easting": 287.0475069859705,
        "Northing": 650.0113210763795
    },
    "8": {
        "Easting": 342.74592089875455,
        "Northing": 492.05611152726385
    },
    "9": {
        "Easting": 306.30008921907637,
        "Northing": 577.8196159117596
    },
    "10": {
        "Easting": 589.7867888884974,
        "Northing": 509.8755603380465
    },
    "11": {
        "Easting": 491.60013267735485,
        "Northing": 564.2303188408237
    },
    "12": {
        "Easting": 603.9605280808815,
        "Northing": 576.611579970078
    },
    "13": {
        "Easting": 537.7343358973565,
        "Northing": 655.6649390475172
    },
    "14": {
        "Easting": 632.4469856667956,
        "Northing": 524.499012533197
    },
    "15": {
        "Easting": 268.6808039896116,
        "Northing": 253.25891793740297
    },
    "16": {
        "Easting": 233.48992784028619,
        "Northing": 243.5664139897382
    },
    "17": {
        "Easting": 299.40030723843773,
        "Northing": 205.89864330104615
    },
    "18": {
        "Easting": 251.02734480711183,
        "Northing": 235.316920863641
    },
    "19": {
        "Easting": 216.009688454221,
        "Northing": 280.2103591919496
    },
    "20": {
        "Easting": 215.87740689238424,
        "Northing": 179.22481827010782
    },
    "21": {
        "Easting": 195.7478441477515,
        "Northing": 161.63185997276804
    },
    "22": {
        "Easting": 231.02941368893028,
        "Northing": 137.26173277191725
    },
    "23": {
        "Easting": 242.77179550810996,
        "Northing": 157.40908782759922
    },
    "24": {
        "Easting": 201.65159794012033,
        "Northing": 223.9875775477758
    },
    "25": {
        "Easting": 589.0748125505789,
        "Northing": 593.6443964442288
    },
    "26": {
        "Easting": 627.9119218565346,
        "Northing": 546.8977728603334
    },
    "27": {
        "Easting": 547.6218909585741,
        "Northing": 550.6633175725556
    },
    "28": {
        "Easting": 688.7217067383383,
        "Northing": 476.8003424245039
    },
    "29": {
        "Easting": 596.2020317771261,
        "Northing": 586.1053120660221
    },
    "30": {
        "Easting": 244.15295009426245,
        "Northing": 30.01639279614478
    },
    "31": {
        "Easting": 258.30958710553324,
        "Northing": 67.80965417060759
    },
    "32": {
        "Easting": 410.74774119887434,
        "Northing": 27.77019663936927
    },
    "33": {
        "Easting": 230.14073275042267,
        "Northing": 44.0099975617608
    },
    "34": {
        "Easting": 223.91742074736737,
        "Northing": 25.266904602877773
    },
    "Depot": {
        "Easting": 0,
        "Northing": 0
    }
}