{
    "0": {
        "Easting": 1193.2230334013477,
        "Northing": 190.78817509862523
    },
    "1": {
        "Easting": 1311.2609554032967,
        "Northing": 294.323794744725
    },
    "2": {
        "Easting": 1429.1839484164366,
        "Northing": 23.481053433211684
    },
    "3": {
        "Easting": 1897.3783517794398,
        "Northing": -52.20591336299498
    },
    "4": {
        "Easting": 1460.8608989649972,
        "Northing": 246.95045186089908
    },
    "5": {
        "Easting": 1236.80831252486,
        "Northing": 5.703039498987863
    },
    "6": {
        "Easting": 1029.1509051858056,
        "Northing": -109.48662445567717
    },
    "7": {
        "Easting": 1468.2972566613528,
        "Northing": 166.27098630687257
    },
    "8": {
        "Easting": 1573.7881036579151,
        "Northing": 214.2535599442518
    },
    "9": {
        "Easting": 1271.935474224706,
        "Northing": -90.71309627020142
    },
    "10": {
        "Easting": 1367.1790759862868,
        "Northing": 287.15902408960386
    },
    "11": {
        "Easting": 1589.2570149603337,
        "Northing": 156.8987095524806
    },
    "12": {
        "Easting": 1312.757746596724,
        "Northing": 911.9804842441833
    },
    "13": {
        "Easting": 1843.742353875969,
        "Northing": 694.4057523754138
    },
    "14": {
        "Easting": 1511.304630765315,
        "Northing": 596.4564030645536
    },
    "15": {
        "Easting": 1476.3475716542655,
        "Northing": 749.4934604260013
    },
    "16": {
        "Easting": 1566.5480457688686,
        "Northing": 672.599193106045
    },
    "17": {
        "Easting": 1851.7012430689508,
        "Northing": 842.3453334877101
    },
    "18": {
        "Easting": 1620.5139092056372,
        "Northing": 803.4619993843733
    },
    "19": {
        "Easting": 1582.7974832512857,
        "Northing": 567.3006868016516
    },
    "20": {
        "Easting": 1490.4453364369847,
        "Northing": 764.053495852537
    },
    "21": {
        "Easting": 1268.0670329349853,
        "Northing": 252.8439238501822
    },
    "22": {
        "Easting": 1428.5682625829236,
        "Northing": 849.515974808423
    },
    "23": {
        "Easting": 1253.3228804776281,
        "Northing": 901.2500771159833
    },
    "24": {
        "Easting": 674.6963765983519,
        "Northing": 1395.4274785919836
    },
    "25": {
        "Easting": 723.0250938162433,
        "Northing": 1534.4812871344498
    },
    "26": {
        "Easting": 350.8609477836306,
        "Northing": 1443.9141185937963
    },
    "27": {
        "Easting": 628.5392448977559,
        "Northing": 1674.7959557863335
    },
    "28": {
        "Easting": 729.7354978870263,
        "Northing": 1765.7607313203532
    },
    "29": {
        "Easting": 305.6647927177518,
        "Northing": 1879.2720046810343
    },
    "30": {
        "Easting": 589.514448384738,
        "Northing": 1409.2355275546252
    },
    "31": {
        "Easting": 395.4341790520244,
        "Northing": 1302.0901659420435
    },
    "32": {
        "Easting": 344.8989460389107,
        "Northing": 1363.7843365159272
    },
    "33": {
        "Easting": 612.8143914346065,
        "Northing": 1504.6618381925132
    },
    "34": {
        "Easting": 463.5005536993615,
        "Northing": 1786.6215651454263
    },
    "35": {
        "Easting": 272.50363919847314,
        "Northing": 1507.6300002184691
    },
    "36": {
        "Easting": 1613.6614616893453,
        "Northing": 1027.7958943013814
    },
    "37": {
        "Easting": 1296.3096130499914,
        "Northing": 1001.1400686814713
    },
    "38": {
        "Easting": 1606.8224377591243,
        "Northing": 839.9345170867105
    },
    "39": {
        "Easting": 1480.5913540927927,
        "Northing": 992.8186027953284
    },
    "40": {
        "Easting": 1321.5653733476772,
        "Northing": 788.1170870122056
    },
    "41": {
        "Easting": 1763.515471536834,
        "Northing": 656.7038726263198
    },
    "42": {
        "Easting": 1730.8697224445766,
        "Northing": 1085.817173607545
    },
    "43": {
        "Easting": 1551.33651376943,
        "Northing": 666.0296001423764
    },
    "44": {
        "Easting": 1170.83784239958,
        "Northing": 473.14388298842186
    },
    "45": {
        "Easting": 1477.8542989370953,
        "Northing": 1021.1729822603753
    },
    "46": {
        "Easting": 1607.4275092378293,
        "Northing": 481.06116598855704
    },
    "47": {
        "Easting": 1759.6949984386656,
        "Northing": 366.8376489031485
    },
    "48": {
        "Easting": -15.297461100912813,
        "Northing": 1271.0558306056062
    },
    "49": {
        "Easting": -197.46485145621529,
        "Northing": 1126.1495169042564
    },
    "50": {
        "Easting": 22.346644606180973,
        "Northing": 873.1016753297578
    },
    "51": {
        "Easting": 149.4301488943572,
        "Northing": 972.8883334739146
    },
    "52": {
        "Easting": 176.35859931219352,
        "Northing": 829.3197958306339
    },
    "53": {
        "Easting": 133.9644102377682,
        "Northing": 1003.6727394871805
    },
    "54": {
        "Easting": 9.360644722093795,
        "Northing": 976.0806027948142
    },
    "55": {
        "Easting": 221.49700363904083,
        "Northing": 758.243411482888
    },
    "56": {
        "Easting": -502.65997000418014,
        "Northing": 791.0938367318602
    },
    "57": {
        "Easting": -57.793507269308535,
        "Northing": 1045.3633596674697
    },
    "58": {
        "Easting": 247.09917728898535,
        "Northing": 780.6746901196134
    },
    "59": {
        "Easting": -148.80202728747338,
        "Northing": 1020.9583357949098
    },
    "Depot": {
        "Easting": 0,
        "Northing": 0
    }
}