{
    "0": {
        "Easting": 1735.4085604918146,
        "Northing": 12.057822975377292
    },
    "1": {
        "Easting": 1599.5321487937827,
        "Northing": 167.70474580725576
    },
    "2": {
        "Easting": 1404.3993555965728,
        "Northing": 502.788561858247
    },
    "3": {
        "Easting": 1897.3783517794398,
        "Northing": -52.20591336299498
    },
    "4": {
        "Easting": 1460.8608989649972,
        "Northing": 246.95045186089908
    },
    "5": {
        "Easting": 1236.80831252486,
        "Northing": 5.703039498987863
    },
    "6": {
        "Easting": 1498.1270757600614,
        "Northing": 251.1310987913835
    },
    "7": {
        "Easting": 1573.7881036579151,
        "Northing": 214.2535599442518
    },
    "8": {
        "Easting": 1016.3247347507508,
        "Northing": 272.29285537132523
    },
    "9": {
        "Easting": 1271.935474224706,
        "Northing": -90.71309627020142
    },
    "10": {
        "Easting": 1593.7493635047633,
        "Northing": 358.0331346584882
    },
    "11": {
        "Easting": 1589.2570149603337,
        "Northing": 156.8987095524806
    },
    "12": {
        "Easting": 1521.8283246514718,
        "Northing": 699.4964715303012
    },
    "13": {
        "Easting": 1511.304630765315,
        "Northing": 596.4564030645536
    },
    "14": {
        "Easting": 1677.9901134399784,
        "Northing": 1013.8145996810774
    },
    "15": {
        "Easting": 1566.5480457688686,
        "Northing": 672.599193106045
    },
    "16": {
        "Easting": 1605.2512461741107,
        "Northing": 947.1297070111574
    },
    "17": {
        "Easting": 1582.7974832512857,
        "Northing": 567.3006868016516
    },
    "18": {
        "Easting": 1490.4453364369847,
        "Northing": 764.053495852537
    },
    "19": {
        "Easting": 1085.853989918725,
        "Northing": 540.0638412791084
    },
    "20": {
        "Easting": 1550.0942038599262,
        "Northing": 970.1105150566112
    },
    "21": {
        "Easting": 1638.626612639999,
        "Northing": 762.4818709847374
    },
    "22": {
        "Easting": 1428.5682625829236,
        "Northing": 849.515974808423
    },
    "23": {
        "Easting": 1253.3228804776281,
        "Northing": 901.2500771159833
    },
    "24": {
        "Easting": 515.3075614861222,
        "Northing": 1453.9473253214892
    },
    "25": {
        "Easting": 350.8609477836306,
        "Northing": 1443.9141185937963
    },
    "26": {
        "Easting": 628.5392448977559,
        "Northing": 1674.7959557863335
    },
    "27": {
        "Easting": 397.5830719385717,
        "Northing": 1607.315135334618
    },
    "28": {
        "Easting": 490.29831459441044,
        "Northing": 1477.75458604507
    },
    "29": {
        "Easting": 729.7354978870263,
        "Northing": 1765.7607313203532
    },
    "30": {
        "Easting": 577.1396565078917,
        "Northing": 2035.047432778255
    },
    "31": {
        "Easting": 305.6647927177518,
        "Northing": 1879.2720046810343
    },
    "32": {
        "Easting": 589.514448384738,
        "Northing": 1409.2355275546252
    },
    "33": {
        "Easting": 724.405107975547,
        "Northing": 1637.9401687197
    },
    "34": {
        "Easting": 612.8143914346065,
        "Northing": 1504.6618381925132
    },
    "35": {
        "Easting": 463.5005536993615,
        "Northing": 1786.6215651454263
    },
    "36": {
        "Easting": 1398.7873847203855,
        "Northing": 1000.9868854968676
    },
    "37": {
        "Easting": 1252.0743264993027,
        "Northing": 561.5960055284127
    },
    "38": {
        "Easting": 1296.3096130499914,
        "Northing": 1001.1400686814713
    },
    "39": {
        "Easting": 1396.4666479892453,
        "Northing": 1032.953710813604
    },
    "40": {
        "Easting": 1480.5913540927927,
        "Northing": 992.8186027953284
    },
    "41": {
        "Easting": 1321.5653733476772,
        "Northing": 788.1170870122056
    },
    "42": {
        "Easting": 1763.515471536834,
        "Northing": 656.7038726263198
    },
    "43": {
        "Easting": 1170.83784239958,
        "Northing": 473.14388298842186
    },
    "44": {
        "Easting": 1561.3373772802283,
        "Northing": 581.6225869162197
    },
    "45": {
        "Easting": 1738.5221445409718,
        "Northing": 956.3361286284926
    },
    "46": {
        "Easting": 1705.2595312175424,
        "Northing": 969.7242212336695
    },
    "47": {
        "Easting": 1759.6949984386656,
        "Northing": 366.8376489031485
    },
    "48": {
        "Easting": -15.297461100912813,
        "Northing": 1271.0558306056062
    },
    "49": {
        "Easting": 298.2566272541711,
        "Northing": 999.7135929222459
    },
    "50": {
        "Easting": 358.6698559341629,
        "Northing": 760.9330405420535
    },
    "51": {
        "Easting": 149.4301488943572,
        "Northing": 972.8883334739146
    },
    "52": {
        "Easting": -280.64046925142475,
        "Northing": 835.701299394451
    },
    "53": {
        "Easting": 133.9644102377682,
        "Northing": 1003.6727394871805
    },
    "54": {
        "Easting": -13.444837665912644,
        "Northing": 1038.3004828213723
    },
    "55": {
        "Easting": -87.95344275873437,
        "Northing": 963.0415066735445
    },
    "56": {
        "Easting": 9.360644722093795,
        "Northing": 976.0806027948142
    },
    "57": {
        "Easting": -57.793507269308535,
        "Northing": 1045.3633596674697
    },
    "58": {
        "Easting": 247.09917728898535,
        "Northing": 780.6746901196134
    },
    "59": {
        "Easting": -148.80202728747338,
        "Northing": 1020.9583357949098
    },
    "Depot": {
        "Easting": 0,
        "Northing": 0
    }
}