{
    "0": {
        "Easting": 1599.5321487937827,
        "Northing": 167.70474580725576
    },
    "1": {
        "Easting": 1404.3993555965728,
        "Northing": 502.788561858247
    },
    "2": {
        "Easting": 1429.1839484164366,
        "Northing": 23.481053433211684
    },
    "3": {
        "Easting": 1460.8608989649972,
        "Northing": 246.95045186089908
    },
    "4": {
        "Easting": 1029.1509051858056,
        "Northing": -109.48662445567717
    },
    "5": {
        "Easting": 1625.6738534959577,
        "Northing": -66.46315470868927
    },
    "6": {
        "Easting": 1614.696087549083,
        "Northing": -192.91676409835136
    },
    "7": {
        "Easting": 1573.7881036579151,
        "Northing": 214.2535599442518
    },
    "8": {
        "Easting": 1016.3247347507508,
        "Northing": 272.29285537132523
    },
    "9": {
        "Easting": 1271.935474224706,
        "Northing": -90.71309627020142
    },
    "10": {
        "Easting": 1593.7493635047633,
        "Northing": 358.0331346584882
    },
    "11": {
        "Easting": 1589.2570149603337,
        "Northing": 156.8987095524806
    },
    "12": {
        "Easting": 1521.8283246514718,
        "Northing": 699.4964715303012
    },
    "13": {
        "Easting": 1843.742353875969,
        "Northing": 694.4057523754138
    },
    "14": {
        "Easting": 1677.9901134399784,
        "Northing": 1013.8145996810774
    },
    "15": {
        "Easting": 1566.5480457688686,
        "Northing": 672.599193106045
    },
    "16": {
        "Easting": 1851.7012430689508,
        "Northing": 842.3453334877101
    },
    "17": {
        "Easting": 1620.5139092056372,
        "Northing": 803.4619993843733
    },
    "18": {
        "Easting": 1605.2512461741107,
        "Northing": 947.1297070111574
    },
    "19": {
        "Easting": 1582.7974832512857,
        "Northing": 567.3006868016516
    },
    "20": {
        "Easting": 1085.853989918725,
        "Northing": 540.0638412791084
    },
    "21": {
        "Easting": 1268.0670329349853,
        "Northing": 252.8439238501822
    },
    "22": {
        "Easting": 1638.626612639999,
        "Northing": 762.4818709847374
    },
    "23": {
        "Easting": 1428.5682625829236,
        "Northing": 849.515974808423
    },
    "24": {
        "Easting": 723.0250938162433,
        "Northing": 1534.4812871344498
    },
    "25": {
        "Easting": 515.3075614861222,
        "Northing": 1453.9473253214892
    },
    "26": {
        "Easting": 350.8609477836306,
        "Northing": 1443.9141185937963
    },
    "27": {
        "Easting": 628.5392448977559,
        "Northing": 1674.7959557863335
    },
    "28": {
        "Easting": 397.5830719385717,
        "Northing": 1607.315135334618
    },
    "29": {
        "Easting": 410.8167258063361,
        "Northing": 1691.5544042175213
    },
    "30": {
        "Easting": 589.514448384738,
        "Northing": 1409.2355275546252
    },
    "31": {
        "Easting": 395.4341790520244,
        "Northing": 1302.0901659420435
    },
    "32": {
        "Easting": 724.405107975547,
        "Northing": 1637.9401687197
    },
    "33": {
        "Easting": 344.8989460389107,
        "Northing": 1363.7843365159272
    },
    "34": {
        "Easting": 463.5005536993615,
        "Northing": 1786.6215651454263
    },
    "35": {
        "Easting": 272.50363919847314,
        "Northing": 1507.6300002184691
    },
    "36": {
        "Easting": 1398.7873847203855,
        "Northing": 1000.9868854968676
    },
    "37": {
        "Easting": 1613.6614616893453,
        "Northing": 1027.7958943013814
    },
    "38": {
        "Easting": 1296.3096130499914,
        "Northing": 1001.1400686814713
    },
    "39": {
        "Easting": 1375.9555632768333,
        "Northing": 571.0000532948246
    },
    "40": {
        "Easting": 1606.8224377591243,
        "Northing": 839.9345170867105
    },
    "41": {
        "Easting": 1480.5913540927927,
        "Northing": 992.8186027953284
    },
    "42": {
        "Easting": 1763.515471536834,
        "Northing": 656.7038726263198
    },
    "43": {
        "Easting": 1170.83784239958,
        "Northing": 473.14388298842186
    },
    "44": {
        "Easting": 1561.3373772802283,
        "Northing": 581.6225869162197
    },
    "45": {
        "Easting": 1738.5221445409718,
        "Northing": 956.3361286284926
    },
    "46": {
        "Easting": 1477.8542989370953,
        "Northing": 1021.1729822603753
    },
    "47": {
        "Easting": 1607.4275092378293,
        "Northing": 481.06116598855704
    },
    "48": {
        "Easting": -15.297461100912813,
        "Northing": 1271.0558306056062
    },
    "49": {
        "Easting": -197.46485145621529,
        "Northing": 1126.1495169042564
    },
    "50": {
        "Easting": 22.346644606180973,
        "Northing": 873.1016753297578
    },
    "51": {
        "Easting": 298.2566272541711,
        "Northing": 999.7135929222459
    },
    "52": {
        "Easting": 176.35859931219352,
        "Northing": 829.3197958306339
    },
    "53": {
        "Easting": -280.64046925142475,
        "Northing": 835.701299394451
    },
    "54": {
        "Easting": 111.84376410059895,
        "Northing": 475.7395274733294
    },
    "55": {
        "Easting": -13.444837665912644,
        "Northing": 1038.3004828213723
    },
    "56": {
        "Easting": -87.95344275873437,
        "Northing": 963.0415066735445
    },
    "57": {
        "Easting": -502.65997000418014,
        "Northing": 791.0938367318602
    },
    "58": {
        "Easting": 247.09917728898535,
        "Northing": 780.6746901196134
    },
    "59": {
        "Easting": -148.80202728747338,
        "Northing": 1020.9583357949098
    },
    "Depot": {
        "Easting": 0,
        "Northing": 0
    }
}