{
    "0": {
        "Easting": 571.0703208533574,
        "Northing": 428.52470650037185
    },
    "1": {
        "Easting": 560.1545906958788,
        "Northing": 464.39265786118506
    },
    "2": {
        "Easting": 579.5149109801279,
        "Northing": 411.7961895356658
    },
    "3": {
        "Easting": 649.8507228331155,
        "Northing": 431.9316803068293
    },
    "4": {
        "Easting": 479.33806968397056,
        "Northing": 393.6375439261974
    },
    "5": {
        "Easting": 529.5378995335775,
        "Northing": 456.6584523978448
    },
    "6": {
        "Easting": 510.69694050079823,
        "Northing": 204.27366385535856
    },
    "7": {
        "Easting": 508.3353759704148,
        "Northing": 141.68943462677885
    },
    "8": {
        "Easting": 531.1790992809408,
        "Northing": 281.45609712442314
    },
    "9": {
        "Easting": 523.4412333169337,
        "Northing": 172.49830672391312
    },
    "10": {
        "Easting": 483.5740434779845,
        "Northing": 243.42482961995944
    },
    "11": {
        "Easting": 465.61815505903144,
        "Northing": 218.72535363902514
    },
    "12": {
        "Easting": 814.9782133050844,
        "Northing": 495.2880756531326
    },
    "13": {
        "Easting": 750.3586390844357,
        "Northing": 500.641434849769
    },
    "14": {
        "Easting": 739.5604225573076,
        "Northing": 425.85486109069524
    },
    "15": {
        "Easting": 753.6082212213854,
        "Northing": 379.150049650058
    },
    "16": {
        "Easting": 718.7238149415379,
        "Northing": 407.842820243872
    },
    "17": {
        "Easting": 771.4721855277401,
        "Northing": 398.77997657036707
    },
    "18": {
        "Easting": 690.0982509603956,
        "Northing": 497.321283591348
    },
    "19": {
        "Easting": 661.7980062279868,
        "Northing": 506.2324689235628
    },
    "20": {
        "Easting": 691.59821671948,
        "Northing": 479.1705304603166
    },
    "21": {
        "Easting": 739.3809850193616,
        "Northing": 464.27169952034484
    },
    "22": {
        "Easting": 701.9935737196076,
        "Northing": 533.2259985451461
    },
    "23": {
        "Easting": 685.94455984672,
        "Northing": 457.1284378876656
    },
    "24": {
        "Easting": 559.4024492722714,
        "Northing": 427.8032783419258
    },
    "25": {
        "Easting": 526.8601518052438,
        "Northing": 411.42682461517296
    },
    "26": {
        "Easting": 544.053270114848,
        "Northing": 448.9308192889073
    },
    "27": {
        "Easting": 528.7160778185345,
        "Northing": 447.35767211662346
    },
    "28": {
        "Easting": 435.8503464719525,
        "Northing": 429.79095738201306
    },
    "29": {
        "Easting": 500.6251073537433,
        "Northing": 437.4293121015622
    },
    "Depot": {
        "Easting": 0,
        "Northing": 0
    }
}