{
    "0": {
        "Easting": 377.4812524335519,
        "Northing": 318.75683567345635
    },
    "1": {
        "Easting": 357.64885566872107,
        "Northing": 228.0849035780156
    },
    "2": {
        "Easting": 334.95875954738966,
        "Northing": 308.6881168655475
    },
    "3": {
        "Easting": 392.0918529312238,
        "Northing": 403.8143419893436
    },
    "4": {
        "Easting": 324.2025206747209,
        "Northing": 296.68018458922126
    },
    "5": {
        "Easting": 356.8921412913866,
        "Northing": 309.00383766080506
    },
    "6": {
        "Easting": -64.04249437032337,
        "Northing": 469.6665935855359
    },
    "7": {
        "Easting": -13.292963322576487,
        "Northing": 543.3130718714978
    },
    "8": {
        "Easting": 69.54031558809494,
        "Northing": 554.0920147690006
    },
    "9": {
        "Easting": -49.947786676666,
        "Northing": 528.2480064265158
    },
    "10": {
        "Easting": 26.601703716180662,
        "Northing": 501.0810821954257
    },
    "11": {
        "Easting": 20.139910912259005,
        "Northing": 484.01531330277516
    },
    "12": {
        "Easting": 342.376804508086,
        "Northing": 190.25521919523027
    },
    "13": {
        "Easting": 396.48254185757463,
        "Northing": 97.60095165009447
    },
    "14": {
        "Easting": 379.9409724377702,
        "Northing": 160.24377786241175
    },
    "15": {
        "Easting": 398.970340718277,
        "Northing": 162.33389754210475
    },
    "16": {
        "Easting": 405.5813442527027,
        "Northing": 201.18544385240824
    },
    "17": {
        "Easting": 382.27766313347394,
        "Northing": 121.67587775774848
    },
    "18": {
        "Easting": 383.29931617568025,
        "Northing": 595.0111572927018
    },
    "19": {
        "Easting": 368.70913369761473,
        "Northing": 508.2304624393882
    },
    "20": {
        "Easting": 408.3221430722775,
        "Northing": 412.95609163099965
    },
    "21": {
        "Easting": 339.3768173641964,
        "Northing": 447.2594409730682
    },
    "22": {
        "Easting": 414.6187493300021,
        "Northing": 467.0102287351086
    },
    "23": {
        "Easting": 415.2434824371979,
        "Northing": 543.4813384296017
    },
    "24": {
        "Easting": 109.0149378341279,
        "Northing": 266.0740403002014
    },
    "25": {
        "Easting": 135.54632214441534,
        "Northing": 180.73191324178063
    },
    "26": {
        "Easting": 49.92373139792356,
        "Northing": 177.19893559791097
    },
    "27": {
        "Easting": 118.62028353818145,
        "Northing": 252.3899413855832
    },
    "28": {
        "Easting": 96.4174388541187,
        "Northing": 297.57484659210473
    },
    "29": {
        "Easting": 119.78978096349354,
        "Northing": 233.46955714294617
    },
    "Depot": {
        "Easting": 0,
        "Northing": 0
    }
}