{
    "0": {
        "Easting": 138.3900934631298,
        "Northing": 270.93160954810565
    },
    "1": {
        "Easting": 134.77708730394852,
        "Northing": 181.31497002481083
    },
    "2": {
        "Easting": 109.32494670162873,
        "Northing": 231.37971343778733
    },
    "3": {
        "Easting": 167.00998915727996,
        "Northing": 265.43168525601277
    },
    "4": {
        "Easting": 180.51661685202208,
        "Northing": 228.4170522997969
    },
    "5": {
        "Easting": 204.81204454411397,
        "Northing": 237.35476486179033
    },
    "6": {
        "Easting": 61.90007564202122,
        "Northing": 77.5094427724539
    },
    "7": {
        "Easting": 174.62765729619224,
        "Northing": 148.2507358645343
    },
    "8": {
        "Easting": 94.45957345212989,
        "Northing": 64.4037657570912
    },
    "9": {
        "Easting": 124.33348117491902,
        "Northing": 118.54340829391434
    },
    "10": {
        "Easting": 173.42737235995378,
        "Northing": 98.61851434108002
    },
    "11": {
        "Easting": 130.224918337184,
        "Northing": 61.02592228845919
    },
    "12": {
        "Easting": 356.141139771858,
        "Northing": 286.30632354971306
    },
    "13": {
        "Easting": 418.8718364208346,
        "Northing": 316.93842181047046
    },
    "14": {
        "Easting": 386.8243866770089,
        "Northing": 275.7530535023696
    },
    "15": {
        "Easting": 367.52092994292195,
        "Northing": 298.350269341977
    },
    "16": {
        "Easting": 325.95713273539826,
        "Northing": 333.5894970766824
    },
    "17": {
        "Easting": 399.74778295814696,
        "Northing": 253.42776267211457
    },
    "18": {
        "Easting": 475.33167936659754,
        "Northing": 377.19032320794713
    },
    "19": {
        "Easting": 530.9913305215482,
        "Northing": 412.87276849943623
    },
    "20": {
        "Easting": 464.5133860526467,
        "Northing": 422.7492247149522
    },
    "21": {
        "Easting": 496.3849035289381,
        "Northing": 396.65019455426665
    },
    "22": {
        "Easting": 517.2261324524192,
        "Northing": 356.1569664041908
    },
    "23": {
        "Easting": 485.71940152786453,
        "Northing": 372.01383225014456
    },
    "24": {
        "Easting": 372.14818747935294,
        "Northing": 80.18127156888151
    },
    "25": {
        "Easting": 366.64075661908004,
        "Northing": 30.373554280090204
    },
    "26": {
        "Easting": 319.00368339654517,
        "Northing": 131.96711138462172
    },
    "27": {
        "Easting": 341.34981473828157,
        "Northing": 69.67429273916048
    },
    "28": {
        "Easting": 315.10422536841844,
        "Northing": 126.61013246391245
    },
    "29": {
        "Easting": 288.25960581452364,
        "Northing": 107.26593733350217
    },
    "Depot": {
        "Easting": 0,
        "Northing": 0
    }
}