{
    "0": {
        "Easting": 764.8865322937967,
        "Northing": 144.0899461215161
    },
    "1": {
        "Easting": 772.5516049400655,
        "Northing": 161.242052770759
    },
    "2": {
        "Easting": 748.4056003793929,
        "Northing": 171.67556583196202
    },
    "3": {
        "Easting": 771.7163024985157,
        "Northing": 189.2252868560495
    },
    "4": {
        "Easting": 735.25449039657,
        "Northing": 131.54968011848658
    },
    "5": {
        "Easting": 817.4975912280368,
        "Northing": 201.46224498737885
    },
    "6": {
        "Easting": 522.9300540659839,
        "Northing": 283.1323144069569
    },
    "7": {
        "Easting": 569.6766304139675,
        "Northing": 323.03026871615634
    },
    "8": {
        "Easting": 570.3591542021715,
        "Northing": 270.40501424687096
    },
    "9": {
        "Easting": 479.33446418616774,
        "Northing": 263.11835988038325
    },
    "10": {
        "Easting": 573.9472989234345,
        "Northing": 272.3427216670533
    },
    "11": {
        "Easting": 618.889907421433,
        "Northing": 172.15993524150394
    },
    "12": {
        "Easting": 777.4151273055007,
        "Northing": 483.31529731247724
    },
    "13": {
        "Easting": 737.0962400090239,
        "Northing": 388.95853545138453
    },
    "14": {
        "Easting": 722.4919935397209,
        "Northing": 461.66782612947856
    },
    "15": {
        "Easting": 801.7564872459432,
        "Northing": 414.2037745629159
    },
    "16": {
        "Easting": 711.8540259012243,
        "Northing": 413.4133979601848
    },
    "17": {
        "Easting": 727.601765778384,
        "Northing": 437.19777831632445
    },
    "18": {
        "Easting": 733.4370899798537,
        "Northing": 245.51478466626952
    },
    "19": {
        "Easting": 657.2101238631075,
        "Northing": 269.87126144259054
    },
    "20": {
        "Easting": 734.4633054438564,
        "Northing": 225.80579153998613
    },
    "21": {
        "Easting": 777.965913708031,
        "Northing": 247.14217968289546
    },
    "22": {
        "Easting": 761.5968876983909,
        "Northing": 234.0125212661905
    },
    "23": {
        "Easting": 659.3744674617291,
        "Northing": 293.90890288541044
    },
    "24": {
        "Easting": 648.5097860606209,
        "Northing": 443.1425132652874
    },
    "25": {
        "Easting": 645.7544977720466,
        "Northing": 448.4623863564441
    },
    "26": {
        "Easting": 679.7408062225282,
        "Northing": 452.9000768125298
    },
    "27": {
        "Easting": 619.1145746486023,
        "Northing": 380.839313298997
    },
    "28": {
        "Easting": 674.0951413457783,
        "Northing": 463.9833963165056
    },
    "29": {
        "Easting": 608.8798310216166,
        "Northing": 440.6536967490377
    },
    "Depot": {
        "Easting": 0,
        "Northing": 0
    }
}