{
    "0": {
        "Easting": 154.9630879704248,
        "Northing": 183.37135684574127
    },
    "1": {
        "Easting": 268.60379912704286,
        "Northing": 195.5756190536077
    },
    "2": {
        "Easting": 277.18876846482806,
        "Northing": 290.1176417905038
    },
    "3": {
        "Easting": 303.71895019729584,
        "Northing": 258.02212164949907
    },
    "4": {
        "Easting": 234.81207502186186,
        "Northing": 187.94464618688895
    },
    "5": {
        "Easting": 301.57634404351774,
        "Northing": 155.3271532709406
    },
    "6": {
        "Easting": 310.0208881381079,
        "Northing": 299.59345402129287
    },
    "7": {
        "Easting": 430.0807770372163,
        "Northing": 273.2405125420896
    },
    "8": {
        "Easting": 380.3234080102561,
        "Northing": 273.93737356598
    },
    "9": {
        "Easting": 303.24686049066565,
        "Northing": 256.0617745152148
    },
    "10": {
        "Easting": 282.39861946450435,
        "Northing": 332.8755408738672
    },
    "11": {
        "Easting": 329.1218336362034,
        "Northing": 242.9593992082899
    },
    "12": {
        "Easting": 774.9601102240288,
        "Northing": 43.54930954969397
    },
    "13": {
        "Easting": 809.6701711156293,
        "Northing": 0.17512285667166694
    },
    "14": {
        "Easting": 812.4342630630632,
        "Northing": 47.00690615778436
    },
    "15": {
        "Easting": 719.3733615775465,
        "Northing": 22.938120064075985
    },
    "16": {
        "Easting": 800.0870474484868,
        "Northing": 19.132320025889314
    },
    "17": {
        "Easting": 804.0586101848028,
        "Northing": 3.202270636207248
    },
    "18": {
        "Easting": 488.7745940799004,
        "Northing": 451.92391174075175
    },
    "19": {
        "Easting": 507.707885230363,
        "Northing": 485.03325040781743
    },
    "20": {
        "Easting": 481.69931427795257,
        "Northing": 585.4629473220142
    },
    "21": {
        "Easting": 555.3279995907593,
        "Northing": 552.4127928204775
    },
    "22": {
        "Easting": 537.1224803796879,
        "Northing": 463.0482592083448
    },
    "23": {
        "Easting": 565.4139538400544,
        "Northing": 476.01937948309245
    },
    "24": {
        "Easting": 64.0917490569066,
        "Northing": 41.85972722445022
    },
    "25": {
        "Easting": 13.502574212737116,
        "Northing": 49.3186673374853
    },
    "26": {
        "Easting": 3.6829091565268968,
        "Northing": 29.305649653948933
    },
    "27": {
        "Easting": -73.69212040853233,
        "Northing": 63.13737754481464
    },
    "28": {
        "Easting": 85.56133887023697,
        "Northing": 105.07826529313493
    },
    "29": {
        "Easting": 35.48281444899007,
        "Northing": 127.1503514855945
    },
    "Depot": {
        "Easting": 0,
        "Northing": 0
    }
}