{
    "0": {
        "Easting": 576.2693483552679,
        "Northing": 226.77467131276234
    },
    "1": {
        "Easting": 611.8706463964998,
        "Northing": 374.6292228633005
    },
    "2": {
        "Easting": 583.0887202150253,
        "Northing": 317.8639637715773
    },
    "3": {
        "Easting": 606.3011507916875,
        "Northing": 319.9826425555541
    },
    "4": {
        "Easting": 545.8408638450994,
        "Northing": 280.44058555209966
    },
    "5": {
        "Easting": 627.6720896909943,
        "Northing": 281.63488790091367
    },
    "6": {
        "Easting": 676.0394966945556,
        "Northing": 307.6354711607768
    },
    "7": {
        "Easting": 620.6211551389168,
        "Northing": 297.3235387749085
    },
    "8": {
        "Easting": 736.1003502376949,
        "Northing": 491.9747692959474
    },
    "9": {
        "Easting": 688.7972965898347,
        "Northing": 445.9340560682027
    },
    "10": {
        "Easting": 753.8573318997727,
        "Northing": 379.18876136462757
    },
    "11": {
        "Easting": 741.5993300083336,
        "Northing": 479.9462916610707
    },
    "12": {
        "Easting": 720.397200729153,
        "Northing": 442.1048198538895
    },
    "13": {
        "Easting": 739.878517514255,
        "Northing": 464.4537931957543
    },
    "14": {
        "Easting": 741.7601653922959,
        "Northing": 440.9740974456681
    },
    "15": {
        "Easting": 797.6367535758657,
        "Northing": 484.8466717462317
    },
    "16": {
        "Easting": 22.32954788093714,
        "Northing": 364.2025198698906
    },
    "17": {
        "Easting": 12.293870848217171,
        "Northing": 302.0386095337866
    },
    "18": {
        "Easting": -18.80756674919923,
        "Northing": 408.99771934011267
    },
    "19": {
        "Easting": 15.741975755641834,
        "Northing": 452.72207260520645
    },
    "20": {
        "Easting": 19.538595889734303,
        "Northing": 413.2826566225793
    },
    "21": {
        "Easting": 56.2547439249508,
        "Northing": 431.40403148763517
    },
    "22": {
        "Easting": -16.644058472080292,
        "Northing": 423.52086626962836
    },
    "23": {
        "Easting": 2.9161094195033783,
        "Northing": 414.7347473344522
    },
    "24": {
        "Easting": 180.8137664745301,
        "Northing": 245.82915694078275
    },
    "25": {
        "Easting": 149.46227608197424,
        "Northing": 213.48737315690073
    },
    "26": {
        "Easting": 220.97390328494413,
        "Northing": 247.8530386978869
    },
    "27": {
        "Easting": 179.40555593264995,
        "Northing": 174.00220419316267
    },
    "28": {
        "Easting": 207.30576282556802,
        "Northing": 239.10541464074038
    },
    "29": {
        "Easting": 186.937746455882,
        "Northing": 151.71463602579445
    },
    "30": {
        "Easting": 153.91251907771357,
        "Northing": 276.9051746146912
    },
    "31": {
        "Easting": 79.9387466328577,
        "Northing": 88.94835269097373
    },
    "32": {
        "Easting": 661.1522579510523,
        "Northing": -4.826698982075399
    },
    "33": {
        "Easting": 615.9375837011712,
        "Northing": 101.878579722226
    },
    "34": {
        "Easting": 711.4417634197647,
        "Northing": 103.70158124804476
    },
    "35": {
        "Easting": 745.8444172682298,
        "Northing": 137.99483650578048
    },
    "36": {
        "Easting": 681.9415422080568,
        "Northing": 27.486179916741893
    },
    "37": {
        "Easting": 695.6842303373227,
        "Northing": 12.111104014558627
    },
    "38": {
        "Easting": 694.7333461447555,
        "Northing": -23.402625311519067
    },
    "39": {
        "Easting": 686.1809765233711,
        "Northing": 16.93836684571122
    },
    "Depot": {
        "Easting": 0,
        "Northing": 0
    }
}