{
    "0": {
        "Easting": 402.66646005084635,
        "Northing": 354.80470081954576
    },
    "1": {
        "Easting": 328.37753827990895,
        "Northing": 373.3276011926416
    },
    "2": {
        "Easting": 371.9028183927789,
        "Northing": 290.9717301009808
    },
    "3": {
        "Easting": 360.8142179852253,
        "Northing": 381.19399846168966
    },
    "4": {
        "Easting": 398.33178339613846,
        "Northing": 350.04572912214275
    },
    "5": {
        "Easting": 354.979291145208,
        "Northing": 296.61272585240187
    },
    "6": {
        "Easting": 339.40395349926956,
        "Northing": 306.54274743062194
    },
    "7": {
        "Easting": 424.4684155320969,
        "Northing": 353.8394195484856
    },
    "8": {
        "Easting": 649.5870746516002,
        "Northing": 354.7069920715903
    },
    "9": {
        "Easting": 630.4399873930565,
        "Northing": 310.60333176075994
    },
    "10": {
        "Easting": 694.7051130633408,
        "Northing": 329.4996154845869
    },
    "11": {
        "Easting": 614.9500679469293,
        "Northing": 301.72774369098397
    },
    "12": {
        "Easting": 718.3889380475068,
        "Northing": 356.40282387905296
    },
    "13": {
        "Easting": 686.9920992709647,
        "Northing": 298.4003868405053
    },
    "14": {
        "Easting": 665.0818266814526,
        "Northing": 316.8878652213561
    },
    "15": {
        "Easting": 695.5501757083146,
        "Northing": 340.4480247581191
    },
    "16": {
        "Easting": 697.5994134050244,
        "Northing": 494.6872452030739
    },
    "17": {
        "Easting": 703.5328968454471,
        "Northing": 417.970430455639
    },
    "18": {
        "Easting": 683.5785815031564,
        "Northing": 459.08930983868146
    },
    "19": {
        "Easting": 638.5325334363536,
        "Northing": 381.7967353101652
    },
    "20": {
        "Easting": 655.5038165702681,
        "Northing": 429.2195946087751
    },
    "21": {
        "Easting": 730.4476981898252,
        "Northing": 408.4899936997685
    },
    "22": {
        "Easting": 663.5616561588706,
        "Northing": 411.4090968214145
    },
    "23": {
        "Easting": 642.8445305622398,
        "Northing": 472.70536794549696
    },
    "24": {
        "Easting": 99.8979707841097,
        "Northing": 103.93204130894902
    },
    "25": {
        "Easting": 62.71304061997917,
        "Northing": 46.89782607652282
    },
    "26": {
        "Easting": 78.36053440923145,
        "Northing": 155.50584819660264
    },
    "27": {
        "Easting": 140.0765815896542,
        "Northing": 124.84521047015207
    },
    "28": {
        "Easting": 56.33604703717192,
        "Northing": 73.25755465926174
    },
    "29": {
        "Easting": 97.8290634023183,
        "Northing": 75.6590890645685
    },
    "30": {
        "Easting": 141.43062523881198,
        "Northing": 112.76815063902936
    },
    "31": {
        "Easting": 196.70433689744357,
        "Northing": 98.05363013463963
    },
    "32": {
        "Easting": 361.14448584705957,
        "Northing": 550.9655545443744
    },
    "33": {
        "Easting": 479.5277587209257,
        "Northing": 558.1953456558648
    },
    "34": {
        "Easting": 434.88952736375035,
        "Northing": 492.82376142088606
    },
    "35": {
        "Easting": 431.90712543642286,
        "Northing": 477.12495039436334
    },
    "36": {
        "Easting": 445.20206161679243,
        "Northing": 501.9411612765064
    },
    "37": {
        "Easting": 478.8088063261404,
        "Northing": 501.07649034256747
    },
    "38": {
        "Easting": 385.80797597922935,
        "Northing": 605.440711643956
    },
    "39": {
        "Easting": 514.2470726166835,
        "Northing": 590.5385429038819
    },
    "Depot": {
        "Easting": 0,
        "Northing": 0
    }
}