{
    "0": {
        "Easting": 259.6181924823198,
        "Northing": 223.75871162285978
    },
    "1": {
        "Easting": 257.50040103944895,
        "Northing": 223.2349350880853
    },
    "2": {
        "Easting": 291.97772212239784,
        "Northing": 276.86187009065367
    },
    "3": {
        "Easting": 320.37844180920337,
        "Northing": 173.59651196881825
    },
    "4": {
        "Easting": 307.35754177590724,
        "Northing": 245.70630416210136
    },
    "5": {
        "Easting": 352.3032671287633,
        "Northing": 170.01954968385692
    },
    "6": {
        "Easting": 312.4337459895985,
        "Northing": 252.78668062698935
    },
    "7": {
        "Easting": 300.33627855356303,
        "Northing": 249.91616207026698
    },
    "8": {
        "Easting": 113.9791809177134,
        "Northing": 54.78599770231042
    },
    "9": {
        "Easting": 116.39923539339077,
        "Northing": 43.65869264872579
    },
    "10": {
        "Easting": 122.93918287071955,
        "Northing": 22.707804493974606
    },
    "11": {
        "Easting": 136.01671485130692,
        "Northing": 14.27555560684494
    },
    "12": {
        "Easting": 183.55373549934467,
        "Northing": 28.711202267982735
    },
    "13": {
        "Easting": 106.9231154113443,
        "Northing": 59.58917598750928
    },
    "14": {
        "Easting": 169.52558827324964,
        "Northing": 20.79642604615182
    },
    "15": {
        "Easting": 145.17508256513793,
        "Northing": -7.378816561245863
    },
    "16": {
        "Easting": 503.3753526302891,
        "Northing": 427.43000106589056
    },
    "17": {
        "Easting": 513.3158404150423,
        "Northing": 367.2710149312442
    },
    "18": {
        "Easting": 576.8921907384679,
        "Northing": 342.15231099044144
    },
    "19": {
        "Easting": 501.14851155586376,
        "Northing": 412.4786985869238
    },
    "20": {
        "Easting": 481.85118577397947,
        "Northing": 398.54568444319375
    },
    "21": {
        "Easting": 513.1829052850537,
        "Northing": 452.9052424494949
    },
    "22": {
        "Easting": 507.8540729726468,
        "Northing": 434.9462453174789
    },
    "23": {
        "Easting": 496.56798637344167,
        "Northing": 373.3401890998551
    },
    "24": {
        "Easting": 28.368093516636712,
        "Northing": 510.3562139967471
    },
    "25": {
        "Easting": 60.793054168735694,
        "Northing": 506.6816860995731
    },
    "26": {
        "Easting": 2.6010206161138854,
        "Northing": 507.63288704687744
    },
    "27": {
        "Easting": 85.16934328535982,
        "Northing": 570.6776393017282
    },
    "28": {
        "Easting": 73.25412445674888,
        "Northing": 517.3150681984915
    },
    "29": {
        "Easting": -26.300162185669475,
        "Northing": 495.7924370144576
    },
    "30": {
        "Easting": -25.87620526719755,
        "Northing": 455.55368955755256
    },
    "31": {
        "Easting": -2.1600748694152863,
        "Northing": 431.74609929725614
    },
    "32": {
        "Easting": 121.10323208148998,
        "Northing": 13.279433356119657
    },
    "33": {
        "Easting": 110.75753234821389,
        "Northing": 15.940625732910728
    },
    "34": {
        "Easting": 145.6823103360653,
        "Northing": -12.733891990327294
    },
    "35": {
        "Easting": 140.125994727616,
        "Northing": 54.384904683745816
    },
    "36": {
        "Easting": 223.43780958208237,
        "Northing": 5.448321828413199
    },
    "37": {
        "Easting": 115.02880387534601,
        "Northing": -15.019699048270894
    },
    "38": {
        "Easting": 188.95949291210408,
        "Northing": 32.72833237451472
    },
    "39": {
        "Easting": 169.00633487150907,
        "Northing": 35.012725222458165
    },
    "Depot": {
        "Easting": 0,
        "Northing": 0
    }
}