{
    "0": {
        "Easting": 694.1978381946662,
        "Northing": 457.58241652346044
    },
    "1": {
        "Easting": 691.2644377737059,
        "Northing": 600.6714267757262
    },
    "2": {
        "Easting": 629.407726426271,
        "Northing": 553.0933402152131
    },
    "3": {
        "Easting": 643.9663870818815,
        "Northing": 495.8652118747814
    },
    "4": {
        "Easting": 684.8287846549986,
        "Northing": 520.8630291270466
    },
    "5": {
        "Easting": 658.0731641415041,
        "Northing": 539.1768347232057
    },
    "6": {
        "Easting": 683.4091862541934,
        "Northing": 582.1824311694945
    },
    "7": {
        "Easting": 719.1180768276915,
        "Northing": 556.7175852739194
    },
    "8": {
        "Easting": 472.96605209498784,
        "Northing": 184.15583326335448
    },
    "9": {
        "Easting": 506.22493838779064,
        "Northing": 238.86729836220132
    },
    "10": {
        "Easting": 480.0556762872217,
        "Northing": 231.71971552970052
    },
    "11": {
        "Easting": 508.9154152744831,
        "Northing": 301.442368062218
    },
    "12": {
        "Easting": 557.6302890355871,
        "Northing": 251.63836539897795
    },
    "13": {
        "Easting": 490.93299022092214,
        "Northing": 210.2435636228587
    },
    "14": {
        "Easting": 452.8092217336341,
        "Northing": 246.4083546083953
    },
    "15": {
        "Easting": 553.3849663156316,
        "Northing": 181.5065513918397
    },
    "16": {
        "Easting": 18.92863041854474,
        "Northing": 544.9575923506242
    },
    "17": {
        "Easting": 7.99901895636199,
        "Northing": 564.598007860224
    },
    "18": {
        "Easting": -4.167595153894387,
        "Northing": 512.0401235441126
    },
    "19": {
        "Easting": -81.34675421041698,
        "Northing": 504.87305740694325
    },
    "20": {
        "Easting": -38.777760604591364,
        "Northing": 544.1471042459758
    },
    "21": {
        "Easting": 7.548900470971144,
        "Northing": 536.9244895720502
    },
    "22": {
        "Easting": 17.737000088957306,
        "Northing": 509.42589925949954
    },
    "23": {
        "Easting": 74.8360872626986,
        "Northing": 553.4499938400855
    },
    "24": {
        "Easting": 210.57006067119795,
        "Northing": 221.27748593152106
    },
    "25": {
        "Easting": 225.96928599987103,
        "Northing": 270.1382676660656
    },
    "26": {
        "Easting": 154.71244333623997,
        "Northing": 179.5330310076942
    },
    "27": {
        "Easting": 171.63339225973576,
        "Northing": 251.51912860283784
    },
    "28": {
        "Easting": 142.21682728908888,
        "Northing": 274.1377033613562
    },
    "29": {
        "Easting": 143.03157255516624,
        "Northing": 278.0397615165634
    },
    "30": {
        "Easting": 136.4880322447368,
        "Northing": 159.10532190590106
    },
    "31": {
        "Easting": 220.52479036338963,
        "Northing": 225.35408386480952
    },
    "32": {
        "Easting": 162.09989286166427,
        "Northing": 308.58973759071034
    },
    "33": {
        "Easting": 23.745950674698975,
        "Northing": 157.43603895657407
    },
    "34": {
        "Easting": 163.76284395025777,
        "Northing": 306.4689699141238
    },
    "35": {
        "Easting": 73.40877715835808,
        "Northing": 234.7192878007624
    },
    "36": {
        "Easting": 143.64771696642998,
        "Northing": 309.233764623169
    },
    "37": {
        "Easting": 139.4735004249703,
        "Northing": 229.68280012702817
    },
    "38": {
        "Easting": 87.57223992751707,
        "Northing": 240.3262158902955
    },
    "39": {
        "Easting": 162.69883224702707,
        "Northing": 97.86832797052337
    },
    "Depot": {
        "Easting": 0,
        "Northing": 0
    }
}