{
    "0": {
        "Easting": 854.1710352969045,
        "Northing": 281.89741675110395
    },
    "1": {
        "Easting": 800.0755555180126,
        "Northing": 274.34542487524124
    },
    "2": {
        "Easting": 796.5769129578515,
        "Northing": 276.28967797562075
    },
    "3": {
        "Easting": 775.8140596766311,
        "Northing": 184.486232955466
    },
    "4": {
        "Easting": 803.0982429873985,
        "Northing": 264.80599468753485
    },
    "5": {
        "Easting": 798.5872283090538,
        "Northing": 249.73433309995877
    },
    "6": {
        "Easting": 763.5414909984787,
        "Northing": 273.83132122536136
    },
    "7": {
        "Easting": 832.7460278489289,
        "Northing": 181.12391515889104
    },
    "8": {
        "Easting": 132.37357604564397,
        "Northing": 314.718406719664
    },
    "9": {
        "Easting": 69.04235747304459,
        "Northing": 319.1544514791453
    },
    "10": {
        "Easting": 141.82564390348756,
        "Northing": 320.13524256847734
    },
    "11": {
        "Easting": 102.48029053207553,
        "Northing": 375.2877473970751
    },
    "12": {
        "Easting": 67.51259635149799,
        "Northing": 302.3431628136892
    },
    "13": {
        "Easting": 194.93282639285246,
        "Northing": 370.27254091054823
    },
    "14": {
        "Easting": 64.1878904223986,
        "Northing": 307.485270229721
    },
    "15": {
        "Easting": 108.65964851766303,
        "Northing": 303.91439628273844
    },
    "16": {
        "Easting": 511.63511361756,
        "Northing": 131.24269358937954
    },
    "17": {
        "Easting": 449.4433929811979,
        "Northing": 126.87046047903989
    },
    "18": {
        "Easting": 522.4707653151843,
        "Northing": 78.60135094940705
    },
    "19": {
        "Easting": 494.28110553227134,
        "Northing": 99.99046613602536
    },
    "20": {
        "Easting": 528.8293207836284,
        "Northing": 90.38085135186213
    },
    "21": {
        "Easting": 437.4569079943798,
        "Northing": 133.0027673557925
    },
    "22": {
        "Easting": 405.841466576746,
        "Northing": 121.89003095043142
    },
    "23": {
        "Easting": 505.82851763534137,
        "Northing": 43.95723070463376
    },
    "24": {
        "Easting": 366.8530122065949,
        "Northing": 302.6392878778261
    },
    "25": {
        "Easting": 462.6988852909669,
        "Northing": 372.4197899936879
    },
    "26": {
        "Easting": 398.026110901221,
        "Northing": 378.6194581063211
    },
    "27": {
        "Easting": 350.4660578525064,
        "Northing": 283.5082005899912
    },
    "28": {
        "Easting": 357.3811826622698,
        "Northing": 231.78195797198546
    },
    "29": {
        "Easting": 337.3504596230931,
        "Northing": 321.896272006369
    },
    "30": {
        "Easting": 316.151652321017,
        "Northing": 339.88088850406416
    },
    "31": {
        "Easting": 303.48235837070706,
        "Northing": 389.08241495090647
    },
    "32": {
        "Easting": 449.27972230960887,
        "Northing": 498.7800199905929
    },
    "33": {
        "Easting": 431.1825281328065,
        "Northing": 529.4487654151593
    },
    "34": {
        "Easting": 441.30372964788035,
        "Northing": 479.83167734188476
    },
    "35": {
        "Easting": 422.14951583153,
        "Northing": 528.0959053408789
    },
    "36": {
        "Easting": 476.8510187692284,
        "Northing": 477.93760845871213
    },
    "37": {
        "Easting": 487.0251465725765,
        "Northing": 492.8997927956637
    },
    "38": {
        "Easting": 445.3257578716425,
        "Northing": 461.89187876726515
    },
    "39": {
        "Easting": 428.5434983946087,
        "Northing": 462.3769212094436
    },
    "Depot": {
        "Easting": 0,
        "Northing": 0
    }
}