{
    "0": {
        "Easting": 1875.9516716926282,
        "Northing": 192.91836563916132
    },
    "1": {
        "Easting": 1667.6707681797307,
        "Northing": 166.41714958160446
    },
    "2": {
        "Easting": 2247.0865648699273,
        "Northing": 401.83339354685035
    },
    "3": {
        "Easting": 1926.6801819826208,
        "Northing": 528.234723750571
    },
    "4": {
        "Easting": 1426.1472648506024,
        "Northing": -49.12106966021747
    },
    "5": {
        "Easting": 1769.875026490207,
        "Northing": 31.260779657321564
    },
    "6": {
        "Easting": 2109.1338088287584,
        "Northing": 175.6122685965109
    },
    "7": {
        "Easting": 1742.8458524377036,
        "Northing": 443.12117865624026
    },
    "8": {
        "Easting": 181.11038765514337,
        "Northing": 315.8471368766607
    },
    "9": {
        "Easting": 87.68271028989749,
        "Northing": 555.2731878942204
    },
    "10": {
        "Easting": 438.40862982754845,
        "Northing": 647.7445474634164
    },
    "11": {
        "Easting": 423.83091164921825,
        "Northing": 327.5211302961186
    },
    "12": {
        "Easting": 396.45394369960763,
        "Northing": 518.2582101200032
    },
    "13": {
        "Easting": 191.00940739715685,
        "Northing": 596.2146254355766
    },
    "14": {
        "Easting": 227.18478985752546,
        "Northing": 567.3315454451479
    },
    "15": {
        "Easting": 250.62625158057403,
        "Northing": 529.7965691893098
    },
    "16": {
        "Easting": 2849.491169677415,
        "Northing": 3.8562294772143275
    },
    "17": {
        "Easting": 3044.06718272934,
        "Northing": 45.093936196616156
    },
    "18": {
        "Easting": 3088.344474271614,
        "Northing": 60.5753610203662
    },
    "19": {
        "Easting": 3131.8808886911747,
        "Northing": 112.77168081557332
    },
    "20": {
        "Easting": 2793.2335308852444,
        "Northing": 305.7433485397278
    },
    "21": {
        "Easting": 2663.4296413786174,
        "Northing": -236.94404412478994
    },
    "22": {
        "Easting": 2950.5742667135264,
        "Northing": 233.6539880288729
    },
    "23": {
        "Easting": 2753.7122315004112,
        "Northing": 107.39146586868793
    },
    "24": {
        "Easting": 2490.219415298761,
        "Northing": 893.0074804327548
    },
    "25": {
        "Easting": 2481.2325472155753,
        "Northing": 767.0818864352159
    },
    "26": {
        "Easting": 2403.855096270182,
        "Northing": 922.1123852507635
    },
    "27": {
        "Easting": 2510.47182540478,
        "Northing": 882.9415104977755
    },
    "28": {
        "Easting": 2250.824868772325,
        "Northing": 672.1318210165135
    },
    "29": {
        "Easting": 2540.65891993501,
        "Northing": 710.393926913292
    },
    "30": {
        "Easting": 2186.8747223162613,
        "Northing": 951.0732522196133
    },
    "31": {
        "Easting": 2556.369949721009,
        "Northing": 874.9769773343332
    },
    "32": {
        "Easting": 2746.949291957967,
        "Northing": 128.91684634307273
    },
    "33": {
        "Easting": 3136.3511412277235,
        "Northing": 319.6480653856204
    },
    "34": {
        "Easting": 3037.597350033495,
        "Northing": 270.71839655877176
    },
    "35": {
        "Easting": 2838.814429937538,
        "Northing": 408.12451550883884
    },
    "36": {
        "Easting": 2884.249075877505,
        "Northing": 404.11301681349926
    },
    "37": {
        "Easting": 3059.053304047947,
        "Northing": 341.21115354453127
    },
    "38": {
        "Easting": 2872.843441779033,
        "Northing": 693.0666533032678
    },
    "39": {
        "Easting": 3281.1291753394585,
        "Northing": 366.82674205532805
    },
    "Depot": {
        "Easting": 0,
        "Northing": 0
    }
}