{
    "0": {
        "Easting": 2126.9228648128174,
        "Northing": 522.6126660722502
    },
    "1": {
        "Easting": 1875.9516716926282,
        "Northing": 192.91836563916132
    },
    "2": {
        "Easting": 1875.6268646914684,
        "Northing": 489.0480417731736
    },
    "3": {
        "Easting": 2263.4739390971677,
        "Northing": 20.24405761714104
    },
    "4": {
        "Easting": 2018.2865487864099,
        "Northing": 43.49437452116729
    },
    "5": {
        "Easting": 1926.6801819826208,
        "Northing": 528.234723750571
    },
    "6": {
        "Easting": 1788.5496839929365,
        "Northing": 107.53859086287235
    },
    "7": {
        "Easting": 1769.875026490207,
        "Northing": 31.260779657321564
    },
    "8": {
        "Easting": 428.2868963218418,
        "Northing": 253.64768211959773
    },
    "9": {
        "Easting": -115.39358318589683,
        "Northing": 323.643355055502
    },
    "10": {
        "Easting": -56.9127001881709,
        "Northing": 515.6737331837082
    },
    "11": {
        "Easting": 484.1512268973073,
        "Northing": 267.4702601750529
    },
    "12": {
        "Easting": 380.6430489687002,
        "Northing": 343.0921630027896
    },
    "13": {
        "Easting": 229.90123716412842,
        "Northing": 465.9196425756153
    },
    "14": {
        "Easting": 434.44478096752925,
        "Northing": 449.4275916111612
    },
    "15": {
        "Easting": 250.62625158057403,
        "Northing": 529.7965691893098
    },
    "16": {
        "Easting": 2849.491169677415,
        "Northing": 3.8562294772143275
    },
    "17": {
        "Easting": 3296.911498352517,
        "Northing": 43.6553639508155
    },
    "18": {
        "Easting": 3088.344474271614,
        "Northing": 60.5753610203662
    },
    "19": {
        "Easting": 3131.8808886911747,
        "Northing": 112.77168081557332
    },
    "20": {
        "Easting": 3070.303101576885,
        "Northing": -56.036469535192545
    },
    "21": {
        "Easting": 3183.3922103422774,
        "Northing": -115.56108813175891
    },
    "22": {
        "Easting": 2793.2335308852444,
        "Northing": 305.7433485397278
    },
    "23": {
        "Easting": 2857.4540433158945,
        "Northing": 269.5918899084925
    },
    "24": {
        "Easting": 2481.2325472155753,
        "Northing": 767.0818864352159
    },
    "25": {
        "Easting": 2510.47182540478,
        "Northing": 882.9415104977755
    },
    "26": {
        "Easting": 2212.5711895698837,
        "Northing": 668.1931465653158
    },
    "27": {
        "Easting": 2158.0641036341635,
        "Northing": 1068.0431181797667
    },
    "28": {
        "Easting": 1932.1570397234316,
        "Northing": 640.6256745355183
    },
    "29": {
        "Easting": 2867.849919215856,
        "Northing": 771.7585472049744
    },
    "30": {
        "Easting": 2199.8623409953498,
        "Northing": 964.9480302175148
    },
    "31": {
        "Easting": 2330.470080540989,
        "Northing": 930.336338293346
    },
    "32": {
        "Easting": 2741.215541049382,
        "Northing": -10.803019071689675
    },
    "33": {
        "Easting": 2746.949291957967,
        "Northing": 128.91684634307273
    },
    "34": {
        "Easting": 2838.814429937538,
        "Northing": 408.12451550883884
    },
    "35": {
        "Easting": 2884.249075877505,
        "Northing": 404.11301681349926
    },
    "36": {
        "Easting": 2938.7061154774806,
        "Northing": 223.98209623195004
    },
    "37": {
        "Easting": 3164.9525194211974,
        "Northing": 4.54272638896947
    },
    "38": {
        "Easting": 2823.859826338308,
        "Northing": 101.08303054337821
    },
    "39": {
        "Easting": 2866.671320883606,
        "Northing": 0.566860607126813
    },
    "Depot": {
        "Easting": 0,
        "Northing": 0
    }
}