{
    "0": {
        "Easting": 1875.9516716926282,
        "Northing": 192.91836563916132
    },
    "1": {
        "Easting": 2247.0865648699273,
        "Northing": 401.83339354685035
    },
    "2": {
        "Easting": 1795.641752801154,
        "Northing": 432.3999161372549
    },
    "3": {
        "Easting": 1479.4862105531533,
        "Northing": 430.4302058202577
    },
    "4": {
        "Easting": 1942.8985077418351,
        "Northing": 572.7280594850065
    },
    "5": {
        "Easting": 2263.4739390971677,
        "Northing": 20.24405761714104
    },
    "6": {
        "Easting": 1599.5385606824946,
        "Northing": 161.74174688476285
    },
    "7": {
        "Easting": 1769.875026490207,
        "Northing": 31.260779657321564
    },
    "8": {
        "Easting": 181.11038765514337,
        "Northing": 315.8471368766607
    },
    "9": {
        "Easting": 428.2868963218418,
        "Northing": 253.64768211959773
    },
    "10": {
        "Easting": -115.39358318589683,
        "Northing": 323.643355055502
    },
    "11": {
        "Easting": -195.19605158040162,
        "Northing": 552.8329326036434
    },
    "12": {
        "Easting": 396.45394369960763,
        "Northing": 518.2582101200032
    },
    "13": {
        "Easting": 191.00940739715685,
        "Northing": 596.2146254355766
    },
    "14": {
        "Easting": 229.90123716412842,
        "Northing": 465.9196425756153
    },
    "15": {
        "Easting": 434.44478096752925,
        "Northing": 449.4275916111612
    },
    "16": {
        "Easting": 2822.89718763217,
        "Northing": -100.56147971308002
    },
    "17": {
        "Easting": 2906.9840367097117,
        "Northing": -78.78585839431048
    },
    "18": {
        "Easting": 3088.344474271614,
        "Northing": 60.5753610203662
    },
    "19": {
        "Easting": 3131.8808886911747,
        "Northing": 112.77168081557332
    },
    "20": {
        "Easting": 3056.459205016677,
        "Northing": 261.93008277920205
    },
    "21": {
        "Easting": 2857.4540433158945,
        "Northing": 269.5918899084925
    },
    "22": {
        "Easting": 2847.55038908178,
        "Northing": 367.68201198249204
    },
    "23": {
        "Easting": 2857.815853288535,
        "Northing": 23.064172313876398
    },
    "24": {
        "Easting": 2490.219415298761,
        "Northing": 893.0074804327548
    },
    "25": {
        "Easting": 2403.855096270182,
        "Northing": 922.1123852507635
    },
    "26": {
        "Easting": 2510.47182540478,
        "Northing": 882.9415104977755
    },
    "27": {
        "Easting": 2158.0641036341635,
        "Northing": 1068.0431181797667
    },
    "28": {
        "Easting": 1932.1570397234316,
        "Northing": 640.6256745355183
    },
    "29": {
        "Easting": 2867.849919215856,
        "Northing": 771.7585472049744
    },
    "30": {
        "Easting": 2540.65891993501,
        "Northing": 710.393926913292
    },
    "31": {
        "Easting": 2556.369949721009,
        "Northing": 874.9769773343332
    },
    "32": {
        "Easting": 2860.2606778270606,
        "Northing": 598.8624726091965
    },
    "33": {
        "Easting": 2741.215541049382,
        "Northing": -10.803019071689675
    },
    "34": {
        "Easting": 2746.949291957967,
        "Northing": 128.91684634307273
    },
    "35": {
        "Easting": 3136.3511412277235,
        "Northing": 319.6480653856204
    },
    "36": {
        "Easting": 3059.053304047947,
        "Northing": 341.21115354453127
    },
    "37": {
        "Easting": 3408.005880743507,
        "Northing": 135.77682587232158
    },
    "38": {
        "Easting": 2911.549344344692,
        "Northing": 340.0466745346492
    },
    "39": {
        "Easting": 2823.859826338308,
        "Northing": 101.08303054337821
    },
    "Depot": {
        "Easting": 0,
        "Northing": 0
    }
}