{
    "0": {
        "Easting": 2126.9228648128174,
        "Northing": 522.6126660722502
    },
    "1": {
        "Easting": 1997.926860664463,
        "Northing": 484.7344201398315
    },
    "2": {
        "Easting": 1875.6268646914684,
        "Northing": 489.0480417731736
    },
    "3": {
        "Easting": 1795.641752801154,
        "Northing": 432.3999161372549
    },
    "4": {
        "Easting": 1942.8985077418351,
        "Northing": 572.7280594850065
    },
    "5": {
        "Easting": 1426.1472648506024,
        "Northing": -49.12106966021747
    },
    "6": {
        "Easting": 1599.5385606824946,
        "Northing": 161.74174688476285
    },
    "7": {
        "Easting": 1769.875026490207,
        "Northing": 31.260779657321564
    },
    "8": {
        "Easting": 428.2868963218418,
        "Northing": 253.64768211959773
    },
    "9": {
        "Easting": 68.86414790165986,
        "Northing": 328.75391915981675
    },
    "10": {
        "Easting": 438.40862982754845,
        "Northing": 647.7445474634164
    },
    "11": {
        "Easting": -195.19605158040162,
        "Northing": 552.8329326036434
    },
    "12": {
        "Easting": 423.83091164921825,
        "Northing": 327.5211302961186
    },
    "13": {
        "Easting": 131.44931039070087,
        "Northing": 369.547381897961
    },
    "14": {
        "Easting": 191.00940739715685,
        "Northing": 596.2146254355766
    },
    "15": {
        "Easting": 179.8526381677723,
        "Northing": 590.4530260964357
    },
    "16": {
        "Easting": 3296.911498352517,
        "Northing": 43.6553639508155
    },
    "17": {
        "Easting": 3044.06718272934,
        "Northing": 45.093936196616156
    },
    "18": {
        "Easting": 2793.2335308852444,
        "Northing": 305.7433485397278
    },
    "19": {
        "Easting": 2663.4296413786174,
        "Northing": -236.94404412478994
    },
    "20": {
        "Easting": 2847.55038908178,
        "Northing": 367.68201198249204
    },
    "21": {
        "Easting": 2857.815853288535,
        "Northing": 23.064172313876398
    },
    "22": {
        "Easting": 3032.281543985631,
        "Northing": 340.3196691320431
    },
    "23": {
        "Easting": 2753.7122315004112,
        "Northing": 107.39146586868793
    },
    "24": {
        "Easting": 2403.855096270182,
        "Northing": 922.1123852507635
    },
    "25": {
        "Easting": 2226.2037722448968,
        "Northing": 860.9778340761604
    },
    "26": {
        "Easting": 2432.535674571434,
        "Northing": 1313.2160121174315
    },
    "27": {
        "Easting": 1932.1570397234316,
        "Northing": 640.6256745355183
    },
    "28": {
        "Easting": 2104.6491070939815,
        "Northing": 1245.3253411704382
    },
    "29": {
        "Easting": 2214.668204692291,
        "Northing": 324.91122783392245
    },
    "30": {
        "Easting": 2540.65891993501,
        "Northing": 710.393926913292
    },
    "31": {
        "Easting": 2330.470080540989,
        "Northing": 930.336338293346
    },
    "32": {
        "Easting": 2860.2606778270606,
        "Northing": 598.8624726091965
    },
    "33": {
        "Easting": 2741.215541049382,
        "Northing": -10.803019071689675
    },
    "34": {
        "Easting": 3136.3511412277235,
        "Northing": 319.6480653856204
    },
    "35": {
        "Easting": 3009.0525184806324,
        "Northing": 422.0668796794024
    },
    "36": {
        "Easting": 2858.335812151987,
        "Northing": 146.86917686377464
    },
    "37": {
        "Easting": 3164.9525194211974,
        "Northing": 4.54272638896947
    },
    "38": {
        "Easting": 2911.549344344692,
        "Northing": 340.0466745346492
    },
    "39": {
        "Easting": 2823.859826338308,
        "Northing": 101.08303054337821
    },
    "Depot": {
        "Easting": 0,
        "Northing": 0
    }
}