{
    "0": {
        "Easting": 1479.4862105531533,
        "Northing": 430.4302058202577
    },
    "1": {
        "Easting": 2263.4739390971677,
        "Northing": 20.24405761714104
    },
    "2": {
        "Easting": 1926.6801819826208,
        "Northing": 528.234723750571
    },
    "3": {
        "Easting": 1426.1472648506024,
        "Northing": -49.12106966021747
    },
    "4": {
        "Easting": 1792.1153329501367,
        "Northing": 290.2034987728203
    },
    "5": {
        "Easting": 1599.5385606824946,
        "Northing": 161.74174688476285
    },
    "6": {
        "Easting": 1788.5496839929365,
        "Northing": 107.53859086287235
    },
    "7": {
        "Easting": 2109.1338088287584,
        "Northing": 175.6122685965109
    },
    "8": {
        "Easting": -115.39358318589683,
        "Northing": 323.643355055502
    },
    "9": {
        "Easting": 438.40862982754845,
        "Northing": 647.7445474634164
    },
    "10": {
        "Easting": 380.6430489687002,
        "Northing": 343.0921630027896
    },
    "11": {
        "Easting": 396.45394369960763,
        "Northing": 518.2582101200032
    },
    "12": {
        "Easting": 229.90123716412842,
        "Northing": 465.9196425756153
    },
    "13": {
        "Easting": 179.8526381677723,
        "Northing": 590.4530260964357
    },
    "14": {
        "Easting": 434.44478096752925,
        "Northing": 449.4275916111612
    },
    "15": {
        "Easting": 250.62625158057403,
        "Northing": 529.7965691893098
    },
    "16": {
        "Easting": 2822.89718763217,
        "Northing": -100.56147971308002
    },
    "17": {
        "Easting": 3296.911498352517,
        "Northing": 43.6553639508155
    },
    "18": {
        "Easting": 3131.8808886911747,
        "Northing": 112.77168081557332
    },
    "19": {
        "Easting": 2793.2335308852444,
        "Northing": 305.7433485397278
    },
    "20": {
        "Easting": 3062.3995352000056,
        "Northing": 83.53191307621717
    },
    "21": {
        "Easting": 3056.459205016677,
        "Northing": 261.93008277920205
    },
    "22": {
        "Easting": 3032.281543985631,
        "Northing": 340.3196691320431
    },
    "23": {
        "Easting": 2753.7122315004112,
        "Northing": 107.39146586868793
    },
    "24": {
        "Easting": 2510.47182540478,
        "Northing": 882.9415104977755
    },
    "25": {
        "Easting": 2226.2037722448968,
        "Northing": 860.9778340761604
    },
    "26": {
        "Easting": 1932.1570397234316,
        "Northing": 640.6256745355183
    },
    "27": {
        "Easting": 2867.849919215856,
        "Northing": 771.7585472049744
    },
    "28": {
        "Easting": 2214.668204692291,
        "Northing": 324.91122783392245
    },
    "29": {
        "Easting": 2540.65891993501,
        "Northing": 710.393926913292
    },
    "30": {
        "Easting": 2186.8747223162613,
        "Northing": 951.0732522196133
    },
    "31": {
        "Easting": 2505.294932967548,
        "Northing": 955.5156820435268
    },
    "32": {
        "Easting": 2838.814429937538,
        "Northing": 408.12451550883884
    },
    "33": {
        "Easting": 2941.3136729356743,
        "Northing": 106.2025881776751
    },
    "34": {
        "Easting": 2884.249075877505,
        "Northing": 404.11301681349926
    },
    "35": {
        "Easting": 2938.7061154774806,
        "Northing": 223.98209623195004
    },
    "36": {
        "Easting": 2872.843441779033,
        "Northing": 693.0666533032678
    },
    "37": {
        "Easting": 2955.7619899225015,
        "Northing": 387.0598193932999
    },
    "38": {
        "Easting": 3281.1291753394585,
        "Northing": 366.82674205532805
    },
    "39": {
        "Easting": 2866.671320883606,
        "Northing": 0.566860607126813
    },
    "Depot": {
        "Easting": 0,
        "Northing": 0
    }
}