{
    "0": {
        "Easting": 1735.4085604918146,
        "Northing": 12.057822975377292
    },
    "1": {
        "Easting": 1599.5321487937827,
        "Northing": 167.70474580725576
    },
    "2": {
        "Easting": 1404.3993555965728,
        "Northing": 502.788561858247
    },
    "3": {
        "Easting": 1460.8608989649972,
        "Northing": 246.95045186089908
    },
    "4": {
        "Easting": 1236.80831252486,
        "Northing": 5.703039498987863
    },
    "5": {
        "Easting": 1573.7881036579151,
        "Northing": 214.2535599442518
    },
    "6": {
        "Easting": 1016.3247347507508,
        "Northing": 272.29285537132523
    },
    "7": {
        "Easting": 1271.935474224706,
        "Northing": -90.71309627020142
    },
    "8": {
        "Easting": 1511.304630765315,
        "Northing": 596.4564030645536
    },
    "9": {
        "Easting": 1677.9901134399784,
        "Northing": 1013.8145996810774
    },
    "10": {
        "Easting": 1566.5480457688686,
        "Northing": 672.599193106045
    },
    "11": {
        "Easting": 1605.2512461741107,
        "Northing": 947.1297070111574
    },
    "12": {
        "Easting": 1490.4453364369847,
        "Northing": 764.053495852537
    },
    "13": {
        "Easting": 1085.853989918725,
        "Northing": 540.0638412791084
    },
    "14": {
        "Easting": 1428.5682625829236,
        "Northing": 849.515974808423
    },
    "15": {
        "Easting": 1253.3228804776281,
        "Northing": 901.2500771159833
    },
    "16": {
        "Easting": 628.5392448977559,
        "Northing": 1674.7959557863335
    },
    "17": {
        "Easting": 397.5830719385717,
        "Northing": 1607.315135334618
    },
    "18": {
        "Easting": 490.29831459441044,
        "Northing": 1477.75458604507
    },
    "19": {
        "Easting": 577.1396565078917,
        "Northing": 2035.047432778255
    },
    "20": {
        "Easting": 305.6647927177518,
        "Northing": 1879.2720046810343
    },
    "21": {
        "Easting": 724.405107975547,
        "Northing": 1637.9401687197
    },
    "22": {
        "Easting": 612.8143914346065,
        "Northing": 1504.6618381925132
    },
    "23": {
        "Easting": 463.5005536993615,
        "Northing": 1786.6215651454263
    },
    "24": {
        "Easting": 1296.3096130499914,
        "Northing": 1001.1400686814713
    },
    "25": {
        "Easting": 1396.4666479892453,
        "Northing": 1032.953710813604
    },
    "26": {
        "Easting": 1480.5913540927927,
        "Northing": 992.8186027953284
    },
    "27": {
        "Easting": 1321.5653733476772,
        "Northing": 788.1170870122056
    },
    "28": {
        "Easting": 1763.515471536834,
        "Northing": 656.7038726263198
    },
    "29": {
        "Easting": 1170.83784239958,
        "Northing": 473.14388298842186
    },
    "30": {
        "Easting": 1561.3373772802283,
        "Northing": 581.6225869162197
    },
    "31": {
        "Easting": 1738.5221445409718,
        "Northing": 956.3361286284926
    },
    "32": {
        "Easting": -15.297461100912813,
        "Northing": 1271.0558306056062
    },
    "33": {
        "Easting": 298.2566272541711,
        "Northing": 999.7135929222459
    },
    "34": {
        "Easting": 358.6698559341629,
        "Northing": 760.9330405420535
    },
    "35": {
        "Easting": 149.4301488943572,
        "Northing": 972.8883334739146
    },
    "36": {
        "Easting": -280.64046925142475,
        "Northing": 835.701299394451
    },
    "37": {
        "Easting": -57.793507269308535,
        "Northing": 1045.3633596674697
    },
    "38": {
        "Easting": 247.09917728898535,
        "Northing": 780.6746901196134
    },
    "39": {
        "Easting": -148.80202728747338,
        "Northing": 1020.9583357949098
    },
    "Depot": {
        "Easting": 0,
        "Northing": 0
    }
}