{
    "0": {
        "Easting": 1735.4085604918146,
        "Northing": 12.057822975377292
    },
    "1": {
        "Easting": 1404.3993555965728,
        "Northing": 502.788561858247
    },
    "2": {
        "Easting": 1429.1839484164366,
        "Northing": 23.481053433211684
    },
    "3": {
        "Easting": 1460.8608989649972,
        "Northing": 246.95045186089908
    },
    "4": {
        "Easting": 1625.6738534959577,
        "Northing": -66.46315470868927
    },
    "5": {
        "Easting": 1016.3247347507508,
        "Northing": 272.29285537132523
    },
    "6": {
        "Easting": 1271.935474224706,
        "Northing": -90.71309627020142
    },
    "7": {
        "Easting": 1367.1790759862868,
        "Northing": 287.15902408960386
    },
    "8": {
        "Easting": 1843.742353875969,
        "Northing": 694.4057523754138
    },
    "9": {
        "Easting": 1729.681479067178,
        "Northing": 565.7054645139671
    },
    "10": {
        "Easting": 1085.853989918725,
        "Northing": 540.0638412791084
    },
    "11": {
        "Easting": 1268.0670329349853,
        "Northing": 252.8439238501822
    },
    "12": {
        "Easting": 1550.0942038599262,
        "Northing": 970.1105150566112
    },
    "13": {
        "Easting": 1710.5960004218655,
        "Northing": 518.0351239439378
    },
    "14": {
        "Easting": 1428.5682625829236,
        "Northing": 849.515974808423
    },
    "15": {
        "Easting": 1253.3228804776281,
        "Northing": 901.2500771159833
    },
    "16": {
        "Easting": 723.0250938162433,
        "Northing": 1534.4812871344498
    },
    "17": {
        "Easting": 442.3890919738701,
        "Northing": 1717.8895207482906
    },
    "18": {
        "Easting": 515.3075614861222,
        "Northing": 1453.9473253214892
    },
    "19": {
        "Easting": 397.5830719385717,
        "Northing": 1607.315135334618
    },
    "20": {
        "Easting": 577.1396565078917,
        "Northing": 2035.047432778255
    },
    "21": {
        "Easting": 589.514448384738,
        "Northing": 1409.2355275546252
    },
    "22": {
        "Easting": 724.405107975547,
        "Northing": 1637.9401687197
    },
    "23": {
        "Easting": 344.8989460389107,
        "Northing": 1363.7843365159272
    },
    "24": {
        "Easting": 1613.6614616893453,
        "Northing": 1027.7958943013814
    },
    "25": {
        "Easting": 1375.9555632768333,
        "Northing": 571.0000532948246
    },
    "26": {
        "Easting": 1480.5913540927927,
        "Northing": 992.8186027953284
    },
    "27": {
        "Easting": 1730.8697224445766,
        "Northing": 1085.817173607545
    },
    "28": {
        "Easting": 1551.33651376943,
        "Northing": 666.0296001423764
    },
    "29": {
        "Easting": 1738.5221445409718,
        "Northing": 956.3361286284926
    },
    "30": {
        "Easting": 1477.8542989370953,
        "Northing": 1021.1729822603753
    },
    "31": {
        "Easting": 1705.2595312175424,
        "Northing": 969.7242212336695
    },
    "32": {
        "Easting": -15.297461100912813,
        "Northing": 1271.0558306056062
    },
    "33": {
        "Easting": -197.46485145621529,
        "Northing": 1126.1495169042564
    },
    "34": {
        "Easting": 22.346644606180973,
        "Northing": 873.1016753297578
    },
    "35": {
        "Easting": 261.76080385236025,
        "Northing": 633.6811330692483
    },
    "36": {
        "Easting": 149.4301488943572,
        "Northing": 972.8883334739146
    },
    "37": {
        "Easting": 176.35859931219352,
        "Northing": 829.3197958306339
    },
    "38": {
        "Easting": -87.95344275873437,
        "Northing": 963.0415066735445
    },
    "39": {
        "Easting": 221.49700363904083,
        "Northing": 758.243411482888
    },
    "Depot": {
        "Easting": 0,
        "Northing": 0
    }
}