{
    "0": {
        "Easting": 1599.5321487937827,
        "Northing": 167.70474580725576
    },
    "1": {
        "Easting": 1404.3993555965728,
        "Northing": 502.788561858247
    },
    "2": {
        "Easting": 1460.8608989649972,
        "Northing": 246.95045186089908
    },
    "3": {
        "Easting": 1625.6738534959577,
        "Northing": -66.46315470868927
    },
    "4": {
        "Easting": 1614.696087549083,
        "Northing": -192.91676409835136
    },
    "5": {
        "Easting": 1573.7881036579151,
        "Northing": 214.2535599442518
    },
    "6": {
        "Easting": 1016.3247347507508,
        "Northing": 272.29285537132523
    },
    "7": {
        "Easting": 1589.2570149603337,
        "Northing": 156.8987095524806
    },
    "8": {
        "Easting": 1521.8283246514718,
        "Northing": 699.4964715303012
    },
    "9": {
        "Easting": 1843.742353875969,
        "Northing": 694.4057523754138
    },
    "10": {
        "Easting": 1677.9901134399784,
        "Northing": 1013.8145996810774
    },
    "11": {
        "Easting": 1851.7012430689508,
        "Northing": 842.3453334877101
    },
    "12": {
        "Easting": 1620.5139092056372,
        "Northing": 803.4619993843733
    },
    "13": {
        "Easting": 1605.2512461741107,
        "Northing": 947.1297070111574
    },
    "14": {
        "Easting": 1268.0670329349853,
        "Northing": 252.8439238501822
    },
    "15": {
        "Easting": 1428.5682625829236,
        "Northing": 849.515974808423
    },
    "16": {
        "Easting": 723.0250938162433,
        "Northing": 1534.4812871344498
    },
    "17": {
        "Easting": 350.8609477836306,
        "Northing": 1443.9141185937963
    },
    "18": {
        "Easting": 397.5830719385717,
        "Northing": 1607.315135334618
    },
    "19": {
        "Easting": 410.8167258063361,
        "Northing": 1691.5544042175213
    },
    "20": {
        "Easting": 589.514448384738,
        "Northing": 1409.2355275546252
    },
    "21": {
        "Easting": 395.4341790520244,
        "Northing": 1302.0901659420435
    },
    "22": {
        "Easting": 724.405107975547,
        "Northing": 1637.9401687197
    },
    "23": {
        "Easting": 463.5005536993615,
        "Northing": 1786.6215651454263
    },
    "24": {
        "Easting": 1613.6614616893453,
        "Northing": 1027.7958943013814
    },
    "25": {
        "Easting": 1296.3096130499914,
        "Northing": 1001.1400686814713
    },
    "26": {
        "Easting": 1375.9555632768333,
        "Northing": 571.0000532948246
    },
    "27": {
        "Easting": 1480.5913540927927,
        "Northing": 992.8186027953284
    },
    "28": {
        "Easting": 1763.515471536834,
        "Northing": 656.7038726263198
    },
    "29": {
        "Easting": 1170.83784239958,
        "Northing": 473.14388298842186
    },
    "30": {
        "Easting": 1477.8542989370953,
        "Northing": 1021.1729822603753
    },
    "31": {
        "Easting": 1607.4275092378293,
        "Northing": 481.06116598855704
    },
    "32": {
        "Easting": -197.46485145621529,
        "Northing": 1126.1495169042564
    },
    "33": {
        "Easting": 22.346644606180973,
        "Northing": 873.1016753297578
    },
    "34": {
        "Easting": 298.2566272541711,
        "Northing": 999.7135929222459
    },
    "35": {
        "Easting": 176.35859931219352,
        "Northing": 829.3197958306339
    },
    "36": {
        "Easting": 111.84376410059895,
        "Northing": 475.7395274733294
    },
    "37": {
        "Easting": -87.95344275873437,
        "Northing": 963.0415066735445
    },
    "38": {
        "Easting": 247.09917728898535,
        "Northing": 780.6746901196134
    },
    "39": {
        "Easting": -148.80202728747338,
        "Northing": 1020.9583357949098
    },
    "Depot": {
        "Easting": 0,
        "Northing": 0
    }
}