{
    "0": {
        "Easting": 1429.1839484164366,
        "Northing": 23.481053433211684
    },
    "1": {
        "Easting": 1897.3783517794398,
        "Northing": -52.20591336299498
    },
    "2": {
        "Easting": 1625.6738534959577,
        "Northing": -66.46315470868927
    },
    "3": {
        "Easting": 1614.696087549083,
        "Northing": -192.91676409835136
    },
    "4": {
        "Easting": 1573.7881036579151,
        "Northing": 214.2535599442518
    },
    "5": {
        "Easting": 1271.935474224706,
        "Northing": -90.71309627020142
    },
    "6": {
        "Easting": 1593.7493635047633,
        "Northing": 358.0331346584882
    },
    "7": {
        "Easting": 1589.2570149603337,
        "Northing": 156.8987095524806
    },
    "8": {
        "Easting": 1312.757746596724,
        "Northing": 911.9804842441833
    },
    "9": {
        "Easting": 1521.8283246514718,
        "Northing": 699.4964715303012
    },
    "10": {
        "Easting": 1843.742353875969,
        "Northing": 694.4057523754138
    },
    "11": {
        "Easting": 1851.7012430689508,
        "Northing": 842.3453334877101
    },
    "12": {
        "Easting": 1582.7974832512857,
        "Northing": 567.3006868016516
    },
    "13": {
        "Easting": 1490.4453364369847,
        "Northing": 764.053495852537
    },
    "14": {
        "Easting": 1729.681479067178,
        "Northing": 565.7054645139671
    },
    "15": {
        "Easting": 1268.0670329349853,
        "Northing": 252.8439238501822
    },
    "16": {
        "Easting": 442.3890919738701,
        "Northing": 1717.8895207482906
    },
    "17": {
        "Easting": 397.5830719385717,
        "Northing": 1607.315135334618
    },
    "18": {
        "Easting": 729.7354978870263,
        "Northing": 1765.7607313203532
    },
    "19": {
        "Easting": 395.4341790520244,
        "Northing": 1302.0901659420435
    },
    "20": {
        "Easting": 724.405107975547,
        "Northing": 1637.9401687197
    },
    "21": {
        "Easting": 612.8143914346065,
        "Northing": 1504.6618381925132
    },
    "22": {
        "Easting": 518.0791163380552,
        "Northing": 1850.346527116511
    },
    "23": {
        "Easting": 463.5005536993615,
        "Northing": 1786.6215651454263
    },
    "24": {
        "Easting": 1398.7873847203855,
        "Northing": 1000.9868854968676
    },
    "25": {
        "Easting": 1252.0743264993027,
        "Northing": 561.5960055284127
    },
    "26": {
        "Easting": 1296.3096130499914,
        "Northing": 1001.1400686814713
    },
    "27": {
        "Easting": 1375.9555632768333,
        "Northing": 571.0000532948246
    },
    "28": {
        "Easting": 1321.5653733476772,
        "Northing": 788.1170870122056
    },
    "29": {
        "Easting": 1185.1733823245556,
        "Northing": 885.2734939014156
    },
    "30": {
        "Easting": 1170.83784239958,
        "Northing": 473.14388298842186
    },
    "31": {
        "Easting": 1738.5221445409718,
        "Northing": 956.3361286284926
    },
    "32": {
        "Easting": 358.6698559341629,
        "Northing": 760.9330405420535
    },
    "33": {
        "Easting": 261.76080385236025,
        "Northing": 633.6811330692483
    },
    "34": {
        "Easting": 176.35859931219352,
        "Northing": 829.3197958306339
    },
    "35": {
        "Easting": -13.444837665912644,
        "Northing": 1038.3004828213723
    },
    "36": {
        "Easting": -87.95344275873437,
        "Northing": 963.0415066735445
    },
    "37": {
        "Easting": 9.360644722093795,
        "Northing": 976.0806027948142
    },
    "38": {
        "Easting": 221.49700363904083,
        "Northing": 758.243411482888
    },
    "39": {
        "Easting": -148.80202728747338,
        "Northing": 1020.9583357949098
    },
    "Depot": {
        "Easting": 0,
        "Northing": 0
    }
}