{
    "0": {
        "Location": "CAF095",
        "Easting": 223.52663831870674,
        "Northing": 169.76741975321693
    },
    "1": {
        "Location": "CAF308",
        "Easting": 277.63321829496863,
        "Northing": 283.92722043126076
    },
    "2": {
        "Location": "CAF135",
        "Easting": 830.251412892918,
        "Northing": 168.06199171177659
    },
    "3": {
        "Location": "CAF119",
        "Easting": 425.27882630598225,
        "Northing": 479.503921479064
    },
    "4": {
        "Location": "CAF125",
        "Easting": 337.9466372801267,
        "Northing": 238.2965551775807
    },
    "5": {
        "Location": "CAF245",
        "Easting": 34.14850556380035,
        "Northing": 185.79103160084406
    },
    "6": {
        "Location": "CAF133",
        "Easting": 15.346645080473314,
        "Northing": 542.5642339708673
    },
    "7": {
        "Location": "CAF237",
        "Easting": 455.66404286712503,
        "Northing": 485.71669746189633
    },
    "8": {
        "Location": "CAF035",
        "Easting": 810.6572079283577,
        "Northing": 475.90651687389266
    },
    "9": {
        "Location": "CAF141",
        "Easting": 16.33916969631768,
        "Northing": 297.1313911109166
    },
    "10": {
        "Location": "CAF357",
        "Easting": 62.964852766581956,
        "Northing": 429.7717327283159
    },
    "11": {
        "Location": "CAF197",
        "Easting": 165.50081673414175,
        "Northing": 217.1995652712688
    },
    "12": {
        "Location": "CAF397",
        "Easting": 474.92260043389535,
        "Northing": 304.08593040028745
    },
    "13": {
        "Location": "CAF231",
        "Easting": 558.8609421785725,
        "Northing": 393.0458552606986
    },
    "14": {
        "Location": "CAF033",
        "Easting": 725.2911057522557,
        "Northing": 132.96958236589055
    },
    "15": {
        "Location": "CAF351",
        "Easting": 584.1073494047843,
        "Northing": 257.9448512714184
    },
    "16": {
        "Location": "CAF019",
        "Easting": 790.6621006873463,
        "Northing": 34.64817868153968
    },
    "17": {
        "Location": "CAF031",
        "Easting": 197.54275885860295,
        "Northing": 226.72539921118215
    },
    "18": {
        "Location": "CAF377",
        "Easting": 22.60892617065905,
        "Northing": 451.4538334112845
    },
    "19": {
        "Location": "CAF201",
        "Easting": 787.3425457951644,
        "Northing": 311.8738890818633
    },
    "20": {
        "Location": "CAF215",
        "Easting": 541.9110010810211,
        "Northing": 145.61940129661681
    },
    "21": {
        "Location": "CAF003",
        "Easting": 571.0347495123699,
        "Northing": 511.2752106318314
    },
    "22": {
        "Location": "CAF163",
        "Easting": 58.47169868971242,
        "Northing": 131.53311814883034
    },
    "23": {
        "Location": "CAF007",
        "Easting": 366.93044260759507,
        "Northing": 97.2789313593542
    },
    "24": {
        "Location": "CAF401",
        "Easting": 588.257845168593,
        "Northing": 316.59573482329125
    },
    "25": {
        "Location": "CAF314",
        "Easting": 115.61316396920049,
        "Northing": 301.0449461994561
    },
    "26": {
        "Location": "CAF075",
        "Easting": 461.09016135598756,
        "Northing": 39.16063072073474
    },
    "27": {
        "Location": "CAF061",
        "Easting": 419.4704614469926,
        "Northing": 10.485525846061632
    },
    "28": {
        "Location": "CAF139",
        "Easting": 557.7815569337795,
        "Northing": 92.18245670923541
    },
    "29": {
        "Location": "CAF312",
        "Easting": 158.49227207261396,
        "Northing": 451.557944969882
    },
    "30": {
        "Location": "CAF310",
        "Easting": 180.88687567058474,
        "Northing": 515.278126978726
    },
    "31": {
        "Location": "CAF067",
        "Easting": 388.50204245694783,
        "Northing": 493.4802451716427
    },
    "Depot": {
        "Location": "Depot",
        "Easting": 0,
        "Northing": 0
    }
}