{
    "0": {
        "Location": "CAF095",
        "Easting": 728.8677827860014,
        "Northing": 21.524127221425893
    },
    "1": {
        "Location": "CAF308",
        "Easting": 213.30049341895912,
        "Northing": 262.9221986801044
    },
    "2": {
        "Location": "CAF135",
        "Easting": 645.1191198636932,
        "Northing": 127.39019318449812
    },
    "3": {
        "Location": "CAF119",
        "Easting": 91.68289145560182,
        "Northing": 438.99825004127723
    },
    "4": {
        "Location": "CAF125",
        "Easting": 788.055749111044,
        "Northing": 35.49925616124877
    },
    "5": {
        "Location": "CAF245",
        "Easting": 80.58164948005515,
        "Northing": 312.931055560506
    },
    "6": {
        "Location": "CAF133",
        "Easting": 601.4173672905325,
        "Northing": 66.88067368262007
    },
    "7": {
        "Location": "CAF237",
        "Easting": 793.1058271833191,
        "Northing": 472.7849302064932
    },
    "8": {
        "Location": "CAF035",
        "Easting": 269.7130821272973,
        "Northing": 258.4051411630303
    },
    "9": {
        "Location": "CAF141",
        "Easting": 246.32825671889765,
        "Northing": 233.50791382465698
    },
    "10": {
        "Location": "CAF357",
        "Easting": 210.5262623278753,
        "Northing": 479.06116870599215
    },
    "11": {
        "Location": "CAF197",
        "Easting": 692.0847683929004,
        "Northing": 18.90834681976971
    },
    "12": {
        "Location": "CAF397",
        "Easting": 843.9209884488419,
        "Northing": 403.4138039005935
    },
    "13": {
        "Location": "CAF231",
        "Easting": 307.6009141814546,
        "Northing": 340.49099928953655
    },
    "14": {
        "Location": "CAF033",
        "Easting": 76.13163358528196,
        "Northing": 474.1111236827319
    },
    "15": {
        "Location": "CAF351",
        "Easting": 491.7947289477198,
        "Northing": 48.49534734295022
    },
    "16": {
        "Location": "CAF019",
        "Easting": 187.2589721479416,
        "Northing": 250.10153851899005
    },
    "17": {
        "Location": "CAF031",
        "Easting": 210.27918463082494,
        "Northing": 166.18437598741076
    },
    "18": {
        "Location": "CAF377",
        "Easting": 36.42255921638265,
        "Northing": 109.70013243215865
    },
    "19": {
        "Location": "CAF201",
        "Easting": 134.00560746176507,
        "Northing": 412.3878560966464
    },
    "20": {
        "Location": "CAF215",
        "Easting": 743.5326022140976,
        "Northing": 452.39488161979085
    },
    "21": {
        "Location": "CAF003",
        "Easting": 849.0467117817603,
        "Northing": 458.6772340878532
    },
    "22": {
        "Location": "CAF163",
        "Easting": 21.382389631388605,
        "Northing": 99.87176175719597
    },
    "23": {
        "Location": "CAF007",
        "Easting": 664.3167047704375,
        "Northing": 117.67637259809216
    },
    "24": {
        "Location": "CAF401",
        "Easting": 592.1369367470194,
        "Northing": 156.17846390736213
    },
    "25": {
        "Location": "CAF314",
        "Easting": 841.425016233518,
        "Northing": 414.4130517069855
    },
    "26": {
        "Location": "CAF075",
        "Easting": 592.1494563216831,
        "Northing": 304.6939294765446
    },
    "27": {
        "Location": "CAF061",
        "Easting": 503.0194307013994,
        "Northing": 122.99158941011365
    },
    "28": {
        "Location": "CAF139",
        "Easting": 248.06311814576114,
        "Northing": 128.12579336253418
    },
    "29": {
        "Location": "CAF312",
        "Easting": 822.7748924119488,
        "Northing": 112.27919980655632
    },
    "30": {
        "Location": "CAF310",
        "Easting": 293.9670190759143,
        "Northing": 411.5284651974741
    },
    "31": {
        "Location": "CAF067",
        "Easting": 517.2669857896174,
        "Northing": 361.7831330464782
    },
    "Depot": {
        "Location": "Depot",
        "Easting": 0,
        "Northing": 0
    }
}