{
    "0": {
        "Location": "CAF095",
        "Easting": 332.3673757722363,
        "Northing": 311.5757868483585
    },
    "1": {
        "Location": "CAF308",
        "Easting": 662.505471043004,
        "Northing": 334.1137630918321
    },
    "2": {
        "Location": "CAF135",
        "Easting": 98.1190998899341,
        "Northing": 473.7079069290363
    },
    "3": {
        "Location": "CAF119",
        "Easting": 205.43866344164837,
        "Northing": 347.9630999941499
    },
    "4": {
        "Location": "CAF125",
        "Easting": 609.4184524959609,
        "Northing": 427.63881316999806
    },
    "5": {
        "Location": "CAF245",
        "Easting": 32.62056607345333,
        "Northing": 320.6428832260222
    },
    "6": {
        "Location": "CAF133",
        "Easting": 536.3178498491553,
        "Northing": 101.55081215140692
    },
    "7": {
        "Location": "CAF237",
        "Easting": 682.924882100684,
        "Northing": 493.9003174985938
    },
    "8": {
        "Location": "CAF035",
        "Easting": 298.2395058169785,
        "Northing": 488.1928729479915
    },
    "9": {
        "Location": "CAF141",
        "Easting": 357.1320563212756,
        "Northing": 2.958800279451279
    },
    "10": {
        "Location": "CAF357",
        "Easting": 774.2008927513002,
        "Northing": 365.6495382787405
    },
    "11": {
        "Location": "CAF197",
        "Easting": 590.7006201091205,
        "Northing": 476.72630725764753
    },
    "12": {
        "Location": "CAF397",
        "Easting": 410.0427748044226,
        "Northing": 405.2788027491635
    },
    "13": {
        "Location": "CAF231",
        "Easting": 236.48523613238513,
        "Northing": 541.113285287989
    },
    "14": {
        "Location": "CAF033",
        "Easting": 69.12334888434273,
        "Northing": 201.64984353852688
    },
    "15": {
        "Location": "CAF351",
        "Easting": 284.0995523513054,
        "Northing": 421.6018437536662
    },
    "16": {
        "Location": "CAF019",
        "Easting": 396.28238900737637,
        "Northing": 349.96776343588584
    },
    "17": {
        "Location": "CAF031",
        "Easting": 447.7961041858272,
        "Northing": 514.8404961097165
    },
    "18": {
        "Location": "CAF377",
        "Easting": 779.7031181570445,
        "Northing": 256.93083626053897
    },
    "19": {
        "Location": "CAF201",
        "Easting": 440.8163456654722,
        "Northing": 489.6679157867432
    },
    "20": {
        "Location": "CAF215",
        "Easting": 637.0515884288184,
        "Northing": 205.35453545090007
    },
    "21": {
        "Location": "CAF003",
        "Easting": 300.4093415133999,
        "Northing": 266.13513028290294
    },
    "22": {
        "Location": "CAF163",
        "Easting": 801.3487044012987,
        "Northing": 35.26614981511762
    },
    "23": {
        "Location": "CAF007",
        "Easting": 796.2935664124977,
        "Northing": 7.143638210632675
    },
    "24": {
        "Location": "CAF401",
        "Easting": 477.9727054152541,
        "Northing": 164.95456434034566
    },
    "25": {
        "Location": "CAF314",
        "Easting": 436.3806218483774,
        "Northing": 202.56192326452071
    },
    "26": {
        "Location": "CAF075",
        "Easting": 567.314581966283,
        "Northing": 362.21378282759
    },
    "27": {
        "Location": "CAF061",
        "Easting": 210.25633029667725,
        "Northing": 54.01828581477033
    },
    "28": {
        "Location": "CAF139",
        "Easting": 454.11728850398464,
        "Northing": 298.8841131346233
    },
    "29": {
        "Location": "CAF312",
        "Easting": 642.3230471097215,
        "Northing": 152.96292172012122
    },
    "30": {
        "Location": "CAF310",
        "Easting": 736.2032107226958,
        "Northing": 244.36265702732942
    },
    "31": {
        "Location": "CAF067",
        "Easting": 59.85473150171426,
        "Northing": 525.301391491693
    },
    "Depot": {
        "Location": "Depot",
        "Easting": 0,
        "Northing": 0
    }
}