{
    "0": {
        "Location": "CAF095",
        "Easting": 784.1653099471065,
        "Northing": 232.7638296627838
    },
    "1": {
        "Location": "CAF308",
        "Easting": 619.1558551367805,
        "Northing": 425.77560366240454
    },
    "2": {
        "Location": "CAF135",
        "Easting": 518.3042832415828,
        "Northing": 172.68112550148408
    },
    "3": {
        "Location": "CAF119",
        "Easting": 645.8570854749269,
        "Northing": 147.65185321135897
    },
    "4": {
        "Location": "CAF125",
        "Easting": 698.3737081125703,
        "Northing": 464.9065167211601
    },
    "5": {
        "Location": "CAF245",
        "Easting": 337.79966569970355,
        "Northing": 148.29828661319206
    },
    "6": {
        "Location": "CAF133",
        "Easting": 335.99272504260546,
        "Northing": 460.6011236101173
    },
    "7": {
        "Location": "CAF237",
        "Easting": 27.065135300175243,
        "Northing": 138.54337337610852
    },
    "8": {
        "Location": "CAF035",
        "Easting": 794.658313994076,
        "Northing": 335.5705099274974
    },
    "9": {
        "Location": "CAF141",
        "Easting": 680.8033291833527,
        "Northing": 414.74419270494633
    },
    "10": {
        "Location": "CAF357",
        "Easting": 714.8051188460679,
        "Northing": 461.6503864372082
    },
    "11": {
        "Location": "CAF197",
        "Easting": 744.7294150009358,
        "Northing": 53.17055396209647
    },
    "12": {
        "Location": "CAF397",
        "Easting": 558.6894766124218,
        "Northing": 532.9738114170558
    },
    "13": {
        "Location": "CAF231",
        "Easting": 71.6094430549896,
        "Northing": 213.30173466531875
    },
    "14": {
        "Location": "CAF033",
        "Easting": 824.6257509105425,
        "Northing": 498.8287736597582
    },
    "15": {
        "Location": "CAF351",
        "Easting": 648.5569252989382,
        "Northing": 348.56288594959636
    },
    "16": {
        "Location": "CAF019",
        "Easting": 485.92426059400793,
        "Northing": 350.72295300565384
    },
    "17": {
        "Location": "CAF031",
        "Easting": 456.56665213977135,
        "Northing": 226.20344733492092
    },
    "18": {
        "Location": "CAF377",
        "Easting": 191.39390082005758,
        "Northing": 194.1749061153229
    },
    "19": {
        "Location": "CAF201",
        "Easting": 95.32210086792223,
        "Northing": 345.58758780380134
    },
    "20": {
        "Location": "CAF215",
        "Easting": 264.0364620357328,
        "Northing": 132.89066155185228
    },
    "21": {
        "Location": "CAF003",
        "Easting": 112.46103656051622,
        "Northing": 371.1483045247754
    },
    "22": {
        "Location": "CAF163",
        "Easting": 616.6564355043317,
        "Northing": 380.1914534021716
    },
    "23": {
        "Location": "CAF007",
        "Easting": 631.3751263735899,
        "Northing": 474.6114169481353
    },
    "24": {
        "Location": "CAF401",
        "Easting": 660.5390607978318,
        "Northing": 458.7889142345007
    },
    "25": {
        "Location": "CAF314",
        "Easting": 813.0108542698204,
        "Northing": 131.98658212448635
    },
    "26": {
        "Location": "CAF075",
        "Easting": 269.86941019272786,
        "Northing": 94.16999950873716
    },
    "27": {
        "Location": "CAF061",
        "Easting": 180.32129038442008,
        "Northing": 280.0364757920613
    },
    "28": {
        "Location": "CAF139",
        "Easting": 187.85341379964788,
        "Northing": 84.24068287783103
    },
    "29": {
        "Location": "CAF312",
        "Easting": 401.27067726987656,
        "Northing": 5.327610352125223
    },
    "30": {
        "Location": "CAF310",
        "Easting": 553.7038060107288,
        "Northing": 81.0601082839855
    },
    "31": {
        "Location": "CAF067",
        "Easting": 811.968107210292,
        "Northing": 387.88945415423626
    },
    "Depot": {
        "Location": "Depot",
        "Easting": 0,
        "Northing": 0
    }
}