{
    "0": {
        "Location": "CAF095",
        "Easting": 277.37259964347703,
        "Northing": 483.11056467828496
    },
    "1": {
        "Location": "CAF308",
        "Easting": 274.51569024910816,
        "Northing": 494.20100081697103
    },
    "2": {
        "Location": "CAF135",
        "Easting": 102.18683723721948,
        "Northing": 21.18785020698229
    },
    "3": {
        "Location": "CAF119",
        "Easting": 142.039059802632,
        "Northing": 258.98075160693116
    },
    "4": {
        "Location": "CAF125",
        "Easting": 404.94248400107256,
        "Northing": 111.46084108160153
    },
    "5": {
        "Location": "CAF245",
        "Easting": 153.55925352101121,
        "Northing": 47.09313469632184
    },
    "6": {
        "Location": "CAF133",
        "Easting": 751.5336275609659,
        "Northing": 496.05652674160535
    },
    "7": {
        "Location": "CAF237",
        "Easting": 550.1490048687284,
        "Northing": 127.12307720577064
    },
    "8": {
        "Location": "CAF035",
        "Easting": 326.04365334713845,
        "Northing": 45.26261333687277
    },
    "9": {
        "Location": "CAF141",
        "Easting": 435.2737171853137,
        "Northing": 60.362684943008105
    },
    "10": {
        "Location": "CAF357",
        "Easting": 649.1877347795324,
        "Northing": 113.71502468261951
    },
    "11": {
        "Location": "CAF197",
        "Easting": 54.80737876376971,
        "Northing": 407.913763991522
    },
    "12": {
        "Location": "CAF397",
        "Easting": 563.84216001414,
        "Northing": 192.93720155609378
    },
    "13": {
        "Location": "CAF231",
        "Easting": 629.7809843394609,
        "Northing": 380.613652186194
    },
    "14": {
        "Location": "CAF033",
        "Easting": 168.0683612456564,
        "Northing": 488.7125745744073
    },
    "15": {
        "Location": "CAF351",
        "Easting": 386.7553263666352,
        "Northing": 117.69225039684898
    },
    "16": {
        "Location": "CAF019",
        "Easting": 566.8303960370483,
        "Northing": 313.44430413176394
    },
    "17": {
        "Location": "CAF031",
        "Easting": 662.8166421366342,
        "Northing": 386.7428856739495
    },
    "18": {
        "Location": "CAF377",
        "Easting": 785.5484590005809,
        "Northing": 341.5725687306358
    },
    "19": {
        "Location": "CAF201",
        "Easting": 188.14603119387533,
        "Northing": 170.82707553450405
    },
    "20": {
        "Location": "CAF215",
        "Easting": 179.1361799906425,
        "Northing": 501.322858023827
    },
    "21": {
        "Location": "CAF003",
        "Easting": 602.439597652471,
        "Northing": 521.4378355900408
    },
    "22": {
        "Location": "CAF163",
        "Easting": 802.860832685987,
        "Northing": 24.732218338864687
    },
    "23": {
        "Location": "CAF007",
        "Easting": 322.45066366213536,
        "Northing": 405.6844240334255
    },
    "24": {
        "Location": "CAF401",
        "Easting": 378.6429467800437,
        "Northing": 290.3624775011892
    },
    "25": {
        "Location": "CAF314",
        "Easting": 835.9901538449137,
        "Northing": 311.1449773105602
    },
    "26": {
        "Location": "CAF075",
        "Easting": 54.14401341771195,
        "Northing": 231.73736880845846
    },
    "27": {
        "Location": "CAF061",
        "Easting": 416.76888492493083,
        "Northing": 119.7325339964358
    },
    "28": {
        "Location": "CAF139",
        "Easting": 814.6818486937312,
        "Northing": 280.10202282116444
    },
    "29": {
        "Location": "CAF312",
        "Easting": 470.18013505222893,
        "Northing": 509.3300724196046
    },
    "30": {
        "Location": "CAF310",
        "Easting": 339.77181770469275,
        "Northing": 466.42382491932125
    },
    "31": {
        "Location": "CAF067",
        "Easting": 718.1714558190138,
        "Northing": 286.16625872329513
    },
    "Depot": {
        "Location": "Depot",
        "Easting": 0,
        "Northing": 0
    }
}