{
    "0": {
        "Location": "CAF095",
        "Easting": 110.71227904816828,
        "Northing": 231.18616938848064
    },
    "1": {
        "Location": "CAF308",
        "Easting": 265.6579800817099,
        "Northing": 304.49223237585466
    },
    "2": {
        "Location": "CAF135",
        "Easting": 53.34656712810012,
        "Northing": 286.04382244408697
    },
    "3": {
        "Location": "CAF119",
        "Easting": 314.16253487015854,
        "Northing": 536.7010366140024
    },
    "4": {
        "Location": "CAF125",
        "Easting": 414.69147290253585,
        "Northing": 546.0376479143616
    },
    "5": {
        "Location": "CAF245",
        "Easting": 485.2833385117269,
        "Northing": 524.1435731739086
    },
    "6": {
        "Location": "CAF133",
        "Easting": 121.56694166570728,
        "Northing": 33.659582615316694
    },
    "7": {
        "Location": "CAF237",
        "Easting": 483.0943421270969,
        "Northing": 467.48210094583885
    },
    "8": {
        "Location": "CAF035",
        "Easting": 717.1069802071457,
        "Northing": 420.1565143342068
    },
    "9": {
        "Location": "CAF141",
        "Easting": 288.6766920809591,
        "Northing": 242.448497819282
    },
    "10": {
        "Location": "CAF357",
        "Easting": 627.9313618970095,
        "Northing": 465.9530239653425
    },
    "11": {
        "Location": "CAF197",
        "Easting": 401.7599048662638,
        "Northing": 235.42040170408757
    },
    "12": {
        "Location": "CAF397",
        "Easting": 148.3357854814048,
        "Northing": 495.7368728467845
    },
    "13": {
        "Location": "CAF231",
        "Easting": 220.8795609964788,
        "Northing": 386.2067297687802
    },
    "14": {
        "Location": "CAF033",
        "Easting": 833.8532675565908,
        "Northing": 358.18389662550163
    },
    "15": {
        "Location": "CAF351",
        "Easting": 530.3287598963133,
        "Northing": 455.69584896290445
    },
    "16": {
        "Location": "CAF019",
        "Easting": 332.0476542362381,
        "Northing": 459.7612522694497
    },
    "17": {
        "Location": "CAF031",
        "Easting": 763.68886405756,
        "Northing": 38.77955137893176
    },
    "18": {
        "Location": "CAF377",
        "Easting": 754.6872935769754,
        "Northing": 50.840115806524864
    },
    "19": {
        "Location": "CAF201",
        "Easting": 374.43019908230747,
        "Northing": 257.4396863925821
    },
    "20": {
        "Location": "CAF215",
        "Easting": 654.7942072563322,
        "Northing": 457.89305981244763
    },
    "21": {
        "Location": "CAF003",
        "Easting": 319.45030363129956,
        "Northing": 365.5748321127195
    },
    "22": {
        "Location": "CAF163",
        "Easting": 450.95387706001844,
        "Northing": 396.3062274774808
    },
    "23": {
        "Location": "CAF007",
        "Easting": 523.4277086368427,
        "Northing": 273.3718353898283
    },
    "24": {
        "Location": "CAF401",
        "Easting": 563.640682829728,
        "Northing": 50.80596780607477
    },
    "25": {
        "Location": "CAF314",
        "Easting": 580.8537723233618,
        "Northing": 515.6720932558092
    },
    "26": {
        "Location": "CAF075",
        "Easting": 445.46559252944166,
        "Northing": 508.21837581788407
    },
    "27": {
        "Location": "CAF061",
        "Easting": 135.31072066374858,
        "Northing": 299.56483164125535
    },
    "28": {
        "Location": "CAF139",
        "Easting": 75.91393834519151,
        "Northing": 57.824136600900964
    },
    "29": {
        "Location": "CAF312",
        "Easting": 467.1966083746976,
        "Northing": 246.89358992257357
    },
    "30": {
        "Location": "CAF310",
        "Easting": 9.265572958531449,
        "Northing": 367.7528622561851
    },
    "31": {
        "Location": "CAF067",
        "Easting": 248.02596149351737,
        "Northing": 413.1971828232529
    },
    "Depot": {
        "Location": "Depot",
        "Easting": 0,
        "Northing": 0
    }
}