{
    "0": {
        "Location": "CAF095",
        "Easting": 321.0474393757636,
        "Northing": 546.3228175513701
    },
    "1": {
        "Location": "CAF308",
        "Easting": 206.95933717321978,
        "Northing": 150.26479267592262
    },
    "2": {
        "Location": "CAF135",
        "Easting": 447.4107409245768,
        "Northing": 262.27158289761536
    },
    "3": {
        "Location": "CAF119",
        "Easting": 4.784741247079771,
        "Northing": 134.175861056405
    },
    "4": {
        "Location": "CAF125",
        "Easting": 270.7908566624623,
        "Northing": 207.6544815333302
    },
    "5": {
        "Location": "CAF245",
        "Easting": 683.9240426582214,
        "Northing": 86.92090696909747
    },
    "6": {
        "Location": "CAF133",
        "Easting": 485.5015811851366,
        "Northing": 520.3990427114627
    },
    "7": {
        "Location": "CAF237",
        "Easting": 498.1890312934883,
        "Northing": 430.43211819176014
    },
    "8": {
        "Location": "CAF035",
        "Easting": 660.2050118956363,
        "Northing": 441.2744367196819
    },
    "9": {
        "Location": "CAF141",
        "Easting": 98.61064394036283,
        "Northing": 304.8890569995382
    },
    "10": {
        "Location": "CAF357",
        "Easting": 173.11203951538812,
        "Northing": 364.01910711930697
    },
    "11": {
        "Location": "CAF197",
        "Easting": 357.3018020416771,
        "Northing": 163.23168198995685
    },
    "12": {
        "Location": "CAF397",
        "Easting": 470.5505680921032,
        "Northing": 291.3992207575911
    },
    "13": {
        "Location": "CAF231",
        "Easting": 823.6472260651839,
        "Northing": 328.3535251905874
    },
    "14": {
        "Location": "CAF033",
        "Easting": 654.2859957198566,
        "Northing": 100.35876475305632
    },
    "15": {
        "Location": "CAF351",
        "Easting": 443.0602945707751,
        "Northing": 364.7174307585696
    },
    "16": {
        "Location": "CAF019",
        "Easting": 60.444754567798014,
        "Northing": 287.524932083974
    },
    "17": {
        "Location": "CAF031",
        "Easting": 344.47386694217096,
        "Northing": 297.8178290219675
    },
    "18": {
        "Location": "CAF377",
        "Easting": 635.3512229268231,
        "Northing": 185.968257699402
    },
    "19": {
        "Location": "CAF201",
        "Easting": 223.80403003538714,
        "Northing": 13.400526802975355
    },
    "20": {
        "Location": "CAF215",
        "Easting": 399.0825650408283,
        "Northing": 476.76315936104606
    },
    "21": {
        "Location": "CAF003",
        "Easting": 694.0176646198435,
        "Northing": 548.196278257567
    },
    "22": {
        "Location": "CAF163",
        "Easting": 403.24986400608975,
        "Northing": 407.902720560208
    },
    "23": {
        "Location": "CAF007",
        "Easting": 806.3507287762613,
        "Northing": 526.0586293139099
    },
    "24": {
        "Location": "CAF401",
        "Easting": 269.9485737316021,
        "Northing": 368.82115498766007
    },
    "25": {
        "Location": "CAF314",
        "Easting": 75.20113312212357,
        "Northing": 34.41903128265994
    },
    "26": {
        "Location": "CAF075",
        "Easting": 35.61999127357255,
        "Northing": 93.96314147883788
    },
    "27": {
        "Location": "CAF061",
        "Easting": 680.3174019930929,
        "Northing": 455.05383810064524
    },
    "28": {
        "Location": "CAF139",
        "Easting": 378.2414495930462,
        "Northing": 456.5537558885087
    },
    "29": {
        "Location": "CAF312",
        "Easting": 801.7649123735599,
        "Northing": 307.21547535863334
    },
    "30": {
        "Location": "CAF310",
        "Easting": 771.2092391575568,
        "Northing": 1.37755984235452
    },
    "31": {
        "Location": "CAF067",
        "Easting": 679.3671803462007,
        "Northing": 172.92241121500845
    },
    "Depot": {
        "Location": "Depot",
        "Easting": 0,
        "Northing": 0
    }
}