{
    "0": {
        "Location": "CAF095",
        "Easting": 847.8831539414175,
        "Northing": 427.3956851311053
    },
    "1": {
        "Location": "CAF308",
        "Easting": 178.75476054843904,
        "Northing": 229.51818367336506
    },
    "2": {
        "Location": "CAF135",
        "Easting": 174.429738675895,
        "Northing": 457.5905426648979
    },
    "3": {
        "Location": "CAF119",
        "Easting": 326.0342304345949,
        "Northing": 464.67970671720354
    },
    "4": {
        "Location": "CAF125",
        "Easting": 826.2008341341607,
        "Northing": 173.57498523905213
    },
    "5": {
        "Location": "CAF245",
        "Easting": 41.23708460947157,
        "Northing": 73.27671033085593
    },
    "6": {
        "Location": "CAF133",
        "Easting": 86.36880616555072,
        "Northing": 30.27206570153028
    },
    "7": {
        "Location": "CAF237",
        "Easting": 632.4778598166467,
        "Northing": 115.99724141665081
    },
    "8": {
        "Location": "CAF035",
        "Easting": 625.370748006123,
        "Northing": 273.73547868757584
    },
    "9": {
        "Location": "CAF141",
        "Easting": 783.4909126137495,
        "Northing": 217.92554427055077
    },
    "10": {
        "Location": "CAF357",
        "Easting": 550.2957029438811,
        "Northing": 361.3580671065243
    },
    "11": {
        "Location": "CAF197",
        "Easting": 831.474075221078,
        "Northing": 221.8944686266107
    },
    "12": {
        "Location": "CAF397",
        "Easting": 279.8460229881893,
        "Northing": 318.4386007997857
    },
    "13": {
        "Location": "CAF231",
        "Easting": 72.91251823917807,
        "Northing": 337.4077743302052
    },
    "14": {
        "Location": "CAF033",
        "Easting": 187.26739112338961,
        "Northing": 311.5389070868222
    },
    "15": {
        "Location": "CAF351",
        "Easting": 425.27157524937735,
        "Northing": 460.1896838132529
    },
    "16": {
        "Location": "CAF019",
        "Easting": 519.7644632616039,
        "Northing": 153.1933669425519
    },
    "17": {
        "Location": "CAF031",
        "Easting": 59.24341598470767,
        "Northing": 240.47795153355423
    },
    "18": {
        "Location": "CAF377",
        "Easting": 183.7882235349293,
        "Northing": 260.94477067188933
    },
    "19": {
        "Location": "CAF201",
        "Easting": 261.9469452552301,
        "Northing": 255.65872245921045
    },
    "20": {
        "Location": "CAF215",
        "Easting": 106.02603597017877,
        "Northing": 485.1870831040892
    },
    "21": {
        "Location": "CAF003",
        "Easting": 390.93685925407385,
        "Northing": 69.97293586751493
    },
    "22": {
        "Location": "CAF163",
        "Easting": 65.73467421740935,
        "Northing": 453.31278902838056
    },
    "23": {
        "Location": "CAF007",
        "Easting": 201.6612579014079,
        "Northing": 303.3318020013671
    },
    "24": {
        "Location": "CAF401",
        "Easting": 374.36663868602255,
        "Northing": 380.96110777661175
    },
    "25": {
        "Location": "CAF314",
        "Easting": 335.8778707465567,
        "Northing": 185.65077132069732
    },
    "26": {
        "Location": "CAF075",
        "Easting": 836.3644411484878,
        "Northing": 132.92228769320974
    },
    "27": {
        "Location": "CAF061",
        "Easting": 508.20421819363975,
        "Northing": 274.228623232468
    },
    "28": {
        "Location": "CAF139",
        "Easting": 44.496182158960586,
        "Northing": 334.75180132764467
    },
    "29": {
        "Location": "CAF312",
        "Easting": 754.0227997554226,
        "Northing": 457.6242287861608
    },
    "30": {
        "Location": "CAF310",
        "Easting": 301.05841784785895,
        "Northing": 291.9981817054397
    },
    "31": {
        "Location": "CAF067",
        "Easting": 644.3543324629401,
        "Northing": 443.82746981260965
    },
    "Depot": {
        "Location": "Depot",
        "Easting": 0,
        "Northing": 0
    }
}