{
    "0": {
        "Location": "CAF095",
        "Easting": 558.9080183261599,
        "Northing": 471.8826240395035
    },
    "1": {
        "Location": "CAF308",
        "Easting": 19.026425838557692,
        "Northing": 363.53342018156815
    },
    "2": {
        "Location": "CAF135",
        "Easting": 793.4310855529801,
        "Northing": 158.42506467478933
    },
    "3": {
        "Location": "CAF119",
        "Easting": 434.09044037622164,
        "Northing": 524.4431153885785
    },
    "4": {
        "Location": "CAF125",
        "Easting": 685.7308883761491,
        "Northing": 529.680281433226
    },
    "5": {
        "Location": "CAF245",
        "Easting": 761.9004925992933,
        "Northing": 500.67841828375924
    },
    "6": {
        "Location": "CAF133",
        "Easting": 337.7632354653863,
        "Northing": 35.9262076000693
    },
    "7": {
        "Location": "CAF237",
        "Easting": 251.73806980886025,
        "Northing": 501.9075484453009
    },
    "8": {
        "Location": "CAF035",
        "Easting": 416.286504769041,
        "Northing": 292.04281866331826
    },
    "9": {
        "Location": "CAF141",
        "Easting": 427.492270030431,
        "Northing": 199.4073927591766
    },
    "10": {
        "Location": "CAF357",
        "Easting": 637.4205828667716,
        "Northing": 173.92086592565823
    },
    "11": {
        "Location": "CAF197",
        "Easting": 713.4396466319987,
        "Northing": 115.49914487716448
    },
    "12": {
        "Location": "CAF397",
        "Easting": 524.6372435513207,
        "Northing": 33.098718791873175
    },
    "13": {
        "Location": "CAF231",
        "Easting": 490.55824361587264,
        "Northing": 489.55301405206245
    },
    "14": {
        "Location": "CAF033",
        "Easting": 208.6204509298124,
        "Northing": 344.07485909074387
    },
    "15": {
        "Location": "CAF351",
        "Easting": 219.92174405175658,
        "Northing": 411.2810047929394
    },
    "16": {
        "Location": "CAF019",
        "Easting": 122.32194990530013,
        "Northing": 148.17107299707413
    },
    "17": {
        "Location": "CAF031",
        "Easting": 48.62834210560365,
        "Northing": 201.20171899644956
    },
    "18": {
        "Location": "CAF377",
        "Easting": 332.5621668216553,
        "Northing": 194.1573939237076
    },
    "19": {
        "Location": "CAF201",
        "Easting": 125.17867503239825,
        "Northing": 182.10095118307171
    },
    "20": {
        "Location": "CAF215",
        "Easting": 283.4187618309655,
        "Northing": 108.61222828271927
    },
    "21": {
        "Location": "CAF003",
        "Easting": 26.35929890965497,
        "Northing": 367.0439133030233
    },
    "22": {
        "Location": "CAF163",
        "Easting": 764.5712081913298,
        "Northing": 33.01483198382393
    },
    "23": {
        "Location": "CAF007",
        "Easting": 33.196081083066034,
        "Northing": 538.5187798149935
    },
    "24": {
        "Location": "CAF401",
        "Easting": 40.25718066723307,
        "Northing": 213.85428627405673
    },
    "25": {
        "Location": "CAF314",
        "Easting": 40.0495769482844,
        "Northing": 490.6268517237097
    },
    "26": {
        "Location": "CAF075",
        "Easting": 202.3130486462627,
        "Northing": 255.09103305875
    },
    "27": {
        "Location": "CAF061",
        "Easting": 734.4622311710624,
        "Northing": 213.17887976889924
    },
    "28": {
        "Location": "CAF139",
        "Easting": 546.0214499363472,
        "Northing": 365.78158630997956
    },
    "29": {
        "Location": "CAF312",
        "Easting": 686.1589562700352,
        "Northing": 105.15501079821772
    },
    "30": {
        "Location": "CAF310",
        "Easting": 470.71361757021725,
        "Northing": 300.1388334797147
    },
    "31": {
        "Location": "CAF067",
        "Easting": 6.557405121837795,
        "Northing": 176.84061094109546
    },
    "Depot": {
        "Location": "Depot",
        "Easting": 0,
        "Northing": 0
    }
}