{
    "0": {
        "Location": "CAF095",
        "Easting": 398.8742247191156,
        "Northing": 54.94420847103113
    },
    "1": {
        "Location": "CAF308",
        "Easting": 840.8364634754743,
        "Northing": 434.08904548610275
    },
    "2": {
        "Location": "CAF135",
        "Easting": 827.7217878569768,
        "Northing": 59.74558672485745
    },
    "3": {
        "Location": "CAF119",
        "Easting": 501.4204236655931,
        "Northing": 98.75095222298941
    },
    "4": {
        "Location": "CAF125",
        "Easting": 164.3527298856284,
        "Northing": 172.09423565950195
    },
    "5": {
        "Location": "CAF245",
        "Easting": 575.7916054538688,
        "Northing": 333.766594320942
    },
    "6": {
        "Location": "CAF133",
        "Easting": 737.6769846228705,
        "Northing": 491.0465426513888
    },
    "7": {
        "Location": "CAF237",
        "Easting": 468.23274437095495,
        "Northing": 160.02710178339274
    },
    "8": {
        "Location": "CAF035",
        "Easting": 231.82224814553717,
        "Northing": 289.76721457788113
    },
    "9": {
        "Location": "CAF141",
        "Easting": 159.33780105303293,
        "Northing": 32.72179955230451
    },
    "10": {
        "Location": "CAF357",
        "Easting": 638.729924183871,
        "Northing": 547.8584390532978
    },
    "11": {
        "Location": "CAF197",
        "Easting": 534.2733959296385,
        "Northing": 197.07070914320593
    },
    "12": {
        "Location": "CAF397",
        "Easting": 86.9806414351272,
        "Northing": 173.4223446692302
    },
    "13": {
        "Location": "CAF231",
        "Easting": 773.6809242002589,
        "Northing": 98.97997872031203
    },
    "14": {
        "Location": "CAF033",
        "Easting": 615.4116094377885,
        "Northing": 154.70413104307738
    },
    "15": {
        "Location": "CAF351",
        "Easting": 479.46166063071894,
        "Northing": 262.51522280873957
    },
    "16": {
        "Location": "CAF019",
        "Easting": 692.475204393874,
        "Northing": 117.76233248013492
    },
    "17": {
        "Location": "CAF031",
        "Easting": 725.810725099763,
        "Northing": 132.80299657948652
    },
    "18": {
        "Location": "CAF377",
        "Easting": 685.3970337002886,
        "Northing": 140.28651561892357
    },
    "19": {
        "Location": "CAF201",
        "Easting": 227.3519387067483,
        "Northing": 266.3480644603142
    },
    "20": {
        "Location": "CAF215",
        "Easting": 434.98213369081543,
        "Northing": 409.09032830177495
    },
    "21": {
        "Location": "CAF003",
        "Easting": 492.9025523514752,
        "Northing": 28.15739690299697
    },
    "22": {
        "Location": "CAF163",
        "Easting": 320.85382900053884,
        "Northing": 451.8469634175623
    },
    "23": {
        "Location": "CAF007",
        "Easting": 665.7352879434507,
        "Northing": 318.3476750834962
    },
    "24": {
        "Location": "CAF401",
        "Easting": 402.5712229595346,
        "Northing": 20.491748264475795
    },
    "25": {
        "Location": "CAF314",
        "Easting": 142.38649358473646,
        "Northing": 50.595158412386354
    },
    "26": {
        "Location": "CAF075",
        "Easting": 750.8623877020797,
        "Northing": 189.0792377897806
    },
    "27": {
        "Location": "CAF061",
        "Easting": 632.2512540265632,
        "Northing": 476.95360232147874
    },
    "28": {
        "Location": "CAF139",
        "Easting": 21.23096115433433,
        "Northing": 469.55678935880866
    },
    "29": {
        "Location": "CAF312",
        "Easting": 388.66140336954004,
        "Northing": 254.71668786864123
    },
    "30": {
        "Location": "CAF310",
        "Easting": 641.2896092875924,
        "Northing": 290.4094147905252
    },
    "31": {
        "Location": "CAF067",
        "Easting": 238.47268023447484,
        "Northing": 212.62370408376634
    },
    "Depot": {
        "Location": "Depot",
        "Easting": 0,
        "Northing": 0
    }
}