{
    "0": {
        "Easting": 1735.4085604918146,
        "Northing": 12.057822975377292
    },
    "1": {
        "Easting": 1404.3993555965728,
        "Northing": 502.788561858247
    },
    "2": {
        "Easting": 1429.1839484164366,
        "Northing": 23.481053433211684
    },
    "3": {
        "Easting": 1367.1790759862868,
        "Northing": 287.15902408960386
    },
    "4": {
        "Easting": 1843.742353875969,
        "Northing": 694.4057523754138
    },
    "5": {
        "Easting": 1729.681479067178,
        "Northing": 565.7054645139671
    },
    "6": {
        "Easting": 1550.0942038599262,
        "Northing": 970.1105150566112
    },
    "7": {
        "Easting": 1710.5960004218655,
        "Northing": 518.0351239439378
    },
    "8": {
        "Easting": 442.3890919738701,
        "Northing": 1717.8895207482906
    },
    "9": {
        "Easting": 397.5830719385717,
        "Northing": 1607.315135334618
    },
    "10": {
        "Easting": 589.514448384738,
        "Northing": 1409.2355275546252
    },
    "11": {
        "Easting": 344.8989460389107,
        "Northing": 1363.7843365159272
    },
    "12": {
        "Easting": 1613.6614616893453,
        "Northing": 1027.7958943013814
    },
    "13": {
        "Easting": 1375.9555632768333,
        "Northing": 571.0000532948246
    },
    "14": {
        "Easting": 1738.5221445409718,
        "Northing": 956.3361286284926
    },
    "15": {
        "Easting": 1705.2595312175424,
        "Northing": 969.7242212336695
    },
    "16": {
        "Easting": 22.346644606180973,
        "Northing": 873.1016753297578
    },
    "17": {
        "Easting": 261.76080385236025,
        "Northing": 633.6811330692483
    },
    "18": {
        "Easting": 149.4301488943572,
        "Northing": 972.8883334739146
    },
    "19": {
        "Easting": 221.49700363904083,
        "Northing": 758.243411482888
    },
    "Depot": {
        "Easting": 0,
        "Northing": 0
    }
}