{
    "0": {
        "Easting": 1429.1839484164366,
        "Northing": 23.481053433211684
    },
    "1": {
        "Easting": 1897.3783517794398,
        "Northing": -52.20591336299498
    },
    "2": {
        "Easting": 1614.696087549083,
        "Northing": -192.91676409835136
    },
    "3": {
        "Easting": 1573.7881036579151,
        "Northing": 214.2535599442518
    },
    "4": {
        "Easting": 1521.8283246514718,
        "Northing": 699.4964715303012
    },
    "5": {
        "Easting": 1851.7012430689508,
        "Northing": 842.3453334877101
    },
    "6": {
        "Easting": 1582.7974832512857,
        "Northing": 567.3006868016516
    },
    "7": {
        "Easting": 1490.4453364369847,
        "Northing": 764.053495852537
    },
    "8": {
        "Easting": 442.3890919738701,
        "Northing": 1717.8895207482906
    },
    "9": {
        "Easting": 729.7354978870263,
        "Northing": 1765.7607313203532
    },
    "10": {
        "Easting": 395.4341790520244,
        "Northing": 1302.0901659420435
    },
    "11": {
        "Easting": 724.405107975547,
        "Northing": 1637.9401687197
    },
    "12": {
        "Easting": 1398.7873847203855,
        "Northing": 1000.9868854968676
    },
    "13": {
        "Easting": 1296.3096130499914,
        "Northing": 1001.1400686814713
    },
    "14": {
        "Easting": 1185.1733823245556,
        "Northing": 885.2734939014156
    },
    "15": {
        "Easting": 1738.5221445409718,
        "Northing": 956.3361286284926
    },
    "16": {
        "Easting": -13.444837665912644,
        "Northing": 1038.3004828213723
    },
    "17": {
        "Easting": 9.360644722093795,
        "Northing": 976.0806027948142
    },
    "18": {
        "Easting": 221.49700363904083,
        "Northing": 758.243411482888
    },
    "19": {
        "Easting": -148.80202728747338,
        "Northing": 1020.9583357949098
    },
    "Depot": {
        "Easting": 0,
        "Northing": 0
    }
}