{
    "0": {
        "Easting": 1236.80831252486,
        "Northing": 5.703039498987863
    },
    "1": {
        "Easting": 1573.7881036579151,
        "Northing": 214.2535599442518
    },
    "2": {
        "Easting": 1016.3247347507508,
        "Northing": 272.29285537132523
    },
    "3": {
        "Easting": 1271.935474224706,
        "Northing": -90.71309627020142
    },
    "4": {
        "Easting": 1511.304630765315,
        "Northing": 596.4564030645536
    },
    "5": {
        "Easting": 1566.5480457688686,
        "Northing": 672.599193106045
    },
    "6": {
        "Easting": 1428.5682625829236,
        "Northing": 849.515974808423
    },
    "7": {
        "Easting": 1253.3228804776281,
        "Northing": 901.2500771159833
    },
    "8": {
        "Easting": 490.29831459441044,
        "Northing": 1477.75458604507
    },
    "9": {
        "Easting": 305.6647927177518,
        "Northing": 1879.2720046810343
    },
    "10": {
        "Easting": 724.405107975547,
        "Northing": 1637.9401687197
    },
    "11": {
        "Easting": 463.5005536993615,
        "Northing": 1786.6215651454263
    },
    "12": {
        "Easting": 1296.3096130499914,
        "Northing": 1001.1400686814713
    },
    "13": {
        "Easting": 1321.5653733476772,
        "Northing": 788.1170870122056
    },
    "14": {
        "Easting": 1561.3373772802283,
        "Northing": 581.6225869162197
    },
    "15": {
        "Easting": 1738.5221445409718,
        "Northing": 956.3361286284926
    },
    "16": {
        "Easting": 358.6698559341629,
        "Northing": 760.9330405420535
    },
    "17": {
        "Easting": -280.64046925142475,
        "Northing": 835.701299394451
    },
    "18": {
        "Easting": 247.09917728898535,
        "Northing": 780.6746901196134
    },
    "19": {
        "Easting": -148.80202728747338,
        "Northing": 1020.9583357949098
    },
    "Depot": {
        "Easting": 0,
        "Northing": 0
    }
}