{
    "0": {
        "Easting": 1236.80831252486,
        "Northing": 5.703039498987863
    },
    "1": {
        "Easting": 1029.1509051858056,
        "Northing": -109.48662445567717
    },
    "2": {
        "Easting": 1573.7881036579151,
        "Northing": 214.2535599442518
    },
    "3": {
        "Easting": 1271.935474224706,
        "Northing": -90.71309627020142
    },
    "4": {
        "Easting": 1312.757746596724,
        "Northing": 911.9804842441833
    },
    "5": {
        "Easting": 1476.3475716542655,
        "Northing": 749.4934604260013
    },
    "6": {
        "Easting": 1620.5139092056372,
        "Northing": 803.4619993843733
    },
    "7": {
        "Easting": 1268.0670329349853,
        "Northing": 252.8439238501822
    },
    "8": {
        "Easting": 674.6963765983519,
        "Northing": 1395.4274785919836
    },
    "9": {
        "Easting": 350.8609477836306,
        "Northing": 1443.9141185937963
    },
    "10": {
        "Easting": 305.6647927177518,
        "Northing": 1879.2720046810343
    },
    "11": {
        "Easting": 612.8143914346065,
        "Northing": 1504.6618381925132
    },
    "12": {
        "Easting": 1606.8224377591243,
        "Northing": 839.9345170867105
    },
    "13": {
        "Easting": 1321.5653733476772,
        "Northing": 788.1170870122056
    },
    "14": {
        "Easting": 1730.8697224445766,
        "Northing": 1085.817173607545
    },
    "15": {
        "Easting": 1477.8542989370953,
        "Northing": 1021.1729822603753
    },
    "16": {
        "Easting": 9.360644722093795,
        "Northing": 976.0806027948142
    },
    "17": {
        "Easting": 221.49700363904083,
        "Northing": 758.243411482888
    },
    "18": {
        "Easting": 247.09917728898535,
        "Northing": 780.6746901196134
    },
    "19": {
        "Easting": -148.80202728747338,
        "Northing": 1020.9583357949098
    },
    "Depot": {
        "Easting": 0,
        "Northing": 0
    }
}