{
    "0": {
        "Easting": 1460.8608989649972,
        "Northing": 246.95045186089908
    },
    "1": {
        "Easting": 1625.6738534959577,
        "Northing": -66.46315470868927
    },
    "2": {
        "Easting": 1614.696087549083,
        "Northing": -192.91676409835136
    },
    "3": {
        "Easting": 1589.2570149603337,
        "Northing": 156.8987095524806
    },
    "4": {
        "Easting": 1521.8283246514718,
        "Northing": 699.4964715303012
    },
    "5": {
        "Easting": 1620.5139092056372,
        "Northing": 803.4619993843733
    },
    "6": {
        "Easting": 1605.2512461741107,
        "Northing": 947.1297070111574
    },
    "7": {
        "Easting": 1268.0670329349853,
        "Northing": 252.8439238501822
    },
    "8": {
        "Easting": 350.8609477836306,
        "Northing": 1443.9141185937963
    },
    "9": {
        "Easting": 397.5830719385717,
        "Northing": 1607.315135334618
    },
    "10": {
        "Easting": 589.514448384738,
        "Northing": 1409.2355275546252
    },
    "11": {
        "Easting": 724.405107975547,
        "Northing": 1637.9401687197
    },
    "12": {
        "Easting": 1613.6614616893453,
        "Northing": 1027.7958943013814
    },
    "13": {
        "Easting": 1763.515471536834,
        "Northing": 656.7038726263198
    },
    "14": {
        "Easting": 1170.83784239958,
        "Northing": 473.14388298842186
    },
    "15": {
        "Easting": 1607.4275092378293,
        "Northing": 481.06116598855704
    },
    "16": {
        "Easting": 22.346644606180973,
        "Northing": 873.1016753297578
    },
    "17": {
        "Easting": 298.2566272541711,
        "Northing": 999.7135929222459
    },
    "18": {
        "Easting": 111.84376410059895,
        "Northing": 475.7395274733294
    },
    "19": {
        "Easting": 247.09917728898535,
        "Northing": 780.6746901196134
    },
    "Depot": {
        "Easting": 0,
        "Northing": 0
    }
}