{
    "0": {
        "Easting": 1735.4085604918146,
        "Northing": 12.057822975377292
    },
    "1": {
        "Easting": 1599.5321487937827,
        "Northing": 167.70474580725576
    },
    "2": {
        "Easting": 1404.3993555965728,
        "Northing": 502.788561858247
    },
    "3": {
        "Easting": 1193.2230334013477,
        "Northing": 190.78817509862523
    },
    "4": {
        "Easting": 1429.1839484164366,
        "Northing": 23.481053433211684
    },
    "5": {
        "Easting": 1897.3783517794398,
        "Northing": -52.20591336299498
    },
    "6": {
        "Easting": 1460.8608989649972,
        "Northing": 246.95045186089908
    },
    "7": {
        "Easting": 1029.1509051858056,
        "Northing": -109.48662445567717
    },
    "8": {
        "Easting": 1625.6738534959577,
        "Northing": -66.46315470868927
    },
    "9": {
        "Easting": 1498.1270757600614,
        "Northing": 251.1310987913835
    },
    "10": {
        "Easting": 1614.696087549083,
        "Northing": -192.91676409835136
    },
    "11": {
        "Easting": 1573.7881036579151,
        "Northing": 214.2535599442518
    },
    "12": {
        "Easting": 1016.3247347507508,
        "Northing": 272.29285537132523
    },
    "13": {
        "Easting": 1271.935474224706,
        "Northing": -90.71309627020142
    },
    "14": {
        "Easting": 1593.7493635047633,
        "Northing": 358.0331346584882
    },
    "15": {
        "Easting": 1589.2570149603337,
        "Northing": 156.8987095524806
    },
    "16": {
        "Easting": 1312.757746596724,
        "Northing": 911.9804842441833
    },
    "17": {
        "Easting": 1521.8283246514718,
        "Northing": 699.4964715303012
    },
    "18": {
        "Easting": 1843.742353875969,
        "Northing": 694.4057523754138
    },
    "19": {
        "Easting": 1511.304630765315,
        "Northing": 596.4564030645536
    },
    "20": {
        "Easting": 1476.3475716542655,
        "Northing": 749.4934604260013
    },
    "21": {
        "Easting": 1677.9901134399784,
        "Northing": 1013.8145996810774
    },
    "22": {
        "Easting": 1851.7012430689508,
        "Northing": 842.3453334877101
    },
    "23": {
        "Easting": 1620.5139092056372,
        "Northing": 803.4619993843733
    },
    "24": {
        "Easting": 1582.7974832512857,
        "Northing": 567.3006868016516
    },
    "25": {
        "Easting": 1490.4453364369847,
        "Northing": 764.053495852537
    },
    "26": {
        "Easting": 1729.681479067178,
        "Northing": 565.7054645139671
    },
    "27": {
        "Easting": 1085.853989918725,
        "Northing": 540.0638412791084
    },
    "28": {
        "Easting": 1268.0670329349853,
        "Northing": 252.8439238501822
    },
    "29": {
        "Easting": 1550.0942038599262,
        "Northing": 970.1105150566112
    },
    "30": {
        "Easting": 1710.5960004218655,
        "Northing": 518.0351239439378
    },
    "31": {
        "Easting": 1428.5682625829236,
        "Northing": 849.515974808423
    },
    "32": {
        "Easting": 674.6963765983519,
        "Northing": 1395.4274785919836
    },
    "33": {
        "Easting": 442.3890919738701,
        "Northing": 1717.8895207482906
    },
    "34": {
        "Easting": 515.3075614861222,
        "Northing": 1453.9473253214892
    },
    "35": {
        "Easting": 628.5392448977559,
        "Northing": 1674.7959557863335
    },
    "36": {
        "Easting": 397.5830719385717,
        "Northing": 1607.315135334618
    },
    "37": {
        "Easting": 490.29831459441044,
        "Northing": 1477.75458604507
    },
    "38": {
        "Easting": 729.7354978870263,
        "Northing": 1765.7607313203532
    },
    "39": {
        "Easting": 305.6647927177518,
        "Northing": 1879.2720046810343
    },
    "40": {
        "Easting": 589.514448384738,
        "Northing": 1409.2355275546252
    },
    "41": {
        "Easting": 395.4341790520244,
        "Northing": 1302.0901659420435
    },
    "42": {
        "Easting": 724.405107975547,
        "Northing": 1637.9401687197
    },
    "43": {
        "Easting": 344.8989460389107,
        "Northing": 1363.7843365159272
    },
    "44": {
        "Easting": 612.8143914346065,
        "Northing": 1504.6618381925132
    },
    "45": {
        "Easting": 518.0791163380552,
        "Northing": 1850.346527116511
    },
    "46": {
        "Easting": 463.5005536993615,
        "Northing": 1786.6215651454263
    },
    "47": {
        "Easting": 272.50363919847314,
        "Northing": 1507.6300002184691
    },
    "48": {
        "Easting": 1398.7873847203855,
        "Northing": 1000.9868854968676
    },
    "49": {
        "Easting": 1252.0743264993027,
        "Northing": 561.5960055284127
    },
    "50": {
        "Easting": 1613.6614616893453,
        "Northing": 1027.7958943013814
    },
    "51": {
        "Easting": 1296.3096130499914,
        "Northing": 1001.1400686814713
    },
    "52": {
        "Easting": 1375.9555632768333,
        "Northing": 571.0000532948246
    },
    "53": {
        "Easting": 1396.4666479892453,
        "Northing": 1032.953710813604
    },
    "54": {
        "Easting": 1606.8224377591243,
        "Northing": 839.9345170867105
    },
    "55": {
        "Easting": 1480.5913540927927,
        "Northing": 992.8186027953284
    },
    "56": {
        "Easting": 1321.5653733476772,
        "Northing": 788.1170870122056
    },
    "57": {
        "Easting": 1763.515471536834,
        "Northing": 656.7038726263198
    },
    "58": {
        "Easting": 1185.1733823245556,
        "Northing": 885.2734939014156
    },
    "59": {
        "Easting": 1551.33651376943,
        "Northing": 666.0296001423764
    },
    "60": {
        "Easting": 1170.83784239958,
        "Northing": 473.14388298842186
    },
    "61": {
        "Easting": 1738.5221445409718,
        "Northing": 956.3361286284926
    },
    "62": {
        "Easting": 1477.8542989370953,
        "Northing": 1021.1729822603753
    },
    "63": {
        "Easting": 1759.6949984386656,
        "Northing": 366.8376489031485
    },
    "64": {
        "Easting": -197.46485145621529,
        "Northing": 1126.1495169042564
    },
    "65": {
        "Easting": 298.2566272541711,
        "Northing": 999.7135929222459
    },
    "66": {
        "Easting": 358.6698559341629,
        "Northing": 760.9330405420535
    },
    "67": {
        "Easting": 261.76080385236025,
        "Northing": 633.6811330692483
    },
    "68": {
        "Easting": 149.4301488943572,
        "Northing": 972.8883334739146
    },
    "69": {
        "Easting": 63.280148676285464,
        "Northing": 1143.9560692691007
    },
    "70": {
        "Easting": 176.35859931219352,
        "Northing": 829.3197958306339
    },
    "71": {
        "Easting": -280.64046925142475,
        "Northing": 835.701299394451
    },
    "72": {
        "Easting": -13.444837665912644,
        "Northing": 1038.3004828213723
    },
    "73": {
        "Easting": -87.95344275873437,
        "Northing": 963.0415066735445
    },
    "74": {
        "Easting": 9.360644722093795,
        "Northing": 976.0806027948142
    },
    "75": {
        "Easting": 221.49700363904083,
        "Northing": 758.243411482888
    },
    "76": {
        "Easting": -502.65997000418014,
        "Northing": 791.0938367318602
    },
    "77": {
        "Easting": -57.793507269308535,
        "Northing": 1045.3633596674697
    },
    "78": {
        "Easting": 247.09917728898535,
        "Northing": 780.6746901196134
    },
    "79": {
        "Easting": -148.80202728747338,
        "Northing": 1020.9583357949098
    },
    "Depot": {
        "Easting": 0,
        "Northing": 0
    }
}