{
    "0": {
        "Location": "CAF095",
        "Easting": 268.1946054296039,
        "Northing": 213.28537829288283
    },
    "1": {
        "Location": "CAF308",
        "Easting": 284.45637296084016,
        "Northing": 110.54873585598206
    },
    "2": {
        "Location": "CAF135",
        "Easting": 794.9427846722915,
        "Northing": 387.7578440561266
    },
    "3": {
        "Location": "CAF119",
        "Easting": 236.6822576022844,
        "Northing": 371.67134080182853
    },
    "4": {
        "Location": "CAF125",
        "Easting": 718.0574877352122,
        "Northing": 307.85859621308794
    },
    "5": {
        "Location": "CAF245",
        "Easting": 45.521840983037904,
        "Northing": 7.429141609523565
    },
    "6": {
        "Location": "CAF133",
        "Easting": 843.1161539748184,
        "Northing": 154.67750215928686
    },
    "7": {
        "Location": "CAF237",
        "Easting": 128.62787566880104,
        "Northing": 100.24185357084625
    },
    "8": {
        "Location": "CAF035",
        "Easting": 772.2820630101717,
        "Northing": 548.6765717675131
    },
    "9": {
        "Location": "CAF141",
        "Easting": 12.234796976789836,
        "Northing": 138.8377952358259
    },
    "10": {
        "Location": "CAF357",
        "Easting": 171.37068898447794,
        "Northing": 504.5017997652006
    },
    "11": {
        "Location": "CAF197",
        "Easting": 629.6467555919675,
        "Northing": 84.66810107199029
    },
    "12": {
        "Location": "CAF397",
        "Easting": 773.7853409435809,
        "Northing": 268.7957357362082
    },
    "13": {
        "Location": "CAF231",
        "Easting": 381.0992500018368,
        "Northing": 200.9692463856293
    },
    "14": {
        "Location": "CAF033",
        "Easting": 392.535018026628,
        "Northing": 209.36385407306585
    },
    "15": {
        "Location": "CAF351",
        "Easting": 466.34436328978074,
        "Northing": 546.5547472357761
    },
    "16": {
        "Location": "CAF019",
        "Easting": 847.1970625503596,
        "Northing": 163.9053295434047
    },
    "17": {
        "Location": "CAF031",
        "Easting": 753.0254388773692,
        "Northing": 78.12177882597226
    },
    "18": {
        "Location": "CAF377",
        "Easting": 653.3169709622616,
        "Northing": 23.266300425002413
    },
    "19": {
        "Location": "CAF201",
        "Easting": 164.0628365689476,
        "Northing": 66.35087554566097
    },
    "20": {
        "Location": "CAF215",
        "Easting": 363.22629219083717,
        "Northing": 137.44265330118603
    },
    "21": {
        "Location": "CAF003",
        "Easting": 582.6776476129735,
        "Northing": 287.57031739910366
    },
    "22": {
        "Location": "CAF163",
        "Easting": 313.88862756186444,
        "Northing": 538.103191185361
    },
    "23": {
        "Location": "CAF007",
        "Easting": 101.70995130166837,
        "Northing": 289.58306602828094
    },
    "24": {
        "Location": "CAF401",
        "Easting": 352.1122931183013,
        "Northing": 448.74722744561785
    },
    "25": {
        "Location": "CAF314",
        "Easting": 636.5180062550654,
        "Northing": 212.21630648031572
    },
    "26": {
        "Location": "CAF075",
        "Easting": 342.48947103256455,
        "Northing": 535.9425749377949
    },
    "27": {
        "Location": "CAF061",
        "Easting": 179.1294762963386,
        "Northing": 84.37290071026801
    },
    "28": {
        "Location": "CAF139",
        "Easting": 3.3273666284485746,
        "Northing": 449.27903769551676
    },
    "29": {
        "Location": "CAF312",
        "Easting": 743.8862581847017,
        "Northing": 533.8635716574173
    },
    "30": {
        "Location": "CAF310",
        "Easting": 382.9530387794395,
        "Northing": 544.6821371571067
    },
    "31": {
        "Location": "CAF067",
        "Easting": 684.5525127648693,
        "Northing": 270.8983070821865
    },
    "Depot": {
        "Location": "Depot",
        "Easting": 0,
        "Northing": 0
    }
}