{
    "0": {
        "Location": "CAF095",
        "Easting": 22.008884621151047,
        "Northing": 324.36092649020685
    },
    "1": {
        "Location": "CAF308",
        "Easting": 343.77096571693903,
        "Northing": 105.30003066451337
    },
    "2": {
        "Location": "CAF135",
        "Easting": 822.0496426951859,
        "Northing": 169.2789422598137
    },
    "3": {
        "Location": "CAF119",
        "Easting": 476.3508461281396,
        "Northing": 163.07150488295605
    },
    "4": {
        "Location": "CAF125",
        "Easting": 26.66276643637364,
        "Northing": 247.88066681461083
    },
    "5": {
        "Location": "CAF245",
        "Easting": 372.2672775144039,
        "Northing": 463.10422590881495
    },
    "6": {
        "Location": "CAF133",
        "Easting": 714.5684549311997,
        "Northing": 47.16195642670954
    },
    "7": {
        "Location": "CAF237",
        "Easting": 360.76808958138076,
        "Northing": 132.10160928273382
    },
    "8": {
        "Location": "CAF035",
        "Easting": 464.85642667096096,
        "Northing": 21.499603904757226
    },
    "9": {
        "Location": "CAF141",
        "Easting": 773.8330712140217,
        "Northing": 378.696996621462
    },
    "10": {
        "Location": "CAF357",
        "Easting": 222.53023028519402,
        "Northing": 407.2577678023375
    },
    "11": {
        "Location": "CAF197",
        "Easting": 8.518046545179415,
        "Northing": 393.239730473341
    },
    "12": {
        "Location": "CAF397",
        "Easting": 779.0779238289133,
        "Northing": 250.25414142795975
    },
    "13": {
        "Location": "CAF231",
        "Easting": 76.71922628420523,
        "Northing": 455.305874367082
    },
    "14": {
        "Location": "CAF033",
        "Easting": 557.0977570214923,
        "Northing": 254.90148716594186
    },
    "15": {
        "Location": "CAF351",
        "Easting": 341.55792013885844,
        "Northing": 63.953873619959204
    },
    "16": {
        "Location": "CAF019",
        "Easting": 737.9783946303644,
        "Northing": 139.8692293687262
    },
    "17": {
        "Location": "CAF031",
        "Easting": 289.2331560888115,
        "Northing": 444.34474858972044
    },
    "18": {
        "Location": "CAF377",
        "Easting": 400.1036077045892,
        "Northing": 545.5735386094103
    },
    "19": {
        "Location": "CAF201",
        "Easting": 485.9171089995087,
        "Northing": 373.6443684374384
    },
    "20": {
        "Location": "CAF215",
        "Easting": 174.13861848452353,
        "Northing": 331.70374988915177
    },
    "21": {
        "Location": "CAF003",
        "Easting": 517.571154439415,
        "Northing": 524.8481906189083
    },
    "22": {
        "Location": "CAF163",
        "Easting": 123.99328803008778,
        "Northing": 134.55050079779434
    },
    "23": {
        "Location": "CAF007",
        "Easting": 747.3140653728419,
        "Northing": 477.1518089209028
    },
    "24": {
        "Location": "CAF401",
        "Easting": 724.6422302390756,
        "Northing": 474.28728435191675
    },
    "25": {
        "Location": "CAF314",
        "Easting": 826.2779799852526,
        "Northing": 379.16977925627657
    },
    "26": {
        "Location": "CAF075",
        "Easting": 326.7999534980082,
        "Northing": 268.7096734167989
    },
    "27": {
        "Location": "CAF061",
        "Easting": 581.7862148528623,
        "Northing": 53.505385431946124
    },
    "28": {
        "Location": "CAF139",
        "Easting": 635.1707800280635,
        "Northing": 484.4688918470906
    },
    "29": {
        "Location": "CAF312",
        "Easting": 708.921515343975,
        "Northing": 267.7511609672846
    },
    "30": {
        "Location": "CAF310",
        "Easting": 682.0602283443311,
        "Northing": 65.46261173932456
    },
    "31": {
        "Location": "CAF067",
        "Easting": 240.73782001013868,
        "Northing": 89.47639133276714
    },
    "Depot": {
        "Location": "Depot",
        "Easting": 0,
        "Northing": 0
    }
}