{
    "0": {
        "Location": "CAF095",
        "Easting": 122.0722348944123,
        "Northing": 402.79029025051483
    },
    "1": {
        "Location": "CAF308",
        "Easting": 78.81148121684855,
        "Northing": 513.6444085028526
    },
    "2": {
        "Location": "CAF135",
        "Easting": 224.57765304793398,
        "Northing": 118.54103020214635
    },
    "3": {
        "Location": "CAF119",
        "Easting": 692.410907986489,
        "Northing": 414.6059196629671
    },
    "4": {
        "Location": "CAF125",
        "Easting": 242.2966004768714,
        "Northing": 184.44897670179267
    },
    "5": {
        "Location": "CAF245",
        "Easting": 731.6035455413296,
        "Northing": 250.10204411125665
    },
    "6": {
        "Location": "CAF133",
        "Easting": 680.0594118622034,
        "Northing": 286.8485792311631
    },
    "7": {
        "Location": "CAF237",
        "Easting": 247.6527581634104,
        "Northing": 256.12873300720213
    },
    "8": {
        "Location": "CAF035",
        "Easting": 308.0562109870807,
        "Northing": 127.8388747068903
    },
    "9": {
        "Location": "CAF141",
        "Easting": 152.01765975189585,
        "Northing": 135.01197146052192
    },
    "10": {
        "Location": "CAF357",
        "Easting": 675.3406217025232,
        "Northing": 522.8568648999586
    },
    "11": {
        "Location": "CAF197",
        "Easting": 593.7592682824925,
        "Northing": 7.90226215415939
    },
    "12": {
        "Location": "CAF397",
        "Easting": 640.3131879685068,
        "Northing": 32.36539766105977
    },
    "13": {
        "Location": "CAF231",
        "Easting": 249.3568079548154,
        "Northing": 444.82321880146804
    },
    "14": {
        "Location": "CAF033",
        "Easting": 439.6943450267784,
        "Northing": 424.4209673807376
    },
    "15": {
        "Location": "CAF351",
        "Easting": 698.5687834192165,
        "Northing": 182.40877497317888
    },
    "16": {
        "Location": "CAF019",
        "Easting": 77.96294752662209,
        "Northing": 236.33309534315651
    },
    "17": {
        "Location": "CAF031",
        "Easting": 689.5437592861297,
        "Northing": 458.39525665039974
    },
    "18": {
        "Location": "CAF377",
        "Easting": 801.3797771649038,
        "Northing": 475.7518312661731
    },
    "19": {
        "Location": "CAF201",
        "Easting": 656.6864531686308,
        "Northing": 400.7808565504163
    },
    "20": {
        "Location": "CAF215",
        "Easting": 661.9913961027686,
        "Northing": 462.33816119887723
    },
    "21": {
        "Location": "CAF003",
        "Easting": 658.8847998685069,
        "Northing": 316.8459362477583
    },
    "22": {
        "Location": "CAF163",
        "Easting": 809.0288936135877,
        "Northing": 155.9563911200666
    },
    "23": {
        "Location": "CAF007",
        "Easting": 479.7151117006795,
        "Northing": 340.30220472544045
    },
    "24": {
        "Location": "CAF401",
        "Easting": 268.81669076477925,
        "Northing": 95.28525648206225
    },
    "25": {
        "Location": "CAF314",
        "Easting": 538.4146084859461,
        "Northing": 15.550026911830594
    },
    "26": {
        "Location": "CAF075",
        "Easting": 59.73830624563488,
        "Northing": 396.658017722084
    },
    "27": {
        "Location": "CAF061",
        "Easting": 264.57496315763143,
        "Northing": 307.1329954442453
    },
    "28": {
        "Location": "CAF139",
        "Easting": 830.9892083911182,
        "Northing": 474.6776638963908
    },
    "29": {
        "Location": "CAF312",
        "Easting": 491.58091119440917,
        "Northing": 285.4132609211424
    },
    "30": {
        "Location": "CAF310",
        "Easting": 36.54240455373031,
        "Northing": 105.23373141143887
    },
    "31": {
        "Location": "CAF067",
        "Easting": 210.7162359401115,
        "Northing": 110.6844437800363
    },
    "Depot": {
        "Location": "Depot",
        "Easting": 0,
        "Northing": 0
    }
}