{
    "0": {
        "Location": "CAF095",
        "Easting": 694.0486215619676,
        "Northing": 459.996438269212
    },
    "1": {
        "Location": "CAF308",
        "Easting": 539.927129163609,
        "Northing": 29.0219042315018
    },
    "2": {
        "Location": "CAF135",
        "Easting": 177.56085530504265,
        "Northing": 285.7570533536422
    },
    "3": {
        "Location": "CAF119",
        "Easting": 282.17031103858324,
        "Northing": 197.60659510600587
    },
    "4": {
        "Location": "CAF125",
        "Easting": 469.5490129243568,
        "Northing": 227.684232968706
    },
    "5": {
        "Location": "CAF245",
        "Easting": 270.4824955041599,
        "Northing": 206.72703581613382
    },
    "6": {
        "Location": "CAF133",
        "Easting": 252.04400149927594,
        "Northing": 234.66344548515576
    },
    "7": {
        "Location": "CAF237",
        "Easting": 361.2601359926159,
        "Northing": 257.5949687925822
    },
    "8": {
        "Location": "CAF035",
        "Easting": 637.0586337041794,
        "Northing": 184.0366997838484
    },
    "9": {
        "Location": "CAF141",
        "Easting": 577.2447729285233,
        "Northing": 539.8112611133248
    },
    "10": {
        "Location": "CAF357",
        "Easting": 153.5661861346249,
        "Northing": 337.60875735835276
    },
    "11": {
        "Location": "CAF197",
        "Easting": 18.017228290975112,
        "Northing": 314.21788202632916
    },
    "12": {
        "Location": "CAF397",
        "Easting": 65.6637509450557,
        "Northing": 495.8585091475988
    },
    "13": {
        "Location": "CAF231",
        "Easting": 440.9362010881905,
        "Northing": 399.9119864041381
    },
    "14": {
        "Location": "CAF033",
        "Easting": 746.0804672389291,
        "Northing": 456.633341299302
    },
    "15": {
        "Location": "CAF351",
        "Easting": 24.014503463825008,
        "Northing": 353.3468737184741
    },
    "16": {
        "Location": "CAF019",
        "Easting": 4.903685426244292,
        "Northing": 525.0710564741746
    },
    "17": {
        "Location": "CAF031",
        "Easting": 790.5831020735089,
        "Northing": 60.917861132293496
    },
    "18": {
        "Location": "CAF377",
        "Easting": 778.0159848590541,
        "Northing": 406.6091602828342
    },
    "19": {
        "Location": "CAF201",
        "Easting": 420.71618231320224,
        "Northing": 115.28553755737806
    },
    "20": {
        "Location": "CAF215",
        "Easting": 469.4512169792265,
        "Northing": 211.1570255548055
    },
    "21": {
        "Location": "CAF003",
        "Easting": 511.87035952114053,
        "Northing": 52.36404423866293
    },
    "22": {
        "Location": "CAF163",
        "Easting": 514.0192384016389,
        "Northing": 32.073187092958804
    },
    "23": {
        "Location": "CAF007",
        "Easting": 389.01268002313685,
        "Northing": 231.29302047904477
    },
    "24": {
        "Location": "CAF401",
        "Easting": 104.51076940642547,
        "Northing": 14.149017014411363
    },
    "25": {
        "Location": "CAF314",
        "Easting": 275.11851842475227,
        "Northing": 381.9746432938823
    },
    "26": {
        "Location": "CAF075",
        "Easting": 323.82056824094275,
        "Northing": 466.1441915960068
    },
    "27": {
        "Location": "CAF061",
        "Easting": 803.73496884716,
        "Northing": 368.744706043532
    },
    "28": {
        "Location": "CAF139",
        "Easting": 369.27593871913115,
        "Northing": 9.869926244313204
    },
    "29": {
        "Location": "CAF312",
        "Easting": 427.24675258793127,
        "Northing": 324.867214629622
    },
    "30": {
        "Location": "CAF310",
        "Easting": 148.87896270084974,
        "Northing": 265.8218283437178
    },
    "31": {
        "Location": "CAF067",
        "Easting": 799.8177365744706,
        "Northing": 430.49424314672154
    },
    "Depot": {
        "Location": "Depot",
        "Easting": 0,
        "Northing": 0
    }
}