{
    "0": {
        "Location": "CAF095",
        "Easting": 231.67624860145176,
        "Northing": 357.53632008435335
    },
    "1": {
        "Location": "CAF308",
        "Easting": 497.1564646944941,
        "Northing": 238.39933762263544
    },
    "2": {
        "Location": "CAF135",
        "Easting": 499.9001087252773,
        "Northing": 10.481913018826061
    },
    "3": {
        "Location": "CAF119",
        "Easting": 327.4269009506175,
        "Northing": 273.30691431523826
    },
    "4": {
        "Location": "CAF125",
        "Easting": 164.06428177791219,
        "Northing": 337.8378634682101
    },
    "5": {
        "Location": "CAF245",
        "Easting": 611.3288358650675,
        "Northing": 29.476651485933044
    },
    "6": {
        "Location": "CAF133",
        "Easting": 676.3701129018282,
        "Northing": 60.6471784263031
    },
    "7": {
        "Location": "CAF237",
        "Easting": 61.70138603461284,
        "Northing": 440.16446814454315
    },
    "8": {
        "Location": "CAF035",
        "Easting": 494.8610077638725,
        "Northing": 463.21983106330254
    },
    "9": {
        "Location": "CAF141",
        "Easting": 795.7722230053215,
        "Northing": 232.23396661812217
    },
    "10": {
        "Location": "CAF357",
        "Easting": 185.54828275541718,
        "Northing": 426.4744410667923
    },
    "11": {
        "Location": "CAF197",
        "Easting": 663.2196041898399,
        "Northing": 245.7429228519181
    },
    "12": {
        "Location": "CAF397",
        "Easting": 98.90186684970293,
        "Northing": 348.1939390411563
    },
    "13": {
        "Location": "CAF231",
        "Easting": 141.4538688512375,
        "Northing": 120.45063530664102
    },
    "14": {
        "Location": "CAF033",
        "Easting": 641.8997160689358,
        "Northing": 66.89291545472716
    },
    "15": {
        "Location": "CAF351",
        "Easting": 600.7049481529826,
        "Northing": 430.4155895296779
    },
    "16": {
        "Location": "CAF019",
        "Easting": 753.3058939700427,
        "Northing": 428.1943658771466
    },
    "17": {
        "Location": "CAF031",
        "Easting": 278.7492918652257,
        "Northing": 282.2899153600297
    },
    "18": {
        "Location": "CAF377",
        "Easting": 143.5586787338198,
        "Northing": 495.7773788445987
    },
    "19": {
        "Location": "CAF201",
        "Easting": 207.30679202191754,
        "Northing": 349.88231453982905
    },
    "20": {
        "Location": "CAF215",
        "Easting": 665.7271385476196,
        "Northing": 516.6198716148372
    },
    "21": {
        "Location": "CAF003",
        "Easting": 308.6365312095701,
        "Northing": 353.0087757350167
    },
    "22": {
        "Location": "CAF163",
        "Easting": 274.6972276604898,
        "Northing": 224.0856237456205
    },
    "23": {
        "Location": "CAF007",
        "Easting": 115.35409284560811,
        "Northing": 257.750495471252
    },
    "24": {
        "Location": "CAF401",
        "Easting": 459.77395803919006,
        "Northing": 192.4627731148665
    },
    "25": {
        "Location": "CAF314",
        "Easting": 182.02358511403946,
        "Northing": 10.7802882401366
    },
    "26": {
        "Location": "CAF075",
        "Easting": 264.6930870932882,
        "Northing": 506.457204839851
    },
    "27": {
        "Location": "CAF061",
        "Easting": 623.2976951736105,
        "Northing": 289.359634027595
    },
    "28": {
        "Location": "CAF139",
        "Easting": 480.1817185070994,
        "Northing": 536.779507735253
    },
    "29": {
        "Location": "CAF312",
        "Easting": 326.7041983366176,
        "Northing": 352.17035337439034
    },
    "30": {
        "Location": "CAF310",
        "Easting": 531.2082244704369,
        "Northing": 512.2063600502006
    },
    "31": {
        "Location": "CAF067",
        "Easting": 637.3718132364145,
        "Northing": 394.21440949837375
    },
    "Depot": {
        "Location": "Depot",
        "Easting": 0,
        "Northing": 0
    }
}