{
    "0": {
        "Location": "CAF095",
        "Easting": 24.94341259099236,
        "Northing": 258.3199863648529
    },
    "1": {
        "Location": "CAF308",
        "Easting": 74.28076261440343,
        "Northing": 16.531352667200466
    },
    "2": {
        "Location": "CAF135",
        "Easting": 543.0708379258471,
        "Northing": 245.2805282391538
    },
    "3": {
        "Location": "CAF119",
        "Easting": 180.8101680171531,
        "Northing": 146.22686688743948
    },
    "4": {
        "Location": "CAF125",
        "Easting": 533.2047790575482,
        "Northing": 8.4905911467973
    },
    "5": {
        "Location": "CAF245",
        "Easting": 751.8584890790456,
        "Northing": 438.79584385487806
    },
    "6": {
        "Location": "CAF133",
        "Easting": 251.8759744747876,
        "Northing": 354.7734630818934
    },
    "7": {
        "Location": "CAF237",
        "Easting": 820.218237121569,
        "Northing": 356.1099987376959
    },
    "8": {
        "Location": "CAF035",
        "Easting": 769.847047785643,
        "Northing": 133.5587573582789
    },
    "9": {
        "Location": "CAF141",
        "Easting": 470.36499826551227,
        "Northing": 442.63248546102477
    },
    "10": {
        "Location": "CAF357",
        "Easting": 840.5029180933184,
        "Northing": 147.74286666954916
    },
    "11": {
        "Location": "CAF197",
        "Easting": 632.9961207898788,
        "Northing": 284.52967512658086
    },
    "12": {
        "Location": "CAF397",
        "Easting": 335.7359074008432,
        "Northing": 213.39035974651244
    },
    "13": {
        "Location": "CAF231",
        "Easting": 425.8880695781546,
        "Northing": 159.2741849741081
    },
    "14": {
        "Location": "CAF033",
        "Easting": 456.62273821227853,
        "Northing": 231.5296196549214
    },
    "15": {
        "Location": "CAF351",
        "Easting": 364.2140871899345,
        "Northing": 108.98511148994453
    },
    "16": {
        "Location": "CAF019",
        "Easting": 133.48313145792181,
        "Northing": 92.6161124809319
    },
    "17": {
        "Location": "CAF031",
        "Easting": 565.1126575529985,
        "Northing": 76.7860226543523
    },
    "18": {
        "Location": "CAF377",
        "Easting": 509.8770724912767,
        "Northing": 166.66709095346772
    },
    "19": {
        "Location": "CAF201",
        "Easting": 42.714176161546895,
        "Northing": 522.7272028731154
    },
    "20": {
        "Location": "CAF215",
        "Easting": 264.81100212175477,
        "Northing": 348.39574331317755
    },
    "21": {
        "Location": "CAF003",
        "Easting": 239.727246749451,
        "Northing": 522.1249563070457
    },
    "22": {
        "Location": "CAF163",
        "Easting": 661.1488341141239,
        "Northing": 451.4882980633676
    },
    "23": {
        "Location": "CAF007",
        "Easting": 755.7201128850805,
        "Northing": 482.0713452823235
    },
    "24": {
        "Location": "CAF401",
        "Easting": 430.1222223359681,
        "Northing": 254.7029322936407
    },
    "25": {
        "Location": "CAF314",
        "Easting": 760.1668207966167,
        "Northing": 106.95061099502325
    },
    "26": {
        "Location": "CAF075",
        "Easting": 527.230265332648,
        "Northing": 98.47329631899339
    },
    "27": {
        "Location": "CAF061",
        "Easting": 210.93659249010923,
        "Northing": 386.88362394569947
    },
    "28": {
        "Location": "CAF139",
        "Easting": 477.80435396398667,
        "Northing": 415.4532635791224
    },
    "29": {
        "Location": "CAF312",
        "Easting": 375.75373417141986,
        "Northing": 406.8843078775418
    },
    "30": {
        "Location": "CAF310",
        "Easting": 834.6956079023321,
        "Northing": 68.28004327541841
    },
    "31": {
        "Location": "CAF067",
        "Easting": 635.8090790445742,
        "Northing": 422.71249345010966
    },
    "Depot": {
        "Location": "Depot",
        "Easting": 0,
        "Northing": 0
    }
}