{
    "0": {
        "Location": "CAF095",
        "Easting": 639.7010652370311,
        "Northing": 497.9643690873346
    },
    "1": {
        "Location": "CAF308",
        "Easting": 284.9994432512986,
        "Northing": 268.5465933634048
    },
    "2": {
        "Location": "CAF135",
        "Easting": 478.7797430299756,
        "Northing": 345.7575505564565
    },
    "3": {
        "Location": "CAF119",
        "Easting": 622.0871002583369,
        "Northing": 426.37154947286797
    },
    "4": {
        "Location": "CAF125",
        "Easting": 399.5701731545004,
        "Northing": 156.64358250579323
    },
    "5": {
        "Location": "CAF245",
        "Easting": 526.8068865079283,
        "Northing": 64.36815559110202
    },
    "6": {
        "Location": "CAF133",
        "Easting": 654.2222894169056,
        "Northing": 376.6725704119409
    },
    "7": {
        "Location": "CAF237",
        "Easting": 820.893099335678,
        "Northing": 432.8891474783202
    },
    "8": {
        "Location": "CAF035",
        "Easting": 259.09195094057407,
        "Northing": 27.68941565222861
    },
    "9": {
        "Location": "CAF141",
        "Easting": 325.1496112130585,
        "Northing": 252.41053725651716
    },
    "10": {
        "Location": "CAF357",
        "Easting": 636.6978852103382,
        "Northing": 541.797588140094
    },
    "11": {
        "Location": "CAF197",
        "Easting": 352.5649490358187,
        "Northing": 510.3899227807364
    },
    "12": {
        "Location": "CAF397",
        "Easting": 377.2906906867488,
        "Northing": 321.59403686818325
    },
    "13": {
        "Location": "CAF231",
        "Easting": 821.0493682634494,
        "Northing": 223.28044665231477
    },
    "14": {
        "Location": "CAF033",
        "Easting": 553.3619198894203,
        "Northing": 182.86388864124555
    },
    "15": {
        "Location": "CAF351",
        "Easting": 182.50927319020897,
        "Northing": 31.092562797626655
    },
    "16": {
        "Location": "CAF019",
        "Easting": 783.1366440381152,
        "Northing": 318.12464982410137
    },
    "17": {
        "Location": "CAF031",
        "Easting": 763.0442081755177,
        "Northing": 400.63096910352414
    },
    "18": {
        "Location": "CAF377",
        "Easting": 507.87741673499033,
        "Northing": 368.0613479800581
    },
    "19": {
        "Location": "CAF201",
        "Easting": 37.36974878100014,
        "Northing": 395.5120151763131
    },
    "20": {
        "Location": "CAF215",
        "Easting": 606.7840300392896,
        "Northing": 201.75580599240004
    },
    "21": {
        "Location": "CAF003",
        "Easting": 210.07911874722774,
        "Northing": 231.1924302540897
    },
    "22": {
        "Location": "CAF163",
        "Easting": 103.81357363331068,
        "Northing": 468.1441363210509
    },
    "23": {
        "Location": "CAF007",
        "Easting": 248.60966022904728,
        "Northing": 191.18193581332687
    },
    "24": {
        "Location": "CAF401",
        "Easting": 408.0893905904987,
        "Northing": 349.47112786509365
    },
    "25": {
        "Location": "CAF314",
        "Easting": 648.186468136595,
        "Northing": 39.46953918255426
    },
    "26": {
        "Location": "CAF075",
        "Easting": 598.4492705922439,
        "Northing": 319.58320291888504
    },
    "27": {
        "Location": "CAF061",
        "Easting": 566.2692620214304,
        "Northing": 298.0931235998245
    },
    "28": {
        "Location": "CAF139",
        "Easting": 598.8869227566261,
        "Northing": 487.6435192169834
    },
    "29": {
        "Location": "CAF312",
        "Easting": 696.697397945188,
        "Northing": 509.7352854553908
    },
    "30": {
        "Location": "CAF310",
        "Easting": 361.1396273997097,
        "Northing": 405.0095505219237
    },
    "31": {
        "Location": "CAF067",
        "Easting": 362.10085489241953,
        "Northing": 134.6336525179053
    },
    "Depot": {
        "Location": "Depot",
        "Easting": 0,
        "Northing": 0
    }
}