{
    "0": {
        "Location": "CAF095",
        "Easting": 500.4221809333615,
        "Northing": 436.9739740805714
    },
    "1": {
        "Location": "CAF308",
        "Easting": 368.16158365359166,
        "Northing": 127.00870244572135
    },
    "2": {
        "Location": "CAF135",
        "Easting": 826.8503785882394,
        "Northing": 369.9891715566198
    },
    "3": {
        "Location": "CAF119",
        "Easting": 777.5869423023546,
        "Northing": 265.2148492577584
    },
    "4": {
        "Location": "CAF125",
        "Easting": 709.9542434636658,
        "Northing": 407.6298948364845
    },
    "5": {
        "Location": "CAF245",
        "Easting": 224.49589974014793,
        "Northing": 298.919264104709
    },
    "6": {
        "Location": "CAF133",
        "Easting": 4.792689923850113,
        "Northing": 508.93283224846084
    },
    "7": {
        "Location": "CAF237",
        "Easting": 466.0975470498208,
        "Northing": 542.007458805481
    },
    "8": {
        "Location": "CAF035",
        "Easting": 440.427325290964,
        "Northing": 202.38544593649092
    },
    "9": {
        "Location": "CAF141",
        "Easting": 255.05913694939838,
        "Northing": 307.79400472426005
    },
    "10": {
        "Location": "CAF357",
        "Easting": 483.4004442935483,
        "Northing": 361.600724116629
    },
    "11": {
        "Location": "CAF197",
        "Easting": 648.3899781939282,
        "Northing": 518.2704416296541
    },
    "12": {
        "Location": "CAF397",
        "Easting": 191.89337809096858,
        "Northing": 132.0862006247164
    },
    "13": {
        "Location": "CAF231",
        "Easting": 752.8292714876828,
        "Northing": 357.5221062235174
    },
    "14": {
        "Location": "CAF033",
        "Easting": 312.18534684366585,
        "Northing": 268.5388095110696
    },
    "15": {
        "Location": "CAF351",
        "Easting": 162.87062610631256,
        "Northing": 325.16940461479885
    },
    "16": {
        "Location": "CAF019",
        "Easting": 604.6889191171728,
        "Northing": 7.916167919220507
    },
    "17": {
        "Location": "CAF031",
        "Easting": 706.7925780195521,
        "Northing": 173.21267973643526
    },
    "18": {
        "Location": "CAF377",
        "Easting": 576.7264077210353,
        "Northing": 326.24723986018466
    },
    "19": {
        "Location": "CAF201",
        "Easting": 370.09810754802476,
        "Northing": 412.40921766770265
    },
    "20": {
        "Location": "CAF215",
        "Easting": 669.3336611719373,
        "Northing": 119.69924444367139
    },
    "21": {
        "Location": "CAF003",
        "Easting": 469.5906354776849,
        "Northing": 340.2242511739766
    },
    "22": {
        "Location": "CAF163",
        "Easting": 663.8862945747902,
        "Northing": 379.67316974823586
    },
    "23": {
        "Location": "CAF007",
        "Easting": 636.6464232986164,
        "Northing": 80.38879334505535
    },
    "24": {
        "Location": "CAF401",
        "Easting": 253.5228935960988,
        "Northing": 419.961282637627
    },
    "25": {
        "Location": "CAF314",
        "Easting": 724.8716570026103,
        "Northing": 72.88185048513911
    },
    "26": {
        "Location": "CAF075",
        "Easting": 112.27694222825679,
        "Northing": 260.57859334156433
    },
    "27": {
        "Location": "CAF061",
        "Easting": 641.0808932190546,
        "Northing": 9.950395177357068
    },
    "28": {
        "Location": "CAF139",
        "Easting": 581.7220344240116,
        "Northing": 154.8585797951602
    },
    "29": {
        "Location": "CAF312",
        "Easting": 269.66772829168076,
        "Northing": 508.66965579361454
    },
    "30": {
        "Location": "CAF310",
        "Easting": 119.15677816277557,
        "Northing": 497.2110844283295
    },
    "31": {
        "Location": "CAF067",
        "Easting": 97.48733371260217,
        "Northing": 289.560425449181
    },
    "Depot": {
        "Location": "Depot",
        "Easting": 0,
        "Northing": 0
    }
}