{
    "0": {
        "Location": "CAF095",
        "Easting": 647.0785323485795,
        "Northing": 467.41268700345705
    },
    "1": {
        "Location": "CAF308",
        "Easting": 492.9871643792946,
        "Northing": 15.244728797366097
    },
    "2": {
        "Location": "CAF135",
        "Easting": 584.9503883485546,
        "Northing": 472.64242466891255
    },
    "3": {
        "Location": "CAF119",
        "Easting": 243.68160767478867,
        "Northing": 70.98303806566426
    },
    "4": {
        "Location": "CAF125",
        "Easting": 511.51015747976373,
        "Northing": 110.55307930186473
    },
    "5": {
        "Location": "CAF245",
        "Easting": 498.40624792448665,
        "Northing": 488.20540228141914
    },
    "6": {
        "Location": "CAF133",
        "Easting": 735.1670702753768,
        "Northing": 437.26259688817777
    },
    "7": {
        "Location": "CAF237",
        "Easting": 539.163129596856,
        "Northing": 78.56825733802786
    },
    "8": {
        "Location": "CAF035",
        "Easting": 461.2231840987736,
        "Northing": 333.6496192743047
    },
    "9": {
        "Location": "CAF141",
        "Easting": 774.3270796233185,
        "Northing": 105.49537407784871
    },
    "10": {
        "Location": "CAF357",
        "Easting": 266.34341258874696,
        "Northing": 60.857503111405634
    },
    "11": {
        "Location": "CAF197",
        "Easting": 551.1562487559453,
        "Northing": 87.28395519579155
    },
    "12": {
        "Location": "CAF397",
        "Easting": 337.13844429259956,
        "Northing": 51.691215976509156
    },
    "13": {
        "Location": "CAF231",
        "Easting": 366.7963806420642,
        "Northing": 22.446623190328797
    },
    "14": {
        "Location": "CAF033",
        "Easting": 340.88983149952463,
        "Northing": 435.84579832383133
    },
    "15": {
        "Location": "CAF351",
        "Easting": 459.802484615263,
        "Northing": 79.22891745183315
    },
    "16": {
        "Location": "CAF019",
        "Easting": 804.3636040800437,
        "Northing": 262.6907503540304
    },
    "17": {
        "Location": "CAF031",
        "Easting": 390.2450290791002,
        "Northing": 538.443963499166
    },
    "18": {
        "Location": "CAF377",
        "Easting": 771.0581131603352,
        "Northing": 382.10518253787757
    },
    "19": {
        "Location": "CAF201",
        "Easting": 545.4369695082202,
        "Northing": 322.82575475251537
    },
    "20": {
        "Location": "CAF215",
        "Easting": 798.0300630584411,
        "Northing": 428.0438507173614
    },
    "21": {
        "Location": "CAF003",
        "Easting": 793.8140048536297,
        "Northing": 361.242985222343
    },
    "22": {
        "Location": "CAF163",
        "Easting": 332.7382208121213,
        "Northing": 498.2136583500178
    },
    "23": {
        "Location": "CAF007",
        "Easting": 797.9501891598524,
        "Northing": 5.25472203214668
    },
    "24": {
        "Location": "CAF401",
        "Easting": 141.6952893164495,
        "Northing": 386.37966454570864
    },
    "25": {
        "Location": "CAF314",
        "Easting": 667.7588365416535,
        "Northing": 11.727546486806723
    },
    "26": {
        "Location": "CAF075",
        "Easting": 691.3520957864274,
        "Northing": 282.69360881344153
    },
    "27": {
        "Location": "CAF061",
        "Easting": 192.41274558895944,
        "Northing": 240.40569851230586
    },
    "28": {
        "Location": "CAF139",
        "Easting": 813.6236847271191,
        "Northing": 502.8601140166662
    },
    "29": {
        "Location": "CAF312",
        "Easting": 834.3720333093219,
        "Northing": 192.54037886429862
    },
    "30": {
        "Location": "CAF310",
        "Easting": 96.81066181737646,
        "Northing": 361.7394111632947
    },
    "31": {
        "Location": "CAF067",
        "Easting": 744.3051640343588,
        "Northing": 5.826596103198856
    },
    "Depot": {
        "Location": "Depot",
        "Easting": 0,
        "Northing": 0
    }
}