{
    "0": {
        "Location": "CAF095",
        "Easting": 130.6642092254171,
        "Northing": 73.43830560444795
    },
    "1": {
        "Location": "CAF308",
        "Easting": 692.9282254390316,
        "Northing": 327.78867072684113
    },
    "2": {
        "Location": "CAF135",
        "Easting": 256.0689737301147,
        "Northing": 99.81314421878466
    },
    "3": {
        "Location": "CAF119",
        "Easting": 503.67164961479216,
        "Northing": 134.9798098139722
    },
    "4": {
        "Location": "CAF125",
        "Easting": 771.8302132294583,
        "Northing": 392.39935124519513
    },
    "5": {
        "Location": "CAF245",
        "Easting": 114.98487428847874,
        "Northing": 147.31464329629148
    },
    "6": {
        "Location": "CAF133",
        "Easting": 503.4490343699557,
        "Northing": 351.84439680637126
    },
    "7": {
        "Location": "CAF237",
        "Easting": 303.6964068442213,
        "Northing": 230.53569527147852
    },
    "8": {
        "Location": "CAF035",
        "Easting": 449.8767391996082,
        "Northing": 194.4163225796233
    },
    "9": {
        "Location": "CAF141",
        "Easting": 496.4710362472782,
        "Northing": 211.41476274208952
    },
    "10": {
        "Location": "CAF357",
        "Easting": 283.76086615067334,
        "Northing": 107.34656696335915
    },
    "11": {
        "Location": "CAF197",
        "Easting": 257.69262795215957,
        "Northing": 469.205323716067
    },
    "12": {
        "Location": "CAF397",
        "Easting": 131.48173897443652,
        "Northing": 239.95475392391606
    },
    "13": {
        "Location": "CAF231",
        "Easting": 233.93544832351904,
        "Northing": 238.32845836408814
    },
    "14": {
        "Location": "CAF033",
        "Easting": 278.5227055541526,
        "Northing": 317.60130308348835
    },
    "15": {
        "Location": "CAF351",
        "Easting": 301.57409364808143,
        "Northing": 9.184919393568276
    },
    "16": {
        "Location": "CAF019",
        "Easting": 344.8777926204147,
        "Northing": 481.60655588949527
    },
    "17": {
        "Location": "CAF031",
        "Easting": 791.9600596866914,
        "Northing": 45.20447760584479
    },
    "18": {
        "Location": "CAF377",
        "Easting": 72.09545590807244,
        "Northing": 203.90878749713085
    },
    "19": {
        "Location": "CAF201",
        "Easting": 836.9443334605108,
        "Northing": 165.710948198217
    },
    "20": {
        "Location": "CAF215",
        "Easting": 320.8910258044628,
        "Northing": 284.43621098779283
    },
    "21": {
        "Location": "CAF003",
        "Easting": 310.1728658671295,
        "Northing": 353.9191720299984
    },
    "22": {
        "Location": "CAF163",
        "Easting": 370.64038536505575,
        "Northing": 205.06651236515063
    },
    "23": {
        "Location": "CAF007",
        "Easting": 750.7471325092703,
        "Northing": 401.90758447988924
    },
    "24": {
        "Location": "CAF401",
        "Easting": 251.46370619961323,
        "Northing": 208.31655311220226
    },
    "25": {
        "Location": "CAF314",
        "Easting": 67.63964791482961,
        "Northing": 32.94463465340121
    },
    "26": {
        "Location": "CAF075",
        "Easting": 392.1267869964448,
        "Northing": 295.1585407249901
    },
    "27": {
        "Location": "CAF061",
        "Easting": 593.2371983009638,
        "Northing": 427.4245776855148
    },
    "28": {
        "Location": "CAF139",
        "Easting": 166.0426819996517,
        "Northing": 530.7667816009671
    },
    "29": {
        "Location": "CAF312",
        "Easting": 408.71468880811756,
        "Northing": 306.67799320093604
    },
    "30": {
        "Location": "CAF310",
        "Easting": 687.3578936862694,
        "Northing": 114.99876980876819
    },
    "31": {
        "Location": "CAF067",
        "Easting": 168.70121031297793,
        "Northing": 308.63213195820475
    },
    "Depot": {
        "Location": "Depot",
        "Easting": 0,
        "Northing": 0
    }
}