{
    "0": {
        "Location": "0",
        "Easting": 660.8336284648394,
        "Northing": 547.4334260113537
    },
    "1": {
        "Location": "1",
        "Easting": 675.4050977538573,
        "Northing": 533.1725218952633
    },
    "2": {
        "Location": "2",
        "Easting": 687.9152301567374,
        "Northing": 519.7437461209483
    },
    "3": {
        "Location": "3",
        "Easting": 701.6404954360332,
        "Northing": 504.0160770146176
    },
    "4": {
        "Location": "4",
        "Easting": 441.0257081898162,
        "Northing": 488.570829234086
    },
    "5": {
        "Location": "5",
        "Easting": 454.3606401986908,
        "Northing": 477.38528828928247
    },
    "6": {
        "Location": "6",
        "Easting": 469.1869162975345,
        "Northing": 470.0162564748898
    },
    "7": {
        "Location": "7",
        "Easting": 505.69893996580504,
        "Northing": 454.02182675432414
    },
    "8": {
        "Location": "8",
        "Easting": 701.2122250229586,
        "Northing": 607.283475719858
    },
    "9": {
        "Location": "9",
        "Easting": 714.7259370416868,
        "Northing": 618.7579947900958
    },
    "10": {
        "Location": "10",
        "Easting": 724.2491727097658,
        "Northing": 636.7866667499766
    },
    "11": {
        "Location": "11",
        "Easting": 734.4092882331461,
        "Northing": 647.7253747712821
    },
    "12": {
        "Location": "12",
        "Easting": 109.66880177310668,
        "Northing": 200.23841102048755
    },
    "13": {
        "Location": "13",
        "Easting": 109.68766852491535,
        "Northing": 180.0274350270629
    },
    "14": {
        "Location": "14",
        "Easting": 65.75665832660161,
        "Northing": 152.73328500427306
    },
    "15": {
        "Location": "15",
        "Easting": 30.580474725575186,
        "Northing": 152.21928719384596
    },
    "16": {
        "Location": "16",
        "Easting": 114.47818176681176,
        "Northing": 30.23759008059278
    },
    "17": {
        "Location": "17",
        "Easting": 115.55780001287349,
        "Northing": 13.387084920424968
    },
    "18": {
        "Location": "18",
        "Easting": 0.06694938999135047,
        "Northing": 0.024318512994796038
    }
}