{
    "0": {
        "Easting": 423.1660673144949,
        "Northing": 559.9271312015421
    },
    "1": {
        "Easting": 364.06145287776235,
        "Northing": 529.484791953191
    },
    "2": {
        "Easting": 345.4012783323696,
        "Northing": 552.319172353197
    },
    "3": {
        "Easting": 353.7569284910183,
        "Northing": 501.0777990773544
    },
    "4": {
        "Easting": 381.31867905837305,
        "Northing": 519.6076226690504
    },
    "5": {
        "Easting": 345.1718562973038,
        "Northing": 473.1123201628385
    },
    "6": {
        "Easting": 457.1007799608302,
        "Northing": 391.3166240542714
    },
    "7": {
        "Easting": 310.14889898927265,
        "Northing": 451.7320589555288
    },
    "8": {
        "Easting": 358.1663133528066,
        "Northing": 469.4917659213025
    },
    "9": {
        "Easting": 361.2919891950522,
        "Northing": 527.3523960310997
    },
    "10": {
        "Easting": 333.12066330884363,
        "Northing": 469.91678519619467
    },
    "11": {
        "Easting": 338.2347712565097,
        "Northing": 467.125345631213
    },
    "12": {
        "Easting": 326.10692047119517,
        "Northing": 502.83553479410625
    },
    "13": {
        "Easting": 338.3593302545789,
        "Northing": 496.8155208348433
    },
    "14": {
        "Easting": 423.7935741619427,
        "Northing": 495.80645653862723
    },
    "15": {
        "Easting": 377.1889901797892,
        "Northing": 549.1602257016897
    },
    "16": {
        "Easting": 615.2197897612265,
        "Northing": 329.5323176688464
    },
    "17": {
        "Easting": 458.1682702869508,
        "Northing": 348.3005466579177
    },
    "18": {
        "Easting": 565.2628560532829,
        "Northing": 368.1852582883368
    },
    "19": {
        "Easting": 533.0881199953392,
        "Northing": 374.3206870545122
    },
    "20": {
        "Easting": 537.1579151678125,
        "Northing": 382.94768401204266
    },
    "21": {
        "Easting": 510.31167958572973,
        "Northing": 322.2350116013682
    },
    "22": {
        "Easting": 530.568302681529,
        "Northing": 292.6975720205622
    },
    "23": {
        "Easting": 551.2360060641605,
        "Northing": 293.9677875635169
    },
    "24": {
        "Easting": 557.5458599679745,
        "Northing": 287.4692806543118
    },
    "25": {
        "Easting": 497.34459992378584,
        "Northing": 368.8797895001853
    },
    "26": {
        "Easting": 482.8079054797147,
        "Northing": 361.2826989165427
    },
    "27": {
        "Easting": 618.6641441794309,
        "Northing": 353.57686014355147
    },
    "28": {
        "Easting": 498.34534370544895,
        "Northing": 412.24453332767246
    },
    "29": {
        "Easting": 520.072098409843,
        "Northing": 357.46113885674185
    },
    "30": {
        "Easting": 501.7926303904825,
        "Northing": 361.41348115045537
    },
    "31": {
        "Easting": 556.2333951256395,
        "Northing": 352.700643683343
    },
    "32": {
        "Easting": -7.509158867509544,
        "Northing": 437.132698642765
    },
    "33": {
        "Easting": 51.28879098435792,
        "Northing": 441.0950670309568
    },
    "34": {
        "Easting": -34.104453710846656,
        "Northing": 492.405990408849
    },
    "35": {
        "Easting": 55.82367670378501,
        "Northing": 518.5039038685143
    },
    "36": {
        "Easting": 12.929290517489358,
        "Northing": 445.71061574173217
    },
    "37": {
        "Easting": 44.76173211219931,
        "Northing": 533.6793039659956
    },
    "38": {
        "Easting": -2.694997501479264,
        "Northing": 482.3520565685014
    },
    "39": {
        "Easting": 9.948145498409804,
        "Northing": 493.31202037882065
    },
    "40": {
        "Easting": 54.53334580356889,
        "Northing": 441.28976911774356
    },
    "41": {
        "Easting": -39.38316782095153,
        "Northing": 459.6651759297788
    },
    "42": {
        "Easting": 70.07250360754946,
        "Northing": 493.7018403202253
    },
    "43": {
        "Easting": -29.41330265312281,
        "Northing": 542.5382649600638
    },
    "44": {
        "Easting": 18.23656421694293,
        "Northing": 499.36476195215715
    },
    "45": {
        "Easting": 39.450208164496516,
        "Northing": 503.84160629445876
    },
    "46": {
        "Easting": -27.553284401581006,
        "Northing": 502.9200128913294
    },
    "47": {
        "Easting": 61.695406520240155,
        "Northing": 477.81401120865763
    },
    "48": {
        "Easting": 540.0520969422015,
        "Northing": 353.2444660801047
    },
    "49": {
        "Easting": 526.2031141774274,
        "Northing": 428.8031468908568
    },
    "50": {
        "Easting": 558.6185477437272,
        "Northing": 243.14673295473233
    },
    "51": {
        "Easting": 481.2973940289131,
        "Northing": 381.7266667135707
    },
    "52": {
        "Easting": 510.76435825425136,
        "Northing": 384.2849752913643
    },
    "53": {
        "Easting": 609.1747518556335,
        "Northing": 385.3577509559829
    },
    "54": {
        "Easting": 497.5667962913953,
        "Northing": 361.84259754724377
    },
    "55": {
        "Easting": 525.2311784058302,
        "Northing": 388.29189309882634
    },
    "56": {
        "Easting": 583.9874934935211,
        "Northing": 335.33574237090585
    },
    "57": {
        "Easting": 582.8094691287997,
        "Northing": 363.72295519132825
    },
    "58": {
        "Easting": 542.4337382865122,
        "Northing": 384.0762287556035
    },
    "59": {
        "Easting": 547.2819242866635,
        "Northing": 328.7458339572123
    },
    "60": {
        "Easting": 526.2068975877336,
        "Northing": 314.5113184460323
    },
    "61": {
        "Easting": 535.3618666373477,
        "Northing": 403.1327677234385
    },
    "62": {
        "Easting": 533.3572813368133,
        "Northing": 408.70562269265196
    },
    "63": {
        "Easting": 557.2906860704228,
        "Northing": 371.27750177053326
    },
    "64": {
        "Easting": 464.2773095718815,
        "Northing": 475.11074626511436
    },
    "65": {
        "Easting": 573.4364946430125,
        "Northing": 484.85996492736683
    },
    "66": {
        "Easting": 582.0554123218097,
        "Northing": 494.6082724737223
    },
    "67": {
        "Easting": 518.5325031423096,
        "Northing": 482.2077890658558
    },
    "68": {
        "Easting": 560.6127891816542,
        "Northing": 501.7736491777457
    },
    "69": {
        "Easting": 533.6098985439723,
        "Northing": 440.97625534236994
    },
    "70": {
        "Easting": 583.0879976413058,
        "Northing": 572.0160069035098
    },
    "71": {
        "Easting": 569.7284424247891,
        "Northing": 483.6961631337653
    },
    "72": {
        "Easting": 566.6308040908277,
        "Northing": 530.6662197274871
    },
    "73": {
        "Easting": 589.3238700963511,
        "Northing": 584.1946764157962
    },
    "74": {
        "Easting": 543.5077446113015,
        "Northing": 486.0035135971171
    },
    "75": {
        "Easting": 537.9417353176399,
        "Northing": 458.47583819699815
    },
    "76": {
        "Easting": 528.7726748480857,
        "Northing": 568.2918509127387
    },
    "77": {
        "Easting": 554.9334800918712,
        "Northing": 504.8731257361814
    },
    "78": {
        "Easting": 496.47228863830924,
        "Northing": 563.7037461550267
    },
    "79": {
        "Easting": 539.0341159367574,
        "Northing": 502.97728506530524
    },
    "Depot": {
        "Easting": 0,
        "Northing": 0
    }
}