{
    "0": {
        "Easting": 360.91993709258804,
        "Northing": 412.08679735245136
    },
    "1": {
        "Easting": 396.84042462897474,
        "Northing": 450.7559991581012
    },
    "2": {
        "Easting": 477.40239225506724,
        "Northing": 463.5443552327986
    },
    "3": {
        "Easting": 398.252243718812,
        "Northing": 512.3132601225902
    },
    "4": {
        "Easting": 378.37009428679147,
        "Northing": 415.24777248187456
    },
    "5": {
        "Easting": 463.60858181287097,
        "Northing": 448.1635004389475
    },
    "6": {
        "Easting": 351.79759734591215,
        "Northing": 475.3937206794936
    },
    "7": {
        "Easting": 499.50914807338665,
        "Northing": 418.540114520235
    },
    "8": {
        "Easting": 335.28588592519253,
        "Northing": 468.19778122932587
    },
    "9": {
        "Easting": 484.51949554618716,
        "Northing": 356.82112992421946
    },
    "10": {
        "Easting": 425.68894233672927,
        "Northing": 440.6849958818696
    },
    "11": {
        "Easting": 477.01317332413146,
        "Northing": 465.3256680617853
    },
    "12": {
        "Easting": 376.68011943086896,
        "Northing": 438.52347901197516
    },
    "13": {
        "Easting": 482.5538890571576,
        "Northing": 447.51521963715027
    },
    "14": {
        "Easting": 412.92154413774443,
        "Northing": 419.6682757993067
    },
    "15": {
        "Easting": 402.28480765545083,
        "Northing": 433.8993433493039
    },
    "16": {
        "Easting": 280.284065778958,
        "Northing": 417.3314963508261
    },
    "17": {
        "Easting": 216.77190034723512,
        "Northing": 435.4656599622504
    },
    "18": {
        "Easting": 229.1955135819861,
        "Northing": 450.37016375176677
    },
    "19": {
        "Easting": 252.0715485147229,
        "Northing": 382.25496773248733
    },
    "20": {
        "Easting": 326.5955126862813,
        "Northing": 380.0955511552515
    },
    "21": {
        "Easting": 275.743071081782,
        "Northing": 483.88932774807853
    },
    "22": {
        "Easting": 266.48986495961543,
        "Northing": 512.5142668097483
    },
    "23": {
        "Easting": 299.65915016239626,
        "Northing": 431.7251543409034
    },
    "24": {
        "Easting": 225.46318497318344,
        "Northing": 385.3649968413844
    },
    "25": {
        "Easting": 263.2710652777495,
        "Northing": 399.0751046030508
    },
    "26": {
        "Easting": 326.71347605669763,
        "Northing": 416.8176978628742
    },
    "27": {
        "Easting": 251.40024685691637,
        "Northing": 421.1334126689743
    },
    "28": {
        "Easting": 185.1063333934766,
        "Northing": 365.0815699500612
    },
    "29": {
        "Easting": 299.5829200935617,
        "Northing": 509.14004839223253
    },
    "30": {
        "Easting": 248.9351261689352,
        "Northing": 417.6693064301977
    },
    "31": {
        "Easting": 164.4993922615291,
        "Northing": 431.43068373906544
    },
    "32": {
        "Easting": 695.2263862726778,
        "Northing": 477.1692483954314
    },
    "33": {
        "Easting": 696.6319992061901,
        "Northing": 475.7815845246814
    },
    "34": {
        "Easting": 665.5454094942377,
        "Northing": 540.1732022104206
    },
    "35": {
        "Easting": 685.914449954664,
        "Northing": 445.96059264220463
    },
    "36": {
        "Easting": 734.2674156442836,
        "Northing": 482.46302156549234
    },
    "37": {
        "Easting": 677.2281644973497,
        "Northing": 399.6360042633063
    },
    "38": {
        "Easting": 669.4667868510884,
        "Northing": 494.19019573698034
    },
    "39": {
        "Easting": 636.9161053120166,
        "Northing": 564.4413184039802
    },
    "40": {
        "Easting": 713.214798232604,
        "Northing": 497.40154376971844
    },
    "41": {
        "Easting": 612.7981097659937,
        "Northing": 454.9963881092023
    },
    "42": {
        "Easting": 589.0465440659094,
        "Northing": 442.1175813321909
    },
    "43": {
        "Easting": 627.5109630318997,
        "Northing": 459.5201765522572
    },
    "44": {
        "Easting": 676.4893759960753,
        "Northing": 380.80482207030184
    },
    "45": {
        "Easting": 722.386442244643,
        "Northing": 471.4747966699378
    },
    "46": {
        "Easting": 655.2937245062496,
        "Northing": 538.1631955550074
    },
    "47": {
        "Easting": 660.9073330212781,
        "Northing": 452.26587788626006
    },
    "48": {
        "Easting": 105.00369840480857,
        "Northing": 449.816864260141
    },
    "49": {
        "Easting": 166.3209255294547,
        "Northing": 429.7268025543974
    },
    "50": {
        "Easting": 64.16393671981194,
        "Northing": 481.0373022667953
    },
    "51": {
        "Easting": 143.3151547813874,
        "Northing": 437.94132810872566
    },
    "52": {
        "Easting": 127.02071554871954,
        "Northing": 491.0276195936102
    },
    "53": {
        "Easting": 125.75318297712019,
        "Northing": 474.74148880226926
    },
    "54": {
        "Easting": 155.45891860118314,
        "Northing": 440.4153677148839
    },
    "55": {
        "Easting": 178.94970544881042,
        "Northing": 431.9614031945787
    },
    "56": {
        "Easting": 190.3485364719878,
        "Northing": 481.7659799829343
    },
    "57": {
        "Easting": 76.6210255190119,
        "Northing": 413.7723871290598
    },
    "58": {
        "Easting": 74.86316927365183,
        "Northing": 483.9225892040025
    },
    "59": {
        "Easting": 66.99081487386027,
        "Northing": 418.3690624608816
    },
    "60": {
        "Easting": 107.50492333063227,
        "Northing": 450.61597500530974
    },
    "61": {
        "Easting": 115.59167946662639,
        "Northing": 497.0952125315358
    },
    "62": {
        "Easting": 139.96827041438232,
        "Northing": 449.68301281165526
    },
    "63": {
        "Easting": 141.3919116944951,
        "Northing": 517.993266647736
    },
    "64": {
        "Easting": 811.6973792168301,
        "Northing": 342.11479335060034
    },
    "65": {
        "Easting": 894.6930479591077,
        "Northing": 308.4649004677656
    },
    "66": {
        "Easting": 856.1977054416071,
        "Northing": 341.2336355492446
    },
    "67": {
        "Easting": 827.2207735970597,
        "Northing": 435.3607650927275
    },
    "68": {
        "Easting": 884.1768294770993,
        "Northing": 375.2836617028283
    },
    "69": {
        "Easting": 788.6374778287822,
        "Northing": 380.4751418851512
    },
    "70": {
        "Easting": 865.9591117783017,
        "Northing": 374.1671890792321
    },
    "71": {
        "Easting": 828.641599554107,
        "Northing": 348.70814448324904
    },
    "72": {
        "Easting": 836.9859182166937,
        "Northing": 461.4407068234548
    },
    "73": {
        "Easting": 814.9371740243719,
        "Northing": 350.19037754469105
    },
    "74": {
        "Easting": 862.050683943103,
        "Northing": 351.49378507738516
    },
    "75": {
        "Easting": 914.3833450091214,
        "Northing": 378.2809804274918
    },
    "76": {
        "Easting": 851.2084970667578,
        "Northing": 371.4816943619437
    },
    "77": {
        "Easting": 827.3141057066217,
        "Northing": 439.280624990852
    },
    "78": {
        "Easting": 785.8544219928956,
        "Northing": 356.3408354301202
    },
    "79": {
        "Easting": 870.0552656069652,
        "Northing": 375.9404915458756
    },
    "Depot": {
        "Easting": 0,
        "Northing": 0
    }
}