{
    "0": {
        "Easting": 242.36841590060072,
        "Northing": 533.3968376722017
    },
    "1": {
        "Easting": 240.3898779183501,
        "Northing": 465.57969487404523
    },
    "2": {
        "Easting": 227.15487875640045,
        "Northing": 542.802854931716
    },
    "3": {
        "Easting": 198.25116426821148,
        "Northing": 450.4008386933088
    },
    "4": {
        "Easting": 254.77878892856492,
        "Northing": 557.2776327095612
    },
    "5": {
        "Easting": 197.0994487250437,
        "Northing": 454.4770702514488
    },
    "6": {
        "Easting": 184.27276521816958,
        "Northing": 484.26226162964474
    },
    "7": {
        "Easting": 217.8381117557428,
        "Northing": 454.05678033365706
    },
    "8": {
        "Easting": 265.7396767966577,
        "Northing": 499.6037900427446
    },
    "9": {
        "Easting": 183.20765132244367,
        "Northing": 430.9078000611985
    },
    "10": {
        "Easting": 220.29014988122435,
        "Northing": 544.3507607261387
    },
    "11": {
        "Easting": 224.00654312879018,
        "Northing": 531.1030911624789
    },
    "12": {
        "Easting": 223.13463709403746,
        "Northing": 552.5892844230078
    },
    "13": {
        "Easting": 202.82165034206778,
        "Northing": 510.7064463378742
    },
    "14": {
        "Easting": 226.8892274477045,
        "Northing": 440.5248302734515
    },
    "15": {
        "Easting": 190.21268254650437,
        "Northing": 482.7278680880881
    },
    "16": {
        "Easting": 408.42445963136305,
        "Northing": 302.4963783632212
    },
    "17": {
        "Easting": 318.0116769739336,
        "Northing": 234.7375508342094
    },
    "18": {
        "Easting": 349.58550554665084,
        "Northing": 269.6749399091321
    },
    "19": {
        "Easting": 332.19104467814043,
        "Northing": 283.8195535400792
    },
    "20": {
        "Easting": 428.4157408351016,
        "Northing": 318.0771313556109
    },
    "21": {
        "Easting": 351.5983094233935,
        "Northing": 223.19789859082647
    },
    "22": {
        "Easting": 339.2167676890461,
        "Northing": 269.59311578851447
    },
    "23": {
        "Easting": 416.74973267407677,
        "Northing": 266.5358283223697
    },
    "24": {
        "Easting": 367.5775713074162,
        "Northing": 284.2169249665814
    },
    "25": {
        "Easting": 331.70814815268983,
        "Northing": 232.1871919978693
    },
    "26": {
        "Easting": 334.59686914945837,
        "Northing": 291.23032071027575
    },
    "27": {
        "Easting": 397.3914484173807,
        "Northing": 245.07313804505847
    },
    "28": {
        "Easting": 248.75007171864286,
        "Northing": 284.3905553477448
    },
    "29": {
        "Easting": 355.03581303235296,
        "Northing": 314.7953262072907
    },
    "30": {
        "Easting": 299.9006954510368,
        "Northing": 313.14594344151146
    },
    "31": {
        "Easting": 289.011174096438,
        "Northing": 240.85499982217954
    },
    "32": {
        "Easting": 152.83979925457245,
        "Northing": 75.77616751243306
    },
    "33": {
        "Easting": 200.6329254666492,
        "Northing": 45.59615632745428
    },
    "34": {
        "Easting": 217.66654884423707,
        "Northing": 42.74322915430179
    },
    "35": {
        "Easting": 213.2447580857756,
        "Northing": -2.487881689888134
    },
    "36": {
        "Easting": 275.4456767900608,
        "Northing": 53.06800875172222
    },
    "37": {
        "Easting": 271.41931078867043,
        "Northing": 28.621227622527922
    },
    "38": {
        "Easting": 224.05121567747167,
        "Northing": 20.706006030205668
    },
    "39": {
        "Easting": 221.85015626643505,
        "Northing": 2.0574939509943277
    },
    "40": {
        "Easting": 255.2369946311628,
        "Northing": 81.68247815949309
    },
    "41": {
        "Easting": 228.17607070412797,
        "Northing": 18.18818024166278
    },
    "42": {
        "Easting": 206.203604371596,
        "Northing": 23.9263991314756
    },
    "43": {
        "Easting": 232.56564674996883,
        "Northing": 42.34285298926513
    },
    "44": {
        "Easting": 231.22569445183507,
        "Northing": 10.02552660349723
    },
    "45": {
        "Easting": 168.22857881516953,
        "Northing": 53.62482988796401
    },
    "46": {
        "Easting": 202.88750533017208,
        "Northing": 64.38768803605679
    },
    "47": {
        "Easting": 186.9003221829277,
        "Northing": 3.0883863310936945
    },
    "48": {
        "Easting": 793.9652256652325,
        "Northing": 38.12101940796898
    },
    "49": {
        "Easting": 763.3182041960113,
        "Northing": 28.71595314397384
    },
    "50": {
        "Easting": 841.6235722031607,
        "Northing": -49.603713268802295
    },
    "51": {
        "Easting": 757.7668735687095,
        "Northing": 41.3989549003862
    },
    "52": {
        "Easting": 791.8438327236787,
        "Northing": -47.091778336806904
    },
    "53": {
        "Easting": 787.9326987771902,
        "Northing": -15.706229697052509
    },
    "54": {
        "Easting": 742.8367111758869,
        "Northing": 57.88299875592672
    },
    "55": {
        "Easting": 817.2742859771843,
        "Northing": -51.403823407103694
    },
    "56": {
        "Easting": 761.6875239926547,
        "Northing": 9.97402179927039
    },
    "57": {
        "Easting": 840.2507514478807,
        "Northing": 2.8073241756996588
    },
    "58": {
        "Easting": 818.5895242499149,
        "Northing": -44.888180489519975
    },
    "59": {
        "Easting": 835.6477047920625,
        "Northing": 25.259939124908648
    },
    "60": {
        "Easting": 757.3885643162165,
        "Northing": -20.733413165589205
    },
    "61": {
        "Easting": 779.0245020463453,
        "Northing": -25.625917885279016
    },
    "62": {
        "Easting": 708.8497415677091,
        "Northing": 33.994480110694134
    },
    "63": {
        "Easting": 809.744126078826,
        "Northing": -24.88181577976284
    },
    "64": {
        "Easting": 603.6222925180946,
        "Northing": 267.8467634455413
    },
    "65": {
        "Easting": 516.4714801530055,
        "Northing": 208.8497031180099
    },
    "66": {
        "Easting": 524.5040656129454,
        "Northing": 210.16638469321586
    },
    "67": {
        "Easting": 564.6729876239231,
        "Northing": 162.96589421867588
    },
    "68": {
        "Easting": 568.6496056476421,
        "Northing": 187.07719609875116
    },
    "69": {
        "Easting": 636.5628964263411,
        "Northing": 256.53463960562283
    },
    "70": {
        "Easting": 591.8982309454336,
        "Northing": 200.03880434207406
    },
    "71": {
        "Easting": 594.8110838202311,
        "Northing": 303.4186897656956
    },
    "72": {
        "Easting": 534.0171980293744,
        "Northing": 285.10114413382354
    },
    "73": {
        "Easting": 558.598503979246,
        "Northing": 316.67343269163615
    },
    "74": {
        "Easting": 621.4669375869659,
        "Northing": 165.84846288153256
    },
    "75": {
        "Easting": 588.5125330190061,
        "Northing": 246.74554998861157
    },
    "76": {
        "Easting": 599.2909313883375,
        "Northing": 171.53920602615324
    },
    "77": {
        "Easting": 547.7172950509348,
        "Northing": 209.27598307413913
    },
    "78": {
        "Easting": 573.2056389676088,
        "Northing": 236.15711567305456
    },
    "79": {
        "Easting": 645.0980803990711,
        "Northing": 219.492974206445
    },
    "Depot": {
        "Easting": 0,
        "Northing": 0
    }
}