{
    "0": {
        "Easting": 178.3997087515424,
        "Northing": 219.54132192219504
    },
    "1": {
        "Easting": 98.90688628705074,
        "Northing": 181.99851023723238
    },
    "2": {
        "Easting": 211.70612345963505,
        "Northing": 110.29323704373704
    },
    "3": {
        "Easting": 143.46025406511757,
        "Northing": 165.7344475273021
    },
    "4": {
        "Easting": 193.58258169699528,
        "Northing": 193.81140906580563
    },
    "5": {
        "Easting": 173.8583356778259,
        "Northing": 230.22826391843597
    },
    "6": {
        "Easting": 162.34543123289293,
        "Northing": 290.6377346429175
    },
    "7": {
        "Easting": 164.86532282052622,
        "Northing": 151.23306915339992
    },
    "8": {
        "Easting": 160.7722193814825,
        "Northing": 227.15802513891816
    },
    "9": {
        "Easting": 134.260352328362,
        "Northing": 256.4849709251146
    },
    "10": {
        "Easting": 161.19684112428442,
        "Northing": 202.81280625865605
    },
    "11": {
        "Easting": 256.8479549222432,
        "Northing": 187.78878468948054
    },
    "12": {
        "Easting": 235.31724054910103,
        "Northing": 181.47446893909114
    },
    "13": {
        "Easting": 133.52206664394478,
        "Northing": 144.4577558400253
    },
    "14": {
        "Easting": 157.07794245219998,
        "Northing": 259.1940110649057
    },
    "15": {
        "Easting": 191.80116808748386,
        "Northing": 158.8213001502745
    },
    "16": {
        "Easting": 515.2837252424902,
        "Northing": 337.53752034143747
    },
    "17": {
        "Easting": 570.1007073632034,
        "Northing": 310.9736166326297
    },
    "18": {
        "Easting": 507.9812600576654,
        "Northing": 389.09220016620475
    },
    "19": {
        "Easting": 529.8095923519604,
        "Northing": 309.1993106271969
    },
    "20": {
        "Easting": 505.3370834382424,
        "Northing": 335.8699511273083
    },
    "21": {
        "Easting": 543.0812798314005,
        "Northing": 301.8565785537033
    },
    "22": {
        "Easting": 478.9960194648667,
        "Northing": 302.0619851574509
    },
    "23": {
        "Easting": 510.87811126258094,
        "Northing": 349.4641317840971
    },
    "24": {
        "Easting": 492.45461674465287,
        "Northing": 378.11765154106183
    },
    "25": {
        "Easting": 515.3949175585683,
        "Northing": 351.0011889422984
    },
    "26": {
        "Easting": 532.1900835895954,
        "Northing": 252.66396717929433
    },
    "27": {
        "Easting": 462.7802966029726,
        "Northing": 348.33814519740906
    },
    "28": {
        "Easting": 553.4115646935978,
        "Northing": 326.394457319009
    },
    "29": {
        "Easting": 435.43423513725924,
        "Northing": 224.04138328900223
    },
    "30": {
        "Easting": 530.2055696276708,
        "Northing": 264.4946303972506
    },
    "31": {
        "Easting": 506.60203069692835,
        "Northing": 346.30170335762836
    },
    "32": {
        "Easting": 525.3705272179626,
        "Northing": 182.14605076435294
    },
    "33": {
        "Easting": 564.4349454523154,
        "Northing": 215.17024812400507
    },
    "34": {
        "Easting": 505.09601621052275,
        "Northing": 237.0761799132547
    },
    "35": {
        "Easting": 568.5050396250072,
        "Northing": 224.75427928926356
    },
    "36": {
        "Easting": 610.4638692204217,
        "Northing": 277.51959970168116
    },
    "37": {
        "Easting": 587.6335479951007,
        "Northing": 312.79729726936836
    },
    "38": {
        "Easting": 535.579062584492,
        "Northing": 303.50236957081864
    },
    "39": {
        "Easting": 568.3243823291828,
        "Northing": 240.93109853625552
    },
    "40": {
        "Easting": 543.3075913335592,
        "Northing": 163.26135803676956
    },
    "41": {
        "Easting": 617.1199397573347,
        "Northing": 267.07239957064587
    },
    "42": {
        "Easting": 497.3794421776092,
        "Northing": 264.1905772268899
    },
    "43": {
        "Easting": 549.3016444109878,
        "Northing": 256.4447641519947
    },
    "44": {
        "Easting": 579.0128417091385,
        "Northing": 205.7866767416193
    },
    "45": {
        "Easting": 527.6673980611437,
        "Northing": 223.09208908766973
    },
    "46": {
        "Easting": 601.695327558968,
        "Northing": 256.67768624413077
    },
    "47": {
        "Easting": 518.9995921330164,
        "Northing": 217.8263727156433
    },
    "48": {
        "Easting": 705.0763903856508,
        "Northing": 329.0098465294764
    },
    "49": {
        "Easting": 711.2253562210998,
        "Northing": 419.562014366937
    },
    "50": {
        "Easting": 658.4062604665346,
        "Northing": 299.4311145105207
    },
    "51": {
        "Easting": 677.705435914688,
        "Northing": 362.24057248969206
    },
    "52": {
        "Easting": 731.8168870016697,
        "Northing": 348.07224034494277
    },
    "53": {
        "Easting": 691.7165292952964,
        "Northing": 330.62890721610387
    },
    "54": {
        "Easting": 735.0620212558723,
        "Northing": 310.79320739476435
    },
    "55": {
        "Easting": 728.1112761929047,
        "Northing": 259.66168709149275
    },
    "56": {
        "Easting": 790.9558252913071,
        "Northing": 340.14569957358685
    },
    "57": {
        "Easting": 760.7973149792546,
        "Northing": 255.62705305551935
    },
    "58": {
        "Easting": 754.7090437246746,
        "Northing": 373.18797535013323
    },
    "59": {
        "Easting": 690.4905832181,
        "Northing": 367.60919396961805
    },
    "60": {
        "Easting": 741.5567748933912,
        "Northing": 297.64402068398863
    },
    "61": {
        "Easting": 700.9196486734753,
        "Northing": 297.8767866594912
    },
    "62": {
        "Easting": 751.1002693002393,
        "Northing": 303.48765677397876
    },
    "63": {
        "Easting": 684.0446741479217,
        "Northing": 393.6679318882565
    },
    "64": {
        "Easting": 452.01533519158386,
        "Northing": 124.24779406736533
    },
    "65": {
        "Easting": 372.81509383714126,
        "Northing": 42.77838402143064
    },
    "66": {
        "Easting": 386.1159948266686,
        "Northing": 5.250862352060267
    },
    "67": {
        "Easting": 401.1108120271614,
        "Northing": 42.148990977302084
    },
    "68": {
        "Easting": 427.30165484319434,
        "Northing": 86.22264510272282
    },
    "69": {
        "Easting": 358.868502269728,
        "Northing": 41.082262631834226
    },
    "70": {
        "Easting": 402.0431451796744,
        "Northing": 75.11659000569864
    },
    "71": {
        "Easting": 380.8808442095056,
        "Northing": 93.48471361705106
    },
    "72": {
        "Easting": 465.8188959893386,
        "Northing": -5.17760769710587
    },
    "73": {
        "Easting": 434.92971608486783,
        "Northing": 70.40401591412271
    },
    "74": {
        "Easting": 328.392687238942,
        "Northing": 102.63169058156925
    },
    "75": {
        "Easting": 388.4983463587393,
        "Northing": 87.04881708933719
    },
    "76": {
        "Easting": 400.5506785272788,
        "Northing": 16.713949268277332
    },
    "77": {
        "Easting": 349.0090821692798,
        "Northing": 64.072452748209
    },
    "78": {
        "Easting": 350.184253851682,
        "Northing": 60.890597769201655
    },
    "79": {
        "Easting": 399.934633632423,
        "Northing": 15.161049879997009
    },
    "Depot": {
        "Easting": 0,
        "Northing": 0
    }
}