{
    "0": {
        "Easting": 302.97422990136886,
        "Northing": 398.17936523366063
    },
    "1": {
        "Easting": 375.2687317762451,
        "Northing": 451.9620718291991
    },
    "2": {
        "Easting": 378.8104650277511,
        "Northing": 341.3683801159743
    },
    "3": {
        "Easting": 381.4706058019955,
        "Northing": 369.3375406367761
    },
    "4": {
        "Easting": 314.9126989758133,
        "Northing": 429.09623747999336
    },
    "5": {
        "Easting": 325.1642433848129,
        "Northing": 389.6804522280732
    },
    "6": {
        "Easting": 337.85373116958885,
        "Northing": 390.706369361354
    },
    "7": {
        "Easting": 280.7899076586241,
        "Northing": 409.7659336641944
    },
    "8": {
        "Easting": 325.9609558888857,
        "Northing": 426.66604157137886
    },
    "9": {
        "Easting": 348.77435653403154,
        "Northing": 344.15145732982717
    },
    "10": {
        "Easting": 290.8219449682529,
        "Northing": 342.61490789468365
    },
    "11": {
        "Easting": 325.86823785734254,
        "Northing": 392.3730224842203
    },
    "12": {
        "Easting": 291.1418433718398,
        "Northing": 351.7765608272559
    },
    "13": {
        "Easting": 370.87546517600515,
        "Northing": 318.53871379364585
    },
    "14": {
        "Easting": 336.3235468135824,
        "Northing": 385.5125322192019
    },
    "15": {
        "Easting": 364.24324160518967,
        "Northing": 417.4128336695567
    },
    "16": {
        "Easting": 449.8929564177234,
        "Northing": 268.91724586365456
    },
    "17": {
        "Easting": 451.3951979447185,
        "Northing": 274.2389510866951
    },
    "18": {
        "Easting": 415.1485908009205,
        "Northing": 369.62768253797117
    },
    "19": {
        "Easting": 452.8688831361552,
        "Northing": 289.8513944048111
    },
    "20": {
        "Easting": 480.13737822965754,
        "Northing": 356.0975665859319
    },
    "21": {
        "Easting": 470.323574297279,
        "Northing": 272.4796009932431
    },
    "22": {
        "Easting": 460.4141225963613,
        "Northing": 351.4079261061648
    },
    "23": {
        "Easting": 453.433437728703,
        "Northing": 360.1442161141541
    },
    "24": {
        "Easting": 539.4886142851658,
        "Northing": 272.3725596438704
    },
    "25": {
        "Easting": 507.90483278736207,
        "Northing": 345.9265806648353
    },
    "26": {
        "Easting": 496.44036805396746,
        "Northing": 301.05324249728426
    },
    "27": {
        "Easting": 442.9765688422874,
        "Northing": 293.7614365151788
    },
    "28": {
        "Easting": 515.9564179930128,
        "Northing": 287.30578247042166
    },
    "29": {
        "Easting": 412.7335478007588,
        "Northing": 294.52678667459406
    },
    "30": {
        "Easting": 453.82277143319504,
        "Northing": 363.6440672683189
    },
    "31": {
        "Easting": 447.92724162078315,
        "Northing": 288.7791345888396
    },
    "32": {
        "Easting": 573.2635475017335,
        "Northing": 391.4056686724571
    },
    "33": {
        "Easting": 515.9605871207591,
        "Northing": 487.75614846706344
    },
    "34": {
        "Easting": 502.49665735588,
        "Northing": 411.280669487659
    },
    "35": {
        "Easting": 537.8594276382446,
        "Northing": 405.77858330525146
    },
    "36": {
        "Easting": 524.6981230939939,
        "Northing": 459.0284590351412
    },
    "37": {
        "Easting": 424.33149262046675,
        "Northing": 503.7912186990646
    },
    "38": {
        "Easting": 491.58811581727707,
        "Northing": 368.8381271018674
    },
    "39": {
        "Easting": 477.66819819490644,
        "Northing": 374.89554240589484
    },
    "40": {
        "Easting": 506.98238665709636,
        "Northing": 453.1683531219488
    },
    "41": {
        "Easting": 485.4448641364908,
        "Northing": 426.32744883102015
    },
    "42": {
        "Easting": 507.24288002416574,
        "Northing": 443.08108386481024
    },
    "43": {
        "Easting": 506.67976668657616,
        "Northing": 334.11524391507646
    },
    "44": {
        "Easting": 519.2774418417722,
        "Northing": 455.70518474584264
    },
    "45": {
        "Easting": 493.65610036372567,
        "Northing": 398.7396537776158
    },
    "46": {
        "Easting": 539.5054011450707,
        "Northing": 389.4809278633423
    },
    "47": {
        "Easting": 500.2886593584691,
        "Northing": 425.3723819815596
    },
    "48": {
        "Easting": 530.1305161252535,
        "Northing": 478.6041245745456
    },
    "49": {
        "Easting": 462.4973072933822,
        "Northing": 511.0533132799602
    },
    "50": {
        "Easting": 567.3265516227493,
        "Northing": 531.02720670407
    },
    "51": {
        "Easting": 594.1902106438613,
        "Northing": 486.3928202361513
    },
    "52": {
        "Easting": 505.51004904157054,
        "Northing": 591.9573876869445
    },
    "53": {
        "Easting": 547.1329714376171,
        "Northing": 486.51705888888966
    },
    "54": {
        "Easting": 528.7276560065196,
        "Northing": 540.235797388352
    },
    "55": {
        "Easting": 516.8646255628486,
        "Northing": 611.565930355914
    },
    "56": {
        "Easting": 582.2349930089492,
        "Northing": 512.4878852850717
    },
    "57": {
        "Easting": 554.1984103030393,
        "Northing": 540.8909640465313
    },
    "58": {
        "Easting": 507.10994537883016,
        "Northing": 436.0913236580238
    },
    "59": {
        "Easting": 484.80377331729755,
        "Northing": 497.06964575151767
    },
    "60": {
        "Easting": 551.9042660680365,
        "Northing": 493.6745283891303
    },
    "61": {
        "Easting": 503.08260000875043,
        "Northing": 489.1722979274481
    },
    "62": {
        "Easting": 544.7305072067446,
        "Northing": 461.97693601837517
    },
    "63": {
        "Easting": 493.30193287342496,
        "Northing": 504.69512197100715
    },
    "64": {
        "Easting": 458.8674784803709,
        "Northing": 230.8881653094354
    },
    "65": {
        "Easting": 502.6586108129875,
        "Northing": 171.8944958852727
    },
    "66": {
        "Easting": 417.8107082097525,
        "Northing": 155.36717047027003
    },
    "67": {
        "Easting": 463.60172603126847,
        "Northing": 135.3436064553055
    },
    "68": {
        "Easting": 459.95777210892504,
        "Northing": 123.57398839300222
    },
    "69": {
        "Easting": 480.8081682886046,
        "Northing": 209.70064155011372
    },
    "70": {
        "Easting": 457.1691861784168,
        "Northing": 151.05799083639366
    },
    "71": {
        "Easting": 463.3416230918104,
        "Northing": 134.8468722694538
    },
    "72": {
        "Easting": 460.07794733003476,
        "Northing": 192.64788542820597
    },
    "73": {
        "Easting": 471.37360519410015,
        "Northing": 176.3203241259477
    },
    "74": {
        "Easting": 461.05465242875414,
        "Northing": 174.706627014872
    },
    "75": {
        "Easting": 497.0886191836188,
        "Northing": 176.8875157436064
    },
    "76": {
        "Easting": 397.0877023092931,
        "Northing": 218.00566424123446
    },
    "77": {
        "Easting": 449.81706838497536,
        "Northing": 179.39028178772017
    },
    "78": {
        "Easting": 477.57667421201995,
        "Northing": 185.7475809078007
    },
    "79": {
        "Easting": 460.74541780386744,
        "Northing": 169.86343674808873
    },
    "Depot": {
        "Easting": 0,
        "Northing": 0
    }
}