{
    "0": {
        "Easting": 480.60298496592463,
        "Northing": 2012.013231806108
    },
    "1": {
        "Easting": 184.71956084275416,
        "Northing": 1864.8890723427965
    },
    "2": {
        "Easting": 195.06209454092883,
        "Northing": 1945.1268247334053
    },
    "3": {
        "Easting": 355.3797520193241,
        "Northing": 1509.2426150024853
    },
    "4": {
        "Easting": 225.2586622396334,
        "Northing": 2113.793278079661
    },
    "5": {
        "Easting": 37.70852282055759,
        "Northing": 2261.694729323832
    },
    "6": {
        "Easting": 86.30758358626463,
        "Northing": 1573.7277376685588
    },
    "7": {
        "Easting": 210.38630523715238,
        "Northing": 2325.6288817127165
    },
    "8": {
        "Easting": 26.218243028258655,
        "Northing": 1882.1852949771062
    },
    "9": {
        "Easting": 11.493930931859609,
        "Northing": 2054.478367540266
    },
    "10": {
        "Easting": 2539.6852932752504,
        "Northing": 537.4100153818255
    },
    "11": {
        "Easting": 2429.949152420366,
        "Northing": 430.32707740393
    },
    "12": {
        "Easting": 2839.354653396279,
        "Northing": 756.4931354612063
    },
    "13": {
        "Easting": 2798.6932549228577,
        "Northing": 485.94148775784225
    },
    "14": {
        "Easting": 2577.67128932415,
        "Northing": 665.8271541343574
    },
    "15": {
        "Easting": 2376.335727223322,
        "Northing": 720.4044110165643
    },
    "16": {
        "Easting": 2594.840138424572,
        "Northing": 315.04605528081316
    },
    "17": {
        "Easting": 2772.3357550979927,
        "Northing": 570.4409320554812
    },
    "18": {
        "Easting": 2632.5365029139875,
        "Northing": 359.2959721535451
    },
    "19": {
        "Easting": 2598.6471561068042,
        "Northing": 491.50029297147614
    },
    "20": {
        "Easting": 3631.6084790836567,
        "Northing": 1191.6681279403397
    },
    "21": {
        "Easting": 3378.368261900433,
        "Northing": 863.2511500788138
    },
    "22": {
        "Easting": 3373.8980141637885,
        "Northing": 1099.574321357948
    },
    "23": {
        "Easting": 3126.323593998379,
        "Northing": 930.6879575776287
    },
    "24": {
        "Easting": 3147.4587261713336,
        "Northing": 1123.2785976541797
    },
    "25": {
        "Easting": 2957.9704301505913,
        "Northing": 1218.000734438861
    },
    "26": {
        "Easting": 3488.187615719065,
        "Northing": 1179.0186837336935
    },
    "27": {
        "Easting": 3616.297483318007,
        "Northing": 905.3862595906877
    },
    "28": {
        "Easting": 3381.832390904181,
        "Northing": 783.7266333354914
    },
    "29": {
        "Easting": 3004.53309928828,
        "Northing": 727.5485507783623
    },
    "30": {
        "Easting": 2201.7616247880974,
        "Northing": 346.6218082074031
    },
    "31": {
        "Easting": 2463.052307950583,
        "Northing": 725.7135767815582
    },
    "32": {
        "Easting": 2744.679222030409,
        "Northing": 735.608981812543
    },
    "33": {
        "Easting": 2372.120261391617,
        "Northing": 688.1073094962316
    },
    "34": {
        "Easting": 2319.9400041842177,
        "Northing": 735.5985262612331
    },
    "35": {
        "Easting": 2522.247870615206,
        "Northing": 400.74979028929476
    },
    "36": {
        "Easting": 2223.9755140645093,
        "Northing": 612.7776074349134
    },
    "37": {
        "Easting": 2170.1371823583036,
        "Northing": 537.0181487166475
    },
    "38": {
        "Easting": 2545.0818279603222,
        "Northing": 709.1479039593319
    },
    "39": {
        "Easting": 2372.747557128185,
        "Northing": 847.1954791197444
    },
    "40": {
        "Easting": 34.82679913067921,
        "Northing": 1859.9509359164322
    },
    "41": {
        "Easting": 120.21542993458525,
        "Northing": 1938.20632025951
    },
    "42": {
        "Easting": 74.97486896842585,
        "Northing": 1526.0610173855396
    },
    "43": {
        "Easting": 41.78901288987748,
        "Northing": 1740.5075011006552
    },
    "44": {
        "Easting": 208.2484350466936,
        "Northing": 1841.853816682681
    },
    "45": {
        "Easting": 100.62649847738528,
        "Northing": 2039.8518813655287
    },
    "46": {
        "Easting": 114.3166473797717,
        "Northing": 2071.732585452557
    },
    "47": {
        "Easting": -114.75528233829921,
        "Northing": 1690.793922352907
    },
    "48": {
        "Easting": 70.77708497429282,
        "Northing": 1921.0110383204435
    },
    "49": {
        "Easting": 112.92648655024473,
        "Northing": 2088.4536277427724
    },
    "Depot": {
        "Easting": 0,
        "Northing": 0
    }
}