{
    "0": {
        "Location": "CAF095",
        "Easting": 450.724426932289,
        "Northing": 357.15727054936985
    },
    "1": {
        "Location": "CAF308",
        "Easting": 725.9020636010003,
        "Northing": 428.30968479444357
    },
    "2": {
        "Location": "CAF135",
        "Easting": 562.1040007649842,
        "Northing": 543.5585556045938
    },
    "3": {
        "Location": "CAF119",
        "Easting": 278.7245802634309,
        "Northing": 135.18699384867284
    },
    "4": {
        "Location": "CAF125",
        "Easting": 261.38295707627384,
        "Northing": 209.58929087771196
    },
    "5": {
        "Location": "CAF245",
        "Easting": 192.0169041989914,
        "Northing": 240.2987612704579
    },
    "6": {
        "Location": "CAF133",
        "Easting": 529.1134968533129,
        "Northing": 374.15960733987185
    },
    "7": {
        "Location": "CAF237",
        "Easting": 807.4024958448265,
        "Northing": 23.47495607331155
    },
    "8": {
        "Location": "CAF035",
        "Easting": 765.6162421686057,
        "Northing": 131.4076580410412
    },
    "9": {
        "Location": "CAF141",
        "Easting": 117.78246707059488,
        "Northing": 14.298118936146054
    },
    "10": {
        "Location": "CAF357",
        "Easting": 799.8321558901209,
        "Northing": 78.0065814816023
    },
    "11": {
        "Location": "CAF197",
        "Easting": 299.12828515370467,
        "Northing": 541.6750539618023
    },
    "12": {
        "Location": "CAF397",
        "Easting": 425.056231447419,
        "Northing": 340.42164037010093
    },
    "13": {
        "Location": "CAF231",
        "Easting": 497.10619572505567,
        "Northing": 467.82682833076916
    },
    "14": {
        "Location": "CAF033",
        "Easting": 600.6781405031917,
        "Northing": 18.000063222608542
    },
    "15": {
        "Location": "CAF351",
        "Easting": 432.21049302638266,
        "Northing": 540.2637336121938
    },
    "16": {
        "Location": "CAF019",
        "Easting": 458.95151844482757,
        "Northing": 121.25745833175623
    },
    "17": {
        "Location": "CAF031",
        "Easting": 679.5209173011149,
        "Northing": 353.56497646704145
    },
    "18": {
        "Location": "CAF377",
        "Easting": 173.84657687261426,
        "Northing": 518.019811334616
    },
    "19": {
        "Location": "CAF201",
        "Easting": 407.84502458186597,
        "Northing": 38.71313265266562
    },
    "20": {
        "Location": "CAF215",
        "Easting": 757.9744082400879,
        "Northing": 78.57491210894169
    },
    "21": {
        "Location": "CAF003",
        "Easting": 791.8017881876933,
        "Northing": 518.8266523975736
    },
    "22": {
        "Location": "CAF163",
        "Easting": 19.835998945947914,
        "Northing": 465.0418412418808
    },
    "23": {
        "Location": "CAF007",
        "Easting": 210.12282682692808,
        "Northing": 475.72726234295476
    },
    "24": {
        "Location": "CAF401",
        "Easting": 420.9600872067323,
        "Northing": 547.5455794408966
    },
    "25": {
        "Location": "CAF314",
        "Easting": 307.3815719090097,
        "Northing": 430.9674842030152
    },
    "26": {
        "Location": "CAF075",
        "Easting": 220.80001825873322,
        "Northing": 349.83256166075074
    },
    "27": {
        "Location": "CAF061",
        "Easting": 293.38826737000056,
        "Northing": 229.84569343202807
    },
    "28": {
        "Location": "CAF139",
        "Easting": 785.2992684164393,
        "Northing": 312.89676533416605
    },
    "29": {
        "Location": "CAF312",
        "Easting": 653.3755906466495,
        "Northing": 275.74766743905894
    },
    "30": {
        "Location": "CAF310",
        "Easting": 508.3004553228388,
        "Northing": 322.4814631647559
    },
    "31": {
        "Location": "CAF067",
        "Easting": 779.5687114521899,
        "Northing": 461.23320409567407
    },
    "Depot": {
        "Location": "Depot",
        "Easting": 0,
        "Northing": 0
    }
}