{
    "0": {
        "Location": "CAF095",
        "Easting": 249.63505251227096,
        "Northing": 159.72800598877808
    },
    "1": {
        "Location": "CAF308",
        "Easting": 433.26259254077286,
        "Northing": 293.7241612362228
    },
    "2": {
        "Location": "CAF135",
        "Easting": 32.411120120126164,
        "Northing": 128.43532043386648
    },
    "3": {
        "Location": "CAF119",
        "Easting": 289.48873610201935,
        "Northing": 46.386051872380335
    },
    "4": {
        "Location": "CAF125",
        "Easting": 22.763459480938053,
        "Northing": 412.282193801813
    },
    "5": {
        "Location": "CAF245",
        "Easting": 46.64497845587843,
        "Northing": 99.77797459804471
    },
    "6": {
        "Location": "CAF133",
        "Easting": 631.6218285627746,
        "Northing": 435.376302964459
    },
    "7": {
        "Location": "CAF237",
        "Easting": 39.77624220615527,
        "Northing": 107.21775825351321
    },
    "8": {
        "Location": "CAF035",
        "Easting": 539.8445957871332,
        "Northing": 527.3617083989978
    },
    "9": {
        "Location": "CAF141",
        "Easting": 780.7390289982629,
        "Northing": 477.3240590240249
    },
    "10": {
        "Location": "CAF357",
        "Easting": 525.0266438508273,
        "Northing": 262.4038621868555
    },
    "11": {
        "Location": "CAF197",
        "Easting": 258.5311527349049,
        "Northing": 335.8987983741078
    },
    "12": {
        "Location": "CAF397",
        "Easting": 767.3532012189446,
        "Northing": 178.07059094752984
    },
    "13": {
        "Location": "CAF231",
        "Easting": 205.6518996043626,
        "Northing": 392.64811681975397
    },
    "14": {
        "Location": "CAF033",
        "Easting": 674.3203701090147,
        "Northing": 248.0333452266837
    },
    "15": {
        "Location": "CAF351",
        "Easting": 602.5136437337304,
        "Northing": 484.9427537862091
    },
    "16": {
        "Location": "CAF019",
        "Easting": 348.57010299309115,
        "Northing": 362.89689018093173
    },
    "17": {
        "Location": "CAF031",
        "Easting": 385.21928573017664,
        "Northing": 183.84001525435855
    },
    "18": {
        "Location": "CAF377",
        "Easting": 100.94059582842722,
        "Northing": 500.9431911403215
    },
    "19": {
        "Location": "CAF201",
        "Easting": 344.54156433837727,
        "Northing": 259.0631708349838
    },
    "20": {
        "Location": "CAF215",
        "Easting": 749.33588625145,
        "Northing": 127.29803388238426
    },
    "21": {
        "Location": "CAF003",
        "Easting": 721.0045655745427,
        "Northing": 67.19891167724015
    },
    "22": {
        "Location": "CAF163",
        "Easting": 841.5722308711903,
        "Northing": 449.31076634392923
    },
    "23": {
        "Location": "CAF007",
        "Easting": 809.3831073704076,
        "Northing": 322.5535236414884
    },
    "24": {
        "Location": "CAF401",
        "Easting": 465.34048866613915,
        "Northing": 272.9291840289485
    },
    "25": {
        "Location": "CAF314",
        "Easting": 428.5204986254632,
        "Northing": 537.7302005013483
    },
    "26": {
        "Location": "CAF075",
        "Easting": 643.042269077597,
        "Northing": 215.57585467909124
    },
    "27": {
        "Location": "CAF061",
        "Easting": 2.621686151951214,
        "Northing": 113.8802988057028
    },
    "28": {
        "Location": "CAF139",
        "Easting": 36.28671844845807,
        "Northing": 266.84451372843495
    },
    "29": {
        "Location": "CAF312",
        "Easting": 481.56041385994587,
        "Northing": 305.6951635315017
    },
    "30": {
        "Location": "CAF310",
        "Easting": 538.6391974448999,
        "Northing": 441.13442477482056
    },
    "31": {
        "Location": "CAF067",
        "Easting": 54.63664329442884,
        "Northing": 443.14239689110707
    },
    "Depot": {
        "Location": "Depot",
        "Easting": 0,
        "Northing": 0
    }
}