{
    "0": {
        "Easting": 117.55450702309304,
        "Northing": 1571.385092535651
    },
    "1": {
        "Easting": 397.231174252184,
        "Northing": 1557.5991577205066
    },
    "2": {
        "Easting": 113.2071715984336,
        "Northing": 1787.9674394731776
    },
    "3": {
        "Easting": 419.59733047159074,
        "Northing": 1480.6866190018063
    },
    "4": {
        "Easting": 303.0405037125446,
        "Northing": 1477.471819531219
    },
    "5": {
        "Easting": 364.94586860192226,
        "Northing": 1294.9224732509663
    },
    "6": {
        "Easting": 237.63602766249713,
        "Northing": 1396.6755446662457
    },
    "7": {
        "Easting": 652.7238126334142,
        "Northing": 1162.0240449456119
    },
    "8": {
        "Easting": 361.89736828641,
        "Northing": 1383.413410201767
    },
    "9": {
        "Easting": 122.56532830316934,
        "Northing": 1440.0149298648412
    },
    "10": {
        "Easting": 2369.372088525339,
        "Northing": 318.228207202925
    },
    "11": {
        "Easting": 2449.2882870568233,
        "Northing": 565.8252775953014
    },
    "12": {
        "Easting": 2571.673337681095,
        "Northing": 363.3888466452223
    },
    "13": {
        "Easting": 2282.3397470401483,
        "Northing": 309.95736750992194
    },
    "14": {
        "Easting": 2614.1873265685936,
        "Northing": 662.3013251361475
    },
    "15": {
        "Easting": 2129.542932715888,
        "Northing": 476.36597116151984
    },
    "16": {
        "Easting": 2118.9706182057853,
        "Northing": 281.68400301647983
    },
    "17": {
        "Easting": 2456.6233772015903,
        "Northing": 379.6784846289875
    },
    "18": {
        "Easting": 2067.269747381856,
        "Northing": 758.2291436803324
    },
    "19": {
        "Easting": 2680.8880666573396,
        "Northing": 286.27954941607595
    },
    "20": {
        "Easting": 3207.730498690083,
        "Northing": 872.8373448477031
    },
    "21": {
        "Easting": 2859.990082411518,
        "Northing": 826.9636315059554
    },
    "22": {
        "Easting": 2764.4012074672223,
        "Northing": 955.8878449643544
    },
    "23": {
        "Easting": 2849.4902608638135,
        "Northing": 1056.9452178595893
    },
    "24": {
        "Easting": 3052.027483365407,
        "Northing": 1084.3205013576771
    },
    "25": {
        "Easting": 2601.6820021179383,
        "Northing": 957.3806698985848
    },
    "26": {
        "Easting": 2766.1210372336045,
        "Northing": 1193.64658699525
    },
    "27": {
        "Easting": 2913.488689202435,
        "Northing": 1165.1388290860662
    },
    "28": {
        "Easting": 2735.5348947054304,
        "Northing": 1031.5742619832795
    },
    "29": {
        "Easting": 2899.854566219997,
        "Northing": 1184.1210248932807
    },
    "30": {
        "Easting": 179.56647662131323,
        "Northing": 660.8180798671134
    },
    "31": {
        "Easting": 531.7113242619337,
        "Northing": 464.4206796763935
    },
    "32": {
        "Easting": -65.37204972694633,
        "Northing": 429.04093266810486
    },
    "33": {
        "Easting": 357.8924238564481,
        "Northing": 776.2417733836314
    },
    "34": {
        "Easting": 43.564698785457,
        "Northing": 627.9089336907911
    },
    "35": {
        "Easting": 213.15116342501656,
        "Northing": 876.8440661361888
    },
    "36": {
        "Easting": 86.39184689146526,
        "Northing": 933.7505695450284
    },
    "37": {
        "Easting": 127.88795179152595,
        "Northing": 396.89398085127755
    },
    "38": {
        "Easting": 93.59836580559283,
        "Northing": 942.3273903613892
    },
    "39": {
        "Easting": 73.92952258761298,
        "Northing": 867.1511893468225
    },
    "40": {
        "Easting": 2300.683657371296,
        "Northing": 1387.020797347132
    },
    "41": {
        "Easting": 1959.2288825580392,
        "Northing": 1219.5299382638725
    },
    "42": {
        "Easting": 2057.9267897284344,
        "Northing": 1052.6503842447735
    },
    "43": {
        "Easting": 1977.6508327159747,
        "Northing": 1399.5680462447633
    },
    "44": {
        "Easting": 1864.369299073846,
        "Northing": 1052.8474713079606
    },
    "45": {
        "Easting": 2062.5180079244747,
        "Northing": 1134.3326331130806
    },
    "46": {
        "Easting": 2243.3484048067903,
        "Northing": 1153.657408582484
    },
    "47": {
        "Easting": 2202.859791825207,
        "Northing": 1308.5616504352258
    },
    "48": {
        "Easting": 2229.4427881653614,
        "Northing": 880.6797022663077
    },
    "49": {
        "Easting": 2154.1929749263195,
        "Northing": 1191.819454756329
    },
    "Depot": {
        "Easting": 0,
        "Northing": 0
    }
}