{
    "0": {
        "Easting": 743.2498681602335,
        "Northing": 1148.078239063682
    },
    "1": {
        "Easting": 944.0476008453269,
        "Northing": 1265.5827807902424
    },
    "2": {
        "Easting": 479.97408296727826,
        "Northing": 1429.0425410239768
    },
    "3": {
        "Easting": 658.2783833210497,
        "Northing": 1266.6261901291616
    },
    "4": {
        "Easting": 780.1528428807951,
        "Northing": 1572.2378708938218
    },
    "5": {
        "Easting": 820.0828622629617,
        "Northing": 1397.2326141632307
    },
    "6": {
        "Easting": 519.7464399066218,
        "Northing": 1076.7851852244119
    },
    "7": {
        "Easting": 393.32937703633297,
        "Northing": 1211.3696126923937
    },
    "8": {
        "Easting": 514.458693118433,
        "Northing": 911.2697079375316
    },
    "9": {
        "Easting": 764.2434943469653,
        "Northing": 1382.49455812941
    },
    "10": {
        "Easting": 3621.8974389881905,
        "Northing": 801.4414159999199
    },
    "11": {
        "Easting": 3406.434471188837,
        "Northing": 930.2920867761311
    },
    "12": {
        "Easting": 3563.9154617468143,
        "Northing": 762.1432224519839
    },
    "13": {
        "Easting": 3224.007018920519,
        "Northing": 347.56181109768596
    },
    "14": {
        "Easting": 3305.3215132329065,
        "Northing": 1300.4327776012415
    },
    "15": {
        "Easting": 3412.4531519948823,
        "Northing": 794.8325083618288
    },
    "16": {
        "Easting": 3136.492124491798,
        "Northing": 795.7470177522257
    },
    "17": {
        "Easting": 3311.336496976938,
        "Northing": 485.0899198972931
    },
    "18": {
        "Easting": 3444.8287081466237,
        "Northing": 780.4210601214612
    },
    "19": {
        "Easting": 3276.9960315357043,
        "Northing": 1091.3154824667736
    },
    "20": {
        "Easting": 751.1265341763818,
        "Northing": 438.8549636972723
    },
    "21": {
        "Easting": 1212.8694185280692,
        "Northing": 373.2418108850981
    },
    "22": {
        "Easting": 1107.636396855443,
        "Northing": 200.5766872387789
    },
    "23": {
        "Easting": 1288.592167762699,
        "Northing": 207.7352263996084
    },
    "24": {
        "Easting": 1308.0223947559152,
        "Northing": 410.099088333193
    },
    "25": {
        "Easting": 968.9354487797051,
        "Northing": 721.8220060038557
    },
    "26": {
        "Easting": 1431.4680025885436,
        "Northing": 395.414165770121
    },
    "27": {
        "Easting": 1265.3446737635113,
        "Northing": 614.8669288567073
    },
    "28": {
        "Easting": 1214.9948165058458,
        "Northing": 350.53087248079584
    },
    "29": {
        "Easting": 1200.6233282037872,
        "Northing": 105.79331839911816
    },
    "30": {
        "Easting": 1320.4759761509042,
        "Northing": 887.6121108754152
    },
    "31": {
        "Easting": 1093.6527866293754,
        "Northing": 896.6158374318973
    },
    "32": {
        "Easting": 1240.5913921388487,
        "Northing": 575.516761360982
    },
    "33": {
        "Easting": 882.6717451352154,
        "Northing": 774.5413455828677
    },
    "34": {
        "Easting": 1236.5919328721222,
        "Northing": 638.1159147215127
    },
    "35": {
        "Easting": 534.4540413947584,
        "Northing": 1021.4381650500326
    },
    "36": {
        "Easting": 796.846902053532,
        "Northing": 912.9286992884165
    },
    "37": {
        "Easting": 806.8802498012114,
        "Northing": 543.0673064803539
    },
    "38": {
        "Easting": 1112.2151993234897,
        "Northing": 741.2804690250374
    },
    "39": {
        "Easting": 697.4987386360458,
        "Northing": 747.728528690314
    },
    "40": {
        "Easting": 1997.8339870617942,
        "Northing": 192.2034094629554
    },
    "41": {
        "Easting": 1817.5485069643917,
        "Northing": 593.6588640514774
    },
    "42": {
        "Easting": 2034.4864135160792,
        "Northing": 664.196927335365
    },
    "43": {
        "Easting": 1798.399993411832,
        "Northing": 772.1576926809394
    },
    "44": {
        "Easting": 1733.559866928647,
        "Northing": 90.0597131490216
    },
    "45": {
        "Easting": 2142.6982063056166,
        "Northing": 608.3998638589327
    },
    "46": {
        "Easting": 1666.8027929340956,
        "Northing": 271.3072912808642
    },
    "47": {
        "Easting": 2203.762006172308,
        "Northing": 695.800175019714
    },
    "48": {
        "Easting": 1768.244233502512,
        "Northing": 539.5722942514966
    },
    "49": {
        "Easting": 2009.467224231237,
        "Northing": 860.5436908776915
    },
    "Depot": {
        "Easting": 0,
        "Northing": 0
    }
}