{
    "0": {
        "Location": "CAF095",
        "Easting": 4.674897858039278,
        "Northing": 413.25838389071663
    },
    "1": {
        "Location": "CAF308",
        "Easting": 493.36488633057263,
        "Northing": 188.0287597033005
    },
    "2": {
        "Location": "CAF135",
        "Easting": 248.01669772222957,
        "Northing": 373.6870157292271
    },
    "3": {
        "Location": "CAF119",
        "Easting": 713.1693907340559,
        "Northing": 425.7716581246986
    },
    "4": {
        "Location": "CAF125",
        "Easting": 8.224762138487412,
        "Northing": 308.63973694543085
    },
    "5": {
        "Location": "CAF245",
        "Easting": 120.55799857220232,
        "Northing": 434.7507543691639
    },
    "6": {
        "Location": "CAF133",
        "Easting": 429.1748987040399,
        "Northing": 253.06168738581044
    },
    "7": {
        "Location": "CAF237",
        "Easting": 255.34297074197426,
        "Northing": 260.6372953632649
    },
    "8": {
        "Location": "CAF035",
        "Easting": 45.2515340437978,
        "Northing": 190.0239401567505
    },
    "9": {
        "Location": "CAF141",
        "Easting": 145.59718208274342,
        "Northing": 187.13947091973088
    },
    "10": {
        "Location": "CAF357",
        "Easting": 371.843751432403,
        "Northing": 36.994904023601336
    },
    "11": {
        "Location": "CAF197",
        "Easting": 550.4270230569736,
        "Northing": 449.50852786329574
    },
    "12": {
        "Location": "CAF397",
        "Easting": 291.32238020058077,
        "Northing": 59.99693633379964
    },
    "13": {
        "Location": "CAF231",
        "Easting": 470.31763288474093,
        "Northing": 156.7011834619319
    },
    "14": {
        "Location": "CAF033",
        "Easting": 620.7675551068894,
        "Northing": 298.7376925760964
    },
    "15": {
        "Location": "CAF351",
        "Easting": 494.4382613203503,
        "Northing": 376.0451647631418
    },
    "16": {
        "Location": "CAF019",
        "Easting": 267.3552125020749,
        "Northing": 103.73826020293865
    },
    "17": {
        "Location": "CAF031",
        "Easting": 253.52410297237304,
        "Northing": 414.14793892052074
    },
    "18": {
        "Location": "CAF377",
        "Easting": 13.422538255030874,
        "Northing": 419.8610061871267
    },
    "19": {
        "Location": "CAF201",
        "Easting": 522.7996302117834,
        "Northing": 474.28679237150766
    },
    "20": {
        "Location": "CAF215",
        "Easting": 376.32377295857515,
        "Northing": 147.62987895776266
    },
    "21": {
        "Location": "CAF003",
        "Easting": 517.4846355396803,
        "Northing": 346.7482377555584
    },
    "22": {
        "Location": "CAF163",
        "Easting": 793.8568613481808,
        "Northing": 11.875196067017868
    },
    "23": {
        "Location": "CAF007",
        "Easting": 155.56842997465114,
        "Northing": 187.29838238825778
    },
    "24": {
        "Location": "CAF401",
        "Easting": 675.6901956489629,
        "Northing": 6.081822392264774
    },
    "25": {
        "Location": "CAF314",
        "Easting": 453.5484006107714,
        "Northing": 155.46509415760406
    },
    "26": {
        "Location": "CAF075",
        "Easting": 674.5776549474896,
        "Northing": 341.9026875473445
    },
    "27": {
        "Location": "CAF061",
        "Easting": 222.66724410861138,
        "Northing": 256.1077206656911
    },
    "28": {
        "Location": "CAF139",
        "Easting": 322.90122471227113,
        "Northing": 405.202174586079
    },
    "29": {
        "Location": "CAF312",
        "Easting": 598.3772502351928,
        "Northing": 98.24565138264515
    },
    "30": {
        "Location": "CAF310",
        "Easting": 425.842180600504,
        "Northing": 505.7222807997725
    },
    "31": {
        "Location": "CAF067",
        "Easting": 564.8581427213627,
        "Northing": 232.41256996589664
    },
    "Depot": {
        "Location": "Depot",
        "Easting": 0,
        "Northing": 0
    }
}