{
    "0": {
        "Location": "CAF095",
        "Easting": 701.9519398685076,
        "Northing": 432.31154180619626
    },
    "1": {
        "Location": "CAF308",
        "Easting": 638.3617661528866,
        "Northing": 509.5271400248445
    },
    "2": {
        "Location": "CAF135",
        "Easting": 653.8892899882974,
        "Northing": 441.7241866210709
    },
    "3": {
        "Location": "CAF119",
        "Easting": 719.192369022018,
        "Northing": 21.34934801029282
    },
    "4": {
        "Location": "CAF125",
        "Easting": 493.6407875610198,
        "Northing": 114.41411397155544
    },
    "5": {
        "Location": "CAF245",
        "Easting": 795.5581833225972,
        "Northing": 48.06802202622658
    },
    "6": {
        "Location": "CAF133",
        "Easting": 767.0135161928221,
        "Northing": 355.54598663645606
    },
    "7": {
        "Location": "CAF237",
        "Easting": 568.7241728745407,
        "Northing": 486.09618285406054
    },
    "8": {
        "Location": "CAF035",
        "Easting": 209.5081463927791,
        "Northing": 431.7764059402661
    },
    "9": {
        "Location": "CAF141",
        "Easting": 474.50677163046026,
        "Northing": 272.7525688383337
    },
    "10": {
        "Location": "CAF357",
        "Easting": 399.06859201702434,
        "Northing": 276.6847266769742
    },
    "11": {
        "Location": "CAF197",
        "Easting": 680.6048922019545,
        "Northing": 52.73943741579551
    },
    "12": {
        "Location": "CAF397",
        "Easting": 117.17980042057465,
        "Northing": 308.2918556592927
    },
    "13": {
        "Location": "CAF231",
        "Easting": 114.07504892689282,
        "Northing": 184.92170883213458
    },
    "14": {
        "Location": "CAF033",
        "Easting": 202.1472010082254,
        "Northing": 541.8758783641877
    },
    "15": {
        "Location": "CAF351",
        "Easting": 385.6509387595812,
        "Northing": 385.03266370598374
    },
    "16": {
        "Location": "CAF019",
        "Easting": 733.45878777395,
        "Northing": 227.6381369256711
    },
    "17": {
        "Location": "CAF031",
        "Easting": 575.7739080296656,
        "Northing": 371.1104604450219
    },
    "18": {
        "Location": "CAF377",
        "Easting": 139.8189562812356,
        "Northing": 4.984672708806648
    },
    "19": {
        "Location": "CAF201",
        "Easting": 801.9291636286364,
        "Northing": 270.68240974596546
    },
    "20": {
        "Location": "CAF215",
        "Easting": 85.52644143030192,
        "Northing": 386.88850590910187
    },
    "21": {
        "Location": "CAF003",
        "Easting": 238.99729180124197,
        "Northing": 219.05949705846467
    },
    "22": {
        "Location": "CAF163",
        "Easting": 30.153615974203685,
        "Northing": 181.1854442863423
    },
    "23": {
        "Location": "CAF007",
        "Easting": 291.31227672063756,
        "Northing": 218.82751799774869
    },
    "24": {
        "Location": "CAF401",
        "Easting": 97.88179436688866,
        "Northing": 289.68061366038927
    },
    "25": {
        "Location": "CAF314",
        "Easting": 333.07096876727394,
        "Northing": 139.03566910727565
    },
    "26": {
        "Location": "CAF075",
        "Easting": 750.9497330404649,
        "Northing": 98.25451128883715
    },
    "27": {
        "Location": "CAF061",
        "Easting": 591.9593027514663,
        "Northing": 269.3398357704818
    },
    "28": {
        "Location": "CAF139",
        "Easting": 529.3868664571111,
        "Northing": 529.0492861507754
    },
    "29": {
        "Location": "CAF312",
        "Easting": 562.3793441446096,
        "Northing": 131.690289950046
    },
    "30": {
        "Location": "CAF310",
        "Easting": 720.9062360626477,
        "Northing": 343.75066138095656
    },
    "31": {
        "Location": "CAF067",
        "Easting": 765.9500601643126,
        "Northing": 515.1276322411036
    },
    "Depot": {
        "Location": "Depot",
        "Easting": 0,
        "Northing": 0
    }
}