{
    "0": {
        "Location": "CAF095",
        "Easting": 486.3271331161987,
        "Northing": 115.36986735349228
    },
    "1": {
        "Location": "CAF308",
        "Easting": 628.3142673773697,
        "Northing": 5.476633903478712
    },
    "2": {
        "Location": "CAF135",
        "Easting": 530.6771703176498,
        "Northing": 172.89588747320227
    },
    "3": {
        "Location": "CAF119",
        "Easting": 114.17765191728839,
        "Northing": 8.722534689801403
    },
    "4": {
        "Location": "CAF125",
        "Easting": 98.60628489209503,
        "Northing": 389.7689630688752
    },
    "5": {
        "Location": "CAF245",
        "Easting": 778.1483215075167,
        "Northing": 78.74319828516636
    },
    "6": {
        "Location": "CAF133",
        "Easting": 296.6728130512672,
        "Northing": 481.24925944844466
    },
    "7": {
        "Location": "CAF237",
        "Easting": 714.6060779052659,
        "Northing": 83.07116245004951
    },
    "8": {
        "Location": "CAF035",
        "Easting": 571.5910814876812,
        "Northing": 374.5411142081861
    },
    "9": {
        "Location": "CAF141",
        "Easting": 364.63371971140003,
        "Northing": 328.22787071827696
    },
    "10": {
        "Location": "CAF357",
        "Easting": 846.6151312022085,
        "Northing": 431.48551456116877
    },
    "11": {
        "Location": "CAF197",
        "Easting": 102.40033708683993,
        "Northing": 472.2153365899955
    },
    "12": {
        "Location": "CAF397",
        "Easting": 18.644300571029753,
        "Northing": 429.93755681384584
    },
    "13": {
        "Location": "CAF231",
        "Easting": 570.0917948541157,
        "Northing": 425.4211575718038
    },
    "14": {
        "Location": "CAF033",
        "Easting": 488.690078291074,
        "Northing": 338.2142455846466
    },
    "15": {
        "Location": "CAF351",
        "Easting": 514.9662874396097,
        "Northing": 233.10731025774805
    },
    "16": {
        "Location": "CAF019",
        "Easting": 143.18435471120537,
        "Northing": 31.414650568857567
    },
    "17": {
        "Location": "CAF031",
        "Easting": 455.9107093932757,
        "Northing": 514.9189881483613
    },
    "18": {
        "Location": "CAF377",
        "Easting": 246.63547119306998,
        "Northing": 129.12057566830546
    },
    "19": {
        "Location": "CAF201",
        "Easting": 601.3914765947775,
        "Northing": 114.59583487972313
    },
    "20": {
        "Location": "CAF215",
        "Easting": 798.7695381979928,
        "Northing": 336.4355035830382
    },
    "21": {
        "Location": "CAF003",
        "Easting": 65.16862810179164,
        "Northing": 450.73242969437246
    },
    "22": {
        "Location": "CAF163",
        "Easting": 678.7171564205483,
        "Northing": 267.7043909348128
    },
    "23": {
        "Location": "CAF007",
        "Easting": 490.87599387165,
        "Northing": 476.6523986465167
    },
    "24": {
        "Location": "CAF401",
        "Easting": 748.3857117698699,
        "Northing": 283.3001881589449
    },
    "25": {
        "Location": "CAF314",
        "Easting": 743.5520330407056,
        "Northing": 72.35626182887582
    },
    "26": {
        "Location": "CAF075",
        "Easting": 357.09334350876003,
        "Northing": 134.94131309093936
    },
    "27": {
        "Location": "CAF061",
        "Easting": 402.06597570372054,
        "Northing": 82.57910112014858
    },
    "28": {
        "Location": "CAF139",
        "Easting": 608.9784224916825,
        "Northing": 458.64337907570496
    },
    "29": {
        "Location": "CAF312",
        "Easting": 142.96426989095,
        "Northing": 294.76728834843686
    },
    "30": {
        "Location": "CAF310",
        "Easting": 560.0016382842742,
        "Northing": 171.1390214288396
    },
    "31": {
        "Location": "CAF067",
        "Easting": 736.0128208697568,
        "Northing": 458.2330470995233
    },
    "Depot": {
        "Location": "Depot",
        "Easting": 0,
        "Northing": 0
    }
}