{
    "0": {
        "Easting": 759.8271381712875,
        "Northing": 1134.4776028053436
    },
    "1": {
        "Easting": 921.3131842481162,
        "Northing": 909.1212107119708
    },
    "2": {
        "Easting": 969.2408092868216,
        "Northing": 752.980066776734
    },
    "3": {
        "Easting": 692.8497371611707,
        "Northing": 737.220940936204
    },
    "4": {
        "Easting": 711.9610407746104,
        "Northing": 1025.0273176857618
    },
    "5": {
        "Easting": 848.2252604822776,
        "Northing": 1198.848774479281
    },
    "6": {
        "Easting": 490.89287368312876,
        "Northing": 920.3207198877855
    },
    "7": {
        "Easting": 1188.4952965837574,
        "Northing": 1014.0194748854573
    },
    "8": {
        "Easting": 722.950607064802,
        "Northing": 738.7289088709309
    },
    "9": {
        "Easting": 576.7416565561832,
        "Northing": 823.108170996583
    },
    "10": {
        "Easting": 1615.3847108746238,
        "Northing": 394.747241299611
    },
    "11": {
        "Easting": 2031.4420676368595,
        "Northing": -31.05002806801403
    },
    "12": {
        "Easting": 1905.3626977636623,
        "Northing": -445.93175876437294
    },
    "13": {
        "Easting": 1616.8036878332778,
        "Northing": 45.743606750180405
    },
    "14": {
        "Easting": 1731.1696928580927,
        "Northing": -222.22915131875297
    },
    "15": {
        "Easting": 1975.2764054220747,
        "Northing": 16.076394361630662
    },
    "16": {
        "Easting": 1667.4218324511155,
        "Northing": 262.25554675097976
    },
    "17": {
        "Easting": 2173.3280683412604,
        "Northing": -176.09179332989598
    },
    "18": {
        "Easting": 2015.2952308468302,
        "Northing": -37.56494190222631
    },
    "19": {
        "Easting": 2171.5276889187808,
        "Northing": -61.17174034875933
    },
    "20": {
        "Easting": 2160.7252629027444,
        "Northing": 971.0141538834905
    },
    "21": {
        "Easting": 1737.6942294160654,
        "Northing": 1223.7312924393248
    },
    "22": {
        "Easting": 2180.087304134929,
        "Northing": 1195.230832453151
    },
    "23": {
        "Easting": 1703.1833145836983,
        "Northing": 1531.1299867254834
    },
    "24": {
        "Easting": 2009.6511923802302,
        "Northing": 1162.9013548381374
    },
    "25": {
        "Easting": 2174.695936581343,
        "Northing": 918.0771867194559
    },
    "26": {
        "Easting": 2330.8427353536304,
        "Northing": 1335.2965988185422
    },
    "27": {
        "Easting": 1574.7494624714702,
        "Northing": 1081.2379166466135
    },
    "28": {
        "Easting": 1896.4128495503637,
        "Northing": 770.0855355276038
    },
    "29": {
        "Easting": 2276.008355702106,
        "Northing": 989.5220481000969
    },
    "30": {
        "Easting": 2825.0604101303165,
        "Northing": 888.3870679554467
    },
    "31": {
        "Easting": 2941.177808621587,
        "Northing": 952.9761620964791
    },
    "32": {
        "Easting": 2982.165952637277,
        "Northing": 1157.4491777137475
    },
    "33": {
        "Easting": 2912.113378972946,
        "Northing": 1034.0533503501554
    },
    "34": {
        "Easting": 3052.7206631138506,
        "Northing": 937.4722030460651
    },
    "35": {
        "Easting": 3011.412311234887,
        "Northing": 827.9684261114735
    },
    "36": {
        "Easting": 2770.962909508127,
        "Northing": 826.6532954770959
    },
    "37": {
        "Easting": 2789.4089106035312,
        "Northing": 1039.9916770145028
    },
    "38": {
        "Easting": 3129.709312962737,
        "Northing": 1078.3579080011552
    },
    "39": {
        "Easting": 2844.5888051798547,
        "Northing": 1003.1760452454528
    },
    "40": {
        "Easting": 2261.1651301961397,
        "Northing": -279.9974277649725
    },
    "41": {
        "Easting": 1838.0225418419857,
        "Northing": 127.07070264363982
    },
    "42": {
        "Easting": 2155.2550120585133,
        "Northing": -48.65597396461253
    },
    "43": {
        "Easting": 1592.1609020707017,
        "Northing": -12.67639194365816
    },
    "44": {
        "Easting": 1941.1885992309217,
        "Northing": -52.98538832639801
    },
    "45": {
        "Easting": 2093.641760358573,
        "Northing": -70.25314532714529
    },
    "46": {
        "Easting": 1903.242775413526,
        "Northing": -197.78694878213597
    },
    "47": {
        "Easting": 1703.2353683907136,
        "Northing": -113.93380769128015
    },
    "48": {
        "Easting": 1883.7031418339266,
        "Northing": 114.90782942047036
    },
    "49": {
        "Easting": 1509.2887288817024,
        "Northing": 521.8131465973264
    },
    "Depot": {
        "Easting": 0,
        "Northing": 0
    }
}