{
    "0": {
        "Easting": 2794.3486727787963,
        "Northing": 1777.993228932542
    },
    "1": {
        "Easting": 3250.608232301726,
        "Northing": 1964.0021374090431
    },
    "2": {
        "Easting": 2900.33180032852,
        "Northing": 1955.0236039574202
    },
    "3": {
        "Easting": 2853.0129345060473,
        "Northing": 1707.9031073769424
    },
    "4": {
        "Easting": 2701.0552736948807,
        "Northing": 2165.2668760677757
    },
    "5": {
        "Easting": 2923.4497912748498,
        "Northing": 2029.4358738085198
    },
    "6": {
        "Easting": 3171.9386050651738,
        "Northing": 1541.3224827134545
    },
    "7": {
        "Easting": 3199.0836205949217,
        "Northing": 2181.4151229456356
    },
    "8": {
        "Easting": 3078.2928686485493,
        "Northing": 1883.675488751609
    },
    "9": {
        "Easting": 2632.1975031836964,
        "Northing": 1951.9557591338219
    },
    "10": {
        "Easting": 2614.1357161157475,
        "Northing": 1979.0358604041278
    },
    "11": {
        "Easting": 2330.260016659342,
        "Northing": 1919.0996840612192
    },
    "12": {
        "Easting": 2284.400619476058,
        "Northing": 1628.8988992083061
    },
    "13": {
        "Easting": 2575.9184877526045,
        "Northing": 1715.851157675514
    },
    "14": {
        "Easting": 2491.8816120412566,
        "Northing": 1989.8181670972629
    },
    "15": {
        "Easting": 2531.815292126904,
        "Northing": 1735.1391207806482
    },
    "16": {
        "Easting": 2632.9395708745888,
        "Northing": 1501.8802298025182
    },
    "17": {
        "Easting": 2695.964770028693,
        "Northing": 1854.3301451843906
    },
    "18": {
        "Easting": 2450.176021899029,
        "Northing": 1998.3564668255033
    },
    "19": {
        "Easting": 1730.5691235229838,
        "Northing": 1614.027058989566
    },
    "20": {
        "Easting": 3235.2691983322075,
        "Northing": -71.53402428224936
    },
    "21": {
        "Easting": 2949.65106746207,
        "Northing": -20.836214527220278
    },
    "22": {
        "Easting": 3043.6126362814293,
        "Northing": 442.4263833420473
    },
    "23": {
        "Easting": 2769.925079272147,
        "Northing": -159.32205277651806
    },
    "24": {
        "Easting": 2989.5301010649123,
        "Northing": 354.3497296912549
    },
    "25": {
        "Easting": 3026.2567655110734,
        "Northing": -43.83216750387342
    },
    "26": {
        "Easting": 2925.794544198453,
        "Northing": 280.07388108605926
    },
    "27": {
        "Easting": 3098.553731654338,
        "Northing": 34.641547845743304
    },
    "28": {
        "Easting": 2787.5742699438274,
        "Northing": -7.577881548251526
    },
    "29": {
        "Easting": 2991.0618681554997,
        "Northing": 264.30917157502313
    },
    "30": {
        "Easting": 286.5611016131052,
        "Northing": 457.00647063647347
    },
    "31": {
        "Easting": 552.3700733209274,
        "Northing": 539.3411440920679
    },
    "32": {
        "Easting": 321.62894665290673,
        "Northing": 895.5041536537881
    },
    "33": {
        "Easting": 226.04825801555228,
        "Northing": 993.3821972927108
    },
    "34": {
        "Easting": 374.3513717775208,
        "Northing": 727.7494592970777
    },
    "35": {
        "Easting": 263.20906571172384,
        "Northing": 807.8947223353937
    },
    "36": {
        "Easting": 795.6584228325055,
        "Northing": 551.9221606343538
    },
    "37": {
        "Easting": 275.8992438428081,
        "Northing": 909.775620978835
    },
    "38": {
        "Easting": 327.0567386785974,
        "Northing": 705.699964750918
    },
    "39": {
        "Easting": 768.1313258941426,
        "Northing": 679.1662806925581
    },
    "40": {
        "Easting": 111.84560720526707,
        "Northing": 1570.8283744866608
    },
    "41": {
        "Easting": 346.7833106386638,
        "Northing": 1509.1363356245279
    },
    "42": {
        "Easting": -57.973485204872446,
        "Northing": 1301.54242386776
    },
    "43": {
        "Easting": -133.30356076288368,
        "Northing": 1260.9892092086804
    },
    "44": {
        "Easting": 142.78673943901737,
        "Northing": 1612.8466514541674
    },
    "45": {
        "Easting": 344.26625864263553,
        "Northing": 1326.8753432969083
    },
    "46": {
        "Easting": 118.56718920201853,
        "Northing": 1277.2244153928832
    },
    "47": {
        "Easting": 193.77381692414966,
        "Northing": 1766.5365265709297
    },
    "48": {
        "Easting": 53.81966528378528,
        "Northing": 1296.7068399635327
    },
    "49": {
        "Easting": -15.14695804515604,
        "Northing": 1640.3253668234179
    },
    "Depot": {
        "Easting": 0,
        "Northing": 0
    }
}