{
    "0": {
        "Easting": 354.82098534609725,
        "Northing": 37.97008041979199
    },
    "1": {
        "Easting": 316.30110375880224,
        "Northing": 14.356075461219412
    },
    "2": {
        "Easting": 334.2585487189455,
        "Northing": 17.90089860348739
    },
    "3": {
        "Easting": 311.1517602794647,
        "Northing": 13.82850849056446
    },
    "4": {
        "Easting": 388.45920405436334,
        "Northing": -15.249290400543561
    },
    "5": {
        "Easting": 834.1295779117262,
        "Northing": 340.407696388853
    },
    "6": {
        "Easting": 708.8729901195584,
        "Northing": 304.5421955996005
    },
    "7": {
        "Easting": 785.2120448061025,
        "Northing": 321.25730775459584
    },
    "8": {
        "Easting": 790.5049936094952,
        "Northing": 351.91603637522746
    },
    "9": {
        "Easting": 736.7385057521799,
        "Northing": 309.07129661768386
    },
    "10": {
        "Easting": 113.41279123537463,
        "Northing": 474.74426336799957
    },
    "11": {
        "Easting": 118.53033424142725,
        "Northing": 379.84839069095574
    },
    "12": {
        "Easting": 151.77823299615977,
        "Northing": 442.7962794674171
    },
    "13": {
        "Easting": 130.37592216212678,
        "Northing": 391.74801568362705
    },
    "14": {
        "Easting": 143.29506635973272,
        "Northing": 472.26519502947457
    },
    "15": {
        "Easting": 478.92625485123176,
        "Northing": 50.63578933545547
    },
    "16": {
        "Easting": 515.5973921670383,
        "Northing": 31.58817718822626
    },
    "17": {
        "Easting": 420.83299907712217,
        "Northing": 60.48166676931938
    },
    "18": {
        "Easting": 426.6319835332037,
        "Northing": 48.11260056639606
    },
    "19": {
        "Easting": 422.1154047567203,
        "Northing": 84.65858492737988
    },
    "20": {
        "Easting": 588.35578614175,
        "Northing": 358.1938689068368
    },
    "21": {
        "Easting": 632.8243296646492,
        "Northing": 317.4862575188802
    },
    "22": {
        "Easting": 622.2999806391564,
        "Northing": 339.8996638462594
    },
    "23": {
        "Easting": 628.2731301894555,
        "Northing": 377.0282515421177
    },
    "24": {
        "Easting": 665.5984752864613,
        "Northing": 345.77397586733144
    },
    "25": {
        "Easting": 198.59897567832937,
        "Northing": 462.3785279154714
    },
    "26": {
        "Easting": 139.4593797348967,
        "Northing": 522.9871735895366
    },
    "27": {
        "Easting": 79.62238797527175,
        "Northing": 474.8803732916284
    },
    "28": {
        "Easting": 118.54941102217626,
        "Northing": 469.30877113260914
    },
    "29": {
        "Easting": 116.1160637861883,
        "Northing": 461.79500855230395
    },
    "30": {
        "Easting": 825.6610559909683,
        "Northing": 186.34538258806037
    },
    "31": {
        "Easting": 792.8218719593422,
        "Northing": 212.87136122202085
    },
    "32": {
        "Easting": 745.8370850298824,
        "Northing": 158.07041938242983
    },
    "33": {
        "Easting": 757.250364690517,
        "Northing": 140.60276134671287
    },
    "34": {
        "Easting": 755.5595008409533,
        "Northing": 187.15695767327887
    },
    "Depot": {
        "Easting": 0,
        "Northing": 0
    }
}