{
    "0": {
        "Easting": 139.1849213862281,
        "Northing": 500.5018727720046
    },
    "1": {
        "Easting": 177.63658125312406,
        "Northing": 478.29257336142336
    },
    "2": {
        "Easting": 157.6961805169185,
        "Northing": 507.48506794364914
    },
    "3": {
        "Easting": 147.79792336337155,
        "Northing": 439.45567950356326
    },
    "4": {
        "Easting": 224.677812939209,
        "Northing": 442.93882473553975
    },
    "5": {
        "Easting": 224.05248611913242,
        "Northing": 515.4117482391501
    },
    "6": {
        "Easting": 148.3380258275292,
        "Northing": 551.3583796255393
    },
    "7": {
        "Easting": 133.1555765050395,
        "Northing": 446.5439726940311
    },
    "8": {
        "Easting": 185.73601333471558,
        "Northing": 543.998241542467
    },
    "9": {
        "Easting": 150.17804367222118,
        "Northing": 538.1182460240053
    },
    "10": {
        "Easting": 176.4776612588892,
        "Northing": 503.1578273343525
    },
    "11": {
        "Easting": 218.61257904019462,
        "Northing": 520.6342906926124
    },
    "12": {
        "Easting": 152.2986758515151,
        "Northing": 543.2913438692059
    },
    "13": {
        "Easting": 117.56351275490529,
        "Northing": 468.90445142483895
    },
    "14": {
        "Easting": 145.8985990640697,
        "Northing": 524.8501012549023
    },
    "15": {
        "Easting": 178.46864973530376,
        "Northing": 537.4105260694207
    },
    "16": {
        "Easting": 177.57403567381547,
        "Northing": 497.2108408783768
    },
    "17": {
        "Easting": 213.3345571959656,
        "Northing": 505.26295633316954
    },
    "18": {
        "Easting": 182.88357051050886,
        "Northing": 535.2247520839081
    },
    "19": {
        "Easting": 180.37551384906575,
        "Northing": 472.0881045503089
    },
    "20": {
        "Easting": 215.41615928781044,
        "Northing": 429.4106372785948
    },
    "21": {
        "Easting": 175.9518062438905,
        "Northing": 431.61104679316867
    },
    "22": {
        "Easting": 176.7488400492825,
        "Northing": 397.55284358092723
    },
    "23": {
        "Easting": 158.94058210241363,
        "Northing": 440.35882223933487
    },
    "24": {
        "Easting": 137.46351066187975,
        "Northing": 431.9272996972644
    },
    "25": {
        "Easting": 186.69207886464986,
        "Northing": 478.283578150884
    },
    "26": {
        "Easting": 89.48281394967975,
        "Northing": 467.5899283919339
    },
    "27": {
        "Easting": 105.66273928839463,
        "Northing": 476.9860602143549
    },
    "28": {
        "Easting": 86.39870152561173,
        "Northing": 504.0666374212325
    },
    "29": {
        "Easting": 124.72552339582623,
        "Northing": 545.0807816339352
    },
    "30": {
        "Easting": 86.67156037989804,
        "Northing": 488.1068184447993
    },
    "31": {
        "Easting": 102.30373004803863,
        "Northing": 435.9579711039326
    },
    "32": {
        "Easting": 112.37444534906683,
        "Northing": 449.2945941564265
    },
    "33": {
        "Easting": 127.0732978550033,
        "Northing": 395.22972382435535
    },
    "34": {
        "Easting": 129.57980590534697,
        "Northing": 435.7708532905944
    },
    "35": {
        "Easting": 173.89215275697543,
        "Northing": 382.02601523207517
    },
    "36": {
        "Easting": 234.22588589681837,
        "Northing": 486.1616561701931
    },
    "37": {
        "Easting": 209.1426371615744,
        "Northing": 469.6764767740985
    },
    "38": {
        "Easting": 182.46751512854587,
        "Northing": 432.57928230172223
    },
    "39": {
        "Easting": 85.12183535805977,
        "Northing": 431.8496275076332
    },
    "40": {
        "Easting": 265.0344897391877,
        "Northing": 130.71632432490958
    },
    "41": {
        "Easting": 295.2625842353288,
        "Northing": 105.3541734023482
    },
    "42": {
        "Easting": 167.98583356886581,
        "Northing": 68.56240607401958
    },
    "43": {
        "Easting": 267.5954818382045,
        "Northing": 141.7253959563779
    },
    "44": {
        "Easting": 220.395819548113,
        "Northing": 116.86726686802211
    },
    "45": {
        "Easting": 289.86352255780173,
        "Northing": 93.89086517729935
    },
    "46": {
        "Easting": 264.2476389470462,
        "Northing": 172.5443922979803
    },
    "47": {
        "Easting": 274.0726582371072,
        "Northing": 128.91291866487472
    },
    "48": {
        "Easting": 205.52648636285977,
        "Northing": 72.56845820090798
    },
    "49": {
        "Easting": 243.71710855068534,
        "Northing": 16.515286939949448
    },
    "50": {
        "Easting": 269.25696850842417,
        "Northing": 32.915472531266325
    },
    "51": {
        "Easting": 347.5286296735721,
        "Northing": 105.63043064496593
    },
    "52": {
        "Easting": 224.90196027064292,
        "Northing": 74.55712240120612
    },
    "53": {
        "Easting": 284.10454510460886,
        "Northing": 70.76766012484038
    },
    "54": {
        "Easting": 213.9690561637023,
        "Northing": 88.13484970597962
    },
    "55": {
        "Easting": 251.35275128038867,
        "Northing": 106.81640216616108
    },
    "56": {
        "Easting": 209.74272061800207,
        "Northing": 103.49944693959397
    },
    "57": {
        "Easting": 202.76274917466296,
        "Northing": 75.41997381851189
    },
    "58": {
        "Easting": 263.31498677075007,
        "Northing": 50.57928757934504
    },
    "59": {
        "Easting": 256.4737857538976,
        "Northing": 51.727286623525146
    },
    "60": {
        "Easting": 582.5334945392198,
        "Northing": 530.8728016679833
    },
    "61": {
        "Easting": 600.3683782018313,
        "Northing": 425.6492870169997
    },
    "62": {
        "Easting": 519.0722498175921,
        "Northing": 441.5209943495458
    },
    "63": {
        "Easting": 570.2232193152732,
        "Northing": 460.071857097449
    },
    "64": {
        "Easting": 551.457616440082,
        "Northing": 453.70331071125565
    },
    "65": {
        "Easting": 487.67592433431736,
        "Northing": 513.5403390973885
    },
    "66": {
        "Easting": 536.5870465423044,
        "Northing": 441.2844705856525
    },
    "67": {
        "Easting": 514.649024781198,
        "Northing": 435.3554383350293
    },
    "68": {
        "Easting": 626.4508045114474,
        "Northing": 480.06875911696875
    },
    "69": {
        "Easting": 481.62833667013206,
        "Northing": 507.6488194325099
    },
    "70": {
        "Easting": 489.6898475037436,
        "Northing": 440.4103167215212
    },
    "71": {
        "Easting": 564.0770812761663,
        "Northing": 452.87375468864246
    },
    "72": {
        "Easting": 563.6555606016083,
        "Northing": 482.0837449746697
    },
    "73": {
        "Easting": 619.9933816429865,
        "Northing": 467.53906901171166
    },
    "74": {
        "Easting": 595.0471571860705,
        "Northing": 457.0213591490091
    },
    "75": {
        "Easting": 553.61080122134,
        "Northing": 430.4250115073343
    },
    "76": {
        "Easting": 533.2425547173294,
        "Northing": 499.9532023272944
    },
    "77": {
        "Easting": 558.096226363106,
        "Northing": 509.4234246199449
    },
    "78": {
        "Easting": 586.8676154322013,
        "Northing": 412.1156193297597
    },
    "79": {
        "Easting": 535.103580406574,
        "Northing": 450.20573233839673
    },
    "80": {
        "Easting": 472.39465061047457,
        "Northing": 114.43136333287858
    },
    "81": {
        "Easting": 433.1861631522233,
        "Northing": 97.86621204003112
    },
    "82": {
        "Easting": 512.3767263470198,
        "Northing": 78.85293878200102
    },
    "83": {
        "Easting": 441.3169520481491,