{
    "0": {
        "Easting": 626.0871866739063,
        "Northing": 416.74766576369035
    },
    "1": {
        "Easting": 610.1105967400877,
        "Northing": 455.0823875053762
    },
    "2": {
        "Easting": 638.1347166639038,
        "Northing": 389.8747782184085
    },
    "3": {
        "Easting": 574.2991764971264,
        "Northing": 491.13667996535014
    },
    "4": {
        "Easting": 684.7627184648231,
        "Northing": 463.4728693566164
    },
    "5": {
        "Easting": 681.9226489744815,
        "Northing": 428.111144971441
    },
    "6": {
        "Easting": 612.4409764130909,
        "Northing": 486.0281515741709
    },
    "7": {
        "Easting": 596.8977116451653,
        "Northing": 427.1210681008905
    },
    "8": {
        "Easting": 556.1526044818818,
        "Northing": 497.2044640122448
    },
    "9": {
        "Easting": 700.0248131904003,
        "Northing": 446.88882531944637
    },
    "10": {
        "Easting": 625.5498644282428,
        "Northing": 474.90584997945166
    },
    "11": {
        "Easting": 597.527081813738,
        "Northing": 460.30022265244344
    },
    "12": {
        "Easting": 654.7508827396648,
        "Northing": 500.00089351802467
    },
    "13": {
        "Easting": 589.979432197178,
        "Northing": 450.5643971622548
    },
    "14": {
        "Easting": 546.8782711259718,
        "Northing": 486.6279507177662
    },
    "15": {
        "Easting": 607.7661504414996,
        "Northing": 447.72191953304196
    },
    "16": {
        "Easting": 595.2947171907421,
        "Northing": 495.9465414186333
    },
    "17": {
        "Easting": 609.0901062703592,
        "Northing": 398.3052311241499
    },
    "18": {
        "Easting": 593.2195835140254,
        "Northing": 450.30414824416744
    },
    "19": {
        "Easting": 643.6396539044551,
        "Northing": 473.7672367072017
    },
    "20": {
        "Easting": 196.92417236069514,
        "Northing": 379.6405761508187
    },
    "21": {
        "Easting": 130.12521161468084,
        "Northing": 454.2524765539796
    },
    "22": {
        "Easting": 202.7714282594678,
        "Northing": 394.3356349147407
    },
    "23": {
        "Easting": 149.11618352257324,
        "Northing": 413.3849681177171
    },
    "24": {
        "Easting": 113.4627737026169,
        "Northing": 370.90029785400344
    },
    "25": {
        "Easting": 209.3814382133421,
        "Northing": 414.0794161881755
    },
    "26": {
        "Easting": 217.80579868206897,
        "Northing": 464.0759955537166
    },
    "27": {
        "Easting": 245.1329068265473,
        "Northing": 459.71857051476593
    },
    "28": {
        "Easting": 176.97686566079398,
        "Northing": 387.4194889902148
    },
    "29": {
        "Easting": 207.07754131997777,
        "Northing": 332.35896839129475
    },
    "30": {
        "Easting": 140.8681643141779,
        "Northing": 454.22718640798007
    },
    "31": {
        "Easting": 148.61688900448516,
        "Northing": 419.6127800274861
    },
    "32": {
        "Easting": 149.26294204119716,
        "Northing": 472.2645184263875
    },
    "33": {
        "Easting": 117.4762611901191,
        "Northing": 429.7494894530818
    },
    "34": {
        "Easting": 163.6518272443579,
        "Northing": 472.37197054975474
    },
    "35": {
        "Easting": 201.52499387037568,
        "Northing": 446.92388531173617
    },
    "36": {
        "Easting": 125.7129599838322,
        "Northing": 466.49195013376095
    },
    "37": {
        "Easting": 261.8047793365915,
        "Northing": 385.19261449223535
    },
    "38": {
        "Easting": 111.4950283482151,
        "Northing": 394.3315034618855
    },
    "39": {
        "Easting": 169.52146320616382,
        "Northing": 437.90231743959095
    },
    "40": {
        "Easting": 468.35472922742053,
        "Northing": 199.28816597541226
    },
    "41": {
        "Easting": 385.62397625085845,
        "Northing": 163.1438058845055
    },
    "42": {
        "Easting": 470.8376381418528,
        "Northing": 267.8551745353649
    },
    "43": {
        "Easting": 395.4358558411993,
        "Northing": 270.8032776185593
    },
    "44": {
        "Easting": 383.38894718957386,
        "Northing": 336.32028491554206
    },
    "45": {
        "Easting": 413.636755017743,
        "Northing": 291.0857987005845
    },
    "46": {
        "Easting": 411.7272689877057,
        "Northing": 185.16646738567738
    },
    "47": {
        "Easting": 405.1977863083595,
        "Northing": 221.57707765998327
    },
    "48": {
        "Easting": 416.743985656896,
        "Northing": 167.1784513771135
    },
    "49": {
        "Easting": 407.4772282509259,
        "Northing": 297.5196668339597
    },
    "50": {
        "Easting": 437.5803358788638,
        "Northing": 186.8808131192651
    },
    "51": {
        "Easting": 470.8463304237575,
        "Northing": 270.2735683691683
    },
    "52": {
        "Easting": 430.5473806071351,
        "Northing": 226.67787804455656
    },
    "53": {
        "Easting": 397.42075893682835,
        "Northing": 210.22164348587717
    },
    "54": {
        "Easting": 369.9461976680825,
        "Northing": 182.80824239237535
    },
    "55": {
        "Easting": 428.5942994966194,
        "Northing": 212.37773614698008
    },
    "56": {
        "Easting": 412.5924679099159,
        "Northing": 171.52625796889222
    },
    "57": {
        "Easting": 416.62426970313663,
        "Northing": 235.76806038994195
    },
    "58": {
        "Easting": 407.34894940003943,
        "Northing": 248.66532662778377
    },
    "59": {
        "Easting": 422.38684675559017,
        "Northing": 255.61980495071657
    },
    "60": {
        "Easting": 547.921973237541,
        "Northing": 131.1251914812553
    },
    "61": {
        "Easting": 492.96143347963874,
        "Northing": 108.74422152728937
    },
    "62": {
        "Easting": 545.0406376529442,
        "Northing": 146.3270676139504
    },
    "63": {
        "Easting": 541.0678779124426,
        "Northing": 131.2593641155181
    },
    "64": {
        "Easting": 560.3415397246386,
        "Northing": 151.5069348796203
    },
    "65": {
        "Easting": 523.1851293278276,
        "Northing": 156.7230696847094
    },
    "66": {
        "Easting": 580.666215003796,
        "Northing": 136.76420703050863
    },
    "67": {
        "Easting": 555.067450114315,
        "Northing": 194.5571105101728
    },
    "68": {
        "Easting": 609.8186891633003,
        "Northing": 136.16793139457627
    },
    "69": {
        "Easting": 559.4473560072778,
        "Northing": 98.37774389020794
    },
    "70": {
        "Easting": 605.2587577850198,
        "Northing": 149.3937973137666
    },
    "71": {
        "Easting": 539.8798886281049,
        "Northing": 217.30515535598698
    },
    "72": {
        "Easting": 547.2629316519102,
        "Northing": 191.46521298108343
    },
    "73": {
        "Easting": 554.0630368988604,
        "Northing": 129.09191412193042
    },
    "74": {
        "Easting": 553.5375357607816,
        "Northing": 235.015640059909
    },
    "75": {
        "Easting": 534.9065086955002,
        "Northing": 125.86628193191059
    },
    "76": {
        "Easting": 569.5045786686956,
        "Northing": 180.27625523775077
    },
    "77": {
        "Easting": 631.4395795056295,
        "Northing": 145.04394647955485
    },
    "78": {
        "Easting": 551.1633193746998,
        "Northing": 174.092828065446
    },
    "79": {
        "Easting": 623.2769744742084,
        "Northing": 133.7827138942168
    },
    "80": {
        "Easting": 740.6269208883052,
        "Northing": 485.487182340625
    },
    "81": {
        "Easting": 730.7738742214659,
        "Northing": 517.3758121170376
    },
    "82": {
        "Easting": 822.5586434604655,
        "Northing": 560.3977876311657
    },
    "83": {
        "Easting": 765.509883305908,