{
    "0": {
        "Easting": 200.5641030600141,
        "Northing": 131.48923085377902
    },
    "1": {
        "Easting": 86.87450819668963,
        "Northing": 121.58443871466562
    },
    "2": {
        "Easting": 217.33207129159723,
        "Northing": 195.70777811000139
    },
    "3": {
        "Easting": 184.82168164198572,
        "Northing": 172.5527486605106
    },
    "4": {
        "Easting": 71.96936990547889,
        "Northing": 171.44181520037057
    },
    "5": {
        "Easting": 158.71220265338786,
        "Northing": 181.1227100982175
    },
    "6": {
        "Easting": 160.24348579085162,
        "Northing": 183.87346108928702
    },
    "7": {
        "Easting": 181.45560751892373,
        "Northing": 68.91638021404852
    },
    "8": {
        "Easting": 204.18349425830996,
        "Northing": 140.71769041527608
    },
    "9": {
        "Easting": 87.51815774567464,
        "Northing": 135.9811093162147
    },
    "10": {
        "Easting": 84.77823478674509,
        "Northing": 224.72166091647716
    },
    "11": {
        "Easting": 142.50621547934443,
        "Northing": 210.87270036802303
    },
    "12": {
        "Easting": 177.26488512662067,
        "Northing": 138.84230619876732
    },
    "13": {
        "Easting": 162.13479878971677,
        "Northing": 224.57563168532553
    },
    "14": {
        "Easting": 201.24634855983408,
        "Northing": 197.69364218036844
    },
    "15": {
        "Easting": 249.93680440229843,
        "Northing": 156.84811531697625
    },
    "16": {
        "Easting": 217.85464258916872,
        "Northing": 212.79842913541438
    },
    "17": {
        "Easting": 93.74616472345224,
        "Northing": 136.3453310141066
    },
    "18": {
        "Easting": 205.70116784747353,
        "Northing": 222.82339216460457
    },
    "19": {
        "Easting": 180.87434829205029,
        "Northing": 121.44976011000814
    },
    "20": {
        "Easting": 558.9299393388766,
        "Northing": 304.3905491625385
    },
    "21": {
        "Easting": 541.833354339282,
        "Northing": 382.20043473303554
    },
    "22": {
        "Easting": 504.3119767190152,
        "Northing": 416.93634254579246
    },
    "23": {
        "Easting": 566.009375538315,
        "Northing": 346.99568393181966
    },
    "24": {
        "Easting": 499.22529363010364,
        "Northing": 413.8133716365302
    },
    "25": {
        "Easting": 531.1402356370094,
        "Northing": 378.1950414768534
    },
    "26": {
        "Easting": 543.9404987562696,
        "Northing": 407.4447172596555
    },
    "27": {
        "Easting": 600.7749289356533,
        "Northing": 433.68025695629296
    },
    "28": {
        "Easting": 605.0886463866764,
        "Northing": 342.90095361036686
    },
    "29": {
        "Easting": 505.4436819322581,
        "Northing": 374.8884619724789
    },
    "30": {
        "Easting": 545.268615051451,
        "Northing": 403.03394480564117
    },
    "31": {
        "Easting": 508.8392954609039,
        "Northing": 383.4705507322632
    },
    "32": {
        "Easting": 599.5596772654088,
        "Northing": 356.91641098782003
    },
    "33": {
        "Easting": 611.0172470336269,
        "Northing": 381.85587356245253
    },
    "34": {
        "Easting": 534.5945420959105,
        "Northing": 341.97259005305574
    },
    "35": {
        "Easting": 608.4380341884429,
        "Northing": 351.478433977471
    },
    "36": {
        "Easting": 583.5651675881295,
        "Northing": 361.3409443457698
    },
    "37": {
        "Easting": 569.7529298447284,
        "Northing": 370.30159527818
    },
    "38": {
        "Easting": 582.1847080541673,
        "Northing": 348.88428320317286
    },
    "39": {
        "Easting": 576.7926143510879,
        "Northing": 478.24891410202713
    },
    "40": {
        "Easting": 835.6435306926876,
        "Northing": 430.70486816401393
    },
    "41": {
        "Easting": 795.4553901288273,
        "Northing": 446.6178259984406
    },
    "42": {
        "Easting": 780.2410605705215,
        "Northing": 439.0228925633654
    },
    "43": {
        "Easting": 801.9052037463689,
        "Northing": 451.2045342848773
    },
    "44": {
        "Easting": 799.1656145637065,
        "Northing": 397.7964980246033
    },
    "45": {
        "Easting": 770.4916582242153,
        "Northing": 393.64099994984446
    },
    "46": {
        "Easting": 915.2452845420779,
        "Northing": 384.3160664317437
    },
    "47": {
        "Easting": 780.3737960176322,
        "Northing": 437.3187089308451
    },
    "48": {
        "Easting": 825.9478027827524,
        "Northing": 351.4528478843596
    },
    "49": {
        "Easting": 703.7209096971195,
        "Northing": 445.27224167961344
    },
    "50": {
        "Easting": 841.7946457340819,
        "Northing": 379.1060889982462
    },
    "51": {
        "Easting": 818.3992627005607,
        "Northing": 406.93044209884795
    },
    "52": {
        "Easting": 790.6873934116313,
        "Northing": 423.19827108065067
    },
    "53": {
        "Easting": 860.8255768709496,
        "Northing": 352.80112551710937
    },
    "54": {
        "Easting": 864.7299213484915,
        "Northing": 414.4914135648292
    },
    "55": {
        "Easting": 710.2936020597082,
        "Northing": 425.7369809404224
    },
    "56": {
        "Easting": 817.0866355354999,
        "Northing": 437.17382352471697
    },
    "57": {
        "Easting": 818.2682452844356,
        "Northing": 448.06098446951586
    },
    "58": {
        "Easting": 764.2904616371319,
        "Northing": 377.841725378442
    },
    "59": {
        "Easting": 794.5574493194882,
        "Northing": 399.4473206528387
    },
    "60": {
        "Easting": 701.8951282716223,
        "Northing": -3.5074041719277247
    },
    "61": {
        "Easting": 711.9528310869765,
        "Northing": -35.385748206353924
    },
    "62": {
        "Easting": 741.0915119798802,
        "Northing": -1.4642421658700684
    },
    "63": {
        "Easting": 674.4746127476169,
        "Northing": 16.417191601372547
    },
    "64": {
        "Easting": 765.5923250203083,
        "Northing": 51.32831242096087
    },
    "65": {
        "Easting": 773.3821327044296,
        "Northing": 69.05386479488216
    },
    "66": {
        "Easting": 783.8986978706081,
        "Northing": 62.307287846811086
    },
    "67": {
        "Easting": 694.6254237799996,
        "Northing": 42.80545940680514
    },
    "68": {
        "Easting": 689.7569151607967,
        "Northing": 41.22065858217024
    },
    "69": {
        "Easting": 763.9526482329354,
        "Northing": 26.349257521842638
    },
    "70": {
        "Easting": 705.097021932487,
        "Northing": 9.73230078048585
    },
    "71": {
        "Easting": 736.7515525042348,
        "Northing": -36.76912854934581
    },
    "72": {
        "Easting": 734.0767059705219,
        "Northing": -46.408425491999694
    },
    "73": {
        "Easting": 746.2674507087337,
        "Northing": 34.99770767639744
    },
    "74": {
        "Easting": 784.345788432571,
        "Northing": -13.824013883711388
    },
    "75": {
        "Easting": 697.7548179846248,
        "Northing": -25.355570849092018
    },
    "76": {
        "Easting": 780.9389765855093,
        "Northing": 1.412163079887648
    },
    "77": {
        "Easting": 747.0112606664521,
        "Northing": 75.06378546295437
    },
    "78": {
        "Easting": 725.5396979379457,
        "Northing": 39.50150441874926
    },
    "79": {
        "Easting": 690.7546977135331,
        "Northing": -40.01762405143921
    },
    "80": {
        "Easting": 832.783989827895,
        "Northing": 247.18484656613867
    },
    "81": {
        "Easting": 877.934752884462,
        "Northing": 302.42381938128847
    },
    "82": {
        "Easting": 869.3686072473052,
        "Northing": 334.6902843147965
    },
    "83": {
        "Easting": 810.1447085090008,