{
    "0": {
        "Easting": 424.33662534791114,
        "Northing": 171.63463471283205
    },
    "1": {
        "Easting": 431.3047508642676,
        "Northing": 80.09617929040144
    },
    "2": {
        "Easting": 433.5784538361302,
        "Northing": 109.1641848281143
    },
    "3": {
        "Easting": 476.86821872454334,
        "Northing": 71.80596221422923
    },
    "4": {
        "Easting": 476.8639255317968,
        "Northing": 9.385641133071708
    },
    "5": {
        "Easting": 407.18768550697416,
        "Northing": 67.6453678522914
    },
    "6": {
        "Easting": 482.05594594352976,
        "Northing": 68.64142279427996
    },
    "7": {
        "Easting": 465.74762672955455,
        "Northing": 56.26905590918994
    },
    "8": {
        "Easting": 371.2438575991548,
        "Northing": -6.166633755867679
    },
    "9": {
        "Easting": 427.04545399160304,
        "Northing": 96.71404969893659
    },
    "10": {
        "Easting": 468.8824513466554,
        "Northing": 75.74438900696215
    },
    "11": {
        "Easting": 444.5723191884392,
        "Northing": 77.24467540720572
    },
    "12": {
        "Easting": 366.6332669876816,
        "Northing": -7.292080978075205
    },
    "13": {
        "Easting": 489.18396518848607,
        "Northing": 62.06772723224187
    },
    "14": {
        "Easting": 451.72595522894585,
        "Northing": 71.4850774981967
    },
    "15": {
        "Easting": 473.91896491483095,
        "Northing": 86.23867774217253
    },
    "16": {
        "Easting": 402.5688797827267,
        "Northing": -46.43491504518532
    },
    "17": {
        "Easting": 430.6204932585748,
        "Northing": 47.44409296041151
    },
    "18": {
        "Easting": 376.65272953584446,
        "Northing": -29.981241682476778
    },
    "19": {
        "Easting": 411.64436825797316,
        "Northing": 113.02501846160833
    },
    "20": {
        "Easting": 290.71827119609435,
        "Northing": 28.90396718832749
    },
    "21": {
        "Easting": 324.07013440171966,
        "Northing": 133.3799935731942
    },
    "22": {
        "Easting": 392.6607551322184,
        "Northing": 81.71609415091346
    },
    "23": {
        "Easting": 329.9217174977898,
        "Northing": 11.075742302520915
    },
    "24": {
        "Easting": 339.6810389397442,
        "Northing": 36.11464622366482
    },
    "25": {
        "Easting": 300.7265337418102,
        "Northing": 61.202425020224354
    },
    "26": {
        "Easting": 287.1746813502937,
        "Northing": 64.50448385550263
    },
    "27": {
        "Easting": 289.4985769316422,
        "Northing": 112.96433216756253
    },
    "28": {
        "Easting": 370.26937771943034,
        "Northing": 10.237236378935876
    },
    "29": {
        "Easting": 302.38814827481616,
        "Northing": 19.99724203717011
    },
    "30": {
        "Easting": 389.89546407750913,
        "Northing": 38.461388391142485
    },
    "31": {
        "Easting": 380.9827364515997,
        "Northing": 7.139479600245508
    },
    "32": {
        "Easting": 314.53241965607793,
        "Northing": 65.85220609684937
    },
    "33": {
        "Easting": 343.4845392823121,
        "Northing": 36.75211455117321
    },
    "34": {
        "Easting": 327.7787903635686,
        "Northing": 74.61338610066746
    },
    "35": {
        "Easting": 311.2666693711673,
        "Northing": 59.0436342218964
    },
    "36": {
        "Easting": 281.72895796106087,
        "Northing": 14.443064200737439
    },
    "37": {
        "Easting": 273.98958717936796,
        "Northing": 104.82200608235857
    },
    "38": {
        "Easting": 363.78674434244357,
        "Northing": 42.94907573321501
    },
    "39": {
        "Easting": 359.6557884832971,
        "Northing": 170.61022890281794
    },
    "40": {
        "Easting": 291.07865153877634,
        "Northing": 228.58935818792986
    },
    "41": {
        "Easting": 247.58970323161768,
        "Northing": 207.58396647669028
    },
    "42": {
        "Easting": 198.92226813380813,
        "Northing": 197.09026983399644
    },
    "43": {
        "Easting": 274.646071821074,
        "Northing": 217.6131594760791
    },
    "44": {
        "Easting": 271.00405275205856,
        "Northing": 249.9633522941091
    },
    "45": {
        "Easting": 166.4654834076099,
        "Northing": 287.4852043648523
    },
    "46": {
        "Easting": 262.12270954397184,
        "Northing": 234.76188262869164
    },
    "47": {
        "Easting": 270.3105294242474,
        "Northing": 278.75933695574173
    },
    "48": {
        "Easting": 239.41651429856194,
        "Northing": 300.18571028396576
    },
    "49": {
        "Easting": 229.63729847645996,
        "Northing": 254.5363801311288
    },
    "50": {
        "Easting": 211.81229799235447,
        "Northing": 203.67575374838458
    },
    "51": {
        "Easting": 255.32248425675783,
        "Northing": 264.80567778593604
    },
    "52": {
        "Easting": 222.44865734230993,
        "Northing": 282.5607289860367
    },
    "53": {
        "Easting": 196.99193167748857,
        "Northing": 151.25605557981402
    },
    "54": {
        "Easting": 193.7889933601922,
        "Northing": 287.29658585473743
    },
    "55": {
        "Easting": 211.97514333577433,
        "Northing": 178.6525859934373
    },
    "56": {
        "Easting": 208.62669512855575,
        "Northing": 168.27800044553072
    },
    "57": {
        "Easting": 233.0007906045995,
        "Northing": 264.8352509984433
    },
    "58": {
        "Easting": 227.0407524379837,
        "Northing": 225.74666247367372
    },
    "59": {
        "Easting": 257.94713359378324,
        "Northing": 227.61068546230484
    },
    "60": {
        "Easting": 421.3451772170025,
        "Northing": 159.03579679942786
    },
    "61": {
        "Easting": 485.8659492678675,
        "Northing": 211.20282094935112
    },
    "62": {
        "Easting": 452.07797969692217,
        "Northing": 106.84685871802972
    },
    "63": {
        "Easting": 433.2510320400622,
        "Northing": 226.11703803816255
    },
    "64": {
        "Easting": 409.2323163145044,
        "Northing": 253.2947666441931
    },
    "65": {
        "Easting": 405.664283236287,
        "Northing": 144.89783265129836
    },
    "66": {
        "Easting": 539.0380963369123,
        "Northing": 146.85383533949005
    },
    "67": {
        "Easting": 423.4805043507321,
        "Northing": 172.63854803000206
    },
    "68": {
        "Easting": 439.78964365719935,
        "Northing": 168.69543305814275
    },
    "69": {
        "Easting": 484.4641924245941,
        "Northing": 161.62336581271686
    },
    "70": {
        "Easting": 502.48401716648505,
        "Northing": 87.97265600410981
    },
    "71": {
        "Easting": 471.5102677955561,
        "Northing": 174.3823357782886
    },
    "72": {
        "Easting": 469.88648994294437,
        "Northing": 123.3087059373593
    },
    "73": {
        "Easting": 497.30887195703616,
        "Northing": 223.6475010634193
    },
    "74": {
        "Easting": 454.1465477779104,
        "Northing": 102.35180239473434
    },
    "75": {
        "Easting": 479.4651332693644,
        "Northing": 177.13908145016566
    },
    "76": {
        "Easting": 553.560898275779,
        "Northing": 65.72467754547728
    },
    "77": {
        "Easting": 557.0978441652111,
        "Northing": 147.0470739828074
    },
    "78": {
        "Easting": 467.7075927173632,
        "Northing": 108.83919092722158
    },
    "79": {
        "Easting": 482.90246875124654,
        "Northing": 82.45028885806128
    },
    "80": {
        "Easting": 71.24909546705683,
        "Northing": 277.26997436697997
    },
    "81": {
        "Easting": 55.478092667757146,
        "Northing": 317.73310246717335
    },
    "82": {
        "Easting": -33.5273057068907,
        "Northing": 299.4392034639975
    },