{
    "0": {
        "Easting": 696.0470132746001,
        "Northing": 341.8913968842995
    },
    "1": {
        "Easting": 665.586156344759,
        "Northing": 354.49286268215513
    },
    "2": {
        "Easting": 713.9334698115496,
        "Northing": 279.2698082307654
    },
    "3": {
        "Easting": 787.9570688551324,
        "Northing": 276.62224981594244
    },
    "4": {
        "Easting": 811.0895365568219,
        "Northing": 332.0083689194359
    },
    "5": {
        "Easting": 811.9234043139654,
        "Northing": 324.9139572388819
    },
    "6": {
        "Easting": 724.1383930961559,
        "Northing": 297.52402708091904
    },
    "7": {
        "Easting": 832.7000131207559,
        "Northing": 281.5990766940265
    },
    "8": {
        "Easting": 799.9303199699792,
        "Northing": 300.4746682944069
    },
    "9": {
        "Easting": 768.42781833076,
        "Northing": 247.53840274292187
    },
    "10": {
        "Easting": 779.0297316331897,
        "Northing": 335.1750473773771
    },
    "11": {
        "Easting": 770.648453173583,
        "Northing": 290.11152159220495
    },
    "12": {
        "Easting": 745.9784218188913,
        "Northing": 289.1123986704367
    },
    "13": {
        "Easting": 790.1472850150493,
        "Northing": 267.6319035864308
    },
    "14": {
        "Easting": 733.6310691069764,
        "Northing": 212.54037257864502
    },
    "15": {
        "Easting": 829.3080325775728,
        "Northing": 259.3379766273957
    },
    "16": {
        "Easting": 728.7537322180864,
        "Northing": 246.6042889358774
    },
    "17": {
        "Easting": 893.3726957984624,
        "Northing": 318.77716775913433
    },
    "18": {
        "Easting": 781.1261831507843,
        "Northing": 291.1666031235143
    },
    "19": {
        "Easting": 813.176730953087,
        "Northing": 288.30275376161364
    },
    "20": {
        "Easting": 619.6503666504021,
        "Northing": 577.3524545702711
    },
    "21": {
        "Easting": 607.2002366472072,
        "Northing": 498.68690625243505
    },
    "22": {
        "Easting": 580.4470846823021,
        "Northing": 495.0626977051012
    },
    "23": {
        "Easting": 555.1902617864687,
        "Northing": 552.0853856976777
    },
    "24": {
        "Easting": 560.1250715862575,
        "Northing": 480.0147182217913
    },
    "25": {
        "Easting": 530.4540355219902,
        "Northing": 568.5186320163293
    },
    "26": {
        "Easting": 509.2557902423962,
        "Northing": 527.9674341605145
    },
    "27": {
        "Easting": 535.1342324581464,
        "Northing": 551.0481559745376
    },
    "28": {
        "Easting": 635.4979497660123,
        "Northing": 641.4959803436726
    },
    "29": {
        "Easting": 586.7429672121673,
        "Northing": 501.5518447088757
    },
    "30": {
        "Easting": 570.8751179304309,
        "Northing": 625.5925519256609
    },
    "31": {
        "Easting": 557.9155743979624,
        "Northing": 556.0021585952908
    },
    "32": {
        "Easting": 581.2510698919892,
        "Northing": 532.5691367286036
    },
    "33": {
        "Easting": 565.3085994823645,
        "Northing": 547.0648827944958
    },
    "34": {
        "Easting": 512.5504408957054,
        "Northing": 605.0402774341969
    },
    "35": {
        "Easting": 604.1480600716636,
        "Northing": 571.8948660788521
    },
    "36": {
        "Easting": 490.53805720106897,
        "Northing": 547.3085019867378
    },
    "37": {
        "Easting": 545.1713447413196,
        "Northing": 554.5125371424873
    },
    "38": {
        "Easting": 558.1784881115613,
        "Northing": 509.80176902399137
    },
    "39": {
        "Easting": 575.1239348382359,
        "Northing": 576.8248500783645
    },
    "40": {
        "Easting": 286.45750551050764,
        "Northing": 506.9063417080363
    },
    "41": {
        "Easting": 340.3490600847286,
        "Northing": 473.04960810796416
    },
    "42": {
        "Easting": 317.7319717492409,
        "Northing": 550.4622839582252
    },
    "43": {
        "Easting": 292.0147650312377,
        "Northing": 509.3555829683884
    },
    "44": {
        "Easting": 317.46582549391513,
        "Northing": 459.3277786290808
    },
    "45": {
        "Easting": 336.8133068669835,
        "Northing": 492.6900864975505
    },
    "46": {
        "Easting": 266.8769202569455,
        "Northing": 408.60523731998893
    },
    "47": {
        "Easting": 287.1002211192691,
        "Northing": 516.5591033745629
    },
    "48": {
        "Easting": 330.52204332276506,
        "Northing": 556.6493075938274
    },
    "49": {
        "Easting": 382.181527099666,
        "Northing": 496.2132688473444
    },
    "50": {
        "Easting": 348.25855227501205,
        "Northing": 535.8664052608559
    },
    "51": {
        "Easting": 432.70323943903486,
        "Northing": 533.6322745737866
    },
    "52": {
        "Easting": 299.8409410299064,
        "Northing": 521.7855815895884
    },
    "53": {
        "Easting": 353.34167462257153,
        "Northing": 550.6481550570717
    },
    "54": {
        "Easting": 350.8697301455799,
        "Northing": 473.9011229534948
    },
    "55": {
        "Easting": 331.32171728195624,
        "Northing": 540.0099364130137
    },
    "56": {
        "Easting": 289.30877241996495,
        "Northing": 548.2710987886435
    },
    "57": {
        "Easting": 321.8891228882567,
        "Northing": 604.0532183151814
    },
    "58": {
        "Easting": 243.44710131023658,
        "Northing": 543.9309609761824
    },
    "59": {
        "Easting": 317.13471099639946,
        "Northing": 504.0200677866096
    },
    "60": {
        "Easting": 572.9823779503349,
        "Northing": 455.9773802419274
    },
    "61": {
        "Easting": 492.06166617707356,
        "Northing": 423.2206941574635
    },
    "62": {
        "Easting": 539.8825036024682,
        "Northing": 450.69711513655994
    },
    "63": {
        "Easting": 542.761897403883,
        "Northing": 397.6626579239608
    },
    "64": {
        "Easting": 578.63415720228,
        "Northing": 439.49710307786836
    },
    "65": {
        "Easting": 584.3579252342005,
        "Northing": 490.03622974468993
    },
    "66": {
        "Easting": 488.07123457991077,
        "Northing": 438.8949376165299
    },
    "67": {
        "Easting": 596.6733260749705,
        "Northing": 394.36423065599257
    },
    "68": {
        "Easting": 569.796868240726,
        "Northing": 532.2187820566534
    },
    "69": {
        "Easting": 488.9109347327088,
        "Northing": 459.71272764524
    },
    "70": {
        "Easting": 557.0341736876848,
        "Northing": 452.25447198073726
    },
    "71": {
        "Easting": 516.2632374259541,
        "Northing": 458.8781652126142
    },
    "72": {
        "Easting": 598.4803610767833,
        "Northing": 465.59925752407906
    },
    "73": {
        "Easting": 541.2411523155063,
        "Northing": 458.8601209450136
    },
    "74": {
        "Easting": 490.63050361158287,
        "Northing": 481.59306423575
    },
    "75": {
        "Easting": 585.6580533245112,
        "Northing": 509.5620266699698
    },
    "76": {
        "Easting": 499.2873883191426,
        "Northing": 419.9749270406028
    },
    "77": {
        "Easting": 568.8345688096623,
        "Northing": 543.2655023078247
    },
    "78": {
        "Easting": 615.3935531632121,
        "Northing": 520.9488739679562
    },
    "79": {
        "Easting": 521.903891954459,
        "Northing": 486.7920655133761
    },
    "80": {
        "Easting": 96.05665378280258,
        "Northing": 187.4181176762712
    },
    "81": {
        "Easting": 105.99401757678896,
        "Northing": 236.8048800436398
    },
    "82": {
        "Easting": 109.06170269503544,
        "Northing": 253.78072667113875
    },
    "83": {
        "Easting": 16.126082356793418,
        "Northing": 244.2544021803476
    },