675 644 696 619 906 771 454 915 712 659 574 767 730 830 636 581 661 640 754 545 766
673 641 703 616 911 775 461 905 712 658 574 787 733 832 640 579 664 641 755 546 765
672 640 703 616 914 779 451 899 716 657 577 735 730 836 645 580 664 641 751 547 763
678 640 703 621 917 779 443 900 723 645 574 482 730 837 644 581 665 638 751 551 766
676 644 698 624 914 780 443 889 663 636 564 634 730 830 641 580 666 641 758 550 765
679 638 701 625 916 780 455 886 761 649 570 756 725 827 641 578 664 637 757 551 765
679 634 702 625 919 780 479 882 751 647 574 797 725 825 636 577 665 632 755 550 763
682 634 702 624 917 777 478 884 743 654 580 804 721 823 633 577 664 638 754 545 763
681 641 698 623 917 782 479 896 732 649 584 805 714 814 626 578 664 644 745 544 763
682 637 698 623 918 782 473 894 722 649 584 805 711 812 619 575 666 644 748 538 769
676 636 696 624 916 785 471 896 727 650 581 804 719 816 625 571 664 646 741 537 766
676 632 701 624 916 786 468 896 743 648 585 805 727 820 631 572 664 646 736 538 763
676 630 699 623 919 784 464 896 746 647 584 809 722 823 631 575 665 650 743 545 765
679 629 696 623 918 782 466 894 747 647 586 808 723 823 633 584 662 647 751 552 763
672 629 694 624 916 780 464 894 743 647 589 806 728 824 633 581 661 650 750 552 765
675 626 696 624 914 781 465 893 747 649 586 810 726 823 636 580 662 650 749 552 762
673 626 693 623 918 784 461 886 747 645 582 806 726 819 635 582 662 647 745 551 765
671 626 692 625 918 782 463 887 748 645 584 806 725 821 633 582 662 646 744 552 763
675 628 694 625 919 786 463 887 748 645 585 806 730 820 631 584 657 644 745 553 761
673 629 696 624 918 787 463 884 743 647 585 802 731 818 633 581 657 643 745 553 758
668 624 697 624 921 786 462 884 742 644 585 799 728 812 631 582 654 644 746 553 766
668 624 697 624 918 789 461 881 743 639 585 799 730 813 631 582 658 643 745 554 766
672 621 696 624 916 792 458 878 740 640 582 795 730 811 631 579 658 644 741 553 765
671 621 697 621 919 795 459 879 735 638 579 791 731 816 635 582 655 641 741 552 766
671 618 697 620 916 794 459 881 733 638 575 790 730 817 631 581 654 638 741 557 766
671 617 697 621 912 795 456 792 738 638 576 790 732 814 635 585 655 638 741 560 765
669 618 696 619 914 795 458 915 737 638 576 787 733 813 634 582 654 637 742 558 770
668 617 697 619 917 797 457 905 737 638 575 786 733 809 631 581 654 637 742 559 770
662 613 696 616 917 797 452 899 736 634 576 789 727 810 629 581 652 638 739 559 769
661 617 694 614 919 802 452 900 738 640 576 794 731 807 634 580 650 635 738 558 770
655 615 692 614 914 800 452 889 736 639 579 792 733 807 635 584 651 640 734 557 770
658 614 692 611 912 797 454 886 732 639 580 794 736 803 638 581 645 637 730 564 769
656 614 692 610 907 800 455 882 735 638 582 794 738 809 639 580 646 632 729 561 770
659 614 692 609 909 799 456 884 736 638 584 799 735 807 638 577 648 635 731 565 767
656 614 692 606 909 799 456 896 736 635 581 796 737 807 639 578 645 638 731 565 769
659 617 693 605 911 796 452 894 731 633 580 797 738 811 641 574 645 635 729 563 771
655 615 689 602 911 797 456 896 727 629 580 797 742 814 643 584 643 638 727 566 771
656 614 691 600 912 801 458 896 730 626 577 794 742 816 648 580 644 637 729 567 773
658 615 692 605 914 805 463 896 727 625 577 796 741 812 645 582 645 629 729 565 771
658 617 693 604 911 806 459 894 727 624 579 795 738 807 647 585 645 620 732 565 773
656 613 697 604 914 809 461 894 727 620 576 794 736 806 643 581 646 605 728 560 771
658 614 697 600 917 809 461 893 727 620 577 796 738 804 640 582 648 603 725 560 773
661 619 694 602 916 811 461 886 728 619 575 795 723 793 630 577 647 617 722 559 774
573 621 694 602 912 809 461 887 727 621 580 794 711 696 611 572 651 617 722 558 763
652 614 704 600 917 813 462 887 730 619 579 790 721 782 628 563 650 615 718 530 765
653 609 701 599 913 813 462 884 732 615 576 791 733 786 639 560 647 614 709 558 770
652 599 699 590 912 804 461 884 732 610 574 789 735 792 640 571 635 614 715 553 761
649 593 687 586 907 808 459 881 716 605 565 782 737 793 639 577 640 611 715 566 765
656 567 691 581 912 804 461 878 712 600 564 786 737 796 638 572 632 602 721 560 767
655 605 678 579 907 797 459 879 712 596 565 784 733 793 641 574 633 596 718 558 770
659 607 680 577 904 808 458 881 716 518 535 602 727 796 640 579 644 585 714 558 777
656 599 682 589 914 806 458 886 723 577 565 771 732 795 641 574 653 587 713 554 775
583 601 692 590 921 811 457 893 663 513 552 683 725 790 629 572 651 584 715 550 668
390 540 689 586 922 819 457 887 761 464 483 605 701 786 595 514 649 584 713 553 417
506 400 696 586 936 742 457 878 751 431 467 652 735 811 645 516 550 584 715 544 476
629 527 484 479 610 452 458 870 743 519 452 594 687 764 581 547 385 584 708 545 778
508 622 436 420 566 523 458 865 732 595 579 779 738 810 647 524 421 593 714 559 613
630 392 569 450 899 844 455 863 722 604 569 781 722 796 636 566 519 591 713 551 546
675 413 675 585 870 650 455 875 727 604 562 786 723 796 639 538 581 584 721 553 671
668 602 512 551 808 797 445 880 743 611 572 796 732 809 649 581 409 591 650 537 786
666 527 492 433 926 735 454 884 746 615 580 806 719 799 641 581 424 596 697 547 793
663 598 557 459 867 818 461 885 747 625 584 811 719 798 640 568 615 594 714 554 789
666 613 702 577 928 825 451 884 743 629 586 809 732 807 655 568 664 596 714 546 790
555 610 702 590 926 830 443 881 747 631 587 813 732 814 659 574 661 594 702 541 761
662 603 706 587 931 829 443 885 747 629 584 813 736 817 660 578 658 591 709 557 757
662 605 703 581 933 815 455 884 748 625 585 809 741 812 664 584 655 587 718 561 794
665 613 704 590 924 613 479 885 748 620 581 809 743 826 670 589 650 585 721 558 796
668 613 704 585 826 831 478 882 743 616 579 806 745 827 670 591 653 580 718 561 801
669 621 708 580 932 828 479 880 742 615 576 804 745 830 669 593 653 580 724 565 802
673 615 702 589 932 829 473 879 743 613 579 801 743 829 665 598 661 580 727 564 802
672 621 716 597 940 836 471 878 740 609 572 802 741 826 662 599 665 582 728 563 804
668 619 719 604 943 839 468 879 735 604 569 794 735 825 660 598 665 577 729 558 804
666 619 717 604 946 840 464 877 733 600 566 792 738 829 664 602 662 568 725 559 801
666 621 718 601 945 843 466 879 738 606 570 797 733 827 660 596 663 565 729 554 801
661 618 719 600 943 843 464 880 737 606 571 799 730 823 655 598 664 565 724 560 800
662 615 712 604 943 841 465 881 737 599 569 799 725 821 653 596 665 567 725 559 798
655 615 717 602 942 844 461 879 736 599 571 794 730 824 657 594 663 567 729 557 793
653 614 717 600 945 845 463 880 738 595 570 794 735 827 660 588 660 571 723 557 790
653 613 716 600 946 841 463 880 736 595 571 794 730 825 659 582 656 573 721 552 789
653 613 713 594 946 841 463 878 732 596 571 795 737 829 659 586 654 573 723 552 790
653 613 708 585 943 838 462 878 735 597 574 794 737 837 662 591 651 571 723 550 789
658 611 709 589 943 841 461 880 736 591 574 796 742 839 659 594 652 573 722 560 791
653 610 708 587 942 836 458 880 736 595 575 799 742 840 663 595 652 576 727 559 786
653 606 708 594 941 839 459 879 731 592 576 799 743 844 660 595 656 579 728 558 790
649 602 707 592 945 836 459 877 727 597 576 796 745 843 660 596 657 579 729 557 789
649 602 709 597 943 838 456 873 730 594 574 796 746 844 662 598 654 582 728 558 785
652 602 706 590 941 840 458 870 727 597 574 797 747 845 660 600 657 580 724 557 790
655 603 712 595 938 840 457 867 727 599 571 794 752 844 660 595 656 584 722 554 787
653 598 713 595 938 844 452 868 727 599 574 797 753 847 665 599 654 588 721 554 785
656 595 712 597 940 840 452 870 727 604 572 796 756 850 665 598 655 584 722 553 786
656 595 713 595 941 841 452 870 728 600 572 796 755 850 667 599 656 585 722 553 786
658 597 711 594 940 840 454 871 727 606 575 796 757 846 663 598 658 584 720 557 786
659 597 714 594 946 844 455 872 730 610 577 801 755 851 667 599 658 585 720 557 789
662 595 713 591 945 845 456 870 732 618 577 800 755 853 662 599 658 587 721 552 789
661 593 713 591 946 841 456 872 732 615 581 800 753 853 660 601 658 587 718 548 789
658 590 717 590 940 845 452 874 735 621 584 799 757 848 664 602 659 588 720 550 787
658 593 718 592 945 845 456 878 735 624 582 801 758 857 662 604 660 590 716 557 787
658 593 718 590 946 844 458 879 738 626 584 801 762 860 668 608 660 587 714 561 791
655 595 725 592 946 841 463 880 738 628 581 800 762 864 670 611 658 588 716 566 787
652 593 726 591 950 844 459 878 740 628 581 800 763 861 669 611 658 587 720 566 787
655 590 728 591 948 841 461 875 738 630 585 804 760 864 667 613 660 587 721 563 785
655 586 728 590 952 841 461 874 737 631 582 804 766 867 667 613 656 588 723 563 779
653 583 730 591 950 845 461 874 736 629 586 801 763 866 665 614 658 590 720 563 781
653 585 732 587 947 840 461 872 738 630 585 802 766 871 664 613 657 590 724 558 783
655 586 732 587 945 835 462 874 737 628 585 801 769 872 665 615 656 590 720 558 783
652 585 730 582 942 834 462 874 737 633 584 796 770 872 665 618 654 591 721 555 778
651 582 733 585 945 839 461 874 738 630 586 796 766 875 668 620 658 590 725 555 777
653 585 736 587 945 834 459 873 737 631 585 799 771 880 669 622 659 590 722 553 782
651 590 733 587 942 834 461 875 737 631 585 792 771 880 670 623 664 590 723 553 785
651 587 736 586 941 840 459 878 736 633 585 791 772 880 668 622 664 590 727 553 786
652 589 743 586 947 841 458 874 736 631 584 794 771 878 664 625 666 591 725 555 783
649 587 751 592 950 844 458 873 738 633 584 789 770 879 665 627 665 590 728 550 783
648 585 747 589 952 843 457 872 733 633 582 787 770 878 667 627 663 591 727 541 785
651 586 746 589 948 838 457 870 735 636 582 782 771 878 665 625 664 591 730 554 781
651 586 747 589 946 839 457 868 736 647 584 784 771 884 663 626 665 591 729 550 779
653 587 746 589 946 843 458 867 733 648 582 782 767 881 663 630 663 593 727 550 778
651 583 748 589 947 840 458 861 731 653 582 777 766 885 669 632 661 593 728 548 777
643 585 747 587 945 839 455 859 723 654 582 779 769 882 668 630 664 594 729 550 771
643 578 750 587 945 839 455 854 725 652 584 780 767 881 664 630 662 593 728 546 765
622 575 752 591 942 836 455 858 723 652 585 781 769 881 665 629 663 593 731 545 765
600 564 750 591 935 830 455 860 732 647 584 777 767 885 667 630 659 593 729 545 726
633 555 745 581 932 797 455 859 728 643 585 772 765 888 669 630 609 596 729 540 732
642 571 691 550 792 723 457 859 727 641 584 771 767 887 667 630 628 593 730 543 765
646 581 624 562 821 815 452 861 737 640 580 775 767 889 668 632 652 596 730 541 766
648 583 731 579 923 833 456 866 735 643 579 774 763 885 668 629 659 599 728 540 766
646 586 740 585 932 834 458 866 737 643 580 767 766 888 672 632 662 599 728 541 765
648 583 748 587 937 841 458 861 738 644 580 770 763 887 664 632 665 599 729 539 761
642 585 748 589 936 839 456 858 736 644 581 775 767 888 670 630 665 597 730 539 759
643 582 747 586 940 838 455 860 738 644 581 776 763 888 664 634 662 594 729 534 757
639 582 745 589 936 839 459 865 741 640 581 775 757 887 668 636 663 600 725 534 758
636 585 747 586 935 839 457 868 745 644 582 780 758 887 670 638 662 603 727 532 757
642 585 740 587 932 835 458 867 746 650 586 780 747 868 657 608 660 605 728 532 753
638 586 745 586 931 839 464 872 748 650 587 784 752 889 668 613 659 612 730 531 755
639 586 748 584 930 840 462 877 751 650 587 785 753 892 669 622 659 612 728 521 755
635 587 751 582 933 839 463 879 753 649 586 784 760 894 674 612 659 614 724 525 751
642 585 751 582 930 834 465 881 752 648 586 782 765 899 677 599 661 614 727 521 747
629 583 756 586 931 833 466 880 755 648 584 782 760 902 679 616 661 614 730 531 731
639 582 757 585 924 825 465 880 752 647 580 785 756 901 678 636 661 614 737 531 750
638 581 750 584 924 825 470 877 757 649 582 782 757 901 680 641 656 609 739 530 742
641 575 750 580 922 819 470 873 753 647 584 785 753 900 678 643 656 611 739 525 739
639 574 742 584 909 828 468 879 757 647 584 786 748 898 680 646 663 615 739 525 739
636 579 748 585 918 824 471 877 756 647 585 786 752 896 678 642 662 617 738 505 747
636 578 755 590 914 825 469 870 751 644 584 784 751 898 682 643 668 620 737 504 740
639 576 756 590 916 819 469 867 750 644 584 784 757 896 682 648 665 615 737 505 743
639 583 756 591 916 828 468 833 730 645 584 780 760 902 688 650 665 617 735 514 743
641 581 757 590 918 826 471 866 755 647 580 782 761 899 684 650 668 623 738 520 747
646 586 756 590 917 826 471 864 755 647 581 790 762 899 688 654 670 621 741 521 751
646 590 761 595 921 828 466 863 755 650 581 790 762 904 689 653 672 623 743 523 751
649 591 760 596 923 829 468 858 751 653 580 791 760 902 689 655 676 626 744 524 755
652 594 762 597 926 830 468 854 746 652 581 792 760 904 692 654 681 626 749 530 757
656 595 767 602 930 834 469 852 751 653 582 792 757 906 693 652 680 626 749 523 758
655 597 771 605 928 834 469 858 755 650 581 797 762 905 691 650 681 627 748 529 758
656 598 771 606 928 830 471 861 762 652 579 797 761 908 692 656 682 631 748 530 754
658 597 771 609 928 831 477 861 761 657 582 799 760 906 693 659 684 632 745 532 757
656 599 771 611 931 833 477 857 758 665 585 802 760 907 694 657 684 627 750 531 755
653 599 776 610 928 834 473 858 760 670 585 802 757 902 689 659 687 631 752 532 757
656 601 776 611 928 831 478 858 757 669 585 800 757 898 689 657 691 634 754 533 759
663 598 780 615 927 833 477 858 756 672 586 801 760 900 694 657 691 635 755 531 758
658 602 781 620 927 840 475 855 757 670 586 796 756 902 693 659 694 637 755 532 754
659 602 781 621 928 839 478 853 756 673 587 802 762 899 694 661 696 637 759 529 755
659 599 782 626 930 836 475 850 752 673 587 801 762 899 696 657 694 637 759 527 753
661 603 784 623 928 838 477 853 753 673 586 802 760 899 696 659 697 635 764 529 758
661 609 789 625 928 838 477 857 752 672 586 801 762 901 696 660 697 637 763 533 759
666 611 790 621 928 841 477 857 753 669 587 795 763 901 696 662 698 640 763 531 758
666 611 796 624 931 843 478 858 760 670 589 802 760 905 697 660 699 635 764 526 757
668 605 794 628 936 844 483 858 762 673 587 800 760 902 699 656 704 638 763 525 755
663 609 797 630 936 843 484 857 765 674 590 799 761 901 699 662 702 640 763 525 755
666 606 801 631 937 843 488 859 765 674 591 801 761 900 703 660 703 646 762 524 754
671 606 800 634 940 840 486 858 767 672 589 802 760 900 703 657 704 646 763 521 754
668 610 800 635 932 840 489 858 770 672 589 809 761 907 706 656 704 646 762 523 757
672 606 802 636 936 843 492 855 774 675 591 808 765 906 709 659 705 646 763 524 755
672 606 805 640 933 841 495 857 775 674 592 805 761 906 712 663 705 644 764 525 759
678 603 805 639 938 840 495 855 775 670 594 802 763 907 714 662 706 646 769 523 755
676 605 806 640 938 843 493 857 776 677 592 801 761 907 712 660 708 646 771 525 755
681 605 804 639 942 841 500 858 776 672 594 796 760 906 709 662 708 650 770 524 755
685 603 809 640 940 843 502 860 775 672 595 799 760 908 714 657 707 650 771 519 754
688 605 809 639 937 843 503 860 779 668 594 797 762 908 717 660 708 650 771 516 753
686 607 805 638 937 847 500 860 776 667 595 796 762 908 721 660 709 647 770 517 754
685 606 813 635 937 847 498 859 772 668 596 792 762 913 722 659 712 653 772 519 754
685 607 813 643 941 847 502 863 779 668 595 791 761 914 723 653 712 652 773 517 750
688 603 811 639 940 852 502 858 772 668 592 792 760 911 718 655 715 650 772 518 753
689 609 813 640 945 853 505 858 771 668 592 795 761 912 725 655 715 652 771 520 755
688 607 810 643 948 852 502 857 775 663 592 797 760 909 723 655 716 647 773 518 753
692 607 810 640 948 854 502 853 770 660 592 790 762 912 723 654 718 646 775 518 750
696 609 809 640 950 854 502 851 769 659 591 791 765 906 727 654 718 646 776 519 753
692 609 809 640 946 853 500 848 761 655 590 789 763 907 725 655 716 641 771 517 748
695 606 811 640 943 850 500 848 763 655 591 786 760 905 721 653 716 638 773 518 753
696 606 813 638 941 850 500 847 761 657 594 787 758 907 718 650 720 641 772 516 747
692 606 810 645 940 852 499 845 763 654 594 782 761 901 717 647 718 646 746 514 746
696 603 813 641 941 847 502 843 762 655 592 780 752 900 712 649 717 643 762 513 747
696 603 810 639 938 844 504 841 758 654 595 777 753 895 714 649 717 638 768 514 744
698 605 808 638 936 845 505 841 760 649 592 776 757 898 714 647 716 638 768 511 746
693 601 808 639 938 845 507 844 761 649 590 776 757 896 713 646 717 638 769 512 747
695 599 810 639 936 843 506 844 761 649 590 777 757 894 712 649 720 638 766 512 743
699 602 811 641 933 841 509 845 766 652 590 774 757 894 713 646 720 634 764 516 744
699 601 808 640 932 841 511 845 766 650 590 776 753 895 714 646 721 632 757 511 742
698 602 811 638 930 840 513 846 769 648 591 775 755 892 713 645 723 629 758 512 743
698 603 814 643 931 839 514 844 766 652 590 780 750 891 708 642 723 627 762 512 747
698 601 808 643 927 835 512 841 766 652 592 779 750 891 712 646 722 629 758 512 746
693 602 811 644 930 839 514 843 765 652 590 780 752 886 708 645 724 624 755 512 743
695 599 810 643 927 835 512 843 766 650 592 779 752 882 707 647 724 620 759 512 746
689 601 806 639 928 836 512 841 765 650 590 779 750 886 708 646 722 623 769 511 742
688 598 809 643 930 836 512 840 765 647 590 779 753 886 708 646 726 623 766 511 740
685 601 811 644 933 838 510 837 770 652 589 780 751 887 707 646 723 624 771 512 743
682 597 809 641 927 834 511 837 767 648 589 785 755 884 706 645 724 623 772 512 744
685 598 810 643 926 831 512 834 769 648 590 785 752 882 702 649 723 623 772 512 746
686 599 804 641 923 830 514 832 766 647 591 784 757 885 704 648 724 623 775 513 747
678 599 808 643 922 830 511 829 760 647 590 787 757 885 704 648 723 621 773 514 750
678 601 809 644 926 829 512 830 758 645 589 781 757 886 704 649 725 627 777 511 747
675 598 809 644 927 828 509 832 757 650 590 781 761 885 704 648 725 624 778 513 746
673 599 811 641 923 826 509 837 758 649 591 782 762 885 702 649 726 624 776 514 748
671 599 804 640 924 825 505 836 758 653 590 784 761 885 698 646 725 627 775 511 744
673 598 808 639 922 826 506 837 760 654 589 784 760 884 698 650 727 624 773 510 747
668 601 810 641 921 828 505 841 757 655 587 787 762 882 701 652 728 627 775 509 746
666 598 809 641 922 829 505 841 757 658 590 787 763 882 706 649 728 621 776 509 746
668 601 809 639 919 825 505 843 761 659 589 786 767 878 699 650 728 621 771 507 747
671 598 805 638 921 825 507 838 761 659 587 782 766 875 703 653 730 623 775 509 747
668 603 802 640 922 825 503 838 760 664 587 781 763 872 702 650 731 620 773 507 747
671 603 802 641 922 826 505 837 761 657 586 777 763 874 704 652 732 618 775 505 747
673 602 805 644 926 826 503 840 760 658 586 781 763 873 703 649 733 615 776 503 750
671 602 802 644 927 829 505 841 760 653 584 784 762 871 703 647 734 611 775 503 748
669 603 805 644 926 830 507 840 758 655 589 782 760 870 707 653 732 611 775 503 747
668 605 805 647 927 829 506 841 761 652 587 781 760 863 707 652 732 612 775 502 746
666 602 804 644 927 824 506 841 758 653 586 779 758 860 704 653 734 611 776 502 746
632 605 804 645 926 826 505 841 758 647 584 782 757 854 706 652 732 606 775 499 744
663 603 805 647 931 829 505 841 758 647 581 786 755 851 708 653 732 609 775 499 744
480 603 805 643 928 828 505 840 757 644 582 795 758 851 709 655 733 605 776 502 743
605 603 805 644 927 829 504 840 760 647 582 790 756 848 712 650 734 606 776 497 746
599 606 801 643 927 829 505 841 756 645 581 795 760 850 714 650 734 603 772 493 742
598 609 802 644 923 828 509 838 756 650 577 794 758 845 719 652 734 606 771 493 740
596 606 802 644 923 830 506 838 755 648 579 790 760 844 719 650 735 605 772 492 739
595 606 801 639 924 830 504 837 756 647 579 790 761 846 721 649 738 606 772 492 743
575 610 804 643 924 829 505 832 757 649 576 790 758 845 723 650 737 606 772 493 743
572 606 805 641 923 831 504 836 757 650 576 791 756 843 723 652 741 606 772 491 739
575 606 806 639 926 831 504 831 758 647 580 790 760 839 726 650 744 606 771 492 734
569 609 805 641 927 834 506 832 761 649 579 787 766 844 726 551 743 609 775 490 732
580 609 806 639 921 833 506 830 761 647 582 786 761 846 732 91 743 606 773 490 735
585 607 808 639 918 833 506 829 761 645 582 789 765 846 731 659 743 603 775 489 738
583 609 810 643 916 836 504 826 755 649 581 785 766 845 732 659 746 603 777 489 739
580 610 809 644 919 836 502 826 760 648 581 780 761 843 732 716 746 603 779 486 736
579 613 806 644 923 836 502 821 757 648 581 781 763 841 732 722 747 606 778 488 732
580 615 809 640 917 834 502 824 755 649 579 777 761 840 731 722 748 608 776 483 734
579 619 809 643 917 839 504 823 751 649 581 781 762 838 732 722 750 605 776 483 740
576 618 815 643 923 845 502 829 757 652 582 775 769 840 737 721 753 608 773 478 739
575 615 815 643 922 841 505 830 760 650 581 774 770 841 738 727 753 608 772 483 739
575 619 811 644 923 841 506 831 762 652 584 782 766 840 741 724 754 605 775 485 739
573 618 814 644 923 843 505 833 766 649 575 777 766 839 741 725 756 600 775 485 743
578 618 814 645 923 849 510 836 770 660 584 775 765 838 741 728 753 603 776 484 743
573 618 815 644 921 849 512 836 772 667 589 781 762 832 738 729 758 609 776 486 739
568 618 813 644 927 848 513 830 767 668 596 789 761 827 736 725 758 614 777 486 738
570 615 820 641 924 849 507 826 769 670 595 792 771 834 743 720 755 618 775 477 738
572 617 811 639 923 848 506 831 774 673 595 796 776 839 748 721 755 623 770 479 743
569 618 810 635 918 845 507 829 772 674 599 796 779 843 748 731 750 624 776 485 746
570 621 810 634 917 849 509 829 770 675 601 795 782 845 753 734 749 624 780 488 748
572 622 809 635 923 855 510 827 770 673 596 797 782 847 751 746 754 627 786 488 747
573 628 818 643 926 858 507 826 767 678 599 800 782 850 755 745 760 631 790 489 743
572 625 820 643 938 864 507 826 766 675 597 800 785 852 758 745 761 634 791 488 743
572 628 823 644 942 864 505 827 767 679 597 804 784 852 758 754 760 637 790 495 746
522 629 821 644 941 865 509 831 772 683 604 802 782 846 756 756 762 637 791 492 746
529 632 819 640 941 864 511 833 772 680 604 805 784 855 762 771 760 635 795 490 747
532 634 823 639 943 869 509 831 772 679 604 801 787 854 765 776 762 641 796 490 754
535 636 821 644 945 873 510 830 770 677 601 802 789 854 763 775 763 635 795 490 750
149 632 823 652 951 874 507 832 772 677 602 802 789 851 762 775 767 635 795 491 751
588 634 821 653 953 877 509 830 772 679 602 805 787 852 757 773 769 629 799 490 747
599 636 823 647 952 877 510 833 769 678 601 806 785 846 758 772 766 629 803 490 748
605 641 821 649 950 873 509 837 766 668 592 797 785 848 756 768 763 626 805 488 753
606 642 816 644 945 878 506 843 772 665 590 792 784 846 752 764 758 621 803 483 754
593 644 819 643 952 877 514 705 692 662 590 791 781 845 750 769 757 618 804 480 754
596 642 819 641 955 879 486 585 712 660 587 795 779 844 750 764 758 621 807 480 751
605 648 819 644 957 883 469 702 741 660 584 795 785 845 747 759 762 623 802 479 750
598 644 820 647 958 884 497 746 595 669 590 600 779 841 743 759 760 623 799 473 748
605 642 819 647 958 882 458 645 638 574 523 498 782 841 746 759 756 624 803 478 750
603 646 819 644 958 880 503 653 680 497 473 536 785 845 750 762 758 615 799 476 748
600 642 816 648 956 882 510 472 478 447 467 473 781 840 740 762 760 615 797 478 750
598 646 819 645 962 882 411 673 523 425 425 453 781 841 742 761 759 612 802 479 744
599 644 819 648 969 883 499 777 626 411 395 463 771 834 732 757 760 499 803 473 743
596 638 813 647 963 875 490 725 648 472 448 480 763 826 731 752 755 555 799 471 744
605 641 814 641 960 877 492 517 507 602 536 816 780 840 737 752 750 629 790 461 742
602 644 802 641 960 877 435 834 555 694 600 811 473 530 468 749 750 626 778 463 743
600 645 802 641 957 877 530 863 777 701 608 824 730 782 725 745 750 624 790 466 742
605 644 801 639 957 878 523 854 769 712 615 826 791 853 745 754 746 618 762 400 742
605 641 799 638 957 877 523 850 766 717 613 830 786 845 738 758 741 621 503 469 736
610 644 794 635 955 875 519 846 762 717 619 833 784 843 733 756 743 621 805 475 736
632 637 796 638 957 875 523 852 765 718 618 831 779 845 732 752 746 637 804 472 731
622 633 795 641 953 872 523 853 766 713 619 833 779 843 730 749 743 624 799 470 720
585 622 791 636 951 865 527 853 767 711 616 830 795 860 741 749 737 634 800 469 724
535 619 787 636 942 854 530 857 769 709 614 830 791 859 732 743 731 635 802 470 724
478 632 776 625 933 852 531 855 769 704 614 825 784 848 725 742 729 632 807 477 695
616 599 775 631 933 853 532 855 769 702 613 828 760 853 731 734 708 637 817 475 740
669 642 777 582 933 818 531 850 758 703 614 824 725 854 727 735 706 635 807 472 734
668 634 767 625 845 858 526 851 757 701 611 821 730 852 730 739 730 637 812 475 734
676 630 790 634 941 865 525 846 756 699 613 820 746 855 728 758 729 637 810 472 730
672 626 789 634 937 862 523 851 755 699 613 823 751 854 737 764 730 635 810 475 726
672 626 789 634 936 862 525 851 756 702 611 821 752 858 740 761 732 635 812 475 726
672 630 789 640 937 857 525 853 756 704 614 825 745 863 742 763 737 637 813 473 731
681 637 792 644 935 854 527 852 755 707 610 820 742 832 741 764 733 637 816 472 736
682 641 791 636 935 860 526 852 751 706 610 815 743 829 740 765 743 632 813 472 739
691 641 802 650 942 872 525 853 752 702 610 811 742 813 737 764 746 632 813 470 739
685 642 813 650 948 874 525 853 752 706 615 820 741 792 738 765 753 634 813 471 739
683 642 818 654 953 879 524 854 746 708 614 821 746 852 736 765 754 634 812 468 742
685 644 828 653 952 877 524 854 751 708 614 823 742 855 737 757 756 632 812 470 747
672 641 824 657 951 882 521 855 747 711 615 818 716 858 736 762 755 631 810 465 742
676 638 824 658 962 878 525 854 747 707 613 818 725 858 735 759 754 632 812 469 739
679 638 825 658 953 880 521 853 746 703 609 811 719 854 731 757 752 632 811 469 738
671 634 825 658 951 878 524 855 747 704 614 811 717 855 730 755 750 632 817 470 738
676 632 825 655 950 879 521 855 741 702 614 809 717 848 726 757 747 635 816 463 734
676 630 824 654 945 880 519 858 742 703 618 810 719 853 728 757 749 638 812 461 732
672 630 821 657 945 880 520 857 738 708 619 810 718 853 725 755 744 637 810 461 732
673 629 826 658 942 878 520 859 742 707 616 808 730 855 730 757 747 634 814 463 731
673 624 824 655 940 875 519 857 737 708 619 808 766 855 730 758 747 634 812 463 728
671 621 825 657 937 875 520 859 740 711 621 805 762 858 726 761 747 632 812 462 727
666 624 823 657 936 873 519 859 738 708 618 802 762 858 725 756 748 637 813 463 728
665 622 823 654 937 875 514 865 735 708 616 801 760 861 723 750 747 635 814 462 726
663 626 821 657 938 872 520 865 737 704 619 799 762 854 722 750 744 635 811 459 723
659 622 823 653 937 879 523 867 737 707 621 799 763 857 723 752 744 641 811 461 726
655 619 823 653 935 875 521 872 740 709 623 802 758 855 721 746 745 638 810 459 723
661 619 824 652 932 875 521 870 740 708 624 804 758 859 722 745 741 638 810 459 726
653 618 825 650 935 873 524 872 738 709 628 810 755 857 719 749 743 643 811 459 723
655 615 824 654 931 873 525 872 737 712 628 808 758 861 721 751 740 646 809 457 726
659 619 823 650 930 870 521 872 737 712 628 804 757 860 721 750 741 650 810 461 727
665 617 819 653 931 872 521 873 736 708 628 801 758 857 719 750 741 650 811 457 726
658 622 816 650 930 873 523 872 733 704 626 799 761 861 722 748 742 650 810 458 723
661 619 819 648 933 873 523 872 733 703 623 794 756 857 721 751 746 652 807 456 719
656 619 823 655 932 874 521 870 732 703 624 790 758 859 721 757 744 655 810 458 722
655 621 824 654 931 875 520 868 728 702 620 790 758 858 721 756 743 655 811 457 719
653 619 820 650 927 877 520 866 728 697 621 789 756 858 719 758 746 659 811 457 722
651 621 826 654 924 879 523 871 730 694 620 790 755 853 718 756 745 658 811 456 723
651 619 825 655 924 882 519 871 727 692 620 790 756 853 721 759 746 658 813 458 724
648 621 826 657 931 886 521 871 731 693 626 791 753 850 716 758 748 659 811 461 726
652 614 826 659 928 888 523 867 723 693 629 792 755 851 717 758 748 661 810 457 727
648 556 825 660 927 884 521 867 723 693 630 792 752 847 713 758 750 661 811 461 727
649 564 828 662 926 884 520 866 727 693 628 789 751 846 711 757 746 662 811 458 726
648 271 826 660 928 888 518 868 726 689 629 791 752 847 711 758 747 662 809 458 723
646 586 824 658 928 884 519 871 726 694 633 794 752 844 712 757 747 661 810 456 726
645 138 824 657 926 888 521 872 727 701 636 795 752 843 709 755 746 658 810 455 723
643 590 824 657 927 888 523 871 731 699 638 797 751 841 706 756 746 661 809 455 722
639 585 821 659 933 887 525 872 730 698 634 795 748 840 708 755 746 662 813 454 716
641 589 820 659 930 887 526 868 730 697 639 797 747 838 706 754 745 667 813 452 718
641 593 815 658 928 887 526 870 731 693 636 800 748 836 704 755 744 668 816 450 720
636 574 815 657 930 886 524 870 735 693 635 800 748 838 707 751 746 670 812 450 716
635 593 814 662 930 884 530 871 735 693 638 800 750 839 706 752 746 673 811 449 719
639 594 819 663 933 887 530 874 732 691 636 805 750 838 708 758 748 673 810 454 720
643 251 816 660 933 889 527 872 732 691 635 808 751 833 706 759 750 673 812 455 722
638 258 816 664 936 889 526 874 730 689 635 804 752 836 703 759 749 673 813 456 723
642 262 814 664 938 893 526 877 730 689 636 804 750 836 707 759 748 676 811 457 722
645 624 815 664 942 891 527 874 730 683 633 802 752 833 703 757 750 676 814 457 722
638 609 814 664 941 889 521 873 726 680 633 797 751 829 702 756 751 673 812 461 719
641 610 810 665 937 893 524 867 723 669 626 787 752 832 706 755 749 674 812 457 720
645 609 805 664 936 892 520 863 719 667 626 794 750 831 703 756 749 668 814 456 720
646 603 805 663 933 894 516 853 712 677 631 789 746 832 701 757 748 667 813 462 719
641 601 800 667 937 894 513 843 699 673 626 787 741 829 698 755 749 668 813 458 718
642 599 802 664 941 893 509 851 714 677 625 786 731 821 686 754 749 674 814 458 715
642 601 801 662 940 892 512 854 709 674 623 794 723 816 682 757 750 674 812 455 715
646 591 791 663 937 893 513 861 709 679 624 789 738 829 696 756 748 679 807 451 716
649 597 795 662 938 892 514 858 713 680 626 785 741 830 689 759 753 676 805 451 716
643 591 792 660 938 893 511 858 712 691 633 794 742 831 692 761 752 668 806 458 718
643 589 795 660 941 896 510 855 706 699 636 800 740 831 691 757 757 670 816 461 719
642 585 794 664 941 899 516 863 712 704 636 802 741 831 688 764 759 677 816 458 714
643 575 795 664 941 903 517 868 718 699 634 804 740 833 687 764 757 671 813 457 711
642 564 790 663 942 901 524 870 722 698 634 802 745 841 694 764 758 670 816 462 711
642 550 787 663 938 896 524 870 722 698 638 810 745 845 697 769 757 671 819 466 708
639 547 784 663 940 893 525 871 723 696 634 809 745 846 694 770 760 676 826 469 712
638 572 782 660 942 896 529 873 727 698 640 810 741 847 694 770 758 681 831 475 707
636 566 785 660 948 898 531 874 726 698 644 810 740 850 697 771 762 691 834 472 705
639 564 785 653 947 894 530 877 727 698 644 806 741 851 693 772 759 696 838 473 703
641 551 770 654 941 892 530 873 727 697 643 806 743 853 692 777 751 694 837 476 705
553 575 770 647 940 892 527 880 725 696 643 809 746 863 696 778 753 693 838 475 481
412 387 771 645 940 898 529 882 723 692 644 809 747 866 703 638 758 696 841 480 456
556 462 770 649 946 762 529 884 723 689 645 806 746 868 702 710 612 696 846 489 665
513 556 675 600 618 523 526 886 723 692 649 808 743 866 697 788 492 699 851 486 527
450 468 543 497 577 880 530 888 726 691 650 805 751 871 699 775 547 699 854 486 454
666 547 542 601 857 831 530 889 723 692 649 805 752 872 698 784 753 696 851 484 711
658 575 717 649 823 517 526 885 722 696 655 815 752 874 698 786 771 699 853 489 707
665 582 753 648 596 853 529 887 719 694 654 814 748 875 694 786 750 697 854 489 712
668 585 683 641 943 891 527 884 719 696 658 815 752 875 696 788 763 694 857 490 714
669 599 774 649 940 902 524 885 716 699 662 816 750 878 701 786 772 696 858 488 719
665 597 775 652 947 907 523 888 718 702 664 819 750 878 699 788 774 693 857 489 719
673 261 782 654 951 922 525 891 719 702 665 823 751 878 698 788 778 694 857 491 720
669 579 784 658 956 921 527 893 723 706 669 816 748 877 699 785 781 693 857 491 720
665 570 781 663 955 923 529 894 725 708 667 813 750 880 698 785 785 694 857 488 718
669 571 789 668 955 927 527 896 723 703 665 815 750 879 698 783 788 691 858 490 718
665 583 787 668 958 927 527 895 726 704 665 819 743 879 698 782 784 688 854 489 714
668 587 784 664 951 927 529 896 727 701 668 820 747 875 698 784 781 690 854 490 719
665 611 781 663 951 935 527 898 727 703 665 823 745 878 693 784 789 688 855 491 715
665 617 782 665 955 933 529 894 725 709 665 824 750 879 697 785 788 687 855 486 714
665 621 785 667 958 937 525 896 727 714 670 825 747 880 693 785 789 690 854 485 714
658 619 785 667 956 941 531 895 731 717 668 824 750 882 693 782 790 693 853 486 716
658 624 780 670 951 942 529 900 733 717 668 821 746 886 691 780 790 693 855 488 714
652 633 782 669 952 943 531 899 732 719 665 825 748 888 693 780 789 691 851 488 711
652 632 784 669 953 952 530 900 735 717 668 828 748 889 689 778 790 688 852 486 708
658 629 785 668 951 946 527 900 730 716 667 830 745 891 694 780 789 693 847 489 711
661 632 782 668 947 945 525 902 731 716 667 829 751 899 692 786 788 688 846 486 708
661 630 782 668 943 943 527 904 730 714 664 825 752 898 692 785 789 688 847 488 707
666 634 782 669 941 947 529 906 727 712 667 821 751 898 689 784 789 687 852 490 710
659 636 774 668 942 951 526 905 723 712 664 824 747 894 688 785 784 682 852 490 708
656 637 776 664 946 951 525 905 721 713 662 824 747 895 686 785 790 684 852 490 707
656 641 776 667 952 953 517 907 721 716 662 820 746 902 687 779 785 687 850 488 707
655 637 771 667 950 952 517 905 718 713 659 820 743 899 684 782 785 687 848 490 705
656 640 775 667 951 955 513 908 716 706 660 820 747 902 683 780 790 687 847 488 705
658 636 774 664 952 953 511 902 693 707 658 819 746 907 682 779 790 684 848 491 707
661 636 774 662 953 953 486 913 717 709 657 819 741 912 682 776 791 682 848 491 705
658 638 774 662 953 952 509 913 719 706 655 821 738 913 683 779 793 684 847 492 708
656 642 774 655 957 951 507 908 714 707 654 816 733 919 680 778 791 684 850 493 705
662 648 775 658 961 953 502 912 716 703 657 821 732 918 679 773 791 681 852 493 707
659 646 781 658 965 960 502 914 717 706 652 821 732 915 677 776 794 682 850 493 707
658 646 781 660 960 963 499 913 716 703 649 815 735 922 679 769 795 684 847 495 708
658 648 781 660 960 965 500 907 711 698 647 810 733 921 673 769 799 682 846 498 708
662 648 786 664 962 963 493 902 699 696 645 809 733 925 672 771 800 681 848 497 708
662 646 789 663 969 971 490 847 691 691 643 806 735 927 669 768 803 676 847 492 708
662 641 785 663 969 972 496 839 659 693 645 810 727 926 673 770 804 677 846 489 703
655 648 787 664 969 971 490 650 577 692 648 813 725 925 672 770 806 679 848 490 708
652 644 789 667 970 971 425 568 482 694 643 811 721 925 667 761 802 679 847 486 707
658 645 787 663 969 970 431 806 596 696 648 805 719 925 667 756 801 677 846 489 653
662 648 786 663 963 971 389 701 706 696 643 806 714 923 658 754 800 682 843 485 672
661 649 786 653 967 970 389 727 594 694 643 804 712 926 657 754 796 682 843 484 676
658 648 779 660 967 974 401 859 630 694 639 797 713 926 658 752 799 684 841 482 672
661 642 786 662 965 979 489 893 698 693 640 797 713 929 655 758 798 684 840 483 669
659 642 787 659 969 977 490 886 691 692 645 800 711 936 654 759 796 682 840 485 679
661 644 786 659 965 976 485 888 692 694 645 805 708 935 652 754 796 685 845 489 676
662 644 784 662 966 979 486 889 701 697 645 804 707 936 657 754 798 687 846 479 676
659 642 790 660 969 981 490 889 702 694 645 809 706 938 653 755 797 690 844 485 675
638 640 789 662 975 980 495 882 703 697 648 810 706 938 657 754 797 691 843 485 677
639 640 787 662 974 980 493 877 696 697 647 814 704 939 654 754 797 693 843 484 675
638 640 787 662 974 981 488 881 696 698 645 814 704 940 655 755 794 697 847 489 671
643 640 785 662 980 980 492 878 701 701 647 813 703 945 654 755 797 699 845 488 681
659 638 786 664 981 982 492 880 706 709 652 813 707 946 657 754 795 700 846 490 676
662 638 789 664 981 980 495 882 703 707 649 811 709 952 659 751 798 703 848 490 673
668 638 792 664 987 985 495 880 707 704 652 818 708 953 659 752 797 702 850 493 679
668 637 790 665 989 982 499 879 707 704 650 825 712 952 663 754 800 709 852 497 672
675 637 787 667 991 981 497 878 704 704 652 826 713 955 665 756 798 709 851 498 676
675 634 785 664 991 981 500 877 711 699 654 834 714 954 667 756 800 711 854 500 672
675 633 791 667 991 980 500 881 708 698 655 835 712 957 670 755 801 712 854 499 673
675 636 795 669 990 980 503 882 714 696 653 833 716 966 670 752 799 714 859 505 676
676 637 799 672 991 979 504 881 709 694 653 831 717 967 674 754 804 712 857 503 680
669 638 801 672 996 981 503 881 709 693 654 828 722 962 672 755 803 709 863 503 673
672 638 804 679 999 980 505 884 714 689 654 830 717 969 678 754 802 711 866 510 675
671 637 806 679 1004 981 510 888 717 687 655 833 718 970 674 754 803 711 867 509 672
668 634 808 673 1005 982 511 894 723 683 655 826 721 968 680 754 801 709 868 510 676
672 637 806 674 1004 985 507 892 721 687 655 841 722 975 683 752 801 714 867 512 669
671 636 809 675 1002 984 506 892 723 686 658 843 726 971 682 751 800 712 868 512 671
671 629 806 678 1004 982 511 893 726 682 658 841 722 971 682 752 801 714 871 512 667
675 632 810 683 1006 982 510 888 727 677 657 843 726 971 679 752 804 717 868 517 662
673 628 810 682 1006 982 507 887 725 679 653 840 723 976 680 746 796 714 872 518 661
675 625 805 683 1005 982 506 887 725 678 655 836 723 973 679 746 798 712 873 516 657
676 622 805 683 1002 982 504 886 725 678 653 838 722 974 682 745 797 711 872 514 661
676 622 805 683 999 976 504 885 723 679 650 838 717 975 680 749 794 712 872 516 665
673 617 801 680 1000 980 500 881 723 678 653 839 722 977 687 744 796 714 872 516 679
679 617 801 682 999 976 499 882 721 674 653 843 723 971 682 742 797 709 873 519 676
676 617 805 682 997 974 499 884 723 675 652 843 723 971 683 741 796 709 870 520 676
678 617 806 680 1001 971 504 884 727 674 652 843 719 977 686 738 799 709 870 518 677
676 617 804 683 997 974 504 881 727 673 650 839 719 976 680 737 798 712 871 520 679
673 613 809 680 1001 972 504 881 725 673 648 844 721 974 683 734 801 711 870 524 677
675 611 808 683 1001 972 502 880 725 672 649 843 723 974 684 732 797 714 870 523 677
673 610 806 684 1001 974 505 882 731 677 647 838 722 974 687 735 798 711 868 526 677
673 610 805 683 1000 970 509 891 733 668 643 839 719 974 684 735 796 712 868 525 679
672 614 806 680 997 970 507 892 733 669 640 839 721 971 684 736 798 706 868 529 680
675 611 805 684 997 972 509 896 736 668 639 838 718 967 679 737 802 705 867 526 680
672 611 809 683 1000 972 510 896 737 665 634 840 716 968 680 737 801 703 866 530 676
672 610 808 684 1000 969 510 898 738 669 638 839 718 963 677 735 797 703 864 524 677
679 613 808 680 1001 974 511 895 736 669 638 836 714 963 678 731 798 700 864 524 680
673 619 808 682 999 967 506 896 737 672 635 831 721 961 678 727 799 700 863 524 688
676 615 805 679 996 971 510 900 740 672 631 831 717 962 677 725 799 702 860 527 685
676 614 802 679 995 972 512 900 742 677 634 833 719 959 677 723 797 700 859 526 685
682 610 804 680 994 967 513 898 745 678 634 831 721 959 679 723 795 697 858 525 683
682 610 804 679 995 971 516 895 743 679 640 828 722 954 680 724 794 696 860 523 685
686 607 802 675 997 961 517 895 743 674 638 826 721 950 678 720 794 696 859 531 680
682 607 795 677 994 961 517 893 748 670 635 819 721 955 679 724 793 696 857 529 681
682 609 797 672 994 957 517 887 742 673 636 820 725 957 682 729 796 690 861 529 680
678 605 794 667 992 955 516 888 743 672 635 814 726 960 682 728 793 693 855 532 676
679 605 792 669 991 950 516 884 743 668 630 805 726 959 682 724 794 691 855 537 677
683 605 789 669 990 946 513 884 736 667 628 802 726 957 682 724 793 690 864 538 672
681 601 785 668 986 950 519 880 737 669 631 806 731 960 683 723 792 693 863 533 671
676 599 786 668 989 945 517 880 737 672 638 668 733 961 686 718 795 691 859 532 661
678 598 786 664 990 943 513 882 732 645 639 680 731 961 683 721 791 688 860 536 654
672 594 785 663 989 943 514 887 741 670 635 810 731 960 687 721 794 684 858 536 657
672 594 786 662 986 937 517 888 740 668 625 805 730 954 680 720 791 694 854 537 660
669 590 784 659 980 936 511 888 740 680 634 810 726 949 675 716 792 700 852 532 660
666 590 777 659 980 935 514 893 742 682 639 811 731 950 679 716 789 702 851 526 656
671 591 777 654 980 936 523 902 747 688 645 818 736 959 687 711 790 696 851 521 664
669 593 777 660 984 933 524 904 753 691 650 820 736 962 697 717 787 697 845 527 687
663 593 772 653 977 940 527 906 755 692 652 821 741 964 697 722 790 697 848 532 697
669 595 776 655 984 935 529 911 760 693 652 818 741 960 694 727 796 702 852 534 700
673 595 779 655 985 942 529 914 762 694 654 815 748 966 699 724 799 706 854 537 701
669 594 782 655 987 945 531 906 769 696 654 813 752 969 707 727 799 709 855 537 704
655 583 782 655 989 947 536 907 761 699 653 814 751 962 708 729 802 708 855 539 704
655 527 785 658 987 942 531 905 766 701 657 814 760 966 712 728 802 703 861 538 705
652 583 784 655 987 941 533 906 765 697 653 816 762 967 711 729 802 709 859 541 703
636 576 787 653 984 936 532 907 765 694 653 811 767 968 713 725 801 706 864 544 696
651 554 787 653 986 941 534 907 766 696 655 810 763 966 712 725 796 702 864 544 685
639 555 787 650 986 931 536 906 763 696 655 811 767 968 711 720 794 702 865 543 688
642 576 781 644 980 909 533 906 761 693 659 811 766 967 711 721 782 706 863 544 687
642 576 772 640 963 924 529 901 760 694 657 814 767 962 709 722 786 706 865 548 691
635 566 766 634 967 913 527 899 761 701 660 816 774 963 713 688 783 706 865 553 685
443 543 765 631 962 918 526 899 760 707 660 814 775 967 708 446 776 711 865 548 470
632 517 761 626 965 904 529 901 762 704 660 819 775 967 711 609 755 712 866 553 705
462 566 762 615 960 683 530 900 763 706 658 825 779 960 714 742 444 715 866 548 683
555 576 678 469 668 855 529 900 763 706 655 825 782 966 716 737 437 715 870 547 679
575 568 594 517 911 897 531 900 761 708 655 835 784 967 719 738 698 714 863 552 712
566 478 701 597 908 702 529 904 765 709 654 831 784 962 718 736 588 708 865 555 500
655 579 701 592 909 840 531 905 771 708 650 833 786 964 722 738 796 708 865 552 730
626 379 728 641 824 716 537 906 774 711 650 830 790 962 721 743 738 708 866 553 607
630 576 609 604 877 937 538 905 772 714 649 834 786 962 717 741 790 708 866 554 618
582 602 779 641 996 931 536 905 772 709 645 834 779 957 712 737 797 708 866 555 388
530 370 790 648 974 903 534 906 772 713 643 830 784 954 712 737 796 708 865 552 462
645 450 790 641 951 906 534 908 777 709 645 834 782 952 708 734 792 708 861 547 739
653 540 789 639 943 503 534 907 777 711 640 835 780 953 711 735 789 705 858 550 763
645 406 636 634 567 767 532 908 780 716 644 836 787 952 709 736 758 700 861 548 587
492 359 678 628 902 951 533 906 782 718 643 838 785 950 711 729 790 697 860 552 452
639 396 786 640 985 799 534 906 782 711 638 835 790 946 712 728 792 699 859 553 720
653 402 782 631 914 571 536 904 785 711 638 833 790 947 713 727 778 694 860 551 691
610 418 596 633 595 497 536 909 784 711 638 834 787 943 714 736 651 697 859 553 701
636 470 560 577 658 789 534 909 786 714 638 833 787 942 716 735 792 694 858 551 763
639 611 757 635 930 865 537 908 786 714 638 833 794 945 712 736 786 696 854 551 762
641 606 785 626 961 901 538 912 789 719 636 838 796 946 719 736 777 696 854 551 759
632 601 747 621 942 936 540 912 795 718 639 838 799 943 718 734 786 697 857 552 761
639 602 769 628 969 930 541 911 795 722 639 839 801 941 718 735 788 697 854 555 761
641 601 774 631 970 927 545 907 792 719 638 834 799 941 717 735 788 696 853 558 761
646 601 777 634 963 923 541 906 794 721 639 833 806 941 717 736 789 694 853 560 761
638 599 777 636 960 924 540 907 794 723 639 833 804 942 718 735 788 693 860 560 761
646 597 777 636 960 926 540 907 791 722 639 830 809 938 723 734 792 691 858 558 755
642 595 772 639 960 923 541 905 791 725 641 828 810 943 719 736 789 688 859 561 757
638 597 775 635 960 923 540 901 794 727 641 828 811 943 725 737 790 687 861 565 759
641 602 775 635 955 922 539 898 789 727 640 823 814 941 725 735 787 685 863 564 761
638 581 770 635 957 923 536 898 787 730 640 825 810 941 723 737 787 690 861 566 757
639 582 769 634 956 922 539 900 790 726 638 826 814 940 722 737 788 687 864 568 761
638 574 766 635 956 922 537 902 790 731 638 826 814 943 723 735 792 688 864 570 765
633 575 765 638 960 923 536 901 795 732 639 829 815 943 725 736 787 690 866 570 766
636 568 765 636 956 922 538 905 794 732 638 829 816 942 727 739 788 691 867 572 767
632 567 762 643 956 926 540 904 797 728 639 830 814 942 723 736 794 690 867 572 767
633 567 765 643 962 927 544 905 799 726 635 834 813 938 723 737 792 687 867 574 767
633 562 763 643 969 924 543 905 796 727 635 835 820 940 725 738 791 688 867 573 769
639 570 762 641 969 924 541 901 800 730 635 836 820 945 727 738 794 687 867 574 773
633 583 760 645 967 921 544 901 796 730 634 830 815 936 726 741 795 685 868 578 773
626 583 760 644 966 922 539 900 792 727 631 825 815 934 725 739 793 687 866 577 769
626 582 758 647 967 923 538 896 791 725 630 825 819 933 725 742 796 682 867 578 770
628 568 757 649 966 921 536 896 792 726 629 821 815 930 722 741 794 684 868 577 766
625 582 757 650 965 919 538 900 795 725 630 821 813 927 719 738 794 682 865 575 766
625 597 756 647 963 916 541 901 797 722 633 823 813 928 718 737 795 681 864 577 765
625 590 757 649 962 912 541 901 797 719 629 820 813 926 719 737 793 679 861 574 765
620 590 752 648 961 909 541 898 800 721 629 819 811 922 721 737 793 677 858 575 763
618 590 752 647 961 911 543 898 801 718 629 819 815 927 719 739 792 681 857 574 762
618 591 750 648 957 908 541 900 800 719 633 820 811 923 718 745 791 681 855 573 766
616 589 747 650 955 906 544 901 805 714 629 816 813 921 723 742 792 676 858 572 762
612 589 748 645 958 902 548 902 808 714 629 819 813 921 725 745 792 671 855 573 761
618 589 746 645 957 904 550 908 805 717 625 814 814 923 727 750 792 671 854 572 766
619 587 746 648 955 903 548 906 808 712 624 814 809 921 722 750 793 674 852 571 762
618 582 745 643 956 907 547 907 810 709 623 809 811 914 719 755 790 676 854 577 763
618 581 746 644 960 907 544 905 808 708 619 806 811 921 723 752 792 676 852 572 763
613 578 746 647 955 903 547 908 810 706 615 800 819 922 725 749 791 674 847 572 763
618 581 748 647 951 904 547 907 808 703 614 799 819 919 726 750 790 670 845 573 762
616 576 740 640 947 903 548 907 810 702 609 797 814 918 723 748 785 670 851 577 765
620 578 741 639 951 911 547 905 805 701 606 794 815 913 725 755 791 668 853 577 761
619 571 741 639 947 909 544 907 802 701 602 792 811 908 718 749 785 667 852 575 759
615 563 738 635 950 906 544 905 805 699 605 794 808 905 719 750 787 662 846 571 761
609 562 736 635 951 908 546 904 808 702 606 791 816 900 718 756 783 665 843 571 755
603 564 733 628 950 906 545 907 810 703 606 792 813 905 719 752 777 662 841 570 757
606 559 728 625 947 901 545 911 814 697 602 791 816 905 719 761 780 665 841 575 755
606 562 730 630 943 894 546 908 810 702 606 794 816 907 728 755 782 668 837 574 761
609 563 721 624 940 902 547 908 811 702 606 795 816 908 725 756 777 670 839 574 765
618 563 717 623 938 908 545 915 815 703 606 795 820 911 726 758 775 671 839 575 761
520 559 718 618 947 912 545 914 811 702 606 791 824 909 730 768 775 670 840 578 472
430 488 726 625 957 914 544 914 810 703 601 789 825 913 737 768 782 674 841 582 481
430 388 735 626 975 545 544 911 806 703 597 789 828 921 736 779 785 665 847 584 504
443 430 649 619 669 586 539 906 806 708 591 789 828 921 735 784 473 668 847 586 723
643 523 512 434 649 633 541 906 808 709 591 787 824 919 736 793 463 665 850 586 794
641 505 512 460 725 801 540 904 809 711 590 785 821 907 732 796 651 659 848 591 739
548 410 561 474 1005 874 540 902 806 716 587 781 820 907 736 786 587 658 851 581 630
589 481 757 618 969 924 540 901 801 712 586 782 824 909 737 765 799 653 844 580 759
629 560 742 645 990 599 536 901 796 713 589 782 819 904 731 727 708 655 845 582 771
629 563 703 621 833 826 533 900 794 714 584 785 815 899 725 499 652 650 844 577 767
575 567 639 596 894 927 525 907 795 714 584 785 811 895 726 653 779 650 843 574 562
468 570 725 630 979 916 532 908 796 707 584 782 815 899 730 770 782 652 834 572 586
570 547 717 624 979 808 537 909 797 699 577 779 814 893 726 775 783 655 831 571 614
638 489 673 601 794 872 541 909 800 702 580 781 814 891 722 762 780 656 827 571 781
641 550 536 518 805 819 537 916 797 697 579 785 814 895 728 750 498 653 827 570 783
635 560 600 572 816 937 541 919 800 697 575 787 814 892 728 694 756 658 825 567 782
638 567 728 621 989 919 540 918 796 701 579 789 811 899 733 779 788 659 824 572 775
632 566 730 638 984 936 537 920 794 699 579 789 820 900 736 782 786 655 827 570 774
633 562 733 638 991 937 538 919 796 701 579 787 821 905 741 783 786 658 827 568 773
642 559 730 638 989 942 539 922 797 694 579 786 823 911 745 595 784 655 830 573 775
648 555 728 640 984 940 540 925 797 694 580 782 824 908 745 565 787 655 832 575 779
528 562 737 631 989 942 538 925 796 691 579 785 825 911 743 463 756 650 819 572 582
519 548 737 635 994 943 539 927 792 687 569 777 819 912 745 448 496 644 833 573 761
600 527 738 507 1001 947 538 922 787 693 569 755 823 907 742 605 689 641 832 577 757
628 504 640 621 816 849 534 926 787 509 435 711 825 906 746 550 539 638 833 573 750
639 489 670 575 860 914 531 920 777 680 513 660 818 901 741 698 756 640 827 568 637
603 508 699 608 919 880 525 905 731 668 555 688 811 905 737 778 753 579 821 570 739
596 492 711 614 907 886 516 902 755 447 436 449 810 907 740 779 766 391 820 568 739
619 495 712 631 779 898 510 489 533 405 385 415 769 870 702 790 753 370 818 566 751
609 517 709 584 892 906 411 475 409 394 377 411 536 630 523 574 686 379 779 563 740
620 516 640 580 767 914 362 473 399 391 379 416 467 483 440 777 675 562 788 565 750
626 516 699 589 908 897 354 492 411 403 381 550 465 473 439 553 744 620 704 416 754
619 517 713 624 901 902 368 632 547 619 464 587 599 587 580 425 768 612 512 383 755
596 512 707 626 896 907 423 646 613 538 460 474 697 744 686 432 742 621 448 398 757
605 512 660 479 909 914 455 594 514 429 395 426 689 840 675 756 734 617 601 517 484
455 325 701 541 902 874 450 483 434 401 370 409 799 901 728 770 590 515 690 477 476
446 400 679 493 933 836 361 463 394 376 350 395 796 904 728 777 590 346 653 526 578
635 341 709 548 940 497 343 455 382 369 345 389 615 860 660 776 497 335 751 558 538
629 382 723 545 662 762 341 450 379 366 343 386 606 729 551 588 461 333 809 567 730
433 383 550 450 753 399 340 446 379 367 343 385 429 438 395 405 667 332 814 520 452
390 328 709 631 886 875 340 446 376 366 342 385 419 424 386 382 509 332 627 389 418
382 301 576 564 545 655 340 445 377 369 345 387 414 418 384 377 391 335 409 340 404
382 297 436 392 498 463 340 448 379 374 350 395 413 418 384 374 355 340 384 334 403
383 294 400 375 472 418 342 452 382 387 365 420 411 418 384 374 347 349 379 334 403
383 296 391 369 458 416 346 463 391 660 512 479 414 421 387 374 343 383 376 334 406
386 294 387 367 454 414 354 942 423 669 570 757 418 425 392 377 343 608 376 336 410
395 298 389 366 454 418 543 946 762 602 556 753 426 437 404 383 343 605 377 339 419
430 312 390 369 457 423 552 875 718 686 581 763 513 465 448 398 346 621 381 345 439
636 431 392 370 460 433 546 602 507 693 582 762 662 845 662 691 351 629 387 354 707
661 453 401 377 472 453 432 846 477 680 579 762 641 785 640 438 375 627 402 423 767
663 520 424 406 494 787 498 888 663 677 580 760 761 867 714 444 713 635 587 462 774
676 513 678 609 947 888 545 956 769 665 569 771 800 914 760 574 508 634 539 497 779
683 512 621 503 918 886 578 947 775 688 591 772 800 923 761 814 598 631 560 534 769
689 515 619 535 947 918 568 950 777 686 589 771 786 926 771 803 692 638 601 598 774
693 525 709 597 942 902 572 864 747 684 591 777 800 922 762 798 651 634 805 606 779
696 536 691 605 979 909 516 950 779 686 587 766 800 923 769 803 721 623 795 592 779
696 535 668 635 996 923 581 941 777 673 582 770 806 929 771 807 777 596 788 604 775
695 533 654 667 1001 930 581 948 770 670 579 774 800 932 775 800 780 605 796 604 775
695 532 683 672 1006 923 584 960 702 677 592 782 795 919 762 795 776 497 824 611 774
692 531 675 673 1010 923 584 967 786 684 597 785 740 805 691 799 775 606 826 608 769
689 531 668 672 1002 918 598 964 790 682 600 790 714 836 652 780 770 631 829 595 773
685 536 675 665 1001 917 596 966 791 687 606 794 644 673 535 649 768 644 709 543 774
685 533 668 665 1001 916 598 964 794 697 608 800 796 756 665 771 768 653 647 509 771
685 532 648 667 994 916 600 968 799 702 609 806 806 921 772 714 768 656 616 428 773
691 535 640 668 997 912 602 971 805 707 614 806 809 943 797 745 765 658 514 580 774
688 536 638 665 989 909 608 966 808 706 614 806 815 952 805 783 760 655 833 621 774
688 535 657 664 985 904 607 963 804 706 614 806 815 949 802 793 758 661 834 632 770
686 536 657 659 981 899 611 962 796 706 611 806 811 949 802 802 756 659 843 640 770
686 533 645 662 981 898 609 956 794 703 609 802 811 942 799 814 747 662 848 641 769
691 532 639 653 976 899 605 950 790 703 608 805 810 941 797 814 746 662 848 640 773
691 529 635 657 977 896 601 953 789 704 608 804 810 942 800 811 759 661 851 640 774
686 539 648 668 975 906 604 948 786 702 606 796 811 943 800 812 766 658 850 639 779
683 504 684 669 984 917 598 947 781 697 600 796 806 941 799 807 763 656 846 641 782
683 402 691 672 986 919 598 945 781 696 597 799 799 940 795 806 760 658 845 643 754
686 516 686 672 986 923 596 941 782 696 601 799 799 930 789 804 761 658 846 643 782
686 536 691 649 991 813 598 948 779 694 597 797 796 928 786 800 758 656 846 643 779
689 529 692 633 963 914 594 945 776 696 597 795 791 928 790 805 758 656 840 635 783
689 532 689 644 989 913 592 945 776 689 599 799 792 929 790 803 755 656 834 636 781
689 531 688 643 985 918 594 942 772 687 591 796 794 926 784 798 754 658 833 639 783
689 533 684 647 982 919 593 942 770 684 591 792 797 927 785 800 758 659 838 641 789
692 536 691 634 990 923 591 936 766 682 587 797 789 916 786 803 759 662 834 639 790
691 539 694 638 990 923 585 933 763 683 590 800 785 916 782 805 758 665 834 639 789
691 539 694 663 986 927 585 934 762 687 589 804 782 915 781 802 759 665 836 636 787
691 536 696 670 990 930 582 939 763 682 584 808 781 912 782 803 759 665 833 636 789
688 539 694 667 991 933 586 941 769 684 585 810 781 904 782 800 760 673 832 634 786
693 538 699 670 992 933 582 938 771 679 580 797 777 906 780 800 762 671 831 638 793
691 536 696 673 992 937 585 927 763 677 576 797 779 905 784 804 763 673 831 638 793
692 539 699 673 991 933 578 928 748 675 579 796 771 904 787 806 762 670 831 638 791
688 543 701 670 987 936 577 936 762 673 579 799 774 902 786 805 761 673 831 640 796
685 539 701 669 990 943 580 939 769 675 579 801 769 898 781 804 763 670 831 638 798
685 531 704 670 994 943 579 936 762 672 576 800 765 901 781 800 761 670 829 642 794
679 528 708 669 989 942 580 933 756 669 574 796 766 893 781 797 764 668 830 639 791
669 524 706 667 991 937 575 932 757 668 572 799 762 888 780 796 764 673 830 640 787
668 515 702 665 987 935 574 932 756 670 570 796 760 891 776 799 755 674 829 634 781
652 500 701 659 989 933 572 933 757 672 570 795 760 887 772 793 748 673 824 634 770
642 488 698 655 984 918 572 929 756 669 570 797 755 878 771 792 734 677 821 633 748
648 431 689 644 972 898 572 930 755 670 577 796 757 881 772 791 0 677 819 634 777
665 452 683 638 957 891 572 933 757 672 579 805 756 880 770 793 693 681 824 634 785
659 508 677 615 940 808 573 934 756 677 574 808 757 877 771 788 674 681 821 632 790
661 513 675 615 941 906 573 935 758 674 571 809 753 877 771 789 691 682 820 632 789
659 519 701 633 977 928 572 936 760 672 569 802 756 880 777 789 690 635 818 638 783
658 515 701 626 984 928 572 936 758 667 565 796 760 882 782 790 694 676 821 638 786
658 512 704 625 980 924 570 934 755 662 560 795 763 886 782 789 690 685 823 641 786
661 512 702 626 979 919 572 934 753 665 562 794 757 881 774 791 691 603 824 641 789
656 512 702 626 977 921 568 928 756 664 558 792 748 878 770 783 695 376 821 640 800
653 524 675 621 976 923 568 930 751 659 561 789 747 860 772 785 700 385 820 635 794
656 418 694 616 981 924 570 927 751 659 557 786 581 795 600 786 702 409 814 632 798
643 489 640 621 985 917 565 923 745 653 545 792 470 469 438 789 705 473 814 634 797
652 391 678 620 942 903 564 921 738 615 531 745 653 553 537 689 710 690 813 458 790
648 464 716 619 1006 930 561 918 736 645 537 753 511 498 462 500 713 682 620 424 769
658 500 719 615 1001 883 557 920 735 643 519 767 650 619 613 584 713 515 663 604 809
550 478 717 609 941 893 564 918 726 649 538 766 746 887 763 791 721 456 809 504 621
559 376 725 613 1000 936 561 925 728 634 528 774 742 881 755 791 719 435 799 557 591
590 404 719 610 1013 863 561 930 733 472 376 648 716 805 696 527 723 370 750 616 769
420 470 678 599 927 590 564 853 673 401 374 684 550 655 601 751 665 365 795 622 460
446 356 586 584 931 826 536 906 706 590 404 769 507 523 457 425 708 373 802 552 474
432 340 717 589 1009 953 541 906 703 662 528 766 463 472 429 401 461 373 782 594 454
402 328 653 488 970 756 534 906 699 657 542 766 462 466 425 395 442 376 778 498 433
399 317 682 504 877 616 530 895 701 655 542 755 468 476 429 391 460 390 496 389 427
397 314 587 502 755 600 523 881 689 652 533 751 462 466 424 391 381 635 471 373 426
399 314 483 396 574 464 504 888 687 650 533 752 463 466 423 393 363 718 437 371 426
400 318 414 374 499 454 514 837 674 649 532 750 468 470 430 398 360 715 445 364 427
403 317 406 370 492 454 497 806 663 640 527 750 667 695 668 421 361 711 424 363 430
405 317 408 371 492 455 518 679 506 640 526 750 786 908 789 466 361 705 423 369 433
410 317 409 375 494 457 414 679 592 639 523 752 781 901 782 441 365 706 434 582 441
432 328 411 376 497 459 438 843 722 641 526 755 770 894 774 425 367 705 782 649 470
742 345 411 377 498 463 432 904 698 648 523 758 761 889 757 803 370 703 833 646 767
658 476 418 380 504 473 527 918 708 641 523 757 766 888 765 786 386 702 825 639 716
705 474 428 394 517 517 521 916 709 641 526 755 758 887 762 773 453 705 813 635 591
455 402 459 436 647 853 520 859 674 636 525 758 760 879 762 777 712 700 810 634 654
731 532 699 615 1036 867 505 468 548 635 523 761 755 884 763 775 755 703 804 636 886
728 567 781 618 961 882 340 498 403 630 519 684 752 885 761 773 733 697 799 635 871
719 555 675 618 884 951 370 741 616 628 517 740 752 879 756 768 465 697 800 642 863
713 551 699 502 1005 980 360 598 574 631 518 728 753 877 758 765 755 696 800 638 860
702 551 779 619 1052 975 355 537 454 619 517 736 750 875 753 763 743 694 799 636 853
698 558 770 609 1048 961 333 491 462 631 523 575 748 874 751 755 739 696 797 636 851
693 552 775 609 1031 961 346 483 545 606 525 732 752 878 745 756 737 699 795 634 849
696 552 766 605 1030 957 332 459 389 620 513 669 746 873 747 756 735 696 795 636 845
696 550 765 602 1026 955 323 476 400 624 517 714 753 873 745 756 731 699 795 639 841
692 546 765 596 1023 955 333 476 441 625 517 723 746 878 743 755 730 697 792 634 840
698 544 760 592 1021 955 349 482 416 639 525 453 748 875 745 756 734 699 789 629 840
696 546 757 596 1024 953 461 626 415 641 530 777 750 881 753 755 731 696 789 635 836
695 547 763 592 1024 957 424 925 732 635 528 763 750 880 746 754 732 693 791 638 837
696 543 752 595 1020 960 529 926 723 631 528 758 746 882 751 752 735 691 789 640 837
695 544 771 601 1021 958 526 666 723 636 526 770 748 872 746 752 732 688 793 641 840
689 551 767 601 1025 960 538 908 591 643 527 779 742 875 740 752 733 690 795 638 837
688 544 766 601 1025 966 516 642 712 652 531 684 748 871 741 751 734 688 799 641 836
682 539 774 605 1029 966 483 526 452 623 519 779 745 873 740 751 733 688 793 635 832
682 535 772 610 1026 963 361 485 425 645 532 780 748 866 736 749 733 688 795 639 828
679 539 771 611 1025 963 346 509 415 648 533 782 743 875 740 742 738 688 793 630 824
682 532 771 613 1019 956 368 887 614 649 533 782 747 873 740 744 736 685 791 636 825
683 529 771 610 1020 956 411 950 753 531 527 475 741 874 737 744 736 685 793 640 818
679 529 770 608 1016 953 555 963 753 401 365 433 741 866 740 741 738 687 793 636 812
678 529 766 602 1014 952 559 952 765 472 399 616 742 867 735 739 736 684 793 638 812
673 527 763 602 1010 952 566 948 717 523 526 723 745 870 737 739 734 679 793 635 805
666 520 762 604 1010 951 564 939 737 654 532 557 707 859 719 742 736 588 796 628 798
669 521 760 605 1009 945 553 936 740 397 362 421 703 866 731 742 737 665 790 632 793
659 512 758 608 1013 942 547 930 738 394 341 497 730 846 717 737 731 664 791 622 786
659 508 757 604 1004 937 544 642 733 370 327 435 730 870 727 730 730 374 761 609 782
652 504 753 604 1000 932 548 478 406 351 317 387 733 868 733 727 726 333 739 615 775
646 501 748 600 1000 924 369 496 419 346 311 381 458 500 435 723 726 326 772 628 770
629 497 743 601 992 918 544 477 416 341 307 375 428 436 389 725 721 321 782 529 759
630 492 737 592 991 913 345 438 381 337 303 370 420 425 379 558 714 318 708 394 755
625 493 731 586 984 908 313 424 343 333 301 366 415 420 372 374 711 315 763 425 761
628 489 722 580 977 899 306 420 338 330 298 364 411 415 371 366 709 312 566 330 757
562 481 723 581 974 902 304 417 336 325 296 358 414 422 377 359 680 308 391 325 766
585 489 712 434 975 899 301 415 333 323 294 357 408 407 364 359 437 308 383 321 695
396 484 499 418 932 691 300 414 332 319 292 356 406 405 364 370 375 305 376 319 657
423 454 472 409 732 672 296 414 330 318 289 355 411 409 366 374 386 303 371 320 657
359 452 469 425 714 592 296 411 327 317 288 352 405 405 358 349 375 300 376 329 391
352 296 440 425 533 543 293 413 323 316 287 351 403 402 357 343 500 299 388 348 382
349 288 604 525 652 518 293 410 322 316 286 348 400 395 350 348 371 296 391 315 378
345 285 447 377 576 414 291 410 322 316 284 346 396 393 347 338 341 294 368 307 376
345 285 381 365 472 418 291 410 321 314 283 346 395 393 345 330 366 291 361 301 374
343 280 473 374 751 426 288 409 318 313 282 345 394 390 343 326 343 289 356 300 371
340 277 397 356 494 403 287 409 318 312 280 341 392 388 342 325 329 288 354 299 371
339 274 357 343 453 395 286 408 316 309 279 340 390 389 340 323 324 288 352 296 370
339 273 352 341 447 390 286 408 314 311 278 338 391 388 338 321 322 285 350 296 367
337 270 348 340 444 387 285 405 313 307 277 337 390 386 337 321 321 283 350 295 368
336 269 347 338 441 386 284 404 311 308 275 336 389 384 336 319 319 283 349 295 366
335 267 346 338 440 384 281 403 309 307 275 335 387 383 336 318 318 282 348 294 366
335 266 345 335 438 384 280 402 308 304 274 333 389 384 336 319 318 282 350 294 367
337 266 343 335 438 381 278 401 307 304 273 332 387 382 335 318 316 279 349 293 366
337 265 342 332 436 381 278 400 306 302 273 332 386 383 333 320 314 279 349 291 366
337 263 341 331 436 382 277 398 306 303 273 331 384 381 332 322 315 279 346 292 367
337 262 345 333 439 390 275 396 304 302 272 330 384 381 331 316 326 279 345 289 366
336 261 365 364 459 434 273 395 303 301 272 330 382 379 328 314 346 276 342 287 364
336 259 400 356 472 394 273 394 302 299 270 330 382 376 327 313 324 276 341 287 364
333 258 362 345 457 385 273 393 302 299 272 328 379 375 327 312 314 276 340 286 363
335 257 341 328 439 379 272 391 303 301 269 326 379 375 326 309 310 277 338 284 361
336 255 335 322 434 375 273 391 302 299 272 326 376 375 326 311 307 276 336 285 363
335 255 333 322 430 374 271 390 301 299 272 326 376 373 325 308 306 276 335 284 361
336 254 331 318 428 372 272 391 299 301 273 323 372 371 325 307 304 274 334 282 361
335 254 330 317 426 372 271 390 301 301 273 325 371 370 323 307 303 276 333 284 361
335 251 327 317 423 370 271 390 302 301 273 325 370 369 323 306 301 276 330 282 360
333 250 326 314 421 369 271 389 301 301 274 325 366 368 323 305 298 276 328 281 360
335 249 325 312 418 369 271 388 301 306 274 325 365 368 323 305 296 276 327 280 359
333 249 323 311 419 366 273 389 302 306 274 325 365 368 323 305 296 276 326 279 359
335 246 323 309 416 366 272 388 303 306 275 326 364 367 323 304 294 276 325 279 357
336 247 322 307 414 365 272 389 303 308 277 325 364 366 326 305 293 276 327 279 359
337 245 322 306 413 366 274 390 303 308 279 326 365 367 326 306 293 277 329 281 360
339 245 321 306 415 365 275 393 304 312 280 326 364 367 327 306 293 279 332 281 360
340 245 321 306 414 365 275 393 307 314 282 327 365 368 327 309 294 279 332 281 366
343 245 323 307 415 369 278 396 307 317 284 331 365 369 328 311 294 283 330 282 367
343 245 323 306 416 369 278 396 307 319 287 332 365 371 331 313 294 285 332 282 368
345 245 326 306 418 370 279 400 312 322 288 335 366 371 331 314 294 286 332 282 370
346 245 327 308 419 370 281 402 313 325 291 338 367 373 332 314 295 288 332 286 371
347 246 328 308 420 374 284 405 314 326 293 341 369 375 333 316 296 289 334 287 374
352 247 328 311 421 374 285 407 317 328 296 343 370 376 336 316 298 293 334 289 378
353 250 331 311 424 376 288 411 321 330 297 347 372 380 338 320 299 294 335 289 378
355 250 332 312 424 379 289 414 323 332 299 347 374 382 341 321 301 297 338 292 380
356 251 335 314 428 381 292 417 327 337 303 350 376 384 343 323 302 300 339 294 383
360 253 337 317 430 384 294 421 331 341 306 355 377 388 346 326 305 302 342 296 384
362 255 341 318 434 386 298 425 333 346 309 357 381 389 348 329 305 305 345 298 387
366 258 341 319 436 390 301 430 338 348 312 361 384 393 351 332 308 306 348 301 388
366 258 345 322 439 394 305 434 343 351 316 365 386 397 355 334 310 311 350 304 392
370 261 347 325 441 395 307 438 346 353 318 369 390 400 357 338 312 315 354 306 395
373 262 351 328 444 399 311 442 350 358 323 372 394 404 362 340 315 317 356 309 398
376 265 352 330 448 401 316 446 353 362 327 375 396 408 366 343 317 321 362 313 400
379 267 356 333 450 405 319 451 357 367 331 381 401 413 370 345 320 324 364 314 402
383 267 360 336 454 406 322 455 362 372 335 386 405 416 372 349 323 327 367 316 407
386 270 362 338 457 410 326 462 366 377 340 394 409 420 377 350 325 332 371 320 409
387 275 365 340 462 415 332 466 371 380 343 397 411 423 380 354 328 336 375 322 413
395 281 369 345 464 418 335 472 377 386 348 403 416 427 384 359 330 341 380 325 419
399 298 371 346 468 424 338 479 384 391 351 409 420 430 389 361 334 347 382 329 427
409 298 375 348 474 431 346 488 390 395 357 414 424 435 391 364 338 349 387 333 445
417 298 381 352 479 440 354 503 401 401 365 428 428 437 395 369 341 355 389 338 466
413 310 385 356 488 454 368 529 474 416 377 546 431 443 401 373 345 359 395 341 442
422 300 391 360 497 458 558 984 629 675 590 862 435 448 406 376 349 370 398 345 449
429 304 395 362 507 460 602 981 818 736 649 857 443 455 411 382 354 424 402 349 454
619 312 399 367 506 525 599 981 813 735 647 862 450 462 421 387 359 720 407 355 742
681 472 405 371 518 499 599 976 813 725 643 858 487 493 457 390 362 721 414 363 839
652 503 409 374 522 475 604 973 813 723 654 859 726 716 670 397 365 717 423 377 812
440 495 409 376 517 479 602 970 813 721 649 848 779 785 703 407 372 717 443 478 473
579 375 418 385 527 502 604 966 809 717 644 839 825 952 800 423 450 715 593 498 636
692 470 469 396 541 497 604 962 809 711 644 844 830 952 802 807 379 715 593 591 829
685 485 441 394 556 499 607 960 804 713 645 839 816 949 794 800 382 715 732 704 817
505 490 434 396 542 633 605 955 806 718 638 836 819 942 789 797 404 715 868 703 625
513 442 467 452 557 806 606 954 804 711 638 829 816 940 790 798 718 711 857 703 556
553 429 648 569 845 1001 599 948 799 701 631 825 811 936 785 798 762 709 857 704 607
506 462 782 638 1075 982 600 947 804 693 629 819 810 934 784 790 762 709 845 701 566
485 378 790 633 1021 575 604 946 804 688 629 810 813 929 779 790 743 709 845 696 517
689 402 725 618 704 639 606 941 800 688 629 816 810 925 781 785 620 706 847 691 744
689 480 574 591 714 686 606 936 795 688 625 814 805 916 776 786 524 703 845 689 817
685 489 541 498 769 600 599 932 792 682 619 811 796 913 774 782 617 699 833 688 802
685 478 516 537 633 567 599 923 795 675 620 808 795 904 763 778 753 693 831 683 805
679 484 647 629 784 987 596 922 791 675 621 800 792 896 765 778 745 696 827 682 796
668 477 779 623 1054 981 591 921 791 678 624 806 789 893 757 775 740 694 827 683 791
668 477 772 613 1048 982 593 921 791 679 624 806 779 888 745 764 735 694 821 676 786
659 469 776 611 1045 989 595 922 795 678 624 805 777 885 748 755 734 690 816 669 781
661 469 763 615 1026 966 596 922 797 680 623 802 777 887 747 744 731 691 813 663 779
643 461 752 611 1023 966 598 920 796 678 621 800 777 887 745 751 724 688 803 668 769
642 462 755 599 1024 965 600 914 800 679 625 799 772 879 738 754 731 688 809 662 754
642 460 743 608 1015 956 601 916 796 679 623 794 767 879 735 749 701 684 799 671 761
643 460 740 589 1004 941 602 908 794 674 624 791 771 880 732 755 709 684 803 664 758
643 458 704 584 984 918 599 906 791 679 619 790 769 872 727 749 706 688 803 653 762
636 460 708 580 985 937 596 902 794 675 618 799 766 870 728 745 710 690 802 657 757
646 453 728 586 994 943 598 906 792 674 615 800 766 870 725 748 714 693 792 656 762
646 460 727 591 992 938 596 904 784 674 618 794 760 874 726 743 713 693 793 655 755
642 461 730 587 992 936 591 905 785 669 616 800 762 872 722 741 713 691 796 648 761
651 465 728 584 986 945 593 904 782 669 615 792 769 872 727 752 711 694 784 652 766
651 465 731 577 991 943 593 900 784 668 610 786 765 868 727 759 714 696 782 650 765
639 464 732 582 992 946 591 902 781 665 600 781 766 872 721 763 719 694 786 653 763
642 458 732 584 994 952 591 895 785 662 599 781 766 872 723 765 720 690 785 654 755
642 452 735 586 999 955 591 892 775 660 601 780 761 874 727 759 723 688 784 652 757
636 445 738 590 999 947 587 893 779 659 599 780 761 871 723 754 721 688 784 650 753
632 439 732 589 991 941 586 879 761 660 594 772 756 871 717 750 721 688 784 652 744
630 438 735 582 989 941 584 888 771 655 587 766 752 867 713 754 715 673 784 647 735
628 434 732 577 987 938 573 885 769 645 584 762 747 866 711 752 709 517 788 642 738
435 351 727 571 987 930 580 878 761 648 581 756 751 868 709 741 706 399 780 641 445
416 294 721 560 982 928 572 880 756 640 570 751 746 871 713 614 701 376 780 639 430
396 285 714 569 980 917 568 875 752 640 569 743 699 772 640 450 669 471 785 638 422
389 280 652 519 867 452 567 851 669 641 569 742 508 518 474 408 625 687 782 638 417
387 278 499 541 514 434 552 865 731 638 565 741 449 465 424 387 644 676 784 602 414
385 277 419 482 492 423 555 872 743 626 565 740 452 461 425 375 360 668 734 465 411
386 274 394 380 479 416 567 871 741 628 556 748 674 608 499 371 349 661 587 363 410
386 273 384 369 473 411 565 864 738 616 551 726 740 864 702 374 343 659 415 360 410
386 271 381 365 469 409 563 870 742 479 546 703 731 855 691 383 341 676 410 382 413
385 270 377 364 465 409 573 800 750 638 546 745 728 863 693 393 341 673 420 606 413
387 269 377 362 465 410 565 882 691 633 546 742 718 851 682 391 339 670 525 620 414
389 267 375 361 464 410 568 877 750 633 550 741 719 845 683 391 340 674 595 627 414
392 266 374 360 467 410 572 879 745 629 548 735 723 854 692 407 339 676 755 614 414
395 267 374 357 465 411 559 880 742 620 543 733 722 855 688 765 339 681 763 606 417
396 266 374 356 465 411 560 882 743 620 541 733 721 851 691 764 340 681 756 615 418
402 266 375 357 467 413 564 881 742 618 537 736 725 857 696 763 341 679 757 616 423
409 269 375 357 467 414 560 882 740 610 538 738 721 857 691 762 344 673 757 613 429
433 270 376 360 469 418 557 884 740 606 538 743 721 855 692 762 345 668 754 620 434
452 274 376 361 470 419 559 885 743 615 528 623 716 858 693 759 349 668 757 615 453
445 310 380 362 470 423 557 887 743 506 479 747 713 855 686 756 353 550 755 616 460
500 305 384 366 474 429 558 886 742 530 535 746 712 853 682 755 379 623 754 619 602
479 301 389 370 479 436 557 889 743 591 525 698 719 853 691 754 385 626 757 618 564
562 312 394 374 488 496 559 854 699 550 536 701 672 825 663 748 629 650 752 612 474
485 340 408 391 511 699 543 667 737 596 540 714 673 823 692 748 609 487 754 614 505
519 368 433 533 635 786 519 793 589 543 535 698 675 762 640 736 526 668 754 607 496
529 382 561 528 771 649 454 852 741 601 537 528 703 844 682 737 642 656 741 616 560
630 382 582 448 767 702 554 846 703 609 537 652 699 843 678 739 687 658 750 600 693
633 368 655 550 760 814 536 738 727 409 342 415 699 843 680 743 701 580 744 604 610
516 353 576 555 882 717 527 682 645 348 327 386 707 845 678 736 589 530 732 607 693
473 308 631 546 926 806 513 488 501 345 322 380 716 852 679 727 546 318 742 607 431
392 285 686 503 926 909 421 470 385 342 321 375 585 805 623 663 583 309 738 609 418
382 278 641 491 945 845 420 461 372 341 318 376 552 660 486 427 648 306 748 619 407
377 267 643 525 946 522 346 477 382 342 318 377 420 471 404 359 582 303 599 613 400
375 265 474 448 562 416 356 713 530 342 318 375 397 400 364 342 347 305 718 468 396
370 263 380 356 469 399 493 683 469 341 317 374 392 394 361 336 330 302 550 328 394
369 262 366 345 459 395 463 702 384 342 316 371 391 393 358 333 325 303 371 315 390
367 258 360 340 452 391 386 482 531 342 317 376 391 391 357 332 322 303 363 313 388
367 258 351 338 448 390 407 469 386 347 318 394 390 390 356 329 320 303 360 313 387
366 259 355 336 447 387 361 560 465 352 319 384 390 389 357 330 318 303 360 312 387
365 258 352 335 444 386 404 486 625 351 322 374 391 390 357 330 317 303 361 311 386
366 257 350 333 444 386 431 458 372 346 319 369 392 391 360 333 317 305 362 312 386
367 255 346 333 443 386 333 452 360 343 318 369 394 393 360 333 317 305 362 313 386
367 257 351 333 443 386 326 452 356 346 319 374 395 393 361 333 317 306 362 314 387
367 257 350 332 443 387 323 456 360 358 326 392 395 394 360 335 316 306 361 315 387
369 258 350 332 443 387 327 469 371 369 330 449 395 391 360 335 316 308 363 314 387
370 258 350 333 444 386 339 915 575 372 332 483 394 393 361 335 317 309 362 315 388
370 257 351 333 445 387 371 920 737 380 335 774 396 391 361 335 317 311 362 314 388
370 259 351 335 445 390 564 926 751 473 372 763 396 394 364 336 317 311 361 316 390
370 259 353 333 447 390 557 919 742 635 482 756 399 394 365 336 318 312 363 315 391
372 261 352 335 448 391 552 918 737 670 577 718 403 400 370 340 318 314 364 319 391
373 259 355 335 449 395 552 916 741 665 564 756 405 403 372 346 320 315 370 321 392
375 263 356 336 452 396 550 913 736 665 522 667 409 408 375 359 322 315 376 329 395
376 263 357 338 455 401 546 918 741 401 435 509 411 410 377 386 325 321 393 339 398
379 265 362 341 460 405 548 923 733 361 328 391 414 413 379 369 329 320 405 340 402
382 266 366 343 465 408 554 804 664 358 325 384 414 415 379 361 336 320 408 338 403
382 266 370 347 469 413 531 891 718 353 326 376 416 415 379 357 341 320 404 335 404
383 270 376 357 475 415 537 521 709 356 326 376 416 416 380 357 342 321 402 336 404
386 271 379 357 477 416 514 513 389 357 331 380 416 417 379 359 340 324 402 333 406
386 273 380 356 478 416 395 520 413 361 333 382 424 424 385 359 340 327 395 332 407
387 271 377 352 478 416 405 523 483 365 335 387 428 425 387 361 341 327 390 333 409
389 273 380 355 477 416 382 484 391 372 340 403 439 438 403 361 341 330 391 345 409
392 274 380 355 479 416 353 482 392 410 350 480 431 435 397 363 341 332 415 376 411
392 277 381 357 480 416 346 878 498 403 362 449 426 432 394 364 342 336 538 380 413
395 275 381 356 479 418 442 923 704 431 371 496 425 432 391 366 343 338 586 364 413
395 277 381 357 479 416 537 916 769 482 400 678 426 431 391 366 342 340 418 343 414
395 277 382 358 480 416 552 898 763 546 516 792 428 434 394 366 343 344 405 340 413
395 278 382 360 479 415 551 911 761 699 616 777 428 436 396 366 342 349 400 342 414
397 280 381 360 479 418 547 909 762 709 600 775 428 436 396 366 342 352 400 342 414
397 280 380 358 478 419 551 902 761 716 601 774 429 438 400 367 342 358 397 342 414
399 280 382 360 478 419 552 896 757 711 592 767 431 441 400 368 342 376 397 342 415
400 281 382 360 475 419 548 889 758 703 592 765 438 448 409 369 342 705 395 345 415
403 281 382 360 478 421 548 868 746 689 582 755 445 456 416 371 343 714 397 347 418
405 282 384 361 479 424 547 891 757 687 576 750 457 466 426 375 344 699 400 352 421
407 282 387 362 479 426 551 889 756 684 580 745 489 507 477 383 345 700 404 360 422
410 285 386 365 482 429 546 884 746 686 580 746 784 968 802 393 346 696 411 370 426
413 286 390 364 484 431 538 886 747 684 576 735 779 953 787 401 348 693 425 397 427
419 286 391 366 484 435 540 889 750 683 576 745 774 945 786 405 350 696 445 632 433
420 290 394 367 488 436 541 889 752 683 574 743 772 941 782 803 354 693 649 689 437
427 292 397 371 489 441 544 889 752 683 572 742 772 936 781 814 357 691 826 684 439
437 294 401 374 494 445 540 886 745 684 576 746 774 938 790 809 366 693 817 682 447
469 297 408 382 501 452 536 888 748 682 576 750 774 939 784 804 377 691 818 675 452
440 300 415 392 507 458 536 889 752 683 574 753 776 939 784 799 545 694 816 676 453
439 301 424 418 516 468 543 886 752 680 572 747 771 930 790 802 425 691 813 674 454
442 304 431 492 525 473 543 886 751 678 569 741 770 934 791 795 471 693 809 676 457
449 308 440 413 531 513 541 885 752 662 562 736 772 933 794 795 726 688 810 676 464
765 314 458 556 605 565 548 888 753 665 558 717 771 926 794 789 474 685 810 677 546
758 324 604 541 733 488 551 898 750 662 552 714 771 929 794 795 413 687 806 674 925
753 446 494 435 546 488 555 695 680 662 551 731 774 928 792 792 429 679 812 671 907
753 462 450 416 555 492 491 732 605 667 550 713 772 923 790 793 705 674 812 669 904
752 464 449 460 545 547 482 725 653 664 541 743 771 915 792 795 768 674 807 670 910
746 461 747 634 844 1048 464 751 597 672 542 743 769 916 791 790 764 676 813 667 903
743 456 774 626 1128 1049 446 621 560 668 545 730 757 911 781 791 762 673 810 662 900
736 454 772 619 1119 1039 418 570 467 640 538 691 757 900 780 784 759 671 804 660 896
741 453 766 625 1114 1039 386 551 473 653 528 650 758 902 779 785 758 670 806 654 890
729 453 763 619 1111 1033 384 492 450 596 523 665 760 891 775 784 756 665 798 650 891
729 450 762 618 1108 1028 353 489 403 592 502 706 761 894 772 778 752 658 797 647 883
728 445 761 614 1102 1024 346 493 405 647 518 713 758 896 771 779 751 646 796 646 880
723 445 747 608 1103 1021 350 823 423 635 521 709 757 892 772 779 750 644 789 635 875
716 439 752 608 1098 1019 376 850 745 640 516 717 751 880 766 771 748 644 786 638 865
706 438 756 605 1097 1018 499 845 763 599 504 591 746 872 758 770 744 649 785 635 859
699 430 742 602 1085 1013 486 534 693 501 439 477 743 870 753 763 742 529 786 626 859
699 425 748 602 1078 1005 379 524 435 372 371 408 745 872 752 755 735 441 780 626 848
686 407 743 591 1072 992 359 586 452 357 335 389 750 870 757 743 730 344 773 618 804
668 404 732 584 1059 986 359 523 509 347 323 377 575 573 533 743 722 326 765 612 824
529 394 725 572 1049 977 366 455 372 341 318 371 669 770 686 538 717 320 756 613 622
400 318 722 570 1040 965 329 444 358 340 316 366 468 472 408 623 711 317 754 584 423
392 305 711 560 1035 962 318 441 351 336 312 364 419 430 385 687 709 312 759 478 415
389 300 701 558 1028 758 314 436 348 335 312 361 413 422 377 364 678 311 705 354 410
385 296 697 555 751 444 311 435 345 333 309 361 409 417 374 353 370 308 425 336 407
380 293 436 385 506 434 308 432 343 331 309 360 405 413 370 348 354 308 397 326 402
379 292 397 369 491 425 307 431 342 331 308 358 401 410 366 346 348 305 383 320 399
375 288 387 362 486 420 307 429 341 330 307 358 400 408 365 343 343 303 377 315 395
375 286 384 357 479 416 305 429 340 330 308 357 399 405 362 340 340 303 373 313 394
372 284 377 356 473 413 305 429 340 330 307 357 395 402 360 338 337 302 370 313 392
372 281 374 353 470 409 305 428 338 331 307 357 394 400 358 334 335 300 367 309 390
369 280 372 350 467 406 306 429 338 331 309 356 392 401 357 335 332 300 364 309 387
369 277 369 348 464 403 305 430 337 332 309 355 391 398 357 333 329 299 363 307 386
367 274 366 345 460 401 306 430 340 333 311 357 390 396 355 330 327 300 362 308 386
367 273 362 342 458 397 306 434 340 333 311 356 389 397 356 330 325 299 360 306 384
367 270 358 341 455 397 309 432 342 336 312 358 386 394 356 329 323 302 359 305 384
366 269 357 337 452 396 311 435 341 337 316 360 386 395 356 329 321 302 356 305 383
367 267 355 336 449 392 312 437 345 340 316 358 385 395 355 328 318 303 355 306 383
367 265 351 335 449 390 314 439 346 343 319 361 385 395 357 328 316 305 355 305 383
369 263 350 332 445 390 315 441 350 346 322 365 384 394 358 328 314 306 353 306 383
369 262 348 328 441 389 319 444 350 348 325 369 382 395 357 329 313 306 352 305 383
367 259 346 327 438 387 320 449 355 351 327 372 382 395 358 329 312 309 352 305 384
369 259 346 327 436 387 326 455 361 356 330 376 382 395 360 330 310 311 350 306 383
373 258 346 326 435 386 333 465 370 361 333 381 382 396 361 332 310 312 350 307 384
373 257 345 323 435 387 346 483 380 364 336 386 384 396 362 332 309 315 350 308 384
375 258 345 321 434 387 353 548 392 369 340 394 385 397 366 334 308 317 352 309 386
376 258 346 323 435 387 388 735 435 372 343 401 386 400 369 335 309 323 352 312 387
377 255 346 322 435 389 506 845 663 379 347 409 387 403 371 336 310 324 354 314 390
380 258 348 325 435 391 538 541 761 394 358 589 391 404 376 342 310 329 355 318 391
383 258 351 326 436 392 541 561 436 413 381 675 394 408 379 342 311 335 357 321 392
386 259 352 326 439 394 376 547 552 453 387 732 396 411 384 346 313 341 361 321 396
389 261 356 327 441 399 397 612 497 582 405 475 400 415 387 350 315 353 364 325 400
393 262 358 330 444 403 425 506 443 625 522 458 408 421 392 353 317 358 368 328 402
395 265 361 332 447 406 373 686 440 536 449 453 414 428 403 359 319 377 370 333 407
400 267 364 336 448 409 384 826 760 469 555 499 425 438 413 364 322 426 376 338 410
403 269 367 337 453 413 551 845 818 523 522 691 435 454 424 375 325 414 382 346 415
409 273 371 341 458 418 567 734 750 665 591 743 449 466 438 397 329 624 391 359 419
413 274 375 345 460 423 471 953 771 712 600 672 616 554 535 422 333 641 416 370 422
417 278 380 351 467 426 568 949 838 683 601 787 662 705 633 420 338 650 421 397 429
426 281 385 355 472 434 561 947 830 714 615 787 709 605 560 422 346 652 441 420 434
440 288 391 361 478 439 561 953 834 718 616 785 829 896 795 496 350 658 465 613 447
612 297 399 367 483 444 567 954 836 716 625 792 840 905 808 552 353 659 683 509 691
763 316 403 369 489 454 565 957 838 713 624 784 849 900 809 779 359 659 810 625 843
748 407 408 374 497 463 567 959 843 709 619 776 845 907 805 754 369 661 771 648 839
749 423 415 384 506 486 575 959 845 703 621 777 845 906 809 762 464 662 791 659 837
741 417 436 424 522 614 573 961 848 708 631 777 843 900 809 765 613 661 807 656 833
738 425 493 536 650 1052 574 964 852 704 630 777 836 900 806 771 693 661 804 656 829
731 426 758 574 1065 1041 581 966 852 706 635 775 840 905 811 776 693 656 809 657 829
732 431 753 571 1053 1036 523 956 824 708 639 776 845 904 810 783 696 656 811 659 824
726 431 760 581 1048 1038 559 959 848 711 640 784 840 901 804 782 694 658 804 657 820
728 430 760 582 1049 1030 552 957 845 712 645 787 847 894 799 778 696 661 803 661 820
723 429 765 581 1043 1025 568 925 841 714 644 789 847 889 802 776 696 656 804 654 810
718 430 770 581 1038 1029 564 886 820 718 650 789 854 900 805 773 694 655 797 656 810
713 429 769 581 1033 1024 526 955 818 706 649 786 858 896 802 769 694 649 798 653 809
712 430 761 574 1026 1023 574 947 839 699 645 782 857 901 806 772 690 649 797 656 806
702 430 762 579 1026 1023 566 941 834 696 647 780 857 902 801 777 690 649 799 659 809
696 435 767 580 1028 1018 559 940 828 692 643 774 859 891 795 776 693 647 799 656 804
701 431 769 579 1024 1023 554 939 829 689 645 777 867 898 792 778 690 647 797 659 798
691 431 766 579 1026 1023 558 929 828 694 649 776 870 896 794 775 690 644 798 659 798
693 431 770 580 1028 1023 552 932 821 689 647 775 874 898 794 777 692 644 798 660 797
685 430 774 576 1028 1026 548 933 823 689 648 771 874 900 791 780 693 640 802 660 794
681 427 772 581 1024 1028 550 932 819 688 648 769 873 898 792 779 692 644 797 661 793
672 427 770 582 1026 1025 551 927 821 687 650 763 878 896 790 779 693 640 799 661 789
668 426 765 584 1020 1026 551 923 810 677 643 751 874 896 792 779 690 640 803 659 777
666 422 771 582 1024 1021 546 918 810 684 647 753 870 892 789 773 688 637 798 655 778
663 423 772 581 1018 1015 543 911 801 680 653 758 873 888 787 770 688 634 789 649 774
655 421 771 577 1010 1014 534 909 795 684 649 536 874 888 784 771 689 634 788 643 771
652 417 770 579 1005 1010 533 913 795 497 565 455 869 884 780 764 686 579 784 639 767
646 418 770 576 1001 1009 534 693 799 565 513 465 869 885 772 762 684 621 783 638 765
642 417 770 572 1004 1004 498 471 414 541 527 445 864 881 766 759 678 620 778 635 758
633 417 769 575 1004 1005 364 464 397 401 380 416 835 860 757 761 678 615 777 627 759
632 413 767 576 1000 1000 355 463 392 386 365 411 835 859 732 762 678 535 772 628 751
626 410 765 576 997 1001 356 476 397 385 362 410 848 868 752 762 676 359 773 621 743
623 406 761 577 997 996 360 469 416 386 364 410 675 738 692 763 676 355 766 619 742
626 404 753 574 994 991 364 476 401 392 370 415 453 531 449 759 673 352 763 609 742
608 407 757 571 992 997 376 473 401 397 379 415 435 449 418 765 671 349 698 561 728
580 407 757 567 994 992 367 478 404 391 367 411 431 444 413 662 672 349 588 377 691
450 384 757 566 987 991 368 524 416 390 365 410 431 442 413 625 666 347 420 363 513
415 356 756 557 989 994 383 837 491 387 364 410 430 439 411 513 668 347 410 361 443
402 327 752 560 991 1001 541 475 415 389 365 409 429 441 410 397 673 347 408 360 442
396 332 760 553 994 757 404 469 397 387 364 410 426 441 409 390 478 347 405 360 422
392 313 687 519 972 566 363 468 394 389 364 410 425 439 408 389 382 347 405 360 415
392 309 467 409 545 467 359 470 394 389 364 411 423 436 406 386 364 346 405 362 414
390 308 448 390 504 464 360 473 396 390 365 413 423 435 406 384 359 347 408 360 411
389 308 414 382 494 447 364 483 400 391 366 415 423 434 405 383 358 347 407 355 411
390 308 411 389 488 443 370 507 410 394 366 419 423 435 405 382 359 349 401 354 411
390 306 413 385 484 439 379 527 438 396 374 419 423 435 405 382 355 350 400 354 410
389 305 405 379 480 438 418 606 498 396 370 420 421 436 405 382 354 350 400 354 411
392 305 401 379 478 435 450 511 448 396 369 420 420 436 405 381 353 353 400 355 413
390 305 399 377 475 434 427 601 452 395 369 416 423 437 405 382 353 355 397 354 413
392 306 400 375 475 434 405 689 470 395 369 416 423 437 406 382 351 356 397 354 414
393 305 400 376 474 435 520 489 440 396 370 415 423 438 408 384 352 358 398 355 414
396 305 401 375 475 435 430 480 411 397 370 416 423 441 410 386 352 361 397 356 418
397 305 401 376 477 438 375 478 406 399 371 416 429 443 414 388 352 361 400 359 422
413 305 401 375 479 441 370 480 408 399 371 418 428 445 415 391 354 365 401 361 429
427 306 403 376 482 445 373 484 410 401 374 419 429 448 416 404 356 368 401 363 443
565 314 406 377 486 453 375 491 416 405 377 423 431 450 420 557 362 371 403 369 485
691 344 411 381 494 475 383 493 419 409 384 424 434 454 423 430 375 377 408 383 773
666 392 426 391 519 541 389 489 416 413 387 428 436 456 426 510 438 390 423 373 762
673 392 696 409 765 853 381 486 414 415 391 433 439 461 429 652 437 426 421 375 758
676 398 696 448 1019 1041 373 486 413 419 392 435 445 466 438 464 520 480 420 379 743
672 391 790 518 1040 1030 369 489 414 423 399 436 460 480 452 525 639 479 422 381 746
683 396 781 579 1026 1031 370 493 415 420 395 439 556 536 503 439 674 573 427 386 750
685 399 781 589 1023 1028 371 497 420 420 390 440 517 560 522 444 689 453 431 398 753
675 398 789 596 1023 1024 374 502 424 418 387 439 482 517 480 469 667 397 442 452 739
681 396 790 587 1020 1025 376 506 426 419 386 441 504 532 502 567 622 386 490 471 742
678 396 795 558 1018 1034 380 513 431 419 386 445 484 533 496 788 559 382 589 431 738
686 390 790 572 1016 1030 382 527 433 421 386 449 486 521 489 763 602 383 496 415 736
675 394 714 528 1015 1019 387 517 434 425 387 463 459 483 448 788 661 383 458 425 736
681 386 736 586 1005 1015 387 511 435 430 390 512 453 473 439 779 678 383 455 416 732
661 383 753 599 1000 1023 388 575 438 435 394 600 452 471 435 443 532 383 464 395 730
520 384 765 567 1011 1026 387 881 708 450 400 707 449 469 433 415 518 386 442 386 712
459 383 678 527 980 1015 446 795 709 669 530 776 448 468 435 411 678 388 430 382 629
495 378 784 602 1005 1011 543 796 706 761 609 752 447 468 433 410 477 390 424 380 547
540 355 780 501 1011 1013 477 525 738 776 616 781 449 466 434 414 398 396 422 380 489
529 357 663 418 980 844 386 497 472 785 610 795 447 466 433 414 401 482 420 380 570
638 379 468 421 580 786 373 486 441 774 606 790 449 466 434 414 558 567 418 379 628
636 371 633 542 887 777 366 489 475 775 599 711 453 470 439 411 628 649 418 379 687
661 364 737 579 947 650 368 477 479 770 596 679 506 482 448 409 583 647 417 380 695
665 366 750 556 836 928 364 473 416 779 592 683 645 557 504 411 481 650 417 382 699
663 366 709 478 946 931 357 470 406 722 565 447 674 608 561 414 409 647 417 388 696
673 361 707 447 888 971 353 470 403 638 590 436 848 919 756 422 544 643 422 402 703
665 361 697 457 977 986 352 472 401 493 574 434 848 928 752 437 500 640 436 488 700
671 360 752 460 985 992 350 475 401 424 424 434 850 934 753 638 441 643 462 532 700
669 361 757 450 995 995 352 478 404 436 403 434 845 934 760 751 583 650 504 659 704
671 359 771 513 999 997 355 486 409 431 419 434 831 928 750 798 686 646 778 654 704
671 357 777 597 1000 1001 361 492 418 418 418 439 835 921 746 796 688 643 782 652 705
672 356 771 611 999 1002 379 502 420 420 396 445 831 920 743 792 686 644 776 650 701
671 355 776 608 1000 1000 379 686 428 458 463 463 830 921 747 786 680 641 778 639 699
669 355 772 610 995 1004 435 604 491 574 555 513 830 919 743 784 679 637 773 640 695
668 357 769 606 1002 1005 509 698 457 533 468 654 831 919 750 788 676 631 769 638 696
658 349 766 606 996 1000 550 682 577 523 453 730 826 915 748 785 675 631 766 638 692
658 347 761 605 996 1004 502 814 633 587 441 678 825 911 745 784 674 634 768 639 687
655 343 765 609 999 1006 523 763 615 727 586 718 821 902 743 778 674 631 773 645 688
652 339 767 605 1002 1002 499 928 709 693 576 780 820 896 747 776 675 626 772 638 685
648 333 766 605 1000 995 519 923 770 717 569 775 820 898 745 770 669 617 773 630 684
645 333 762 596 999 996 534 911 784 609 509 776 821 899 745 765 666 618 766 632 681
633 329 761 601 997 996 523 915 784 753 566 767 784 885 737 759 667 611 771 630 676
623 323 765 599 997 997 532 915 789 742 561 758 765 859 726 666 669 603 771 626 667
616 312 765 597 996 1000 533 912 787 736 555 765 752 853 714 664 668 600 768 627 662
616 308 757 594 1000 990 526 909 791 657 550 565 703 821 697 536 662 584 759 565 667
595 308 753 581 989 986 529 907 787 572 489 550 775 833 697 748 632 600 743 613 654
462 313 743 575 986 987 527 886 790 434 408 531 790 857 708 708 608 594 664 591 484
563 314 736 530 979 986 532 495 621 714 545 581 787 864 711 746 630 593 701 565 625
590 309 727 574 966 941 364 489 404 491 513 440 790 847 704 741 597 490 670 586 610
409 325 594 552 810 769 349 818 508 401 365 447 787 861 704 737 638 347 667 585 429
389 317 708 558 930 967 513 649 781 395 351 430 789 859 711 739 639 335 711 594 413
383 304 732 565 972 967 435 629 618 371 340 401 781 844 706 736 645 324 716 589 406
375 296 740 569 976 619 534 458 409 356 331 390 469 548 506 698 645 320 720 592 399
369 292 743 571 691 450 361 443 370 350 327 384 424 432 397 475 467 317 735 582 395
363 288 431 450 497 436 329 437 358 346 323 380 414 420 384 420 442 312 739 517 392
362 285 425 404 486 428 318 432 352 345 321 376 408 413 377 364 360 309 633 352 388
362 285 406 382 475 420 314 430 348 341 317 374 403 408 372 354 349 306 411 338 386
359 282 391 372 468 413 311 428 342 337 314 370 399 404 367 349 341 302 388 332 383
356 280 384 364 460 406 308 427 341 337 311 367 396 401 364 346 336 300 380 327 380
353 277 377 360 454 403 305 425 337 335 309 365 392 397 358 342 333 297 374 321 378
350 275 372 356 450 397 302 423 333 331 308 362 389 394 356 338 329 296 369 318 376
349 273 367 351 445 392 301 421 331 330 304 358 385 393 353 335 326 293 367 315 372
346 271 364 347 440 391 298 421 330 330 304 357 382 389 351 333 323 289 362 312 370
345 269 360 343 438 386 295 420 327 326 302 355 380 388 347 328 319 289 357 308 368
345 267 356 340 434 384 294 417 325 325 301 352 377 386 345 326 316 286 355 306 367
342 263 352 336 430 379 292 414 323 323 299 351 376 382 341 323 314 285 353 305 366
342 263 347 332 426 376 291 414 321 322 298 351 374 377 340 320 309 285 348 302 363
340 259 346 328 424 372 288 411 319 321 296 348 371 379 338 318 306 282 346 300 363
339 258 341 326 420 371 286 411 317 321 296 347 367 374 335 314 305 280 342 299 361
337 257 338 322 415 369 285 410 316 318 294 346 365 373 333 312 303 280 340 295 359
336 254 335 321 415 366 284 408 314 319 292 346 364 369 331 311 299 279 338 294 359
336 251 332 317 413 365 284 408 312 319 293 345 361 368 328 308 298 279 335 293 357
336 250 328 316 409 362 282 407 312 318 293 343 360 367 330 307 295 279 334 292 355
333 249 328 312 409 361 281 407 311 318 293 343 358 363 328 306 294 276 332 289 355
335 247 326 311 405 358 281 405 311 317 293 342 356 363 327 305 292 276 329 289 355
333 246 323 307 404 356 280 407 309 318 294 342 357 363 326 304 290 277 328 287 353
335 245 321 306 403 355 281 405 311 319 293 341 356 362 326 302 289 277 327 288 353
335 242 318 303 400 355 281 405 311 322 292 340 353 360 326 302 288 276 326 286 355
333 241 318 303 399 353 282 407 311 321 293 340 353 361 326 300 286 277 323 286 355
336 239 317 301 399 352 282 408 311 325 294 341 355 360 326 301 286 277 323 286 356
335 238 314 299 399 352 284 409 313 325 296 342 355 361 326 301 283 279 323 287 355
337 237 314 298 397 353 284 410 314 327 297 343 353 362 326 301 283 279 323 287 357
337 237 314 298 399 353 284 411 314 330 297 342 353 362 326 300 284 279 325 286 357
340 237 314 298 399 356 285 414 316 330 301 345 353 363 327 302 283 282 323 288 360
342 237 314 299 397 356 287 416 318 332 302 346 355 364 328 301 283 282 323 289 359
345 235 314 298 400 357 288 418 319 333 303 346 357 366 330 304 284 285 326 289 361
346 235 316 296 400 360 289 420 322 336 304 351 356 367 331 305 285 285 326 291 363
347 235 314 298 403 362 291 421 323 337 307 352 358 369 333 305 285 288 327 291 366
349 235 316 298 405 362 293 423 326 340 308 353 360 370 336 307 286 291 327 293 366
349 237 317 301 405 365 294 425 327 343 309 356 361 370 337 307 287 294 329 294 368
353 237 319 298 408 366 296 429 330 346 312 358 362 376 338 309 287 296 330 295 371
355 238 322 301 410 369 298 431 332 348 316 361 365 379 341 312 289 297 333 298 374
357 239 322 301 414 372 300 436 336 350 317 364 367 381 343 314 291 300 335 299 374
359 239 326 304 416 376 304 443 341 353 318 365 369 383 347 316 292 302 336 302 376
362 239 326 304 419 377 311 449 346 357 322 369 371 384 348 319 292 305 340 302 378
365 241 330 307 420 381 316 479 353 360 322 371 374 388 351 321 294 306 342 307 382
367 242 331 308 423 382 326 455 361 361 325 371 376 390 353 321 296 309 346 308 384
370 242 333 309 428 386 327 449 357 364 328 375 376 394 356 325 300 312 348 311 387
372 243 336 311 430 389 320 450 352 365 330 376 379 397 358 328 302 315 350 313 390
376 246 341 313 434 392 319 450 352 369 332 380 381 400 361 330 303 318 353 316 394
377 247 342 317 436 396 318 452 355 370 335 382 385 403 364 333 306 321 356 319 398
380 247 345 316 439 400 321 456 357 375 337 385 386 404 366 336 309 324 359 320 400
386 251 347 318 441 403 323 461 362 379 341 389 390 410 369 340 310 329 362 323 406
389 251 350 321 445 408 326 465 366 382 345 394 392 413 372 342 312 332 364 327 409
395 254 353 322 449 413 330 471 370 386 348 400 395 415 375 346 315 341 368 328 413
397 255 356 326 454 413 335 478 375 392 353 408 399 421 380 348 319 350 370 330 415
400 258 360 326 455 419 341 486 384 401 362 431 401 424 384 353 322 411 371 333 418
405 261 364 328 462 425 347 498 394 424 376 716 406 430 391 355 325 455 375 335 423
410 263 366 332 464 429 357 737 443 513 410 629 414 439 401 361 329 396 379 340 431
425 267 371 336 469 433 380 912 731 727 516 760 425 454 415 369 333 529 383 345 453
443 275 376 337 477 441 545 911 735 772 594 758 452 480 438 383 339 541 390 350 461
576 288 382 343 486 454 538 912 733 702 552 722 511 589 519 421 346 393 396 361 546
500 297 392 351 502 525 545 916 736 751 577 652 750 749 659 434 367 438 407 379 554
486 294 416 375 571 608 539 908 730 644 592 439 721 829 684 564 372 438 421 407 550
509 285 438 377 596 696 539 786 599 421 387 430 581 675 589 582 402 493 436 578 570
443 288 448 394 771 794 545 906 737 411 375 429 787 720 662 458 489 386 619 563 465
437 294 498 453 834 688 558 638 571 410 374 429 834 907 750 413 530 390 684 564 460
436 292 572 486 839 610 537 533 449 409 374 434 746 860 708 416 413 371 735 516 458
437 290 513 401 575 526 475 650 484 411 376 434 472 547 488 423 382 368 621 630 457
440 292 444 387 557 491 480 537 445 414 376 438 458 493 445 430 381 367 701 625 458
442 292 435 387 538 502 423 886 447 415 379 443 448 479 430 450 383 368 768 450 460
445 294 438 394 551 489 484 911 747 418 381 445 447 473 424 519 382 368 538 388 464
453 301 434 387 540 488 541 926 730 420 380 448 444 473 424 416 382 370 448 377 486
452 305 434 389 538 488 557 936 746 421 381 453 445 471 425 403 388 368 437 374 468
442 305 438 396 540 498 566 923 752 425 382 454 448 473 424 402 392 371 431 374 462
439 301 448 419 561 541 559 793 682 426 384 457 447 473 424 398 390 371 434 373 460
437 302 453 400 569 561 563 729 668 429 385 465 448 473 425 398 385 371 432 374 456
437 301 445 395 565 489 512 705 580 441 391 592 450 475 425 398 381 371 431 371 457
435 300 434 390 536 479 475 564 526 472 396 589 449 475 425 397 378 373 432 373 454
433 300 426 386 528 473 428 641 462 469 404 551 450 475 425 395 376 374 430 373 454
435 301 425 386 525 470 430 682 537 468 418 513 452 476 425 395 376 377 431 373 453
433 301 424 385 519 467 486 705 605 483 463 503 452 476 426 394 375 385 430 373 453
435 300 420 384 516 464 516 689 592 488 419 527 454 479 426 394 373 403 430 373 452
433 298 416 382 514 460 465 650 547 506 430 581 455 479 429 391 373 432 431 373 450
432 297 415 381 512 458 468 654 547 548 455 571 459 483 433 393 371 511 429 374 450
429 296 415 380 509 460 466 646 535 567 491 594 467 490 443 394 374 477 432 375 447
429 293 419 387 513 463 442 670 543 591 506 602 499 516 464 395 431 490 434 377 447
427 292 473 434 518 463 465 707 575 569 494 618 504 534 483 394 376 476 436 381 446
429 290 499 385 536 457 488 749 606 602 519 596 543 584 523 397 368 514 438 388 446
429 289 413 376 508 455 469 755 572 618 532 618 592 629 567 404 365 482 446 413 447
430 286 405 375 503 453 436 812 560 721 599 664 585 616 562 430 364 499 462 444 449
433 286 406 372 503 453 444 775 626 669 560 770 586 640 567 435 365 505 510 464 452
437 286 408 372 507 454 571 911 693 689 572 683 636 695 611 486 366 523 561 493 453
442 286 409 374 508 457 459 795 648 634 537 654 694 748 658 564 369 508 593 506 457
446 285 410 375 511 460 476 656 595 614 528 580 735 769 687 584 374 524 580 611 460
453 284 415 379 514 464 471 668 548 562 497 580 727 769 675 626 380 508 577 581 468
465 285 418 384 519 469 476 639 532 557 493 551 748 786 704 669 386 514 656 565 473
486 286 423 390 526 473 444 599 502 546 479 569 629 674 606 684 389 508 782 671 488
626 296 426 391 530 479 459 607 499 634 540 796 605 613 577 582 399 585 661 485 640
628 316 434 403 536 491 446 632 533 743 613 611 561 606 550 553 460 624 628 500 654
661 317 449 445 550 504 480 611 518 662 566 633 599 601 574 531 543 529 567 517 683
626 316 467 470 562 572 439 622 506 687 570 641 694 676 652 521 465 530 560 513 650
572 313 497 469 623 662 425 694 550 551 482 591 732 845 703 560 490 502 529 462 585
580 320 536 457 693 694 450 630 522 519 462 610 668 690 635 754 478 509 520 471 609
535 321 532 477 673 669 492 690 551 711 594 640 674 702 644 621 477 544 546 484 558
556 323 564 507 697 878 480 777 643 687 585 638 657 695 629 608 637 655 534 491 581
656 321 789 574 1064 974 558 927 731 758 626 753 557 622 548 653 544 596 529 516 701
612 310 610 516 781 799 587 843 738 659 548 634 692 722 662 586 575 594 591 548 654
618 323 625 514 844 635 552 639 609 530 469 512 621 669 602 564 572 556 559 539 636
643 325 638 528 775 590 445 707 530 513 457 621 712 717 670 636 486 506 574 588 676
576 318 576 469 670 615 520 915 696 707 586 652 735 827 706 613 476 515 677 559 607
679 321 590 536 694 727 561 943 717 623 541 628 542 622 540 748 550 555 797 639 732
535 313 613 491 772 903 554 940 711 648 542 769 521 545 514 593 631 541 836 518 560
536 321 659 521 1024 1006 552 930 701 823 645 800 589 647 580 483 647 565 641 436 533
585 323 736 587 966 766 550 914 689 810 641 782 574 635 564 520 524 653 547 452 615
593 331 605 464 776 625 550 906 689 789 629 781 751 756 717 581 447 524 796 600 630
742 323 499 435 620 565 544 902 682 772 626 771 805 905 761 598 466 665 859 662 816
719 281 527 465 643 857 537 896 673 766 626 766 797 895 756 792 619 664 854 660 785
546 308 586 483 960 860 513 887 660 766 620 738 772 882 743 814 537 650 850 655 579
579 331 615 576 838 844 511 836 636 677 566 723 776 879 733 810 614 621 833 648 619
626 327 800 606 1010 1060 541 854 605 727 594 735 776 868 738 797 708 638 831 633 665
666 305 841 606 1152 1047 516 797 630 753 608 680 765 851 730 789 699 637 827 641 727
701 300 826 600 1138 1049 525 866 653 551 486 635 657 696 624 780 689 623 799 638 767
715 265 814 597 1123 1048 544 893 669 654 551 682 738 827 711 686 680 590 771 615 798
701 257 808 594 1112 1031 537 889 657 714 592 691 741 812 713 713 669 544 722 639 791
698 261 784 586 1083 1008 534 859 647 562 492 606 620 680 601 695 658 527 634 621 787
692 251 674 508 1033 908 539 880 658 635 538 721 687 724 664 687 556 534 763 546 773
658 262 703 575 875 942 547 867 659 766 623 753 722 762 696 661 609 512 741 564 739
596 286 699 552 972 981 543 855 654 694 582 755 674 741 660 686 617 568 823 628 648
573 312 665 518 933 797 540 899 649 689 552 649 714 732 692 723 494 637 817 602 614
590 321 660 540 726 701 536 885 647 615 521 688 771 840 747 616 571 521 807 620 644
509 329 694 555 879 790 521 826 631 687 585 727 709 798 703 780 589 606 811 620 535
555 333 684 558 811 667 532 833 605 674 592 722 738 830 728 788 479 605 820 605 594
573 331 614 558 696 702 503 847 634 709 574 706 711 775 693 784 550 629 804 601 614
590 321 787 600 845 882 527 841 624 590 514 615 730 780 697 749 675 617 805 602 640
658 321 809 582 1092 923 529 640 630 552 547 526 723 807 717 737 654 611 813 613 730
658 285 815 586 1035 766 480 776 575 480 467 556 680 724 667 776 607 606 779 602 731
603 293 752 555 957 888 471 792 562 494 479 467 694 788 694 755 577 602 795 607 667
641 290 750 555 931 892 441 568 625 462 439 469 721 790 709 770 623 459 771 577 724
633 297 784 567 995 986 524 553 465 492 487 518 699 754 696 749 638 524 758 578 705
668 285 761 546 1029 893 396 527 450 511 526 591 714 763 707 743 629 584 797 607 746
658 275 780 552 1026 963 386 539 469 718 591 694 599 694 624 745 621 602 782 601 746
658 278 771 553 1005 990 391 744 483 712 581 742 602 618 591 769 616 605 777 567 734
653 261 752 548 989 909 432 717 596 714 584 727 719 754 691 730 585 606 783 575 730
655 251 747 547 926 970 506 853 601 717 576 735 714 773 707 710 628 605 783 565 753
641 251 790 532 1038 972 516 689 614 711 572 727 711 771 708 771 616 606 709 598 738
663 249 742 516 1011 933 504 861 604 703 571 723 712 763 698 752 593 608 772 594 765
659 238 712 525 942 943 499 629 575 693 567 727 714 762 699 754 614 609 766 594 761
633 247 765 528 997 947 466 812 558 699 564 726 713 764 703 752 607 611 755 588 748
483 257 757 516 1001 953 484 848 621 703 561 725 714 762 703 748 608 608 769 596 476
452 308 772 519 1011 958 490 700 589 702 562 730 714 759 701 751 610 609 772 601 469
460 304 766 521 1011 960 470 679 543 679 556 730 712 759 706 744 602 611 771 595 478
568 309 761 517 1000 509 491 548 482 702 571 638 708 758 704 525 568 606 766 596 538
615 301 649 498 574 491 471 543 454 620 571 555 711 752 708 662 478 609 765 599 611
633 249 462 454 540 541 394 580 493 465 452 623 706 751 708 756 480 605 766 598 734
676 235 511 482 596 709 432 861 556 521 449 698 703 754 709 755 558 608 766 600 765
623 245 579 507 766 825 490 893 664 465 438 556 697 752 712 751 531 611 766 601 505
463 306 717 473 858 916 517 838 670 445 434 469 696 751 714 752 596 614 773 601 480
470 305 753 489 935 969 524 655 581 430 405 452 694 755 722 734 598 611 770 600 481
470 305 752 478 1015 741 475 616 566 424 397 447 696 751 726 752 601 612 765 599 488
488 310 772 491 957 506 436 586 488 430 406 455 694 754 730 755 544 611 769 604 519
550 317 513 464 552 506 420 539 475 448 438 513 694 752 733 761 457 609 770 601 582
619 317 511 452 556 542 436 543 450 521 532 771 692 756 738 758 543 623 771 600 700
695 321 497 474 579 561 390 778 516 766 592 763 653 728 707 757 437 611 773 601 774
669 267 499 443 619 586 423 918 689 758 591 767 698 757 741 757 456 611 778 600 771
686 255 547 467 674 660 451 915 678 762 597 772 694 752 738 758 536 618 718 548 781
602 253 740 477 834 823 554 915 691 762 597 779 679 749 722 758 594 618 573 606 754
570 255 771 488 996 1009 552 913 693 767 604 780 692 751 733 623 619 629 680 607 675
686 274 771 511 1035 963 548 911 692 761 610 777 702 757 741 669 628 634 777 602 728
596 302 786 512 1002 766 547 909 701 762 606 776 702 762 745 696 628 638 773 607 652
523 337 790 516 979 982 550 909 701 760 601 775 701 762 751 744 584 640 773 606 512
622 343 697 508 1024 1019 557 905 696 755 600 769 703 761 760 772 616 646 777 613 611
641 328 770 499 1033 909 554 911 702 757 600 771 696 765 762 763 620 644 779 616 773
686 292 785 506 991 561 557 913 699 761 604 771 703 761 765 738 611 643 779 622 779
682 290 747 506 667 757 558 909 698 765 602 770 706 766 777 741 538 644 786 629 781
688 297 652 496 821 985 553 913 706 758 602 770 707 759 767 751 620 649 792 632 775
691 298 758 508 987 992 558 909 702 756 599 769 704 761 771 771 627 647 789 632 775
686 309 786 522 1019 997 555 906 703 753 597 767 707 758 774 772 626 649 784 638 777
686 314 784 522 1011 999 553 901 703 758 601 762 709 758 775 777 628 650 786 634 771
688 314 791 527 1024 997 550 901 702 756 597 761 712 756 777 780 634 652 784 630 773
683 313 796 526 1021 1000 546 901 698 753 602 770 707 757 772 784 633 655 783 630 770
683 318 801 527 1026 1006 544 902 702 755 604 769 709 756 775 785 635 655 783 630 769
681 320 802 531 1029 1008 544 900 697 757 604 766 709 751 779 788 639 655 780 627 767
683 323 805 536 1029 1004 541 899 702 758 606 765 704 751 775 785 639 658 778 627 765
681 320 808 535 1025 1000 534 901 702 753 597 765 703 752 777 785 637 659 777 628 767
681 321 809 537 1028 1006 534 902 704 755 597 762 699 748 777 786 640 659 775 630 766
678 320 808 537 1024 1004 537 906 704 756 599 760 703 751 781 786 636 658 778 632 771
676 318 810 538 1023 1000 534 907 706 753 602 757 698 750 782 785 639 661 777 630 770
672 320 809 537 1016 1002 533 907 711 753 605 756 701 743 780 785 636 661 777 630 762
673 321 808 537 1013 1005 540 906 709 753 602 756 703 744 784 784 638 661 777 632 762
669 321 802 542 1019 1004 538 902 713 750 604 752 701 741 786 789 639 659 773 634 763
671 320 810 545 1013 1002 536 901 712 750 602 751 696 746 787 789 637 667 776 636 765
663 321 811 547 1013 1000 532 899 712 747 602 755 694 746 786 790 639 665 772 636 766
663 318 805 541 1011 1001 531 900 713 750 604 752 687 748 790 789 638 665 772 634 769
665 323 804 547 1009 996 527 898 713 748 606 755 691 746 787 788 641 671 769 634 778
665 323 801 547 1010 994 530 896 716 748 609 753 689 743 790 788 640 670 766 633 781
668 324 804 548 1009 996 529 892 716 748 602 747 689 749 794 786 640 670 768 635 779
665 324 801 546 1004 995 529 895 716 750 608 747 687 744 796 786 637 673 769 630 778
669 327 804 551 1002 996 530 893 713 752 609 746 686 748 797 788 640 676 769 635 785
675 328 802 550 1004 997 527 892 716 757 609 745 686 748 796 783 637 677 764 635 790
673 333 800 551 1005 995 526 891 718 757 614 745 684 745 799 784 638 681 765 635 791
668 331 800 548 1009 996 526 891 716 757 619 743 680 750 802 786 636 682 769 641 791
671 331 802 550 1006 1000 527 891 719 762 621 743 683 751 809 783 636 685 769 642 790
676 332 802 550 1008 999 526 891 717 760 621 742 691 752 813 789 634 684 768 645 793
676 333 802 548 1014 1002 526 889 716 762 618 750 683 755 814 788 636 688 770 647 798
679 332 800 548 1013 1001 520 888 713 767 616 747 692 757 818 790 639 688 773 648 797
679 336 802 548 1015 1001 521 887 717 769 616 743 688 758 819 790 640 691 778 649 798
678 339 802 552 1016 1009 521 884 717 767 618 745 688 757 815 793 641 691 777 652 794
681 340 806 552 1018 1009 523 884 716 761 615 743 684 757 815 792 647 688 782 653 797
672 343 809 557 1018 1010 524 880 718 763 620 746 688 752 818 790 648 688 780 652 796
675 344 810 558 1019 1010 525 879 718 765 615 745 686 757 819 793 647 687 778 652 797
672 343 808 558 1016 1011 523 867 708 751 613 740 683 757 819 793 647 687 777 653 793
672 344 805 556 1018 1010 519 879 718 757 610 736 684 759 823 793 646 685 772 654 797
669 347 805 556 1016 1009 523 881 714 755 605 736 679 758 816 792 646 681 776 652 791
665 347 801 555 1018 1010 520 882 719 755 610 736 663 736 794 792 645 684 775 650 791
668 347 806 557 1021 1010 514 872 718 752 610 736 674 756 818 770 645 690 778 648 787
662 344 806 555 1018 1006 517 868 719 761 610 735 672 752 810 782 645 690 756 643 787
662 349 801 548 1023 1010 519 846 709 760 605 738 669 752 820 786 637 691 776 649 783
659 351 770 550 990 999 519 860 712 755 605 738 670 752 823 785 634 690 770 643 783
658 347 796 553 1015 1004 524 881 725 753 611 747 665 752 816 786 642 691 769 645 781
655 349 799 553 1016 1001 526 873 714 753 609 742 659 751 813 779 642 693 762 639 781
652 348 801 553 1020 1005 519 833 711 745 600 731 653 751 806 773 642 688 762 622 778
653 347 802 555 1021 1009 513 859 694 755 605 691 662 756 819 777 642 670 751 598 775
649 349 800 552 1019 1006 517 880 714 670 558 670 657 757 815 776 641 690 751 599 773
649 352 796 547 1020 1005 518 879 731 718 587 711 659 754 815 772 634 644 761 638 773
645 351 796 542 1016 997 520 879 730 755 613 717 650 757 810 773 632 626 756 636 773
651 353 794 552 1020 1004 526 850 735 747 610 667 633 708 758 775 634 700 756 614 775
656 356 795 553 1019 1000 518 667 633 677 575 658 649 743 795 741 632 700 736 640 778
648 361 790 555 1014 947 475 837 693 740 610 610 650 757 809 749 630 671 745 646 769
641 360 791 562 1009 972 496 826 679 665 567 691 638 756 789 764 591 705 771 640 747
656 363 752 556 906 850 510 902 747 761 625 738 555 608 619 775 585 706 771 645 785
655 360 779 560 952 924 524 870 745 760 626 740 641 725 785 638 611 693 772 594 775
651 356 791 566 999 996 521 838 750 747 616 714 589 689 686 627 624 644 695 516 767
652 364 797 561 1008 979 517 860 741 748 625 737 660 746 815 731 589 681 684 608 769
636 366 649 513 902 945 511 867 746 752 631 721 650 769 828 723 533 679 718 633 738
671 363 698 555 886 947 496 868 674 721 613 663 653 770 824 782 570 703 770 659 793
665 361 758 533 927 936 475 799 697 633 553 667 618 731 755 773 598 552 780 623 786
665 370 782 571 991 992 450 841 672 723 610 728 655 769 821 759 643 490 775 585 790
672 368 809 577 1031 1010 512 761 723 703 600 663 652 744 811 764 641 480 766 646 797
681 375 808 577 1031 992 526 857 721 669 577 718 648 735 795 737 639 688 766 643 805
619 374 796 566 1030 1005 530 711 659 746 625 737 645 756 810 758 637 699 654 650 723
526 376 806 582 1033 1005 510 684 600 730 618 718 639 763 806 769 628 702 667 614 587
523 359 776 582 980 989 523 778 678 736 624 733 611 709 743 770 630 703 680 626 575
543 363 791 581 951 843 531 761 686 711 609 730 650 764 814 734 600 682 763 545 595
695 371 811 585 962 914 525 900 757 697 596 608 619 751 763 759 649 602 758 638 825
689 372 814 582 1033 1010 519 895 755 616 548 647 615 701 733 763 641 668 715 550 821
688 370 766 556 982 946 523 896 752 658 581 683 665 783 826 643 638 676 664 540 820
691 376 802 571 1023 1006 523 900 758 629 553 592 654 776 820 752 647 568 736 621 818
605 376 806 550 1029 999 526 875 750 486 449 543 608 649 709 768 623 503 742 635 701
630 368 712 522 997 997 527 877 742 630 550 655 641 689 761 643 635 570 754 654 724
686 375 802 581 1014 975 530 885 747 665 582 726 658 764 811 707 648 497 763 654 813
683 371 819 582 1028 946 519 889 741 727 620 718 614 683 723 763 571 632 762 659 808
681 370 696 553 816 835 466 863 686 708 600 707 650 682 774 738 627 702 765 662 808
659 379 770 564 975 961 485 872 714 726 611 711 639 724 770 647 625 688 763 649 781
606 379 808 579 943 771 527 632 571 728 614 713 674 768 823 738 600 664 759 646 722
636 370 784 567 912 613 472 621 548 736 618 703 669 766 820 738 492 679 757 653 750
682 372 706 548 693 743 507 843 713 658 565 606 664 761 813 755 569 647 756 652 824
678 372 760 562 916 969 525 878 726 526 477 618 662 769 810 750 633 490 690 653 825
662 360 790 555 1023 1006 514 874 722 665 565 652 669 764 813 748 642 471 700 656 800
576 370 800 553 1025 992 512 872 719 653 560 624 670 768 811 744 637 509 679 493 777
528 359 799 553 1020 989 512 860 706 657 560 677 655 737 786 741 632 552 634 551 454
432 333 794 548 1016 935 510 761 694 704 590 687 657 713 784 730 632 603 707 645 449
406 325 776 540 990 860 500 826 577 698 580 674 657 745 789 676 634 623 743 641 441
405 310 785 538 1009 536 480 677 653 679 565 618 652 735 779 730 578 629 731 633 430
415 306 766 537 553 491 479 795 635 592 513 597 648 728 771 717 541 611 729 625 429
395 302 613 531 518 459 483 831 675 652 543 653 647 725 771 715 517 518 721 621 421
387 300 430 475 486 450 476 832 672 672 538 439 639 710 761 439 529 559 721 619 415
385 297 491 504 498 445 476 843 682 391 369 421 625 667 718 396 514 400 717 606 411
382 297 604 465 503 431 477 571 592 381 358 419 625 676 726 618 352 338 697 505 409
383 296 409 379 464 424 478 734 536 377 355 410 634 703 746 670 340 329 634 594 407
380 293 399 369 458 420 459 824 677 372 352 401 579 635 623 677 339 326 686 594 406
380 290 395 366 455 419 478 661 533 372 350 397 401 414 397 379 340 326 689 596 403
379 288 394 369 454 416 463 479 479 372 350 396 394 402 386 364 340 324 704 571 403
376 285 391 367 452 415 408 503 391 371 347 396 391 398 381 357 334 323 680 357 400
376 285 387 361 449 413 367 656 404 372 348 397 387 396 380 354 331 323 383 347 399
376 281 382 358 448 410 425 643 440 375 348 400 385 394 379 350 329 324 373 343 399
376 278 381 355 444 408 434 766 455 379 350 418 385 395 377 349 327 327 369 341 398
377 277 377 352 444 406 432 829 535 386 353 408 385 395 379 349 325 340 368 341 398
377 277 376 350 443 406 465 689 665 396 360 444 387 395 381 350 324 411 366 340 399
377 277 375 348 441 406 458 847 497 395 358 410 391 401 386 350 323 377 367 341 399
380 274 374 346 443 406 451 875 663 386 352 401 400 410 399 353 324 415 366 341 399
382 271 372 345 441 408 470 796 594 384 350 397 513 533 594 359 323 474 369 348 402
383 270 372 345 441 408 450 483 408 382 348 395 560 581 611 362 323 340 379 360 402
386 270 374 343 441 409 379 459 394 384 347 394 452 456 472 367 322 333 407 445 404
389 269 372 343 444 411 355 449 379 386 348 395 483 638 694 374 323 330 423 518 409
395 270 374 342 445 414 345 448 375 389 352 399 405 425 424 376 324 332 517 468 417
415 274 375 343 449 418 339 450 375 396 357 419 400 416 403 380 326 333 586 605 500
412 285 379 346 453 425 338 456 381 414 366 472 397 411 394 379 329 335 663 444 450
416 285 386 347 463 487 341 471 401 428 375 449 397 411 394 369 334 340 496 360 460
412 284 404 357 537 591 352 495 418 435 379 507 400 413 395 369 343 344 393 349 438
412 288 418 367 595 503 362 756 614 479 386 596 403 416 397 369 343 349 383 348 445
412 281 426 369 530 494 424 751 618 491 408 493 408 421 401 370 341 352 381 350 434
413 274 415 361 498 459 444 577 673 502 414 503 411 428 408 374 339 356 383 353 434
416 271 405 358 487 449 437 523 458 494 416 683 415 434 410 376 339 352 384 356 435
419 273 403 357 482 443 383 511 469 743 443 614 421 437 416 379 338 356 388 357 439
422 273 400 356 478 441 370 520 443 693 551 497 424 439 418 382 338 361 391 362 442
425 274 400 357 478 443 374 580 537 523 434 482 426 444 421 383 340 364 394 363 446
433 275 401 358 479 445 389 701 545 561 540 499 428 446 424 386 343 368 396 364 452
440 278 404 360 482 447 413 874 686 704 566 548 433 450 428 390 342 376 398 366 461
450 281 405 361 484 449 445 921 723 774 587 697 435 450 430 394 344 386 400 367 469
465 288 408 364 487 453 450 727 620 629 468 694 441 455 434 400 346 388 402 370 481
475 297 410 364 491 457 450 635 513 756 577 682 447 462 440 414 349 391 404 371 499
496 298 413 365 496 460 443 914 693 733 558 691 454 466 447 592 352 385 407 377 540
452 301 418 366 499 467 445 857 711 726 475 688 462 471 450 454 358 376 411 380 468
440 292 420 372 502 472 446 913 711 689 426 679 459 472 452 417 364 371 414 386 456
433 286 424 375 507 477 449 902 697 518 410 629 464 470 449 405 368 370 417 386 447
429 284 439 381 513 470 452 853 703 629 501 670 449 461 439 398 360 371 416 387 445
425 282 426 374 496 450 445 900 709 698 584 669 447 456 434 395 352 391 413 382 441
422 284 413 367 488 445 448 901 707 742 608 672 441 454 429 391 347 464 410 377 438
419 285 408 366 484 440 451 899 703 740 597 670 443 455 430 389 346 547 405 375 435
417 284 405 364 480 436 448 902 701 737 599 662 445 458 434 388 343 556 401 373 433
415 284 401 361 477 435 448 670 714 737 597 640 457 465 444 388 343 520 400 371 431
413 284 400 361 475 433 454 533 639 546 506 659 582 545 523 390 342 506 397 374 429
412 282 397 360 473 430 418 554 512 464 399 638 703 797 785 393 340 385 398 377 427
412 284 396 358 470 429 414 607 576 416 382 438 673 759 743 396 339 352 402 400 425
410 284 396 358 472 428 451 618 479 405 375 423 649 744 706 401 339 343 407 607 423
407 282 395 358 470 426 400 819 581 408 376 420 586 625 564 411 337 340 677 619 422
406 282 394 357 468 425 434 607 610 406 384 421 445 457 440 424 338 336 691 609 419
405 281 394 356 468 424 442 599 448 411 390 418 430 444 420 389 337 336 681 543 418
403 282 392 356 469 423 415 626 465 406 386 434 423 436 410 381 336 336 574 398 417
403 281 392 355 467 423 449 758 530 410 384 484 421 432 408 380 334 333 471 375 417
402 281 391 356 468 424 445 811 569 414 404 419 421 431 406 377 334 335 411 366 417
402 281 390 356 468 423 439 668 478 404 379 406 423 431 408 375 335 335 402 361 417
403 280 389 356 467 424 422 537 547 394 366 403 423 434 408 375 335 335 395 360 418
403 280 389 355 468 425 425 483 404 390 364 400 421 432 405 375 334 333 395 360 419
403 281 389 353 469 426 367 475 390 389 362 399 421 431 405 374 334 333 394 361 419
405 281 389 355 468 428 354 473 386 389 361 397 420 431 404 375 335 335 398 360 421
406 281 390 356 468 429 352 475 389 391 364 406 419 430 404 376 335 335 397 360 422
409 281 391 355 472 431 352 476 387 394 365 405 419 429 404 377 336 338 397 359 425
410 282 391 356 472 433 353 480 391 396 365 404 418 429 405 380 338 338 396 359 429
416 282 392 357 475 438 357 485 399 396 367 403 419 432 405 382 338 340 396 359 434
442 282 396 357 478 441 361 490 406 399 369 405 421 434 406 384 341 343 396 359 441
427 284 397 360 483 447 364 492 424 400 370 406 421 435 409 391 344 344 400 360 445
429 286 403 361 488 454 371 491 430 404 372 408 423 437 410 407 348 349 401 360 447
433 288 408 364 496 467 373 489 413 409 374 411 426 439 414 395 360 350 402 363 454
445 292 418 376 506 570 368 490 406 411 377 415 429 444 416 395 397 353 407 364 462
480 296 440 392 604 480 362 491 408 418 381 421 433 446 418 396 386 356 408 367 488
480 304 473 419 522 482 360 497 408 425 386 433 436 450 420 400 369 358 409 369 556
480 320 434 384 522 489 361 511 416 435 396 447 436 454 424 403 366 362 413 369 529
468 321 434 381 526 498 366 555 430 445 411 537 440 457 426 405 372 367 416 371 515
463 325 438 382 533 516 376 600 460 458 419 557 445 462 430 409 385 371 417 374 503
460 321 458 391 557 582 404 821 526 503 430 548 445 464 434 409 392 379 420 375 490
460 320 521 409 611 663 439 885 733 600 535 546 452 470 439 411 399 388 421 379 490
465 321 527 424 678 626 470 915 713 672 605 591 455 475 441 414 394 417 424 381 544
462 321 487 418 625 639 465 936 740 644 611 687 464 480 448 416 386 526 428 383 492
463 317 514 401 655 582 464 930 736 711 590 688 470 489 457 417 385 524 432 387 488
463 314 460 395 579 532 462 925 721 774 623 680 480 500 469 420 384 559 434 390 489
469 312 457 394 561 528 455 915 728 765 619 677 564 575 556 423 386 576 441 395 489
475 309 453 391 558 526 463 875 703 763 619 669 683 776 742 429 388 571 446 403 495
482 312 453 391 556 521 464 879 689 737 606 643 664 791 780 435 388 565 452 415 500
519 316 453 394 555 519 463 772 643 714 591 638 655 773 765 444 390 537 463 531 517
510 325 453 392 553 521 454 736 600 689 576 628 679 777 753 693 393 543 498 620 603
713 327 454 392 557 526 444 731 594 688 576 606 668 769 737 681 397 526 661 613 875
689 320 458 396 560 532 438 682 557 647 548 575 645 730 703 654 404 524 636 573 805
652 324 462 400 566 558 429 654 540 602 519 551 604 663 635 627 413 518 599 572 740
593 328 475 406 602 587 417 632 514 574 498 538 597 660 623 567 430 483 580 516 646
606 335 493 416 633 699 402 588 488 535 468 498 581 634 600 553 532 474 555 506 668
593 333 517 460 742 723 390 561 462 499 444 497 567 614 582 536 505 438 548 502 653
579 332 571 450 703 664 383 567 460 521 458 501 543 588 550 521 489 430 530 478 632
498 327 560 447 697 673 380 561 465 479 425 463 528 572 535 498 479 417 512 463 554
476 320 551 443 674 629 377 530 448 455 395 455 496 526 489 483 460 385 497 451 490
443 301 535 435 641 599 368 523 428 423 380 445 497 524 487 448 446 362 479 425 461
427 292 509 421 619 555 361 520 423 416 376 435 486 519 477 432 426 352 464 413 450
419 286 492 414 582 497 360 520 441 415 371 426 463 484 447 430 399 346 457 411 442
413 285 448 392 532 474 361 550 434 405 367 421 450 471 426 403 376 343 461 402 437
409 282 428 381 512 462 370 519 435 399 362 414 441 459 420 390 368 340 452 397 431
403 282 416 374 499 452 382 506 408 394 357 408 435 451 411 381 360 335 462 381 429
400 280 408 369 492 445 355 498 396 389 353 404 430 448 404 373 353 333 432 371 423
397 278 403 364 484 439 348 485 386 385 350 404 429 444 401 369 348 330 422 363 421
395 277 396 360 478 434 341 480 380 382 347 400 425 441 397 364 344 329 410 361 419
392 277 392 358 473 430 334 476 375 380 346 399 421 437 396 361 341 326 410 356 417
390 275 389 357 469 428 330 472 372 377 343 396 419 432 390 362 339 323 402 353 414
390 274 387 355 467 426 328 471 369 379 343 396 415 428 387 355 337 324 397 348 413
386 271 384 352 462 421 327 469 369 379 342 396 415 427 386 354 335 324 394 346 410
383 270 381 352 459 419 325 470 369 377 342 399 414 427 384 352 333 324 389 343 409
383 269 379 350 457 418 326 471 367 380 342 400 411 422 382 349 332 323 388 342 409
382 267 377 347 455 414 326 470 369 381 341 400 410 423 381 346 329 323 386 340 407
382 269 375 345 453 413 327 477 371 381 343 405 411 421 379 347 328 321 384 339 407
382 267 372 345 450 411 328 485 376 389 342 411 409 420 379 346 327 323 382 339 404
382 265 371 342 448 410 332 486 381 392 346 409 409 418 376 345 326 324 380 338 407
383 265 371 343 447 410 333 483 381 392 347 408 409 417 376 343 326 324 380 335 410
387 265 369 341 448 408 333 480 379 392 348 404 410 420 376 345 323 326 379 335 413
393 265 367 340 449 409 332 476 375 389 347 401 410 418 377 345 323 326 377 335 426
407 269 367 338 448 409 329 470 371 386 346 401 410 418 377 346 322 327 380 335 454
417 267 366 337 449 410 328 469 370 387 345 401 411 418 380 349 323 327 379 336 449
406 266 367 338 447 414 328 468 370 389 343 401 413 421 381 348 323 329 377 336 430
399 269 369 338 450 418 328 470 371 389 347 405 415 421 382 350 326 327 380 338 425
396 269 369 341 453 419 328 472 372 400 355 413 418 423 384 352 330 329 380 339 423
393 269 375 346 462 424 329 477 376 411 364 428 420 425 387 354 331 330 381 340 422
393 266 377 343 463 423 332 482 381 448 390 444 423 428 391 354 330 336 383 342 419
392 265 375 343 463 423 335 489 386 438 385 424 428 431 395 356 329 344 384 346 419
393 265 375 343 463 424 338 495 390 419 371 423 435 439 405 359 328 353 388 349 419
395 265 376 343 464 421 340 499 394 420 371 426 447 454 419 366 330 365 393 354 422
397 263 376 343 468 428 345 575 440 429 380 453 449 465 425 380 333 361 397 360 423
403 265 380 345 474 434 359 541 426 474 406 433 447 452 418 391 340 362 402 363 430
410 267 386 348 486 448 355 516 411 428 382 436 452 457 423 381 352 362 407 368 437
420 271 401 355 509 484 354 519 413 457 403 475 457 459 429 386 369 359 411 373 447
439 275 414 362 536 492 359 532 421 547 468 516 479 511 463 387 355 365 417 380 470
440 282 409 360 506 464 380 611 503 601 499 499 465 471 440 418 357 400 442 418 474
447 284 413 364 511 463 456 882 689 517 452 492 472 480 445 409 357 483 450 402 480
440 282 413 367 511 470 452 898 703 486 431 564 501 503 478 404 371 408 438 395 468
440 282 450 384 546 492 431 806 659 722 576 596 497 517 475 418 367 432 439 400 469
456 282 434 374 522 473 434 855 623 604 503 679 541 548 531 442 370 553 446 409 485
532 288 430 377 532 499 436 764 636 696 560 551 599 587 595 442 380 547 529 463 585
596 280 450 394 555 601 422 831 558 576 492 564 662 697 672 525 414 506 745 671 704
458 288 473 394 615 624 442 952 689 669 547 652 683 687 696 601 411 503 737 656 488
498 288 480 425 600 618 450 950 737 756 594 587 680 748 703 596 440 512 683 671 544
596 288 608 493 645 557 455 901 737 564 483 459 633 641 638 675 519 571 690 670 677
588 286 682 514 849 821 457 749 654 455 436 463 721 727 736 604 523 530 680 602 661
525 290 673 514 761 834 450 652 565 443 431 443 707 798 746 625 602 464 650 681 581
548 292 753 528 933 815 444 599 493 457 401 438 550 601 545 734 540 465 690 709 632
480 270 663 498 790 663 411 761 488 440 399 433 590 598 585 604 499 529 766 695 465
425 280 696 514 746 743 420 578 460 405 376 425 547 584 533 513 635 517 809 629 447
423 271 811 522 1030 843 403 560 463 395 364 418 597 626 623 550 576 485 723 553 443
422 274 639 445 819 460 402 507 459 387 355 410 595 654 625 523 435 455 702 561 446
439 274 487 454 533 444 379 483 392 382 350 406 644 680 674 591 397 440 725 629 460
447 274 428 394 518 444 364 472 379 376 345 401 673 711 689 621 394 452 602 533 445
465 271 458 415 531 449 346 465 370 369 338 396 634 714 653 581 416 350 499 468 441
415 271 478 430 541 464 340 459 364 364 333 390 474 532 468 572 447 318 506 452 429
405 266 508 426 572 496 335 455 361 358 330 389 438 470 415 523 529 309 513 386 423
437 266 657 470 652 517 332 450 356 355 326 384 429 442 400 455 580 300 424 364 427
392 265 591 459 535 428 329 448 353 351 322 380 416 427 382 510 532 297 409 352 410
375 261 415 397 494 411 326 446 351 348 321 377 411 415 374 413 364 293 401 343 400
366 262 397 384 483 409 327 448 352 347 321 375 406 411 369 357 409 293 401 342 394
362 258 452 401 502 405 330 450 352 343 316 374 404 407 365 341 430 289 396 336 390
359 255 400 371 475 395 328 483 353 343 314 370 401 404 362 333 311 288 395 332 386
353 254 372 353 459 387 334 450 352 340 312 369 399 402 358 329 265 286 384 328 384
353 253 375 346 455 381 345 435 342 338 311 366 397 398 358 328 2 285 376 323 384
353 250 356 340 449 380 318 431 336 336 309 362 396 397 356 327 169 285 375 322 384
353 250 356 340 448 380 311 429 335 337 308 364 396 397 355 325 180 283 373 321 382
350 247 356 345 448 379 308 428 332 336 308 361 395 396 353 323 181 283 371 320 380
352 249 352 336 445 375 307 428 330 333 306 360 394 395 355 323 136 283 370 318 382
352 246 348 333 443 372 305 425 328 332 306 360 394 395 352 322 130 282 369 318 380
350 246 345 332 441 372 305 425 326 333 306 360 392 396 352 321 115 282 367 315 380
350 245 345 332 440 370 304 424 326 332 303 358 392 395 351 319 103 280 368 314 380
349 245 343 332 438 369 302 423 325 331 302 356 391 394 348 319 110 280 366 313 379
349 242 341 331 435 369 301 422 323 330 301 355 390 393 348 318 105 279 364 312 379
347 241 341 328 435 366 299 422 321 327 299 353 389 390 347 316 101 277 363 311 376
347 239 338 327 433 365 296 420 321 327 298 353 385 389 345 315 78 276 362 309 376
346 239 337 326 430 361 295 418 319 327 297 352 385 387 342 314 89 274 359 306 374
346 238 335 326 429 362 294 420 316 325 297 350 384 387 342 314 95 274 357 305 374
345 238 335 323 429 361 294 418 314 325 297 348 381 384 340 312 98 273 355 304 372
345 235 332 319 425 360 292 418 314 323 296 347 381 383 338 309 100 271 353 301 371
342 235 328 318 423 358 292 417 313 325 296 345 377 383 337 307 98 270 353 299 370
342 232 327 316 421 356 292 418 313 323 294 345 377 381 336 306 91 268 348 298 368
342 231 323 313 419 356 289 418 313 322 293 345 375 380 335 305 85 268 346 295 367
340 231 322 312 418 353 289 420 313 322 293 345 374 379 333 305 79 267 345 296 370
340 230 321 311 416 353 289 420 314 322 293 345 371 379 333 304 67 270 345 294 368
340 227 319 309 416 352 291 421 313 323 296 347 371 379 332 305 108 268 342 293 367
340 227 318 309 415 353 291 422 313 326 296 347 371 379 331 305 109 268 342 294 367
342 227 318 308 415 351 291 423 314 326 297 348 371 377 332 305 110 270 342 293 367
342 227 318 306 414 352 293 424 316 328 298 348 370 377 332 306 107 270 342 293 368
342 226 317 306 414 353 293 425 314 330 299 351 372 379 333 307 117 270 342 292 367
342 223 318 304 414 352 293 424 317 331 299 351 372 381 335 307 107 270 342 293 368
345 224 317 306 413 351 295 425 316 332 301 353 372 381 333 306 116 271 342 293 366
343 223 316 304 411 351 296 425 318 333 302 353 374 381 335 307 107 271 342 293 367
345 223 316 303 411 351 295 428 319 335 303 352 374 381 335 308 108 273 342 293 367
345 220 316 302 413 351 296 429 319 333 304 353 374 381 336 307 108 273 341 293 367
346 220 314 301 411 352 298 428 319 335 304 353 374 382 336 308 109 273 342 293 367
346 218 314 302 409 352 298 429 319 336 306 355 374 384 337 307 109 274 342 294 370
347 219 316 302 410 352 298 429 321 337 306 355 374 383 338 307 118 276 342 294 370
347 219 313 301 410 352 299 430 322 340 308 357 375 382 340 307 127 276 342 295 370
349 218 314 302 410 351 299 431 323 341 311 357 375 382 341 309 129 277 343 295 371
349 220 314 304 409 353 300 434 325 343 311 360 376 383 342 311 129 280 343 295 374
350 219 316 306 411 352 302 434 326 346 314 362 377 386 342 312 121 282 343 296 374
352 219 318 306 411 356 304 438 328 348 317 361 379 387 346 313 57 285 343 296 375
355 220 317 305 413 356 305 441 331 352 319 365 379 388 347 315 56 286 346 299 376
